admission_id,patient_id,admission_date,discharge_date,age,gender,department,admission_type,triage_level,wait_time_minutes,length_of_stay_days,readmission_30d,treatment_cost,insurance_provider,discharge_status,doctor_id
ADM-10001,PAT-2309,2024-08-16 04:45:00,2024-08-20 02:21:00,18,Male,Oncology,Elective,3,7,3.9,0,18150.5,Medicare,Expired,DOC-118
ADM-10002,PAT-1178,2024-08-26 17:14:00,2024-09-04 10:02:00,73,Male,Emergency,Emergency,2,6,8.7,1,21642.0,Medicaid,Discharged Home,DOC-121
ADM-10003,PAT-2436,2026-04-08 00:13:00,2026-04-09 21:49:00,60,Female,Emergency,Emergency,3,27,1.9,0,5484.5,BlueCross,Discharged Home,DOC-111
ADM-10004,PAT-1569,2024-04-04 12:58:00,2024-04-04 20:10:00,70,Male,Emergency,Emergency,5,404,0.3,0,7025.0,Aetna,Discharged Home,DOC-102
ADM-10005,PAT-2494,2025-07-19 10:00:00,2025-07-26 02:48:00,35,Male,Neurology,Emergency,2,12,6.7,0,23016.0,UnitedHealth,Discharged Home,DOC-112
ADM-10006,PAT-2182,2026-03-02 09:52:00,2026-03-07 17:04:00,48,Male,Emergency,Emergency,3,9,5.3,0,17598.5,Medicare,Discharged Home,DOC-104
ADM-10007,PAT-1778,2025-01-14 12:07:00,2025-01-16 12:07:00,32,Male,Cardiology,Emergency,4,37,2.0,0,5692.5,BlueCross,Discharged Home,DOC-122
ADM-10008,PAT-2327,2024-06-16 15:46:00,2024-06-17 08:34:00,76,Male,Emergency,Urgent,4,18,0.7,0,7117.0,Medicare,Discharged Home,DOC-108
ADM-10009,PAT-2402,2026-04-21 01:05:00,2026-04-22 10:41:00,70,Male,Neurology,Elective,1,2,1.4,1,7431.0,Medicaid,Discharged Home,DOC-107
ADM-10010,PAT-2161,2026-06-24 21:56:00,2026-07-01 14:44:00,66,Female,Orthopedics,Urgent,3,5,6.7,1,18761.5,Aetna,Discharged Home,DOC-124
ADM-10011,PAT-2149,2025-01-05 07:29:00,2025-01-06 02:41:00,64,Female,Cardiology,Emergency,3,2,0.8,0,3878.0,UnitedHealth,Discharged Home,DOC-103
ADM-10012,PAT-1096,2025-09-02 02:10:00,2025-09-14 21:22:00,22,Female,General Medicine,Emergency,1,2,12.8,0,19205.0,UnitedHealth,Discharged Home,DOC-115
ADM-10013,PAT-2083,2025-11-29 18:19:00,2025-12-10 13:31:00,46,Male,General Medicine,Elective,2,40,10.8,0,23096.0,Medicaid,Discharged Home,DOC-104
ADM-10014,PAT-1601,2025-05-27 06:05:00,2025-05-29 06:05:00,23,Female,Cardiology,Elective,4,2,2.0,0,6976.0,Medicaid,Discharged Home,DOC-110
ADM-10015,PAT-2308,2026-02-19 05:30:00,2026-02-20 15:06:00,37,Female,Emergency,Urgent,3,32,1.4,0,9618.0,Self-Pay,Discharged Home,DOC-101
ADM-10016,PAT-2226,2026-06-18 10:29:00,2026-07-04 05:41:00,46,Female,Emergency,Emergency,1,4,15.8,0,30030.0,Medicare,Discharged Home,DOC-119
ADM-10017,PAT-1161,2024-05-11 22:31:00,2024-05-17 08:07:00,73,Male,Emergency,Emergency,3,190,5.4,0,15738.0,Medicare,Discharged Home,DOC-117
ADM-10018,PAT-2242,2025-02-12 22:55:00,2025-02-14 01:19:00,24,Female,Orthopedics,Elective,3,4,1.1,0,6738.0,Medicaid,Discharged Home,DOC-115
ADM-10019,PAT-1247,2025-08-25 18:54:00,2025-09-04 16:30:00,8,Male,Orthopedics,Elective,1,3,9.9,0,23767.5,BlueCross,Discharged Home,DOC-103
ADM-10020,PAT-2449,2024-03-13 17:32:00,2024-03-15 03:08:00,72,Female,Emergency,Emergency,2,46,1.4,0,2775.0,Medicare,Discharged Home,DOC-107
ADM-10021,PAT-2104,2024-09-05 16:08:00,2024-09-06 18:32:00,89,Female,Orthopedics,Emergency,2,2,1.1,1,4704.0,Aetna,Transferred,DOC-122
ADM-10022,PAT-1882,2025-11-20 22:18:00,2025-11-30 15:06:00,85,Male,General Medicine,Elective,2,3,9.7,1,15863.5,BlueCross,Discharged Home,DOC-124
ADM-10023,PAT-1694,2024-05-23 14:24:00,2024-06-01 12:00:00,25,Female,Neurology,Emergency,2,14,8.9,0,23175.0,BlueCross,Discharged Home,DOC-103
ADM-10024,PAT-1907,2024-04-05 08:04:00,2024-04-09 12:52:00,19,Male,Neurology,Elective,4,91,4.2,0,11147.5,Medicare,Discharged Home,DOC-107
ADM-10025,PAT-1821,2024-09-28 15:31:00,2024-10-05 20:19:00,23,Female,Emergency,Urgent,3,100,7.2,0,13930.0,BlueCross,Discharged Home,DOC-124
ADM-10026,PAT-2138,2024-02-29 19:46:00,2024-03-10 00:34:00,22,Male,Neurology,Emergency,1,5,9.2,0,24931.5,UnitedHealth,Referred to Rehab,DOC-102
ADM-10027,PAT-1102,2025-06-04 02:44:00,2025-06-04 19:32:00,76,Male,Cardiology,Emergency,5,67,0.7,0,3188.5,UnitedHealth,Discharged Home,DOC-122
ADM-10028,PAT-1481,2025-09-26 02:47:00,2025-10-01 14:47:00,21,Male,Orthopedics,Urgent,3,37,5.5,0,18573.5,BlueCross,AMA (Against Medical Advice),DOC-111
ADM-10029,PAT-1534,2024-09-28 13:30:00,2024-09-29 06:18:00,39,Male,Orthopedics,Urgent,4,101,0.7,0,1932.5,Aetna,Discharged Home,DOC-115
ADM-10030,PAT-1647,2024-03-16 18:21:00,2024-03-24 15:57:00,90,Male,Pediatrics,Emergency,3,72,7.9,0,12820.0,BlueCross,Discharged Home,DOC-112
ADM-10031,PAT-1140,2026-05-03 18:32:00,2026-05-07 23:20:00,76,Female,Emergency,Emergency,2,15,4.2,0,13527.5,Medicare,Discharged Home,DOC-121
ADM-10032,PAT-2083,2026-06-18 04:35:00,2026-06-20 04:35:00,1,Male,Emergency,Elective,3,6,2.0,0,3815.0,Aetna,Discharged Home,DOC-124
ADM-10033,PAT-2133,2026-01-04 11:42:00,2026-01-12 06:54:00,55,Male,Emergency,Emergency,3,35,7.8,0,14907.5,BlueCross,Discharged Home,DOC-109
ADM-10034,PAT-2035,2026-04-29 09:26:00,2026-05-10 14:14:00,47,Female,Emergency,Emergency,1,2,11.2,0,21285.0,Aetna,Discharged Home,DOC-105
ADM-10035,PAT-2304,2025-07-28 00:19:00,2025-08-05 07:31:00,23,Female,Emergency,Emergency,2,14,8.3,0,15805.0,Self-Pay,Discharged Home,DOC-123
ADM-10036,PAT-1305,2025-03-16 04:21:00,2025-03-26 06:45:00,57,Male,Orthopedics,Emergency,2,7,10.1,0,24257.5,Medicare,Discharged Home,DOC-102
ADM-10037,PAT-1732,2024-12-28 19:06:00,2024-12-30 02:18:00,7,Male,Emergency,Urgent,4,54,1.3,0,8189.0,Medicare,Discharged Home,DOC-108
ADM-10038,PAT-1332,2026-03-12 14:03:00,2026-03-14 18:51:00,46,Female,Emergency,Emergency,3,43,2.2,0,11865.5,BlueCross,Discharged Home,DOC-108
ADM-10039,PAT-1546,2026-06-12 01:19:00,2026-06-18 22:55:00,74,Female,Neurology,Emergency,1,5,6.9,1,20274.5,BlueCross,Referred to Rehab,DOC-115
ADM-10040,PAT-1716,2025-11-06 06:35:00,2025-11-09 01:47:00,53,Male,Cardiology,Elective,3,35,2.8,0,7927.5,UnitedHealth,Discharged Home,DOC-103
ADM-10041,PAT-1571,2024-01-29 03:56:00,2024-02-04 18:20:00,12,Female,Emergency,Emergency,2,20,6.6,0,15229.0,Medicaid,Transferred,DOC-109
ADM-10042,PAT-1078,2025-03-22 20:41:00,2025-03-30 23:05:00,4,Female,General Medicine,Emergency,2,21,8.1,0,13649.5,Aetna,Discharged Home,DOC-119
ADM-10043,PAT-1389,2025-06-16 18:22:00,2025-06-18 01:34:00,19,Male,General Medicine,Elective,5,63,1.3,0,10309.5,Aetna,Discharged Home,DOC-122
ADM-10044,PAT-1403,2025-09-30 10:42:00,2025-10-04 15:30:00,92,Female,General Medicine,Emergency,4,119,4.2,0,8117.5,UnitedHealth,Discharged Home,DOC-110
ADM-10045,PAT-2038,2025-12-14 10:05:00,2025-12-17 14:53:00,10,Female,Pediatrics,Emergency,3,134,3.2,0,7526.0,BlueCross,Discharged Home,DOC-113
ADM-10046,PAT-2387,2025-07-15 00:00:00,2025-07-20 00:00:00,64,Female,Emergency,Emergency,3,62,5.0,0,9655.0,Medicaid,Discharged Home,DOC-119
ADM-10047,PAT-2242,2025-06-07 16:09:00,2025-06-12 16:09:00,60,Male,Cardiology,Urgent,3,5,5.0,0,22374.5,Aetna,Discharged Home,DOC-106
ADM-10048,PAT-2349,2024-04-05 08:01:00,2024-04-09 12:49:00,27,Female,Emergency,Elective,1,8,4.2,0,10340.0,Self-Pay,Discharged Home,DOC-105
ADM-10049,PAT-1050,2025-04-11 14:08:00,2025-04-12 18:56:00,25,Male,General Medicine,Urgent,5,167,1.2,0,7432.5,Medicare,Discharged Home,DOC-123
ADM-10050,PAT-1786,2026-02-07 03:38:00,2026-02-11 10:50:00,53,Male,Cardiology,Urgent,2,12,4.3,1,14362.0,Medicare,Discharged Home,DOC-123
ADM-10051,PAT-2060,2025-04-12 04:33:00,2025-04-12 23:45:00,63,Male,Neurology,Elective,5,56,0.8,0,8188.0,UnitedHealth,Discharged Home,DOC-118
ADM-10052,PAT-2219,2026-04-30 18:42:00,2026-05-08 04:18:00,90,Female,Emergency,Urgent,1,11,7.4,0,15890.5,BlueCross,Expired,DOC-116
ADM-10053,PAT-1921,2026-02-23 17:47:00,2026-02-26 22:35:00,53,Female,Orthopedics,Elective,3,44,3.2,0,10249.0,UnitedHealth,Discharged Home,DOC-103
ADM-10054,PAT-2461,2025-07-07 02:45:00,2025-07-08 14:45:00,25,Female,Oncology,Urgent,3,43,1.5,0,4757.5,Medicaid,Discharged Home,DOC-123
ADM-10055,PAT-1312,2025-07-09 15:54:00,2025-07-11 13:30:00,7,Female,Oncology,Urgent,3,34,1.9,0,8169.0,Aetna,Discharged Home,DOC-113
ADM-10056,PAT-2196,2025-05-03 00:12:00,2025-05-03 12:12:00,45,Female,Pediatrics,Elective,5,155,0.5,0,4133.5,UnitedHealth,Discharged Home,DOC-114
ADM-10057,PAT-2102,2025-05-12 00:59:00,2025-05-15 05:47:00,8,Female,Cardiology,Elective,5,19,3.2,0,9007.5,Medicaid,Expired,DOC-113
ADM-10058,PAT-2483,2025-02-07 20:12:00,2025-02-11 01:00:00,75,Male,General Medicine,Emergency,3,14,3.2,1,5557.0,UnitedHealth,Transferred,DOC-114
ADM-10059,PAT-1277,2024-12-01 07:13:00,2024-12-02 07:13:00,23,Female,Cardiology,Emergency,5,111,1.0,0,6341.5,BlueCross,Discharged Home,DOC-113
ADM-10060,PAT-1569,2026-02-06 18:24:00,2026-02-13 18:24:00,26,Male,Emergency,Elective,3,66,7.0,0,13465.0,BlueCross,Transferred,DOC-108
ADM-10061,PAT-2331,2024-09-10 06:48:00,2024-09-11 14:00:00,42,Male,Emergency,Emergency,4,82,1.3,0,5129.0,BlueCross,Discharged Home,DOC-122
ADM-10062,PAT-1234,2024-06-20 20:40:00,2024-06-24 03:52:00,32,Female,Emergency,Emergency,3,22,3.3,0,12952.0,UnitedHealth,Discharged Home,DOC-125
ADM-10063,PAT-1335,2025-08-12 23:07:00,2025-08-16 01:31:00,64,Female,General Medicine,Emergency,3,89,3.1,0,8446.5,Medicaid,AMA (Against Medical Advice),DOC-123
ADM-10064,PAT-1406,2024-04-14 23:47:00,2024-04-22 14:11:00,68,Male,Emergency,Elective,2,2,7.6,0,21910.0,Medicare,Discharged Home,DOC-104
ADM-10065,PAT-2159,2024-03-11 17:16:00,2024-03-23 02:52:00,29,Female,Orthopedics,Emergency,3,102,11.4,0,28218.0,Medicare,Discharged Home,DOC-116
ADM-10066,PAT-1216,2025-03-21 06:00:00,2025-03-24 13:12:00,29,Male,Emergency,Emergency,2,2,3.3,0,14684.0,Medicare,Discharged Home,DOC-120
ADM-10067,PAT-2102,2024-11-26 08:22:00,2024-11-29 13:10:00,59,Female,Neurology,Emergency,4,84,3.2,0,9739.0,Medicare,Discharged Home,DOC-115
ADM-10068,PAT-1499,2024-12-10 00:58:00,2024-12-11 22:34:00,36,Female,Cardiology,Elective,3,27,1.9,0,8549.5,Medicare,Discharged Home,DOC-107
ADM-10069,PAT-1726,2025-07-23 00:20:00,2025-07-31 14:44:00,54,Female,General Medicine,Emergency,3,5,8.6,0,14977.5,Medicare,Discharged Home,DOC-124
ADM-10070,PAT-1832,2025-10-23 16:45:00,2025-11-02 02:21:00,16,Female,Emergency,Emergency,3,5,9.4,0,18513.5,Medicaid,Discharged Home,DOC-108
ADM-10071,PAT-1828,2025-04-29 18:53:00,2025-05-05 16:29:00,67,Female,Orthopedics,Elective,3,6,5.9,0,18160.0,Medicaid,Discharged Home,DOC-118
ADM-10072,PAT-1677,2024-09-14 07:52:00,2024-09-16 03:04:00,60,Female,Cardiology,Urgent,3,12,1.8,0,5070.0,Medicare,Discharged Home,DOC-104
ADM-10073,PAT-2097,2026-01-11 20:07:00,2026-01-13 22:31:00,86,Female,Emergency,Emergency,3,181,2.1,0,9239.5,Medicaid,Expired,DOC-104
ADM-10074,PAT-1397,2024-01-15 18:13:00,2024-01-20 11:01:00,76,Female,General Medicine,Emergency,2,19,4.7,1,7097.5,Medicare,Discharged Home,DOC-102
ADM-10075,PAT-2133,2024-04-15 00:25:00,2024-04-20 10:01:00,40,Female,Emergency,Emergency,3,12,5.4,0,14635.0,BlueCross,Discharged Home,DOC-111
ADM-10076,PAT-1377,2025-02-14 16:47:00,2025-02-16 04:47:00,61,Male,Emergency,Emergency,3,2,1.5,0,2855.0,Self-Pay,Discharged Home,DOC-102
ADM-10077,PAT-1310,2024-09-11 04:02:00,2024-09-12 01:38:00,80,Male,Emergency,Elective,4,76,0.9,0,7283.0,Medicaid,Discharged Home,DOC-108
ADM-10078,PAT-2070,2024-11-08 19:24:00,2024-11-09 12:12:00,32,Female,Pediatrics,Elective,5,15,0.7,0,6651.5,UnitedHealth,Discharged Home,DOC-104
ADM-10079,PAT-1425,2024-09-02 05:55:00,2024-09-03 08:19:00,7,Male,Neurology,Elective,4,12,1.1,1,4672.0,Medicare,Discharged Home,DOC-115
ADM-10080,PAT-2411,2025-12-24 09:39:00,2025-12-27 02:27:00,47,Female,Orthopedics,Emergency,4,42,2.7,1,10804.0,Medicaid,Discharged Home,DOC-108
ADM-10081,PAT-1541,2025-10-25 05:05:00,2025-10-27 19:29:00,49,Male,Emergency,Elective,3,11,2.6,0,12238.5,UnitedHealth,Discharged Home,DOC-102
ADM-10082,PAT-1339,2025-03-25 04:14:00,2025-03-30 18:38:00,37,Female,Pediatrics,Elective,3,6,5.6,0,11966.0,BlueCross,Discharged Home,DOC-109
ADM-10083,PAT-2024,2026-06-29 14:44:00,2026-07-08 02:44:00,90,Male,General Medicine,Emergency,3,12,8.5,0,18225.0,Medicaid,Transferred,DOC-103
ADM-10084,PAT-1468,2026-02-20 05:58:00,2026-02-24 13:10:00,42,Male,General Medicine,Emergency,3,71,4.3,0,12464.5,Medicare,Discharged Home,DOC-109
ADM-10085,PAT-1371,2024-12-22 13:56:00,2024-12-23 18:44:00,61,Female,Orthopedics,Elective,3,13,1.2,0,2912.5,BlueCross,Discharged Home,DOC-106
ADM-10086,PAT-1675,2026-04-13 18:46:00,2026-04-15 21:10:00,61,Female,Pediatrics,Emergency,3,31,2.1,0,3437.5,Medicare,Transferred,DOC-109
ADM-10087,PAT-1662,2025-11-04 18:31:00,2025-11-05 23:19:00,87,Male,Orthopedics,Elective,5,147,1.2,0,4191.5,Medicaid,Discharged Home,DOC-112
ADM-10088,PAT-2275,2024-09-30 18:44:00,2024-10-02 06:44:00,72,Male,Pediatrics,Emergency,2,75,1.5,0,2587.5,Medicare,Referred to Rehab,DOC-123
ADM-10089,PAT-1992,2025-12-27 05:24:00,2026-01-02 19:48:00,90,Male,Orthopedics,Elective,3,2,6.6,1,15845.0,Medicaid,Discharged Home,DOC-114
ADM-10090,PAT-1190,2025-10-25 05:15:00,2025-10-27 02:51:00,49,Male,Pediatrics,Emergency,3,60,1.9,0,9560.0,Medicare,Discharged Home,DOC-123
ADM-10091,PAT-1559,2025-04-12 18:48:00,2025-04-19 09:12:00,44,Male,Emergency,Emergency,3,110,6.6,0,12815.0,Medicare,Discharged Home,DOC-120
ADM-10092,PAT-2040,2024-12-14 17:19:00,2024-12-29 07:43:00,45,Female,Oncology,Emergency,3,4,14.6,1,45270.0,Aetna,Discharged Home,DOC-124
ADM-10093,PAT-1611,2024-12-19 11:20:00,2024-12-25 23:20:00,85,Female,Emergency,Emergency,1,3,6.5,0,17308.5,Medicare,Discharged Home,DOC-111
ADM-10094,PAT-1386,2024-02-14 10:51:00,2024-02-16 20:27:00,58,Female,Orthopedics,Emergency,3,36,2.4,0,12127.0,UnitedHealth,Discharged Home,DOC-113
ADM-10095,PAT-1790,2026-06-09 03:25:00,2026-06-13 17:49:00,33,Female,Orthopedics,Emergency,1,2,4.6,1,15151.0,BlueCross,Discharged Home,DOC-115
ADM-10096,PAT-1031,2025-04-25 09:02:00,2025-04-29 09:02:00,31,Male,Emergency,Elective,1,2,4.0,0,7605.0,Medicare,Discharged Home,DOC-121
ADM-10097,PAT-1164,2024-11-20 21:23:00,2024-11-23 09:23:00,45,Female,Neurology,Urgent,4,43,2.5,0,13328.5,Medicare,Discharged Home,DOC-118
ADM-10098,PAT-1073,2024-08-20 03:05:00,2024-08-25 15:05:00,92,Female,Emergency,Emergency,2,2,5.5,0,11761.0,UnitedHealth,Discharged Home,DOC-123
ADM-10099,PAT-1205,2024-02-17 11:04:00,2024-02-18 11:04:00,23,Male,Emergency,Emergency,3,14,1.0,0,4838.0,Medicaid,Discharged Home,DOC-114
ADM-10100,PAT-1298,2024-06-23 05:58:00,2024-06-23 13:10:00,59,Male,Emergency,Urgent,4,12,0.3,0,6176.0,UnitedHealth,Discharged Home,DOC-116
ADM-10101,PAT-2194,2025-04-15 08:42:00,2025-05-08 23:06:00,91,Female,General Medicine,Emergency,1,2,23.6,0,43268.0,Medicare,Transferred,DOC-110
ADM-10102,PAT-2387,2025-10-16 14:28:00,2025-10-23 14:28:00,82,Female,Orthopedics,Emergency,2,2,7.0,0,21047.0,Medicare,Discharged Home,DOC-107
ADM-10103,PAT-1787,2025-08-11 10:05:00,2025-08-16 10:05:00,21,Female,Orthopedics,Elective,4,19,5.0,1,14965.5,Medicare,Referred to Rehab,DOC-122
ADM-10104,PAT-1810,2025-09-12 16:57:00,2025-09-30 02:33:00,18,Male,Cardiology,Emergency,1,2,17.4,0,56621.0,Medicare,Discharged Home,DOC-108
ADM-10105,PAT-2243,2025-11-25 22:30:00,2025-11-30 17:42:00,25,Female,Cardiology,Emergency,3,57,4.8,0,15202.5,BlueCross,Referred to Rehab,DOC-121
ADM-10106,PAT-2323,2026-01-19 04:29:00,2026-01-19 21:17:00,60,Female,Emergency,Emergency,2,16,0.7,0,1370.0,Medicaid,Discharged Home,DOC-124
ADM-10107,PAT-1850,2025-06-27 17:07:00,2025-07-19 05:07:00,24,Female,General Medicine,Emergency,1,6,21.5,0,39568.0,Medicare,Discharged Home,DOC-116
ADM-10108,PAT-1604,2024-05-24 07:42:00,2024-05-27 10:06:00,49,Male,Neurology,Emergency,3,20,3.1,0,14542.0,UnitedHealth,Discharged Home,DOC-113
ADM-10109,PAT-2141,2025-07-03 04:13:00,2025-07-08 18:37:00,71,Female,Cardiology,Emergency,3,92,5.6,0,21921.0,BlueCross,Transferred,DOC-109
ADM-10110,PAT-2197,2025-11-22 07:58:00,2025-11-23 22:22:00,44,Male,Cardiology,Emergency,5,346,1.6,0,10920.0,BlueCross,Referred to Rehab,DOC-118
ADM-10111,PAT-1671,2025-12-18 10:18:00,2025-12-27 03:06:00,38,Female,Orthopedics,Urgent,1,5,8.7,1,22347.5,UnitedHealth,Discharged Home,DOC-102
ADM-10112,PAT-1623,2025-02-01 15:29:00,2025-02-03 03:29:00,78,Male,General Medicine,Emergency,4,3,1.5,0,2257.5,Medicare,Discharged Home,DOC-123
ADM-10113,PAT-2106,2025-11-01 03:22:00,2025-11-03 12:58:00,14,Female,Neurology,Emergency,4,5,2.4,0,11795.5,Medicaid,Discharged Home,DOC-109
ADM-10114,PAT-1067,2026-05-25 12:22:00,2026-05-26 07:34:00,85,Male,Orthopedics,Emergency,1,10,0.8,0,1945.0,UnitedHealth,Discharged Home,DOC-118
ADM-10115,PAT-2320,2024-05-05 15:31:00,2024-05-07 17:55:00,79,Male,General Medicine,Urgent,3,65,2.1,0,3312.5,UnitedHealth,AMA (Against Medical Advice),DOC-121
ADM-10116,PAT-2222,2026-03-16 19:16:00,2026-03-17 07:16:00,56,Male,Cardiology,Emergency,4,23,0.5,0,1457.5,Medicaid,Discharged Home,DOC-118
ADM-10117,PAT-1424,2026-03-18 20:20:00,2026-03-19 15:32:00,44,Male,Emergency,Emergency,1,21,0.8,0,1572.5,Medicare,Referred to Rehab,DOC-105
ADM-10118,PAT-1266,2024-05-14 00:30:00,2024-05-14 17:18:00,51,Male,Emergency,Emergency,4,246,0.7,0,7268.0,Medicaid,Discharged Home,DOC-106
ADM-10119,PAT-1543,2026-02-02 02:10:00,2026-02-02 14:10:00,22,Male,Oncology,Emergency,5,125,0.5,0,8735.5,BlueCross,Discharged Home,DOC-119
ADM-10120,PAT-1223,2026-01-14 22:29:00,2026-01-15 20:05:00,34,Male,Emergency,Emergency,4,36,0.9,1,10197.0,Medicare,Expired,DOC-116
ADM-10121,PAT-1822,2024-03-16 02:45:00,2024-03-23 17:09:00,86,Female,Pediatrics,Urgent,2,9,7.6,1,12182.5,Aetna,Discharged Home,DOC-105
ADM-10122,PAT-1563,2025-04-09 17:15:00,2025-04-16 05:15:00,30,Female,Orthopedics,Elective,3,4,6.5,0,16922.0,Medicare,Discharged Home,DOC-104
ADM-10123,PAT-2340,2024-12-13 15:28:00,2024-12-14 10:40:00,78,Female,Oncology,Urgent,4,90,0.8,0,2705.0,Medicaid,Discharged Home,DOC-111
ADM-10124,PAT-1874,2025-12-04 16:11:00,2025-12-09 08:59:00,54,Male,Cardiology,Emergency,2,20,4.7,0,13210.0,UnitedHealth,Discharged Home,DOC-103
ADM-10125,PAT-1884,2025-07-23 02:02:00,2025-07-23 16:26:00,69,Male,Orthopedics,Elective,3,50,0.6,0,6665.0,Aetna,Discharged Home,DOC-122
ADM-10126,PAT-1250,2024-10-21 20:29:00,2024-10-24 08:29:00,84,Male,General Medicine,Elective,4,101,2.5,1,4002.5,BlueCross,Discharged Home,DOC-117
ADM-10127,PAT-1435,2024-12-24 18:59:00,2024-12-29 09:23:00,39,Male,General Medicine,Urgent,1,8,4.6,0,6920.0,Medicare,Discharged Home,DOC-119
ADM-10128,PAT-1463,2025-09-15 22:27:00,2025-09-18 00:51:00,90,Male,Orthopedics,Emergency,2,17,2.1,1,7772.5,BlueCross,Discharged Home,DOC-109
ADM-10129,PAT-2439,2026-06-09 04:53:00,2026-06-15 14:29:00,57,Male,Orthopedics,Elective,2,25,6.4,1,19205.5,BlueCross,Referred to Rehab,DOC-124
ADM-10130,PAT-2296,2025-01-20 14:19:00,2025-01-27 02:19:00,20,Male,Pediatrics,Elective,1,2,6.5,0,12194.0,Medicare,Discharged Home,DOC-124
ADM-10131,PAT-1664,2025-11-21 02:47:00,2025-11-23 09:59:00,19,Male,Orthopedics,Emergency,4,308,2.3,0,6290.0,Medicare,Discharged Home,DOC-116
ADM-10132,PAT-2243,2024-12-19 14:40:00,2024-12-21 14:40:00,54,Male,General Medicine,Elective,3,14,2.0,0,3035.0,Medicaid,Discharged Home,DOC-119
ADM-10133,PAT-1996,2025-02-08 20:27:00,2025-02-18 03:39:00,39,Male,General Medicine,Elective,2,2,9.3,0,13955.0,Self-Pay,Discharged Home,DOC-107
ADM-10134,PAT-1281,2025-05-24 14:41:00,2025-06-01 05:05:00,56,Male,Pediatrics,Emergency,3,22,7.6,0,12215.0,Self-Pay,Discharged Home,DOC-123
ADM-10135,PAT-1471,2025-02-10 01:26:00,2025-02-22 03:50:00,82,Male,Emergency,Emergency,1,5,12.1,0,27268.5,Self-Pay,Discharged Home,DOC-111
ADM-10136,PAT-2179,2024-10-23 03:55:00,2024-10-24 11:07:00,91,Female,General Medicine,Elective,4,121,1.3,0,10667.5,Medicare,Discharged Home,DOC-120
ADM-10137,PAT-1942,2025-03-22 20:06:00,2025-03-27 00:54:00,74,Male,Orthopedics,Elective,3,5,4.2,0,11236.5,Medicare,Discharged Home,DOC-110
ADM-10138,PAT-1695,2025-06-06 21:36:00,2025-06-07 19:12:00,8,Male,Orthopedics,Emergency,4,31,0.9,0,2237.5,Medicare,Discharged Home,DOC-125
ADM-10139,PAT-1715,2024-04-15 04:59:00,2024-04-20 21:47:00,41,Male,Cardiology,Elective,2,21,5.7,1,16012.5,Medicaid,Discharged Home,DOC-105
ADM-10140,PAT-2342,2025-04-20 19:14:00,2025-04-25 07:14:00,23,Female,Oncology,Emergency,3,43,4.5,0,18234.5,BlueCross,Discharged Home,DOC-119
ADM-10141,PAT-2316,2025-03-26 02:19:00,2025-03-28 19:07:00,45,Male,Orthopedics,Emergency,3,2,2.7,0,12157.0,BlueCross,Discharged Home,DOC-109
ADM-10142,PAT-2211,2025-04-17 15:25:00,2025-04-19 22:37:00,73,Female,Emergency,Emergency,2,18,2.3,0,4415.0,Medicare,Referred to Rehab,DOC-110
ADM-10143,PAT-1157,2025-04-18 19:48:00,2025-04-19 22:12:00,3,Female,Orthopedics,Elective,4,106,1.1,0,9891.0,Medicare,Transferred,DOC-102
ADM-10144,PAT-1921,2024-03-04 15:22:00,2024-03-11 08:10:00,65,Male,General Medicine,Emergency,3,33,6.7,0,10132.5,Medicare,Discharged Home,DOC-111
ADM-10145,PAT-2462,2024-09-10 14:56:00,2024-09-12 07:44:00,34,Male,Emergency,Urgent,2,67,1.7,0,8190.5,BlueCross,Discharged Home,DOC-106
ADM-10146,PAT-1745,2025-11-26 20:24:00,2025-11-27 10:48:00,58,Female,Neurology,Emergency,5,441,0.6,0,2662.5,Medicare,Discharged Home,DOC-111
ADM-10147,PAT-1134,2024-10-17 08:36:00,2024-10-23 11:00:00,11,Female,Emergency,Emergency,3,91,6.1,0,17695.5,Medicaid,Discharged Home,DOC-120
ADM-10148,PAT-1307,2024-12-24 10:35:00,2024-12-30 05:47:00,92,Male,Emergency,Urgent,3,25,5.8,0,17303.5,Medicaid,Transferred,DOC-105
ADM-10149,PAT-2218,2026-04-12 04:21:00,2026-04-16 21:09:00,83,Female,Cardiology,Emergency,3,109,4.7,0,20722.5,Aetna,Discharged Home,DOC-122
ADM-10150,PAT-2078,2024-01-19 12:22:00,2024-01-20 19:34:00,67,Female,Pediatrics,Emergency,2,63,1.3,0,2237.5,UnitedHealth,Discharged Home,DOC-111
ADM-10151,PAT-1995,2024-10-29 03:27:00,2024-10-30 05:51:00,25,Male,General Medicine,Emergency,3,20,1.1,0,6621.0,Self-Pay,Discharged Home,DOC-117
ADM-10152,PAT-1077,2024-06-06 05:32:00,2024-06-11 17:32:00,65,Female,Emergency,Elective,2,63,5.5,0,10607.5,Medicare,Discharged Home,DOC-120
ADM-10153,PAT-1339,2025-03-30 20:50:00,2025-04-02 16:02:00,19,Male,Orthopedics,Emergency,4,47,2.8,0,6837.5,Medicare,Discharged Home,DOC-115
ADM-10154,PAT-1479,2025-11-25 19:28:00,2025-11-26 14:40:00,8,Female,Neurology,Elective,3,83,0.8,0,6569.5,BlueCross,Transferred,DOC-125
ADM-10155,PAT-1782,2026-03-31 20:38:00,2026-04-06 11:02:00,34,Male,Emergency,Emergency,1,3,5.6,0,10647.5,Medicaid,Discharged Home,DOC-121
ADM-10156,PAT-1984,2024-10-18 02:51:00,2024-10-19 07:39:00,12,Male,Emergency,Urgent,5,2,1.2,0,2285.0,Self-Pay,Discharged Home,DOC-105
ADM-10157,PAT-1895,2025-02-28 01:49:00,2025-03-01 06:37:00,82,Male,Cardiology,Emergency,3,49,1.2,0,3482.5,Medicare,Discharged Home,DOC-113
ADM-10158,PAT-1167,2026-05-09 22:11:00,2026-05-10 12:35:00,46,Male,Emergency,Elective,5,11,0.6,1,1167.5,BlueCross,Discharged Home,DOC-116
ADM-10159,PAT-2425,2025-09-22 00:10:00,2025-09-23 09:46:00,86,Female,Emergency,Elective,4,245,1.4,0,3272.5,BlueCross,Discharged Home,DOC-105
ADM-10160,PAT-2123,2024-11-04 04:09:00,2024-11-17 11:21:00,49,Male,General Medicine,Elective,1,13,13.3,0,19982.5,BlueCross,Discharged Home,DOC-120
ADM-10161,PAT-1936,2025-10-09 17:35:00,2025-10-10 15:11:00,61,Male,Emergency,Elective,5,5,0.9,0,4608.5,Self-Pay,Discharged Home,DOC-120
ADM-10162,PAT-1722,2025-06-20 12:18:00,2025-06-24 09:54:00,76,Male,General Medicine,Elective,4,179,3.9,0,6297.5,Medicaid,Discharged Home,DOC-117
ADM-10163,PAT-2039,2025-01-17 08:39:00,2025-01-20 20:39:00,72,Female,General Medicine,Elective,3,76,3.5,0,8865.0,Medicaid,Discharged Home,DOC-112
ADM-10164,PAT-1493,2024-02-15 12:01:00,2024-02-16 19:13:00,42,Male,Neurology,Emergency,3,12,1.3,0,10574.0,Medicare,Discharged Home,DOC-125
ADM-10165,PAT-2402,2026-04-10 04:36:00,2026-04-13 11:48:00,61,Male,Neurology,Elective,3,21,3.3,0,8632.5,Medicare,Discharged Home,DOC-115
ADM-10166,PAT-1075,2024-11-19 10:35:00,2024-11-26 05:47:00,24,Male,Cardiology,Elective,3,42,6.8,0,26324.0,Aetna,Discharged Home,DOC-109
ADM-10167,PAT-1074,2024-10-06 04:14:00,2024-10-11 06:38:00,72,Female,Emergency,Emergency,1,5,5.1,0,13781.5,Medicare,Referred to Rehab,DOC-124
ADM-10168,PAT-1900,2025-01-11 17:43:00,2025-01-17 12:55:00,28,Female,Emergency,Emergency,2,6,5.8,1,11035.0,Aetna,Discharged Home,DOC-114
ADM-10169,PAT-1161,2024-11-24 03:30:00,2024-11-28 01:06:00,37,Female,Orthopedics,Elective,2,9,3.9,0,9382.5,Medicare,Discharged Home,DOC-110
ADM-10170,PAT-1913,2025-04-02 01:26:00,2025-04-05 20:38:00,68,Female,Emergency,Elective,2,59,3.8,0,15334.5,Aetna,Discharged Home,DOC-114
ADM-10171,PAT-1562,2025-01-07 17:30:00,2025-01-10 05:30:00,2,Female,Orthopedics,Urgent,3,76,2.5,0,12255.0,BlueCross,Discharged Home,DOC-101
ADM-10172,PAT-1292,2026-03-08 22:01:00,2026-03-14 17:13:00,73,Male,Pediatrics,Emergency,2,27,5.8,0,9347.5,Aetna,Discharged Home,DOC-119
ADM-10173,PAT-1066,2025-03-30 02:37:00,2025-04-03 17:01:00,60,Female,Emergency,Elective,3,39,4.6,0,13674.5,Medicare,Discharged Home,DOC-111
ADM-10174,PAT-2330,2025-05-26 17:40:00,2025-05-28 10:28:00,9,Male,Orthopedics,Elective,3,11,1.7,0,4107.5,BlueCross,Discharged Home,DOC-109
ADM-10175,PAT-1533,2024-07-23 04:11:00,2024-07-29 08:59:00,80,Female,Emergency,Elective,3,25,6.2,1,11842.5,Medicare,Discharged Home,DOC-106
ADM-10176,PAT-2460,2025-12-27 02:12:00,2026-01-09 09:24:00,67,Female,Orthopedics,Emergency,1,2,13.3,0,34803.0,Medicare,Discharged Home,DOC-106
ADM-10177,PAT-2457,2024-05-04 06:51:00,2024-05-06 04:27:00,43,Male,Cardiology,Emergency,3,3,1.9,0,7766.5,UnitedHealth,Discharged Home,DOC-101
ADM-10178,PAT-1739,2024-03-08 10:33:00,2024-03-13 15:21:00,63,Male,Emergency,Emergency,3,231,5.2,0,10457.5,BlueCross,Discharged Home,DOC-116
ADM-10179,PAT-2076,2024-05-08 10:49:00,2024-05-09 10:49:00,59,Male,Emergency,Elective,5,23,1.0,0,8028.5,BlueCross,Discharged Home,DOC-105
ADM-10180,PAT-2129,2026-05-01 04:14:00,2026-05-02 01:50:00,50,Male,Emergency,Emergency,4,36,0.9,0,1800.0,BlueCross,Discharged Home,DOC-123
ADM-10181,PAT-1461,2024-07-20 21:40:00,2024-07-25 12:04:00,73,Female,Emergency,Emergency,2,88,4.6,1,11708.0,BlueCross,Discharged Home,DOC-110
ADM-10182,PAT-2258,2024-06-24 22:29:00,2024-06-27 22:29:00,34,Male,General Medicine,Emergency,4,129,3.0,0,12711.5,Medicare,Discharged Home,DOC-119
ADM-10183,PAT-1084,2025-10-28 07:11:00,2025-10-28 19:11:00,20,Female,Cardiology,Emergency,5,96,0.5,0,5552.0,BlueCross,Discharged Home,DOC-101
ADM-10184,PAT-2019,2026-04-04 23:22:00,2026-04-05 11:22:00,86,Male,Cardiology,Urgent,4,19,0.5,1,5662.5,Medicare,Discharged Home,DOC-102
ADM-10185,PAT-1323,2024-12-14 20:42:00,2024-12-15 23:06:00,31,Male,General Medicine,Urgent,4,132,1.1,0,1980.0,Medicare,Discharged Home,DOC-111
ADM-10186,PAT-1707,2024-11-22 08:15:00,2024-11-23 17:51:00,22,Male,Oncology,Elective,4,12,1.4,0,7061.0,UnitedHealth,Discharged Home,DOC-105
ADM-10187,PAT-1198,2024-09-11 05:27:00,2024-09-13 12:39:00,58,Female,General Medicine,Emergency,3,22,2.3,0,11654.0,Medicare,Discharged Home,DOC-111
ADM-10188,PAT-1388,2026-06-19 10:31:00,2026-06-20 17:43:00,85,Female,Orthopedics,Urgent,3,16,1.3,0,4397.0,Medicaid,Discharged Home,DOC-117
ADM-10189,PAT-1936,2024-02-21 09:36:00,2024-02-23 04:48:00,64,Male,Emergency,Elective,3,7,1.8,0,11165.5,Medicare,Discharged Home,DOC-122
ADM-10190,PAT-1963,2024-05-17 09:01:00,2024-05-21 11:25:00,74,Female,Emergency,Emergency,2,6,4.1,0,14562.0,BlueCross,Discharged Home,DOC-102
ADM-10191,PAT-1820,2025-07-20 09:51:00,2025-07-25 00:15:00,63,Female,Oncology,Elective,3,16,4.6,0,14300.0,Medicare,Transferred,DOC-125
ADM-10192,PAT-2126,2024-05-11 03:18:00,2024-05-23 22:30:00,65,Male,Emergency,Emergency,3,79,12.8,0,24517.5,Aetna,Discharged Home,DOC-111
ADM-10193,PAT-2142,2025-05-27 01:22:00,2025-05-31 18:10:00,42,Female,Cardiology,Emergency,2,25,4.7,1,13222.5,Medicare,Discharged Home,DOC-111
ADM-10194,PAT-1970,2024-12-01 20:55:00,2024-12-02 23:19:00,90,Male,General Medicine,Urgent,3,5,1.1,0,1662.5,Medicaid,Transferred,DOC-120
ADM-10195,PAT-1612,2025-12-26 19:12:00,2025-12-27 07:12:00,34,Female,Cardiology,Emergency,3,60,0.5,0,1550.0,Medicaid,Discharged Home,DOC-112
ADM-10196,PAT-1678,2025-09-03 16:11:00,2025-09-05 20:59:00,80,Male,Oncology,Elective,3,52,2.2,0,6950.0,Medicare,Transferred,DOC-125
ADM-10197,PAT-2184,2024-06-23 17:53:00,2024-06-27 15:29:00,8,Female,Pediatrics,Emergency,3,48,3.9,0,11936.0,Medicare,Discharged Home,DOC-113
ADM-10198,PAT-1302,2024-01-20 15:03:00,2024-01-26 05:27:00,19,Male,Neurology,Emergency,3,2,5.6,0,14565.0,BlueCross,Discharged Home,DOC-123
ADM-10199,PAT-1417,2026-06-12 02:07:00,2026-06-13 04:31:00,14,Female,Emergency,Urgent,4,37,1.1,0,7276.5,Medicare,Discharged Home,DOC-122
ADM-10200,PAT-1979,2025-06-29 11:41:00,2025-07-09 04:29:00,56,Female,Neurology,Emergency,2,2,9.7,0,31261.0,Medicare,Discharged Home,DOC-124
ADM-10201,PAT-2394,2024-10-12 19:02:00,2024-10-18 02:14:00,77,Male,Emergency,Elective,3,21,5.3,0,10122.5,Medicare,Discharged Home,DOC-110
ADM-10202,PAT-1591,2025-05-06 11:54:00,2025-05-10 02:18:00,68,Female,Orthopedics,Emergency,1,17,3.6,0,16837.5,BlueCross,Discharged Home,DOC-109
ADM-10203,PAT-1589,2025-02-08 11:46:00,2025-02-16 18:58:00,67,Female,General Medicine,Elective,2,7,8.3,1,19558.5,Medicare,Discharged Home,DOC-102
ADM-10204,PAT-1589,2026-02-04 16:21:00,2026-02-05 11:33:00,60,Female,Cardiology,Elective,5,33,0.8,0,2322.5,BlueCross,Discharged Home,DOC-109
ADM-10205,PAT-2151,2024-09-05 01:43:00,2024-09-05 20:55:00,90,Male,General Medicine,Elective,5,34,0.8,0,6135.0,Medicaid,Transferred,DOC-108
ADM-10206,PAT-1107,2025-11-28 04:41:00,2025-12-03 23:53:00,56,Male,General Medicine,Elective,2,14,5.8,0,8735.0,Medicare,Discharged Home,DOC-106
ADM-10207,PAT-1833,2024-11-24 09:44:00,2024-11-26 04:56:00,77,Female,Neurology,Emergency,3,31,1.8,0,12694.5,BlueCross,Discharged Home,DOC-121
ADM-10208,PAT-2175,2025-03-03 06:00:00,2025-03-06 22:48:00,72,Male,Orthopedics,Elective,2,11,3.7,0,9704.5,Medicare,Discharged Home,DOC-113
ADM-10209,PAT-2014,2024-11-01 19:23:00,2024-11-03 07:23:00,55,Male,Orthopedics,Emergency,3,68,1.5,0,11875.0,Medicare,Discharged Home,DOC-110
ADM-10210,PAT-1930,2024-10-06 06:34:00,2024-10-06 18:34:00,17,Female,Neurology,Emergency,5,55,0.5,0,4645.5,UnitedHealth,AMA (Against Medical Advice),DOC-115
ADM-10211,PAT-2327,2026-03-20 10:04:00,2026-03-21 14:52:00,40,Female,Cardiology,Elective,4,76,1.2,0,10253.0,Medicaid,Discharged Home,DOC-120
ADM-10212,PAT-2308,2024-03-29 13:40:00,2024-03-30 16:04:00,13,Female,Orthopedics,Emergency,4,8,1.1,0,4673.0,Medicare,Discharged Home,DOC-116
ADM-10213,PAT-1662,2025-04-02 09:06:00,2025-04-16 21:06:00,54,Male,Orthopedics,Elective,3,73,14.5,0,37955.5,Aetna,Discharged Home,DOC-119
ADM-10214,PAT-1023,2025-11-14 04:02:00,2025-11-14 23:14:00,9,Male,Emergency,Emergency,4,104,0.8,0,1780.0,Aetna,Discharged Home,DOC-123
ADM-10215,PAT-1636,2024-08-12 04:33:00,2024-08-16 16:33:00,55,Male,Emergency,Emergency,3,4,4.5,0,12787.0,Self-Pay,Referred to Rehab,DOC-120
ADM-10216,PAT-1765,2026-02-19 08:26:00,2026-02-19 20:26:00,63,Male,Cardiology,Elective,4,10,0.5,0,6805.0,Aetna,Discharged Home,DOC-103
ADM-10217,PAT-2076,2025-07-31 03:49:00,2025-08-02 03:49:00,68,Male,Orthopedics,Emergency,3,18,2.0,0,4845.0,Medicare,Referred to Rehab,DOC-117
ADM-10218,PAT-1414,2024-04-29 23:13:00,2024-05-02 23:13:00,23,Female,Cardiology,Urgent,4,17,3.0,0,8442.5,Medicaid,Discharged Home,DOC-103
ADM-10219,PAT-2045,2025-06-09 14:10:00,2025-06-15 11:46:00,43,Male,Emergency,Elective,3,25,5.9,0,12244.5,BlueCross,Discharged Home,DOC-122
ADM-10220,PAT-1631,2025-08-15 02:29:00,2025-08-25 21:41:00,54,Male,Neurology,Urgent,1,2,10.8,0,28085.0,Medicare,Discharged Home,DOC-103
ADM-10221,PAT-2108,2025-02-22 06:08:00,2025-02-23 10:56:00,72,Female,Emergency,Emergency,4,50,1.2,0,8879.0,Aetna,Discharged Home,DOC-114
ADM-10222,PAT-1766,2025-11-30 22:35:00,2025-12-02 05:47:00,58,Male,Emergency,Emergency,5,17,1.3,0,2512.5,BlueCross,Discharged Home,DOC-104
ADM-10223,PAT-1365,2026-02-13 00:46:00,2026-02-18 05:34:00,34,Male,General Medicine,Emergency,3,148,5.2,0,12462.0,Medicaid,Discharged Home,DOC-118
ADM-10224,PAT-1868,2024-12-20 05:17:00,2024-12-23 14:53:00,53,Female,Oncology,Emergency,3,9,3.4,0,10562.5,Medicaid,Expired,DOC-124
ADM-10225,PAT-1231,2024-09-03 07:02:00,2024-09-10 02:14:00,67,Male,Emergency,Emergency,2,4,6.8,0,12930.0,BlueCross,Discharged Home,DOC-115
ADM-10226,PAT-2224,2025-03-25 07:59:00,2025-03-26 12:47:00,72,Female,Neurology,Emergency,4,66,1.2,0,9964.0,Medicaid,Discharged Home,DOC-102
ADM-10227,PAT-1286,2025-08-14 20:24:00,2025-08-24 15:36:00,27,Female,Pediatrics,Elective,3,27,9.8,0,22951.5,Medicare,Discharged Home,DOC-110
ADM-10228,PAT-1293,2024-03-03 19:00:00,2024-03-04 11:48:00,80,Female,Cardiology,Emergency,4,19,0.7,0,9713.5,Medicare,Discharged Home,DOC-106
ADM-10229,PAT-2282,2025-10-20 22:54:00,2025-10-22 06:06:00,61,Female,Orthopedics,Emergency,4,179,1.3,0,3567.5,Self-Pay,Discharged Home,DOC-123
ADM-10230,PAT-1852,2026-02-11 18:21:00,2026-02-12 13:33:00,14,Male,Emergency,Emergency,5,92,0.8,0,4713.0,Medicaid,Discharged Home,DOC-105
ADM-10231,PAT-1948,2025-02-01 08:17:00,2025-02-03 20:17:00,59,Male,General Medicine,Emergency,4,283,2.5,0,4457.5,BlueCross,Discharged Home,DOC-103
ADM-10232,PAT-1921,2024-10-01 12:52:00,2024-10-03 08:04:00,63,Male,Orthopedics,Elective,4,42,1.8,1,9864.0,BlueCross,Discharged Home,DOC-103
ADM-10233,PAT-1385,2024-01-16 07:13:00,2024-01-24 04:49:00,33,Female,General Medicine,Urgent,2,73,7.9,0,20413.5,Medicare,Discharged Home,DOC-124
ADM-10234,PAT-1980,2024-09-02 18:50:00,2024-09-05 23:38:00,77,Female,Neurology,Emergency,3,42,3.2,0,8425.0,Medicaid,AMA (Against Medical Advice),DOC-115
ADM-10235,PAT-2092,2025-04-22 03:21:00,2025-04-26 12:57:00,54,Female,Orthopedics,Emergency,4,47,4.4,0,17095.5,Medicare,Discharged Home,DOC-111
ADM-10236,PAT-1416,2026-01-29 04:58:00,2026-02-06 04:58:00,59,Male,Neurology,Urgent,1,6,8.0,0,20815.0,BlueCross,Discharged Home,DOC-119
ADM-10237,PAT-2186,2024-08-23 12:57:00,2024-08-26 00:57:00,27,Female,Cardiology,Elective,3,19,2.5,0,9560.5,Aetna,Discharged Home,DOC-121
ADM-10238,PAT-2402,2025-04-16 05:44:00,2025-04-19 08:08:00,26,Female,Neurology,Elective,2,4,3.1,1,11455.0,Aetna,Discharged Home,DOC-124
ADM-10239,PAT-2119,2025-06-20 01:09:00,2025-06-21 10:45:00,63,Male,Cardiology,Elective,3,174,1.4,0,5463.0,Medicare,Discharged Home,DOC-122
ADM-10240,PAT-1099,2024-03-10 05:09:00,2024-03-16 19:33:00,31,Male,Neurology,Emergency,2,34,6.6,0,17245.0,BlueCross,Discharged Home,DOC-112
ADM-10241,PAT-1123,2025-06-28 18:49:00,2025-07-02 23:37:00,61,Male,Emergency,Emergency,1,2,4.2,0,8622.0,UnitedHealth,Transferred,DOC-109
ADM-10242,PAT-2097,2026-04-05 06:07:00,2026-04-12 06:07:00,62,Female,General Medicine,Elective,2,42,7.0,1,10605.0,Medicaid,Discharged Home,DOC-105
ADM-10243,PAT-1493,2024-09-30 13:32:00,2024-10-03 20:44:00,79,Female,Orthopedics,Emergency,5,14,3.3,0,7955.0,Medicare,Discharged Home,DOC-115
ADM-10244,PAT-2157,2025-10-31 22:10:00,2025-11-08 05:22:00,80,Male,Emergency,Urgent,2,43,7.3,0,15242.5,Self-Pay,Discharged Home,DOC-113
ADM-10245,PAT-2131,2024-03-25 17:03:00,2024-03-28 09:51:00,19,Male,General Medicine,Emergency,4,10,2.7,0,9858.0,BlueCross,Discharged Home,DOC-119
ADM-10246,PAT-1195,2024-10-04 01:35:00,2024-10-05 06:23:00,19,Female,Emergency,Emergency,3,41,1.2,0,8488.5,Medicare,Referred to Rehab,DOC-118
ADM-10247,PAT-2154,2025-08-24 04:55:00,2025-08-24 21:43:00,71,Male,Neurology,Elective,4,17,0.7,0,8200.5,Medicare,Discharged Home,DOC-103
ADM-10248,PAT-1612,2025-11-24 18:27:00,2025-11-25 13:39:00,6,Female,Orthopedics,Urgent,4,62,0.8,0,2075.0,UnitedHealth,Discharged Home,DOC-105
ADM-10249,PAT-2411,2024-04-10 14:55:00,2024-04-14 10:07:00,82,Male,General Medicine,Elective,3,25,3.8,1,5762.5,Medicaid,Discharged Home,DOC-120
ADM-10250,PAT-2257,2026-03-13 15:22:00,2026-03-22 17:46:00,56,Female,General Medicine,Emergency,3,44,9.1,0,17174.0,BlueCross,Discharged Home,DOC-113
ADM-10251,PAT-1884,2024-03-28 21:06:00,2024-03-30 13:54:00,39,Female,Cardiology,Elective,5,110,1.7,0,5035.0,BlueCross,Discharged Home,DOC-103
ADM-10252,PAT-1168,2026-01-27 13:17:00,2026-01-29 18:05:00,9,Male,Emergency,Emergency,3,2,2.2,0,4185.0,Medicaid,Discharged Home,DOC-101
ADM-10253,PAT-1631,2024-05-15 02:58:00,2024-05-17 12:34:00,29,Male,Orthopedics,Emergency,2,13,2.4,0,5792.5,Medicare,Discharged Home,DOC-118
ADM-10254,PAT-2049,2025-07-21 03:10:00,2025-07-22 03:10:00,14,Female,Emergency,Emergency,4,72,1.0,0,9655.0,BlueCross,Discharged Home,DOC-110
ADM-10255,PAT-1847,2025-08-08 17:47:00,2025-08-12 03:23:00,88,Male,Cardiology,Emergency,3,5,3.4,0,9532.5,Medicaid,Discharged Home,DOC-105
ADM-10256,PAT-1550,2024-06-20 14:50:00,2024-06-21 02:50:00,75,Male,Emergency,Emergency,3,24,0.5,0,1010.0,UnitedHealth,Discharged Home,DOC-103
ADM-10257,PAT-1739,2025-08-31 21:02:00,2025-09-01 09:02:00,69,Female,Emergency,Elective,5,206,0.5,0,1465.0,Medicare,Discharged Home,DOC-113
ADM-10258,PAT-1680,2025-03-16 22:13:00,2025-03-19 12:37:00,13,Female,Emergency,Emergency,3,52,2.6,0,6685.0,Medicaid,Discharged Home,DOC-120
ADM-10259,PAT-2423,2024-11-22 09:56:00,2024-11-24 09:56:00,33,Female,General Medicine,Emergency,2,7,2.0,0,8701.5,BlueCross,Discharged Home,DOC-119
ADM-10260,PAT-1496,2024-04-26 19:14:00,2024-05-02 21:38:00,30,Female,Orthopedics,Emergency,3,110,6.1,0,14915.0,Medicare,Referred to Rehab,DOC-106
ADM-10261,PAT-2396,2026-03-27 09:56:00,2026-04-04 02:44:00,1,Female,Orthopedics,Emergency,1,2,7.7,0,19551.0,Medicaid,Discharged Home,DOC-114
ADM-10262,PAT-2378,2024-09-15 22:28:00,2024-09-22 03:16:00,16,Male,Emergency,Elective,3,58,6.2,0,11925.0,Medicaid,Discharged Home,DOC-113
ADM-10263,PAT-1151,2025-07-01 17:17:00,2025-07-06 00:29:00,37,Female,Emergency,Elective,3,72,4.3,0,15974.0,UnitedHealth,Referred to Rehab,DOC-118
ADM-10264,PAT-1075,2024-04-21 08:28:00,2024-04-27 18:04:00,63,Male,Emergency,Elective,3,41,6.4,0,15670.5,Medicare,Discharged Home,DOC-120
ADM-10265,PAT-1090,2024-01-11 03:21:00,2024-01-20 10:33:00,42,Male,General Medicine,Emergency,2,2,9.3,0,13955.0,BlueCross,Discharged Home,DOC-117
ADM-10266,PAT-2142,2026-03-01 23:11:00,2026-03-03 20:47:00,8,Female,Cardiology,Emergency,3,41,1.9,0,10021.5,BlueCross,Discharged Home,DOC-101
ADM-10267,PAT-1988,2026-05-01 04:50:00,2026-05-01 21:38:00,59,Male,Emergency,Emergency,5,58,0.7,0,1475.0,Medicare,Discharged Home,DOC-117
ADM-10268,PAT-1989,2024-11-22 02:17:00,2024-11-22 16:41:00,33,Female,Emergency,Emergency,4,52,0.6,1,2712.0,Medicare,Referred to Rehab,DOC-111
ADM-10269,PAT-2327,2025-07-19 05:27:00,2025-07-19 17:27:00,39,Male,Oncology,Emergency,4,78,0.5,0,1745.0,BlueCross,Discharged Home,DOC-115
ADM-10270,PAT-1474,2025-02-09 00:59:00,2025-02-09 12:59:00,51,Female,Orthopedics,Elective,4,49,0.5,0,9056.5,Medicare,Discharged Home,DOC-119
ADM-10271,PAT-1879,2024-10-12 02:08:00,2024-10-13 02:08:00,13,Male,Emergency,Emergency,5,97,1.0,0,7040.5,Medicaid,Discharged Home,DOC-111
ADM-10272,PAT-1403,2025-06-24 21:48:00,2025-07-01 14:36:00,21,Female,Cardiology,Elective,3,23,6.7,0,18817.5,Medicare,Discharged Home,DOC-113
ADM-10273,PAT-2202,2026-04-13 22:59:00,2026-04-28 18:11:00,4,Male,Cardiology,Emergency,2,59,14.8,0,44523.5,Aetna,Discharged Home,DOC-119
ADM-10274,PAT-1173,2024-04-29 06:14:00,2024-05-06 01:26:00,78,Female,Emergency,Elective,2,28,6.8,1,12990.0,Medicare,Discharged Home,DOC-113
ADM-10275,PAT-1856,2025-05-13 21:41:00,2025-05-16 04:53:00,84,Male,Cardiology,Urgent,3,21,2.3,0,14521.5,Medicare,Discharged Home,DOC-106
ADM-10276,PAT-2136,2024-11-18 15:23:00,2024-11-21 15:23:00,33,Male,Orthopedics,Emergency,3,90,3.0,0,15015.0,Aetna,Discharged Home,DOC-101
ADM-10277,PAT-1992,2025-02-22 23:22:00,2025-02-23 18:34:00,88,Female,Emergency,Emergency,4,49,0.8,0,5778.5,Aetna,Transferred,DOC-103
ADM-10278,PAT-2157,2024-02-03 09:22:00,2024-02-07 06:58:00,1,Female,General Medicine,Emergency,3,44,3.9,0,5960.0,Medicare,Discharged Home,DOC-125
ADM-10279,PAT-1936,2024-10-01 18:32:00,2024-10-11 04:08:00,62,Male,Neurology,Elective,2,6,9.4,0,27960.0,Medicare,Referred to Rehab,DOC-125
ADM-10280,PAT-1085,2026-01-23 22:18:00,2026-01-25 00:42:00,15,Male,Oncology,Elective,4,29,1.1,0,6420.5,Aetna,Transferred,DOC-102
ADM-10281,PAT-1921,2026-03-05 08:05:00,2026-03-05 20:05:00,48,Male,Emergency,Elective,4,91,0.5,0,7322.5,Aetna,Transferred,DOC-123
ADM-10282,PAT-2249,2026-04-13 07:03:00,2026-04-16 19:03:00,65,Male,Emergency,Emergency,1,2,3.5,0,11825.0,Medicare,Discharged Home,DOC-109
ADM-10283,PAT-2222,2025-08-09 09:07:00,2025-08-12 04:19:00,80,Female,Emergency,Urgent,3,16,2.8,0,10074.0,BlueCross,Discharged Home,DOC-122
ADM-10284,PAT-1195,2026-06-06 22:23:00,2026-06-08 12:47:00,59,Female,Emergency,Emergency,3,15,1.6,0,3077.5,UnitedHealth,Discharged Home,DOC-108
ADM-10285,PAT-1299,2025-05-16 04:51:00,2025-05-18 02:27:00,92,Female,Emergency,Emergency,2,18,1.9,0,6356.0,BlueCross,Discharged Home,DOC-113
ADM-10286,PAT-1925,2025-06-11 09:29:00,2025-06-21 09:29:00,70,Female,Emergency,Urgent,3,26,10.0,0,26751.0,BlueCross,Discharged Home,DOC-116
ADM-10287,PAT-1670,2025-10-12 22:40:00,2025-10-20 05:52:00,70,Female,General Medicine,Elective,3,33,7.3,1,18496.5,Aetna,Discharged Home,DOC-118
ADM-10288,PAT-1814,2024-11-26 09:40:00,2024-11-27 21:40:00,52,Female,Emergency,Emergency,3,2,1.5,0,2855.0,BlueCross,Discharged Home,DOC-119
ADM-10289,PAT-1993,2024-04-11 21:22:00,2024-04-15 16:34:00,39,Male,Neurology,Emergency,4,2,3.8,1,14149.0,Aetna,Discharged Home,DOC-106
ADM-10290,PAT-1903,2026-06-22 22:11:00,2026-06-25 00:35:00,18,Male,Cardiology,Emergency,4,31,2.1,0,5957.5,UnitedHealth,Discharged Home,DOC-109
ADM-10291,PAT-1191,2024-02-23 13:31:00,2024-02-27 06:19:00,82,Male,Emergency,Elective,3,22,3.7,0,13532.0,BlueCross,Discharged Home,DOC-108
ADM-10292,PAT-1879,2025-05-03 02:39:00,2025-05-04 05:03:00,40,Male,Neurology,Elective,5,171,1.1,0,3287.5,Medicare,Discharged Home,DOC-122
ADM-10293,PAT-1911,2026-05-30 14:24:00,2026-05-31 16:48:00,68,Male,Emergency,Emergency,5,83,1.1,0,4672.5,Medicaid,Discharged Home,DOC-124
ADM-10294,PAT-1209,2025-01-26 04:32:00,2025-02-02 11:44:00,28,Male,Cardiology,Emergency,1,7,7.3,1,26504.5,Aetna,Transferred,DOC-117
ADM-10295,PAT-2153,2024-12-25 07:16:00,2024-12-28 16:52:00,37,Female,Neurology,Emergency,4,20,3.4,0,10630.0,Medicare,Discharged Home,DOC-120
ADM-10296,PAT-2406,2024-05-23 04:12:00,2024-06-01 01:48:00,52,Male,Emergency,Elective,3,56,8.9,0,20695.0,UnitedHealth,Discharged Home,DOC-114
ADM-10297,PAT-1644,2024-09-11 18:53:00,2024-09-12 11:41:00,25,Male,Emergency,Emergency,3,14,0.7,0,7772.0,Medicare,Discharged Home,DOC-125
ADM-10298,PAT-2414,2025-06-14 20:42:00,2025-06-15 23:06:00,67,Male,Cardiology,Emergency,3,2,1.1,0,9711.0,Self-Pay,Discharged Home,DOC-121
ADM-10299,PAT-1111,2025-05-26 21:46:00,2025-05-27 21:46:00,58,Male,Emergency,Elective,4,62,1.0,0,2653.0,Self-Pay,Discharged Home,DOC-111
ADM-10300,PAT-1270,2025-07-13 23:18:00,2025-07-18 16:06:00,13,Female,General Medicine,Elective,2,5,4.7,0,7062.5,Medicaid,Discharged Home,DOC-125
ADM-10301,PAT-1149,2024-08-08 01:21:00,2024-08-12 20:33:00,36,Female,Orthopedics,Urgent,4,2,4.8,0,19796.0,Aetna,Discharged Home,DOC-117
ADM-10302,PAT-1586,2024-03-25 21:51:00,2024-03-31 17:03:00,59,Female,Cardiology,Emergency,1,2,5.8,1,21791.0,Medicaid,Discharged Home,DOC-103
ADM-10303,PAT-1634,2025-02-04 20:01:00,2025-02-05 15:13:00,75,Female,Pediatrics,Elective,5,94,0.8,0,8851.0,Medicare,Discharged Home,DOC-121
ADM-10304,PAT-1135,2024-09-07 02:56:00,2024-09-09 14:56:00,59,Male,General Medicine,Elective,2,29,2.5,0,5272.5,Medicaid,Discharged Home,DOC-120
ADM-10305,PAT-1112,2024-05-02 00:25:00,2024-05-07 12:25:00,39,Male,Emergency,Urgent,2,11,5.5,1,16723.5,Medicare,Discharged Home,DOC-116
ADM-10306,PAT-1710,2025-01-15 04:19:00,2025-01-16 18:43:00,69,Male,Cardiology,Emergency,5,90,1.6,0,12360.0,BlueCross,Discharged Home,DOC-104
ADM-10307,PAT-1060,2024-09-26 19:40:00,2024-09-28 19:40:00,11,Male,Emergency,Elective,3,35,2.0,0,8451.5,Medicaid,Discharged Home,DOC-112
ADM-10308,PAT-1113,2024-06-10 08:42:00,2024-06-11 23:06:00,16,Female,General Medicine,Urgent,4,163,1.6,0,10632.5,Self-Pay,Discharged Home,DOC-124
ADM-10309,PAT-1236,2026-05-29 00:25:00,2026-05-29 17:13:00,71,Male,Oncology,Elective,5,101,0.7,0,2422.5,Medicare,Discharged Home,DOC-113
ADM-10310,PAT-1307,2024-08-17 10:59:00,2024-08-17 22:59:00,88,Female,Emergency,Elective,5,345,0.5,0,4932.5,Self-Pay,Discharged Home,DOC-103
ADM-10311,PAT-2170,2024-07-02 07:37:00,2024-07-02 22:01:00,92,Male,General Medicine,Emergency,3,57,0.6,0,1918.5,BlueCross,Discharged Home,DOC-103
ADM-10312,PAT-1952,2025-07-20 15:35:00,2025-07-21 15:35:00,42,Male,Orthopedics,Elective,3,2,1.0,0,2405.0,Aetna,Discharged Home,DOC-119
ADM-10313,PAT-1622,2026-03-02 06:40:00,2026-03-07 04:16:00,32,Female,Cardiology,Emergency,3,48,4.9,0,18817.0,Medicare,Discharged Home,DOC-108
ADM-10314,PAT-1308,2025-10-13 23:40:00,2025-10-18 11:40:00,78,Female,Oncology,Emergency,4,39,4.5,0,22337.5,Self-Pay,Discharged Home,DOC-125
ADM-10315,PAT-2346,2024-07-29 18:05:00,2024-07-31 15:41:00,45,Male,General Medicine,Emergency,3,19,1.9,0,6836.5,Medicare,Discharged Home,DOC-102
ADM-10316,PAT-1291,2025-12-18 12:42:00,2025-12-21 15:06:00,78,Female,Emergency,Emergency,2,2,3.1,1,12521.0,BlueCross,Discharged Home,DOC-104
ADM-10317,PAT-2035,2025-03-21 22:36:00,2025-03-29 01:00:00,58,Male,Orthopedics,Elective,2,7,7.1,0,19496.5,UnitedHealth,Transferred,DOC-111
ADM-10318,PAT-1804,2024-03-17 06:55:00,2024-03-18 06:55:00,28,Male,General Medicine,Emergency,3,10,1.0,0,1525.0,UnitedHealth,Discharged Home,DOC-104
ADM-10319,PAT-1318,2025-02-20 04:07:00,2025-02-24 06:31:00,4,Female,Emergency,Urgent,3,23,4.1,0,16249.5,Aetna,Discharged Home,DOC-115
ADM-10320,PAT-1631,2026-04-06 23:25:00,2026-04-07 16:13:00,49,Male,General Medicine,Elective,2,37,0.7,0,1142.5,Medicare,Discharged Home,DOC-120
ADM-10321,PAT-1082,2025-12-29 08:28:00,2026-01-02 08:28:00,56,Male,Emergency,Emergency,3,2,4.0,0,11351.0,Medicare,Discharged Home,DOC-122
ADM-10322,PAT-1612,2026-05-25 15:26:00,2026-05-26 13:02:00,44,Female,Emergency,Emergency,4,289,0.9,0,3707.5,Medicare,Discharged Home,DOC-105
ADM-10323,PAT-1248,2024-07-21 13:40:00,2024-07-27 08:52:00,70,Male,General Medicine,Emergency,3,17,5.8,0,8742.5,Medicaid,Referred to Rehab,DOC-121
ADM-10324,PAT-1172,2024-07-21 22:02:00,2024-07-26 17:14:00,71,Male,Oncology,Elective,3,40,4.8,1,16535.0,Medicare,Discharged Home,DOC-111
ADM-10325,PAT-1250,2026-04-21 13:28:00,2026-04-22 03:52:00,47,Female,Emergency,Elective,3,136,0.6,0,5115.0,Aetna,Discharged Home,DOC-106
ADM-10326,PAT-1724,2026-06-23 05:04:00,2026-06-24 21:52:00,54,Female,Orthopedics,Emergency,5,210,1.7,0,4605.0,BlueCross,Discharged Home,DOC-108
ADM-10327,PAT-2325,2024-03-03 02:59:00,2024-03-04 05:23:00,88,Female,Neurology,Elective,4,27,1.1,1,2927.5,Medicaid,Expired,DOC-107
ADM-10328,PAT-2316,2025-01-26 12:15:00,2025-01-31 05:03:00,88,Male,Neurology,Elective,3,132,4.7,0,19451.0,Medicaid,Discharged Home,DOC-119
ADM-10329,PAT-2028,2024-11-22 20:22:00,2024-11-28 20:22:00,54,Male,Neurology,Emergency,1,9,6.0,0,15622.5,BlueCross,Discharged Home,DOC-125
ADM-10330,PAT-1575,2026-02-24 19:56:00,2026-03-01 05:32:00,61,Female,Oncology,Emergency,3,57,4.4,0,22260.5,Medicare,Discharged Home,DOC-108
ADM-10331,PAT-2345,2025-08-12 13:15:00,2025-08-13 03:39:00,63,Male,Cardiology,Emergency,4,14,0.6,0,1715.0,BlueCross,Discharged Home,DOC-106
ADM-10332,PAT-1360,2025-12-21 23:54:00,2025-12-22 16:42:00,36,Male,Orthopedics,Elective,4,201,0.7,0,2182.5,BlueCross,Discharged Home,DOC-105
ADM-10333,PAT-2153,2024-06-28 16:44:00,2024-07-05 21:32:00,61,Female,Emergency,Emergency,3,43,7.2,1,13787.5,Medicare,Discharged Home,DOC-120
ADM-10334,PAT-1448,2025-09-20 06:52:00,2025-09-21 18:52:00,34,Female,Cardiology,Elective,3,2,1.5,0,7496.0,UnitedHealth,Discharged Home,DOC-111
ADM-10335,PAT-1121,2026-05-16 17:57:00,2026-05-19 05:57:00,64,Male,Orthopedics,Emergency,3,62,2.5,1,14523.0,Medicaid,AMA (Against Medical Advice),DOC-123
ADM-10336,PAT-2356,2024-11-26 04:39:00,2024-11-26 19:03:00,13,Female,Orthopedics,Emergency,5,14,0.6,0,7974.0,Aetna,Discharged Home,DOC-121
ADM-10337,PAT-1997,2024-08-16 22:43:00,2024-08-17 15:31:00,23,Female,Emergency,Emergency,2,4,0.7,0,3276.0,BlueCross,Expired,DOC-124
ADM-10338,PAT-2410,2026-05-21 19:22:00,2026-05-22 00:10:00,51,Female,Emergency,Emergency,5,42,0.2,0,8530.0,Medicare,Discharged Home,DOC-120
ADM-10339,PAT-1452,2024-08-31 11:50:00,2024-09-06 04:38:00,50,Male,Orthopedics,Emergency,1,16,5.7,0,15595.0,BlueCross,Discharged Home,DOC-103
ADM-10340,PAT-2451,2024-09-12 23:39:00,2024-09-17 16:27:00,46,Male,Emergency,Emergency,3,90,4.7,0,9155.0,BlueCross,Discharged Home,DOC-104
ADM-10341,PAT-2475,2024-06-19 14:07:00,2024-06-23 16:31:00,58,Female,Cardiology,Emergency,3,13,4.1,0,15114.5,Self-Pay,Discharged Home,DOC-113
ADM-10342,PAT-1207,2024-06-15 15:24:00,2024-06-15 22:36:00,91,Male,Emergency,Elective,5,12,0.3,1,3515.0,Medicare,Discharged Home,DOC-109
ADM-10343,PAT-1214,2026-01-19 02:33:00,2026-01-28 09:45:00,28,Male,Neurology,Urgent,3,13,9.3,0,32069.5,BlueCross,Discharged Home,DOC-111
ADM-10344,PAT-2216,2025-09-13 14:49:00,2025-09-16 12:25:00,46,Male,Emergency,Elective,2,4,2.9,1,5520.0,Aetna,Discharged Home,DOC-107
ADM-10345,PAT-1389,2025-11-07 09:36:00,2025-11-20 07:12:00,40,Female,Emergency,Emergency,2,2,12.9,1,24515.0,BlueCross,Discharged Home,DOC-113
ADM-10346,PAT-2170,2025-03-13 02:59:00,2025-03-14 12:35:00,82,Male,General Medicine,Elective,4,229,1.4,0,2672.5,Medicare,Discharged Home,DOC-120
ADM-10347,PAT-1983,2025-10-15 09:57:00,2025-10-22 09:57:00,46,Male,Neurology,Emergency,1,2,7.0,0,22584.0,Medicare,Discharged Home,DOC-110
ADM-10348,PAT-1814,2025-10-19 18:34:00,2025-10-25 04:10:00,79,Male,Neurology,Elective,3,44,5.4,0,14150.0,BlueCross,Discharged Home,DOC-113
ADM-10349,PAT-1756,2025-04-21 08:59:00,2025-04-25 13:47:00,47,Female,Orthopedics,Urgent,1,8,4.2,0,10100.0,Medicaid,Discharged Home,DOC-102
ADM-10350,PAT-1309,2026-02-13 20:07:00,2026-02-14 12:55:00,4,Female,Cardiology,Urgent,2,26,0.7,1,2025.0,BlueCross,Discharged Home,DOC-113
ADM-10351,PAT-2070,2025-05-02 10:12:00,2025-05-07 05:24:00,35,Male,Emergency,Emergency,2,19,4.8,0,9167.5,Medicare,Discharged Home,DOC-123
ADM-10352,PAT-1071,2024-05-03 15:19:00,2024-05-07 05:43:00,36,Male,Emergency,Emergency,3,19,3.6,0,6887.5,Aetna,Discharged Home,DOC-107
ADM-10353,PAT-1394,2024-07-25 21:24:00,2024-07-31 02:12:00,19,Female,Pediatrics,Urgent,3,19,5.2,0,8367.5,Medicare,Discharged Home,DOC-111
ADM-10354,PAT-2489,2025-07-19 11:07:00,2025-07-21 06:19:00,58,Female,Orthopedics,Emergency,4,96,1.8,0,9317.0,UnitedHealth,Discharged Home,DOC-101
ADM-10355,PAT-2434,2024-06-02 05:03:00,2024-06-03 09:51:00,59,Female,Orthopedics,Emergency,3,8,1.2,0,8173.0,Medicare,Discharged Home,DOC-104
ADM-10356,PAT-1216,2026-06-17 14:01:00,2026-06-24 21:13:00,55,Female,Neurology,Emergency,2,2,7.3,0,18985.0,Medicare,Transferred,DOC-119
ADM-10357,PAT-2247,2024-05-27 21:06:00,2024-05-28 23:30:00,19,Female,Cardiology,Emergency,2,13,1.1,0,9294.5,Medicaid,Discharged Home,DOC-113
ADM-10358,PAT-1678,2025-01-16 00:41:00,2025-01-20 22:17:00,19,Female,Oncology,Elective,3,24,4.9,0,15250.0,BlueCross,Discharged Home,DOC-110
ADM-10359,PAT-1574,2026-06-08 07:46:00,2026-06-13 00:34:00,68,Male,Emergency,Emergency,3,91,4.7,0,9157.5,BlueCross,Discharged Home,DOC-115
ADM-10360,PAT-1657,2024-07-11 15:04:00,2024-07-28 12:40:00,41,Male,Emergency,Elective,2,8,16.9,0,32130.0,Medicare,Discharged Home,DOC-124
ADM-10361,PAT-1992,2024-03-08 10:37:00,2024-03-30 13:01:00,45,Male,Emergency,Elective,1,3,22.1,1,45801.5,Medicare,Discharged Home,DOC-117
ADM-10362,PAT-2164,2024-09-12 01:07:00,2024-09-15 10:43:00,52,Male,Orthopedics,Elective,4,157,3.4,0,16572.5,Medicaid,Discharged Home,DOC-107
ADM-10363,PAT-1561,2025-10-12 04:13:00,2025-10-13 06:37:00,60,Female,Emergency,Urgent,4,53,1.1,0,2222.5,Medicare,Discharged Home,DOC-115
ADM-10364,PAT-1363,2024-06-16 08:49:00,2024-06-27 16:01:00,82,Female,Pediatrics,Emergency,1,10,11.3,1,24248.0,Medicare,Discharged Home,DOC-101
ADM-10365,PAT-1791,2025-10-24 07:41:00,2025-10-24 19:41:00,2,Male,Cardiology,Elective,3,264,0.5,0,4764.0,Medicaid,Discharged Home,DOC-117
ADM-10366,PAT-1041,2025-09-07 00:17:00,2025-09-12 21:53:00,33,Male,Cardiology,Emergency,3,28,5.9,0,16590.0,Medicare,Discharged Home,DOC-110
ADM-10367,PAT-2459,2024-09-15 07:26:00,2024-09-19 09:50:00,58,Female,Cardiology,Emergency,4,125,4.1,0,17839.5,Medicare,Discharged Home,DOC-120
ADM-10368,PAT-1813,2025-07-28 22:05:00,2025-07-31 07:41:00,62,Female,General Medicine,Elective,4,62,2.4,0,6570.0,Aetna,Discharged Home,DOC-104
ADM-10369,PAT-1986,2026-06-01 09:27:00,2026-06-01 21:27:00,28,Female,General Medicine,Elective,5,170,0.5,0,1175.0,BlueCross,Transferred,DOC-121
ADM-10370,PAT-1611,2026-04-04 20:28:00,2026-04-06 08:28:00,62,Male,Orthopedics,Emergency,3,56,1.5,0,6858.0,Medicare,Discharged Home,DOC-124
ADM-10371,PAT-1052,2025-02-01 01:12:00,2025-02-03 13:12:00,27,Female,Pediatrics,Emergency,2,2,2.5,0,9191.0,Medicaid,Transferred,DOC-111
ADM-10372,PAT-2487,2025-11-18 12:14:00,2025-11-22 02:38:00,63,Female,General Medicine,Emergency,3,13,3.6,0,12857.5,Medicare,Discharged Home,DOC-122
ADM-10373,PAT-2143,2026-01-28 08:49:00,2026-02-03 20:49:00,49,Male,Emergency,Elective,2,19,6.5,0,17476.5,Aetna,Discharged Home,DOC-106
ADM-10374,PAT-2392,2024-08-16 10:28:00,2024-08-20 12:52:00,38,Female,Emergency,Elective,3,25,4.1,0,15617.5,BlueCross,Discharged Home,DOC-109
ADM-10375,PAT-2199,2026-06-06 21:39:00,2026-06-07 09:39:00,86,Male,General Medicine,Emergency,5,667,0.5,0,10652.5,Aetna,Discharged Home,DOC-116
ADM-10376,PAT-1398,2025-02-27 01:50:00,2025-02-28 09:02:00,67,Female,Emergency,Emergency,5,47,1.3,0,2587.5,Aetna,Discharged Home,DOC-111
ADM-10377,PAT-1838,2025-05-14 11:21:00,2025-05-28 16:09:00,76,Male,Oncology,Emergency,1,2,14.2,0,45973.0,Medicaid,Discharged Home,DOC-102
ADM-10378,PAT-1009,2025-05-16 03:00:00,2025-05-18 00:36:00,26,Male,Emergency,Elective,3,64,1.9,0,3770.0,Aetna,Discharged Home,DOC-114
ADM-10379,PAT-1826,2025-06-30 06:48:00,2025-07-10 02:00:00,58,Male,Orthopedics,Urgent,3,39,9.8,1,31899.5,Medicare,Discharged Home,DOC-111
ADM-10380,PAT-2087,2024-08-19 23:40:00,2024-08-22 02:04:00,71,Male,Pediatrics,Emergency,3,10,2.1,1,6441.0,Self-Pay,Discharged Home,DOC-113
ADM-10381,PAT-2030,2024-10-24 15:33:00,2024-11-07 15:33:00,72,Female,Neurology,Elective,1,3,14.0,0,41792.5,UnitedHealth,Discharged Home,DOC-114
ADM-10382,PAT-2406,2024-06-17 13:46:00,2024-06-24 13:46:00,61,Male,Neurology,Elective,3,14,7.0,0,18235.0,BlueCross,Discharged Home,DOC-105
ADM-10383,PAT-1432,2025-01-10 22:12:00,2025-01-15 12:36:00,36,Male,Neurology,Emergency,3,81,4.6,0,15735.5,Aetna,Discharged Home,DOC-109
ADM-10384,PAT-2095,2025-10-31 00:40:00,2025-11-07 17:28:00,92,Male,Orthopedics,Emergency,3,7,7.7,1,18497.5,Medicare,Referred to Rehab,DOC-115
ADM-10385,PAT-1778,2024-07-29 23:43:00,2024-08-02 02:07:00,54,Male,Orthopedics,Emergency,1,2,3.1,0,8021.0,UnitedHealth,Transferred,DOC-122
ADM-10386,PAT-1206,2025-03-04 03:34:00,2025-03-05 01:10:00,65,Male,Emergency,Urgent,4,18,0.9,0,4570.0,Aetna,Discharged Home,DOC-104
ADM-10387,PAT-2019,2025-01-01 13:59:00,2025-01-03 04:23:00,79,Male,Oncology,Emergency,4,82,1.6,1,5165.0,Medicaid,Transferred,DOC-116
ADM-10388,PAT-1425,2025-11-18 03:02:00,2025-11-19 12:38:00,16,Male,Emergency,Emergency,5,203,1.4,0,9147.5,UnitedHealth,Referred to Rehab,DOC-103
ADM-10389,PAT-2047,2025-10-21 07:53:00,2025-10-22 00:41:00,41,Female,Cardiology,Emergency,2,4,0.7,0,4895.0,Medicare,Discharged Home,DOC-102
ADM-10390,PAT-1204,2026-03-31 23:06:00,2026-04-03 13:30:00,80,Female,General Medicine,Urgent,3,14,2.6,0,3935.0,Medicaid,Discharged Home,DOC-104
ADM-10391,PAT-1093,2024-12-02 12:12:00,2024-12-04 19:24:00,45,Male,Emergency,Emergency,3,50,2.3,0,12819.0,UnitedHealth,Discharged Home,DOC-124
ADM-10392,PAT-1190,2025-02-14 13:39:00,2025-02-18 16:03:00,44,Male,Cardiology,Emergency,3,73,4.1,0,14388.5,BlueCross,Discharged Home,DOC-123
ADM-10393,PAT-1979,2025-12-13 02:00:00,2025-12-13 14:00:00,38,Male,Orthopedics,Emergency,3,3,0.5,0,8623.5,Medicare,Discharged Home,DOC-114
ADM-10394,PAT-2209,2024-07-04 20:51:00,2024-07-07 04:03:00,64,Female,Neurology,Elective,3,67,2.3,0,6147.5,Medicaid,Discharged Home,DOC-101
ADM-10395,PAT-2401,2025-03-27 01:34:00,2025-04-05 11:10:00,74,Female,Oncology,Urgent,3,9,9.4,0,29162.5,Medicaid,Transferred,DOC-101
ADM-10396,PAT-2442,2025-11-16 11:32:00,2025-11-19 11:32:00,42,Male,General Medicine,Emergency,3,27,3.0,0,10705.5,Medicare,Discharged Home,DOC-104
ADM-10397,PAT-1886,2024-06-01 19:03:00,2024-06-02 19:03:00,92,Female,Emergency,Elective,3,30,1.0,1,7495.0,Medicaid,Discharged Home,DOC-121
ADM-10398,PAT-1321,2024-03-17 16:46:00,2024-03-24 16:46:00,45,Male,Orthopedics,Emergency,2,4,7.0,0,16810.0,Aetna,Discharged Home,DOC-109
ADM-10399,PAT-1103,2025-02-16 08:01:00,2025-02-19 03:13:00,91,Female,Oncology,Elective,2,8,2.8,0,8700.0,BlueCross,Transferred,DOC-119
ADM-10400,PAT-1917,2024-05-01 16:58:00,2024-05-11 09:46:00,61,Female,Emergency,Elective,2,4,9.7,1,19085.0,Medicare,Discharged Home,DOC-114
ADM-10401,PAT-1073,2026-06-30 17:21:00,2026-07-03 12:33:00,1,Female,General Medicine,Elective,3,62,2.8,0,10217.0,Medicare,Discharged Home,DOC-111
ADM-10402,PAT-1744,2025-07-27 21:09:00,2025-07-29 09:09:00,85,Female,Emergency,Emergency,2,4,1.5,0,9230.0,Medicaid,Discharged Home,DOC-123
ADM-10403,PAT-1926,2024-01-03 11:39:00,2024-01-10 11:39:00,70,Male,Emergency,Emergency,3,40,7.0,0,13400.0,Medicare,Discharged Home,DOC-110
ADM-10404,PAT-2121,2024-06-17 16:48:00,2024-06-18 09:36:00,29,Male,Orthopedics,Elective,5,85,0.7,0,1892.5,Medicare,Discharged Home,DOC-124
ADM-10405,PAT-1838,2024-05-03 13:24:00,2024-05-04 11:00:00,65,Male,Cardiology,Elective,2,2,0.9,0,2525.0,Aetna,Discharged Home,DOC-107
ADM-10406,PAT-2467,2025-10-10 22:56:00,2025-10-13 10:56:00,70,Male,Emergency,Emergency,3,72,2.5,0,11755.0,Aetna,Discharged Home,DOC-115
ADM-10407,PAT-2348,2025-07-20 14:46:00,2025-07-22 09:58:00,61,Male,Emergency,Elective,3,119,1.8,0,8173.5,Aetna,Discharged Home,DOC-125
ADM-10408,PAT-1362,2025-11-04 20:29:00,2025-11-10 08:29:00,50,Female,Emergency,Emergency,1,16,5.5,0,13626.0,UnitedHealth,Discharged Home,DOC-113
ADM-10409,PAT-1857,2025-04-08 04:33:00,2025-04-10 09:21:00,58,Female,Neurology,Emergency,4,249,2.2,0,6342.5,Medicare,Expired,DOC-124
ADM-10410,PAT-2049,2025-12-29 18:53:00,2026-01-03 11:41:00,10,Female,Neurology,Elective,3,207,4.7,0,14882.5,Medicaid,Discharged Home,DOC-123
ADM-10411,PAT-1595,2025-05-30 18:31:00,2025-05-31 20:55:00,50,Male,Emergency,Emergency,4,232,1.1,0,2670.0,Medicare,Discharged Home,DOC-112
ADM-10412,PAT-2151,2025-11-21 18:13:00,2025-11-26 08:37:00,92,Female,Emergency,Emergency,2,16,4.6,0,8780.0,Medicaid,Discharged Home,DOC-101
ADM-10413,PAT-2070,2025-11-17 01:55:00,2025-11-18 16:19:00,58,Male,General Medicine,Elective,5,204,1.6,0,2910.0,Medicaid,Transferred,DOC-106
ADM-10414,PAT-1586,2026-02-10 18:28:00,2026-02-11 20:52:00,80,Male,Pediatrics,Emergency,3,14,1.1,0,1795.0,Medicare,Discharged Home,DOC-104
ADM-10415,PAT-2261,2024-08-31 17:26:00,2024-09-02 10:14:00,41,Female,General Medicine,Emergency,4,64,1.7,0,9753.0,BlueCross,Discharged Home,DOC-123
ADM-10416,PAT-2360,2025-07-19 01:50:00,2025-07-19 06:38:00,30,Female,Emergency,Emergency,5,50,0.2,0,505.0,Aetna,Discharged Home,DOC-125
ADM-10417,PAT-1907,2026-02-12 20:05:00,2026-02-13 08:05:00,91,Female,General Medicine,Elective,3,102,0.5,0,6447.0,Medicaid,Discharged Home,DOC-124
ADM-10418,PAT-1396,2024-07-10 05:55:00,2024-07-18 17:55:00,92,Male,General Medicine,Emergency,3,28,8.5,0,14297.0,BlueCross,Discharged Home,DOC-114
ADM-10419,PAT-1571,2024-01-06 11:16:00,2024-01-13 04:04:00,22,Female,Emergency,Elective,2,50,6.7,1,21034.0,Self-Pay,Discharged Home,DOC-105
ADM-10420,PAT-1660,2025-05-17 19:32:00,2025-05-22 07:32:00,90,Female,Cardiology,Emergency,1,2,4.5,0,13702.0,BlueCross,Discharged Home,DOC-111
ADM-10421,PAT-2076,2025-03-01 18:32:00,2025-03-07 13:44:00,62,Male,Cardiology,Elective,4,55,5.8,0,17630.5,Medicaid,Discharged Home,DOC-107
ADM-10422,PAT-2358,2026-02-09 21:06:00,2026-02-12 01:54:00,28,Male,Emergency,Emergency,3,29,2.2,0,9350.5,Aetna,Transferred,DOC-121
ADM-10423,PAT-1018,2025-10-19 20:56:00,2025-10-21 08:56:00,39,Male,Cardiology,Emergency,5,15,1.5,0,6734.5,BlueCross,Discharged Home,DOC-122
ADM-10424,PAT-1657,2025-07-07 09:39:00,2025-07-11 21:39:00,13,Female,Cardiology,Emergency,2,19,4.5,0,12647.5,Medicare,Discharged Home,DOC-125
ADM-10425,PAT-1767,2024-02-14 10:07:00,2024-02-18 19:43:00,43,Female,Orthopedics,Urgent,3,3,4.4,0,12644.5,BlueCross,Discharged Home,DOC-103
ADM-10426,PAT-1196,2025-10-03 02:14:00,2025-10-05 14:14:00,88,Male,General Medicine,Elective,3,13,2.5,0,3782.5,BlueCross,Discharged Home,DOC-107
ADM-10427,PAT-2403,2025-10-24 02:27:00,2025-10-26 07:15:00,14,Female,Cardiology,Emergency,2,31,2.2,1,7996.5,Medicaid,Discharged Home,DOC-123
ADM-10428,PAT-1679,2026-03-24 08:35:00,2026-03-28 03:47:00,72,Male,Orthopedics,Emergency,3,59,3.8,0,14477.5,Medicaid,Discharged Home,DOC-109
ADM-10429,PAT-1834,2024-11-19 00:34:00,2024-11-21 22:10:00,66,Female,Neurology,Emergency,4,147,2.9,1,7907.5,Aetna,Discharged Home,DOC-101
ADM-10430,PAT-2313,2025-12-18 02:28:00,2025-12-19 02:28:00,89,Male,Cardiology,Emergency,5,34,1.0,0,2885.0,Medicaid,Discharged Home,DOC-110
ADM-10431,PAT-2404,2025-01-25 13:29:00,2025-02-08 18:17:00,37,Female,Emergency,Emergency,1,19,14.2,0,27779.5,Medicaid,Discharged Home,DOC-118
ADM-10432,PAT-1450,2025-10-11 04:55:00,2025-10-11 16:55:00,41,Female,Neurology,Elective,5,61,0.5,0,1452.5,Medicare,Discharged Home,DOC-124
ADM-10433,PAT-2326,2024-05-06 01:25:00,2024-05-07 20:37:00,63,Male,Neurology,Emergency,5,23,1.8,0,4737.5,Medicare,Discharged Home,DOC-118
ADM-10434,PAT-2121,2025-02-26 22:02:00,2025-03-04 17:14:00,52,Male,Cardiology,Emergency,2,9,5.8,1,17928.5,Medicaid,Discharged Home,DOC-108
ADM-10435,PAT-2263,2026-05-21 18:44:00,2026-05-26 23:32:00,9,Male,Neurology,Elective,2,4,5.2,1,18532.0,Aetna,Expired,DOC-122
ADM-10436,PAT-1137,2024-12-04 12:11:00,2024-12-04 21:47:00,21,Female,Emergency,Urgent,5,65,0.4,0,2241.5,Medicare,Discharged Home,DOC-103
ADM-10437,PAT-1396,2025-12-11 19:56:00,2025-12-13 15:08:00,60,Female,Cardiology,Emergency,3,2,1.8,0,5045.0,BlueCross,Discharged Home,DOC-111
ADM-10438,PAT-1877,2025-12-30 21:52:00,2026-01-03 09:52:00,78,Male,Orthopedics,Emergency,4,26,3.5,0,15847.0,Medicaid,Discharged Home,DOC-122
ADM-10439,PAT-1679,2025-05-13 18:49:00,2025-05-16 14:01:00,16,Female,Cardiology,Elective,4,21,2.8,0,7892.5,Medicare,Discharged Home,DOC-103
ADM-10440,PAT-1574,2026-01-14 02:34:00,2026-01-16 19:22:00,35,Male,General Medicine,Emergency,2,25,2.7,0,11571.5,Medicaid,Discharged Home,DOC-101
ADM-10441,PAT-2191,2025-07-18 08:53:00,2025-07-25 01:41:00,42,Male,Cardiology,Emergency,2,15,6.7,0,23718.5,Medicare,Discharged Home,DOC-125
ADM-10442,PAT-1304,2024-05-17 15:51:00,2024-05-28 01:27:00,30,Female,Cardiology,Elective,1,2,10.4,0,30366.0,BlueCross,Discharged Home,DOC-117
ADM-10443,PAT-1021,2026-02-14 17:32:00,2026-02-15 03:08:00,65,Male,Emergency,Urgent,4,29,0.4,0,832.5,Medicare,Discharged Home,DOC-119
ADM-10444,PAT-2350,2024-02-11 07:28:00,2024-02-12 12:16:00,41,Female,Neurology,Elective,3,78,1.2,1,5713.0,Medicaid,Discharged Home,DOC-112
ADM-10445,PAT-1479,2025-02-01 16:01:00,2025-02-04 23:13:00,39,Female,Emergency,Urgent,2,80,3.3,1,14191.0,Aetna,Discharged Home,DOC-121
ADM-10446,PAT-1663,2026-05-04 08:59:00,2026-05-05 01:47:00,62,Female,General Medicine,Emergency,3,43,0.7,0,6327.5,BlueCross,Transferred,DOC-121
ADM-10447,PAT-1775,2025-01-20 07:36:00,2025-01-20 19:36:00,36,Female,Pediatrics,Elective,4,69,0.5,0,4362.5,Medicare,Discharged Home,DOC-112
ADM-10448,PAT-1997,2025-03-26 05:39:00,2025-03-28 10:27:00,16,Male,General Medicine,Urgent,2,4,2.2,0,3310.0,Medicare,Discharged Home,DOC-109
ADM-10449,PAT-1433,2025-11-07 07:51:00,2025-11-13 00:39:00,82,Male,Neurology,Elective,3,50,5.7,0,18150.0,BlueCross,Discharged Home,DOC-116
ADM-10450,PAT-2382,2025-10-24 14:01:00,2025-10-25 06:49:00,52,Male,Cardiology,Emergency,4,21,0.7,1,2012.5,Aetna,Discharged Home,DOC-119
ADM-10451,PAT-2213,2025-08-09 05:00:00,2025-08-09 12:12:00,6,Male,Emergency,Elective,4,3,0.3,0,577.5,Aetna,Discharged Home,DOC-113
ADM-10452,PAT-2227,2024-03-28 07:23:00,2024-04-02 16:59:00,69,Female,Pediatrics,Emergency,3,2,5.4,0,13006.0,Medicare,Discharged Home,DOC-106
ADM-10453,PAT-1449,2025-09-30 22:30:00,2025-10-06 00:54:00,50,Male,Cardiology,Emergency,2,6,5.1,0,16168.0,UnitedHealth,Discharged Home,DOC-111
ADM-10454,PAT-1928,2024-04-21 00:33:00,2024-04-25 14:57:00,58,Male,Orthopedics,Emergency,2,16,4.6,0,11080.0,UnitedHealth,Discharged Home,DOC-117
ADM-10455,PAT-2401,2024-06-30 16:14:00,2024-07-04 01:50:00,44,Male,Neurology,Emergency,3,53,3.4,1,14385.5,BlueCross,Referred to Rehab,DOC-118
ADM-10456,PAT-2030,2025-09-09 18:24:00,2025-09-14 16:00:00,20,Male,Emergency,Emergency,2,19,4.9,0,17204.5,BlueCross,Discharged Home,DOC-122
ADM-10457,PAT-2329,2025-12-15 18:05:00,2025-12-17 08:29:00,59,Male,Emergency,Elective,3,18,1.6,0,11272.0,Aetna,Discharged Home,DOC-125
ADM-10458,PAT-1780,2025-03-11 04:34:00,2025-03-15 02:10:00,36,Male,Emergency,Elective,3,13,3.9,0,7442.5,BlueCross,Transferred,DOC-103
ADM-10459,PAT-1580,2025-08-14 17:50:00,2025-08-25 17:50:00,71,Male,Orthopedics,Emergency,2,14,11.0,1,26435.0,Medicare,Discharged Home,DOC-121
ADM-10460,PAT-1420,2025-03-12 22:14:00,2025-03-13 22:14:00,31,Male,Emergency,Emergency,5,70,1.0,0,2075.0,BlueCross,Transferred,DOC-119
ADM-10461,PAT-1748,2025-07-19 19:01:00,2025-07-20 09:25:00,77,Female,Orthopedics,Elective,3,16,0.6,0,5012.0,BlueCross,Discharged Home,DOC-116
ADM-10462,PAT-1519,2026-05-25 22:30:00,2026-06-04 03:18:00,36,Male,Emergency,Elective,2,15,9.2,0,17517.5,UnitedHealth,Discharged Home,DOC-123
ADM-10463,PAT-1331,2026-03-31 18:47:00,2026-04-13 16:23:00,62,Female,Orthopedics,Emergency,1,2,12.9,0,37072.0,BlueCross,Transferred,DOC-106
ADM-10464,PAT-1796,2025-09-06 14:51:00,2025-09-15 22:03:00,43,Female,Emergency,Urgent,2,11,9.3,0,17697.5,Medicare,Discharged Home,DOC-112
ADM-10465,PAT-1163,2025-12-29 20:23:00,2026-01-11 17:59:00,58,Female,Orthopedics,Emergency,3,77,12.9,0,31152.5,Medicaid,Discharged Home,DOC-106
ADM-10466,PAT-2311,2024-07-18 01:08:00,2024-07-19 05:56:00,32,Female,Emergency,Elective,4,141,1.2,0,8853.5,BlueCross,Discharged Home,DOC-106
ADM-10467,PAT-2380,2024-06-10 02:57:00,2024-06-17 19:45:00,29,Male,Orthopedics,Emergency,2,21,7.7,0,25419.5,Medicaid,Discharged Home,DOC-122
ADM-10468,PAT-1809,2026-01-24 02:20:00,2026-01-26 14:20:00,52,Male,Neurology,Emergency,3,22,2.5,0,11557.0,UnitedHealth,Discharged Home,DOC-118
ADM-10469,PAT-2193,2025-04-10 13:47:00,2025-04-19 11:23:00,29,Male,Orthopedics,Urgent,3,2,8.9,0,24003.0,BlueCross,Discharged Home,DOC-117
ADM-10470,PAT-1218,2026-04-02 17:31:00,2026-04-03 05:31:00,55,Male,Oncology,Emergency,3,23,0.5,0,9284.5,Medicaid,Discharged Home,DOC-119
ADM-10471,PAT-1512,2026-02-14 11:35:00,2026-02-15 09:11:00,15,Male,General Medicine,Urgent,3,139,0.9,0,5955.5,Medicaid,Discharged Home,DOC-119
ADM-10472,PAT-1056,2025-10-10 07:31:00,2025-10-16 14:43:00,54,Female,Cardiology,Emergency,2,8,6.3,0,20043.0,Medicare,Discharged Home,DOC-114
ADM-10473,PAT-1723,2024-10-21 03:10:00,2024-10-22 19:58:00,46,Male,General Medicine,Elective,3,73,1.7,0,2732.5,Medicare,Discharged Home,DOC-111
ADM-10474,PAT-1155,2025-08-10 09:11:00,2025-08-25 06:47:00,82,Male,Cardiology,Emergency,2,2,14.9,0,41725.0,UnitedHealth,Discharged Home,DOC-107
ADM-10475,PAT-2021,2024-07-30 07:49:00,2024-07-31 03:01:00,69,Female,General Medicine,Emergency,3,44,0.8,0,1310.0,Aetna,Discharged Home,DOC-120
ADM-10476,PAT-1729,2025-11-23 22:38:00,2025-11-24 17:50:00,74,Male,Emergency,Urgent,5,23,0.8,0,1577.5,Aetna,Discharged Home,DOC-102
ADM-10477,PAT-1987,2025-05-17 06:14:00,2025-05-19 18:14:00,37,Female,Orthopedics,Elective,5,133,2.5,0,14335.5,Medicare,AMA (Against Medical Advice),DOC-113
ADM-10478,PAT-1454,2025-07-07 01:06:00,2025-07-11 03:30:00,19,Female,General Medicine,Emergency,2,10,4.1,0,9900.0,Medicaid,Discharged Home,DOC-125
ADM-10479,PAT-1357,2024-11-19 23:31:00,2024-11-25 11:31:00,68,Female,Pediatrics,Emergency,2,10,5.5,0,8825.0,Aetna,Discharged Home,DOC-113
ADM-10480,PAT-2189,2024-07-10 18:43:00,2024-07-17 23:31:00,90,Female,Orthopedics,Elective,3,24,7.2,0,17340.0,BlueCross,Discharged Home,DOC-120
ADM-10481,PAT-1702,2025-03-05 23:55:00,2025-03-16 21:31:00,23,Male,Orthopedics,Elective,2,2,10.9,0,29655.0,Medicare,Discharged Home,DOC-109
ADM-10482,PAT-1923,2026-04-13 03:24:00,2026-04-19 15:24:00,36,Male,Cardiology,Emergency,2,4,6.5,0,25297.0,Medicare,Discharged Home,DOC-114
ADM-10483,PAT-1780,2026-04-05 00:19:00,2026-04-05 21:55:00,69,Female,Cardiology,Emergency,4,13,0.9,0,2552.5,BlueCross,Discharged Home,DOC-121
ADM-10484,PAT-2058,2025-07-29 19:22:00,2025-08-05 02:34:00,80,Female,Orthopedics,Urgent,1,2,6.3,1,15125.0,Medicare,Discharged Home,DOC-106
ADM-10485,PAT-1122,2025-04-05 11:25:00,2025-04-05 23:25:00,54,Male,Emergency,Urgent,4,29,0.5,0,1022.5,Medicare,Discharged Home,DOC-109
ADM-10486,PAT-1704,2025-08-13 19:39:00,2025-08-22 07:39:00,31,Male,Emergency,Emergency,2,7,8.5,0,21077.5,Medicare,Discharged Home,DOC-125
ADM-10487,PAT-1582,2026-03-04 15:15:00,2026-03-05 03:15:00,67,Female,Cardiology,Emergency,3,2,0.5,0,5026.0,Medicare,Discharged Home,DOC-115
ADM-10488,PAT-2293,2025-03-07 21:32:00,2025-03-10 07:08:00,91,Female,Orthopedics,Elective,3,22,2.4,0,9630.0,Aetna,Discharged Home,DOC-103
ADM-10489,PAT-1162,2025-10-30 09:56:00,2025-11-04 17:08:00,53,Female,Cardiology,Urgent,1,2,5.3,0,20304.0,Aetna,AMA (Against Medical Advice),DOC-109
ADM-10490,PAT-1911,2025-02-27 05:42:00,2025-03-04 17:42:00,41,Female,General Medicine,Elective,2,9,5.5,1,8272.5,Aetna,Discharged Home,DOC-124
ADM-10491,PAT-1480,2024-06-19 13:33:00,2024-06-21 06:21:00,68,Male,Cardiology,Elective,4,138,1.7,1,5105.0,Medicare,Discharged Home,DOC-116
ADM-10492,PAT-2123,2024-04-16 08:57:00,2024-04-17 16:09:00,18,Male,Cardiology,Emergency,3,32,1.3,0,4910.0,Medicare,Referred to Rehab,DOC-113
ADM-10493,PAT-1633,2025-10-03 04:18:00,2025-10-15 13:54:00,80,Female,Pediatrics,Urgent,2,7,12.4,0,19857.5,Medicaid,Discharged Home,DOC-101
ADM-10494,PAT-1071,2026-06-10 18:27:00,2026-06-26 16:03:00,45,Female,Orthopedics,Elective,2,11,15.9,0,43180.5,Aetna,Discharged Home,DOC-123
ADM-10495,PAT-2104,2025-06-20 21:50:00,2025-07-03 02:38:00,36,Female,General Medicine,Elective,2,21,12.2,0,21388.5,Aetna,Discharged Home,DOC-116
ADM-10496,PAT-2105,2025-01-09 14:04:00,2025-01-15 04:28:00,48,Female,Cardiology,Emergency,2,9,5.6,0,15702.5,Medicare,Discharged Home,DOC-101
ADM-10497,PAT-2071,2025-12-05 16:47:00,2025-12-19 21:35:00,29,Male,Neurology,Emergency,3,127,14.2,0,41645.5,Medicaid,Discharged Home,DOC-125
ADM-10498,PAT-1881,2024-07-12 14:03:00,2024-07-16 09:15:00,53,Female,Orthopedics,Emergency,3,102,3.8,0,13455.0,BlueCross,Discharged Home,DOC-106
ADM-10499,PAT-2464,2024-03-22 14:24:00,2024-03-29 04:48:00,44,Female,Neurology,Urgent,3,8,6.6,0,21912.0,Medicare,Discharged Home,DOC-120
ADM-10500,PAT-2421,2025-02-26 06:25:00,2025-03-01 13:37:00,27,Female,Orthopedics,Elective,3,43,3.3,0,10021.5,Medicare,Discharged Home,DOC-104
ADM-10501,PAT-2304,2024-07-11 10:56:00,2024-07-12 08:32:00,79,Female,Emergency,Elective,3,72,0.9,1,1890.0,Medicare,Discharged Home,DOC-118
ADM-10502,PAT-1045,2026-01-02 14:57:00,2026-01-03 22:09:00,79,Male,Cardiology,Elective,3,51,1.3,1,6174.5,Medicare,Discharged Home,DOC-101
ADM-10503,PAT-2010,2025-01-15 15:49:00,2025-01-24 08:37:00,80,Female,Emergency,Emergency,2,35,8.7,0,17376.5,BlueCross,Discharged Home,DOC-125
ADM-10504,PAT-1299,2025-07-10 16:02:00,2025-07-13 23:14:00,70,Male,General Medicine,Emergency,3,10,3.3,0,4975.0,Medicaid,Discharged Home,DOC-109
ADM-10505,PAT-1781,2026-02-28 15:07:00,2026-03-04 00:43:00,70,Female,Neurology,Urgent,3,6,3.4,0,8855.0,Aetna,Discharged Home,DOC-107
ADM-10506,PAT-1943,2025-02-02 23:15:00,2025-02-04 11:15:00,34,Female,Orthopedics,Emergency,3,46,1.5,0,11884.0,Medicare,Discharged Home,DOC-121
ADM-10507,PAT-2491,2024-09-16 16:25:00,2024-09-19 16:25:00,63,Male,Pediatrics,Emergency,4,193,3.0,0,7409.5,Medicare,Referred to Rehab,DOC-102
ADM-10508,PAT-2365,2024-11-28 00:30:00,2024-11-29 14:54:00,21,Female,Emergency,Emergency,3,5,1.6,0,3052.5,UnitedHealth,Discharged Home,DOC-104
ADM-10509,PAT-1810,2025-12-05 20:21:00,2025-12-07 10:45:00,89,Female,General Medicine,Elective,2,21,1.6,0,2452.5,BlueCross,Discharged Home,DOC-108
ADM-10510,PAT-1322,2026-02-16 21:20:00,2026-02-22 14:08:00,67,Female,Orthopedics,Emergency,2,6,5.7,0,13695.0,Self-Pay,Discharged Home,DOC-105
ADM-10511,PAT-2436,2025-07-25 22:00:00,2025-07-27 05:12:00,61,Female,General Medicine,Elective,5,45,1.3,0,9160.5,Medicare,Discharged Home,DOC-124
ADM-10512,PAT-1395,2024-09-13 01:20:00,2024-09-14 22:56:00,58,Male,Neurology,Emergency,4,15,1.9,0,9061.5,Aetna,Discharged Home,DOC-118
ADM-10513,PAT-2427,2024-11-27 15:59:00,2024-12-01 11:11:00,24,Female,General Medicine,Emergency,2,22,3.8,0,5755.0,BlueCross,Discharged Home,DOC-118
ADM-10514,PAT-1328,2026-04-19 08:59:00,2026-04-29 04:11:00,85,Female,General Medicine,Elective,2,32,9.8,1,18999.0,UnitedHealth,Discharged Home,DOC-121
ADM-10515,PAT-2036,2026-03-05 21:10:00,2026-03-18 18:46:00,41,Female,Cardiology,Urgent,1,16,12.9,0,36160.0,BlueCross,Discharged Home,DOC-122
ADM-10516,PAT-2103,2026-02-23 18:49:00,2026-02-26 04:25:00,24,Female,Pediatrics,Emergency,4,42,2.4,0,3945.0,Medicaid,Discharged Home,DOC-114
ADM-10517,PAT-2312,2024-02-14 04:25:00,2024-02-17 11:37:00,49,Male,Cardiology,Urgent,3,31,3.3,1,9317.5,Self-Pay,Discharged Home,DOC-104
ADM-10518,PAT-1994,2025-11-04 16:43:00,2025-11-06 14:19:00,7,Female,Neurology,Elective,3,24,1.9,0,11245.0,BlueCross,Discharged Home,DOC-102
ADM-10519,PAT-1750,2024-08-01 22:22:00,2024-08-06 17:34:00,68,Male,Emergency,Elective,3,17,4.8,0,16950.5,Self-Pay,Discharged Home,DOC-115
ADM-10520,PAT-2308,2026-03-24 01:59:00,2026-03-26 09:11:00,84,Female,Emergency,Emergency,2,9,2.3,0,7069.5,Medicare,Discharged Home,DOC-124
ADM-10521,PAT-1144,2024-04-13 07:53:00,2024-04-17 22:17:00,87,Male,Cardiology,Emergency,3,19,4.6,1,14979.5,BlueCross,Discharged Home,DOC-122
ADM-10522,PAT-1509,2026-02-03 03:36:00,2026-02-13 03:36:00,35,Female,Emergency,Urgent,2,2,10.0,0,24228.0,Medicaid,Discharged Home,DOC-115
ADM-10523,PAT-2438,2025-05-31 11:31:00,2025-06-04 18:43:00,51,Female,General Medicine,Urgent,1,7,4.3,0,11340.5,Self-Pay,Discharged Home,DOC-115
ADM-10524,PAT-1721,2026-02-21 21:36:00,2026-02-23 04:48:00,82,Female,General Medicine,Emergency,3,218,1.3,0,8941.0,Medicaid,Discharged Home,DOC-108
ADM-10525,PAT-2153,2025-01-03 15:26:00,2025-01-18 13:02:00,88,Female,Emergency,Elective,1,2,14.9,1,32067.0,Medicare,Discharged Home,DOC-102
ADM-10526,PAT-1582,2024-11-03 07:34:00,2024-11-03 19:34:00,34,Male,Orthopedics,Emergency,3,21,0.5,0,1252.5,Self-Pay,Discharged Home,DOC-125
ADM-10527,PAT-2412,2024-04-06 01:17:00,2024-04-10 03:41:00,35,Male,Emergency,Emergency,2,27,4.1,1,9635.5,BlueCross,Discharged Home,DOC-112
ADM-10528,PAT-2192,2025-08-07 13:38:00,2025-08-10 06:26:00,8,Male,Pediatrics,Emergency,4,66,2.7,0,6766.0,UnitedHealth,Discharged Home,DOC-124
ADM-10529,PAT-1664,2025-09-01 21:55:00,2025-09-02 14:43:00,61,Male,General Medicine,Urgent,5,205,0.7,0,1562.5,Medicare,Discharged Home,DOC-119
ADM-10530,PAT-1781,2026-06-19 14:49:00,2026-06-21 00:25:00,42,Female,Cardiology,Emergency,3,7,1.4,1,11546.5,BlueCross,Discharged Home,DOC-125
ADM-10531,PAT-1464,2024-02-25 10:24:00,2024-03-01 00:48:00,70,Female,Orthopedics,Emergency,3,4,4.6,0,14165.0,Medicaid,Discharged Home,DOC-105
ADM-10532,PAT-1669,2025-11-20 13:24:00,2025-11-22 20:36:00,40,Male,Oncology,Urgent,3,2,2.3,0,13802.0,Medicare,Discharged Home,DOC-117
ADM-10533,PAT-1184,2024-05-15 11:28:00,2024-05-16 01:52:00,31,Male,Oncology,Emergency,4,35,0.6,0,1947.5,Medicare,Discharged Home,DOC-102
ADM-10534,PAT-2122,2026-03-03 23:49:00,2026-03-06 16:37:00,83,Female,Pediatrics,Urgent,3,74,2.7,1,4505.0,BlueCross,Discharged Home,DOC-118
ADM-10535,PAT-1405,2025-07-28 21:01:00,2025-07-30 21:01:00,30,Male,Orthopedics,Elective,3,6,2.0,0,9609.0,Medicare,Discharged Home,DOC-103
ADM-10536,PAT-1545,2024-04-25 22:55:00,2024-04-28 18:07:00,67,Male,Orthopedics,Elective,3,78,2.8,0,10407.0,Medicare,Discharged Home,DOC-111
ADM-10537,PAT-1705,2025-09-23 15:05:00,2025-09-25 05:29:00,76,Female,Emergency,Elective,1,5,1.6,1,7160.5,Medicare,Discharged Home,DOC-108
ADM-10538,PAT-1408,2026-01-27 01:51:00,2026-01-31 09:03:00,22,Male,Cardiology,Emergency,2,6,4.3,0,12055.0,Medicaid,Referred to Rehab,DOC-105
ADM-10539,PAT-1589,2025-04-05 16:04:00,2025-04-07 04:04:00,28,Female,Oncology,Emergency,4,67,1.5,0,4817.5,BlueCross,Discharged Home,DOC-118
ADM-10540,PAT-1433,2025-09-29 04:49:00,2025-09-30 21:37:00,35,Female,Emergency,Urgent,3,20,1.7,1,9254.0,Aetna,Discharged Home,DOC-119
ADM-10541,PAT-2358,2024-10-17 06:51:00,2024-10-24 09:15:00,76,Male,Emergency,Emergency,3,11,7.1,0,19079.5,UnitedHealth,Discharged Home,DOC-115
ADM-10542,PAT-2340,2025-11-09 22:31:00,2025-11-13 10:31:00,20,Female,Oncology,Emergency,3,19,3.5,0,10897.5,Aetna,Discharged Home,DOC-110
ADM-10543,PAT-2329,2024-11-19 16:32:00,2024-11-22 21:20:00,58,Male,General Medicine,Emergency,4,240,3.2,0,10254.0,Aetna,Discharged Home,DOC-107
ADM-10544,PAT-2025,2024-09-10 18:04:00,2024-09-19 18:04:00,71,Male,Cardiology,Emergency,3,50,9.0,0,25325.0,BlueCross,Discharged Home,DOC-124
ADM-10545,PAT-1321,2025-10-02 10:19:00,2025-10-05 17:31:00,67,Female,Orthopedics,Emergency,2,24,3.3,0,7980.0,Medicare,Expired,DOC-117
ADM-10546,PAT-1564,2025-07-22 09:33:00,2025-08-01 14:21:00,54,Male,Oncology,Emergency,3,102,10.2,0,31875.0,Medicaid,Discharged Home,DOC-113
ADM-10547,PAT-2345,2025-03-03 08:12:00,2025-03-04 05:48:00,20,Male,Emergency,Emergency,5,33,0.9,0,4851.5,BlueCross,Transferred,DOC-111
ADM-10548,PAT-1919,2026-06-02 04:42:00,2026-06-05 21:30:00,66,Male,Emergency,Elective,3,59,3.7,0,7177.5,Self-Pay,Discharged Home,DOC-117
ADM-10549,PAT-1276,2024-11-21 02:18:00,2024-11-24 14:18:00,42,Male,Orthopedics,Emergency,4,10,3.5,0,16695.0,Medicaid,Discharged Home,DOC-106
ADM-10550,PAT-1650,2025-02-25 10:21:00,2025-02-28 03:09:00,81,Female,Emergency,Urgent,2,26,2.7,0,13344.0,Medicare,Discharged Home,DOC-121
ADM-10551,PAT-1560,2024-07-08 00:53:00,2024-07-13 00:53:00,42,Male,Neurology,Emergency,3,9,5.0,0,18535.5,BlueCross,Discharged Home,DOC-120
ADM-10552,PAT-2161,2025-01-02 02:42:00,2025-01-02 14:42:00,78,Male,Neurology,Urgent,3,13,0.5,1,5736.5,Aetna,Discharged Home,DOC-120
ADM-10553,PAT-1960,2024-05-20 05:35:00,2024-05-28 12:47:00,23,Female,Orthopedics,Elective,3,8,8.3,1,19940.0,Aetna,Referred to Rehab,DOC-125
ADM-10554,PAT-1030,2026-02-14 06:58:00,2026-02-14 23:46:00,53,Male,Orthopedics,Emergency,3,43,0.7,0,1787.5,Medicaid,Discharged Home,DOC-115
ADM-10555,PAT-2263,2025-03-13 13:49:00,2025-03-15 04:13:00,40,Male,Orthopedics,Emergency,4,17,1.6,0,9362.5,Medicaid,Discharged Home,DOC-113
ADM-10556,PAT-2474,2025-06-17 03:43:00,2025-06-17 22:55:00,65,Male,Emergency,Urgent,5,83,0.8,0,2574.5,Medicaid,Discharged Home,DOC-108
ADM-10557,PAT-2062,2025-06-12 21:31:00,2025-06-13 09:31:00,13,Female,Cardiology,Emergency,5,2,0.5,0,3460.0,Aetna,Discharged Home,DOC-113
ADM-10558,PAT-1623,2025-09-19 01:51:00,2025-09-19 13:51:00,32,Female,Oncology,Emergency,3,12,0.5,0,9482.0,Medicare,Transferred,DOC-121
ADM-10559,PAT-1925,2026-03-08 19:58:00,2026-03-10 05:34:00,41,Male,Emergency,Emergency,4,5,1.4,0,4280.5,BlueCross,Discharged Home,DOC-111
ADM-10560,PAT-1923,2026-06-22 15:31:00,2026-06-25 03:31:00,1,Male,Emergency,Elective,2,2,2.5,0,4755.0,Aetna,Discharged Home,DOC-121
ADM-10561,PAT-2457,2024-04-26 15:20:00,2024-04-27 15:20:00,40,Male,Emergency,Emergency,3,38,1.0,0,3193.0,Medicaid,Discharged Home,DOC-113
ADM-10562,PAT-2488,2024-02-14 05:49:00,2024-02-14 20:13:00,51,Female,Oncology,Urgent,4,78,0.6,0,7187.0,Medicare,Discharged Home,DOC-105
ADM-10563,PAT-1332,2024-11-11 10:33:00,2024-11-19 10:33:00,70,Female,Cardiology,Elective,2,6,8.0,0,30787.0,BlueCross,Discharged Home,DOC-121
ADM-10564,PAT-1370,2024-01-13 15:39:00,2024-01-16 18:03:00,22,Female,General Medicine,Elective,3,4,3.1,0,9244.0,Self-Pay,Discharged Home,DOC-101
ADM-10565,PAT-2245,2025-04-09 13:59:00,2025-04-10 09:11:00,52,Female,Emergency,Elective,5,102,0.8,0,2328.0,Medicare,Discharged Home,DOC-118
ADM-10566,PAT-1569,2025-10-30 11:54:00,2025-10-31 21:30:00,51,Male,Cardiology,Urgent,3,103,1.4,0,4177.5,Medicare,Referred to Rehab,DOC-122
ADM-10567,PAT-2183,2025-03-02 06:05:00,2025-03-07 18:05:00,48,Male,Neurology,Emergency,2,25,5.5,0,14362.5,Medicare,Discharged Home,DOC-122
ADM-10568,PAT-2416,2024-02-06 03:10:00,2024-02-09 07:58:00,6,Female,Emergency,Emergency,2,75,3.2,0,9411.5,Aetna,Discharged Home,DOC-113
ADM-10569,PAT-1138,2025-04-27 04:35:00,2025-04-29 16:35:00,63,Female,Emergency,Emergency,3,76,2.5,0,4940.0,Medicare,Discharged Home,DOC-111
ADM-10570,PAT-2079,2024-04-21 19:30:00,2024-04-23 09:54:00,77,Male,Cardiology,Elective,2,49,1.6,0,10254.5,Medicare,Discharged Home,DOC-103
ADM-10571,PAT-1990,2025-06-22 19:37:00,2025-07-03 22:01:00,65,Female,General Medicine,Urgent,2,28,11.1,0,20118.0,Medicare,Discharged Home,DOC-120
ADM-10572,PAT-2152,2025-05-19 06:08:00,2025-05-22 06:08:00,34,Female,Emergency,Urgent,3,56,3.0,0,8246.0,Medicaid,Transferred,DOC-107
ADM-10573,PAT-1003,2026-01-25 07:04:00,2026-01-29 02:16:00,18,Male,Pediatrics,Emergency,3,63,3.8,0,10133.5,BlueCross,Discharged Home,DOC-111
ADM-10574,PAT-1716,2024-09-17 02:18:00,2024-09-20 02:18:00,66,Female,Emergency,Emergency,2,11,3.0,0,5727.5,Medicare,Discharged Home,DOC-111
ADM-10575,PAT-1012,2026-01-11 19:25:00,2026-01-13 00:13:00,81,Female,Emergency,Elective,3,24,1.2,0,3078.0,Medicaid,Discharged Home,DOC-107
ADM-10576,PAT-1676,2025-10-23 04:38:00,2025-10-29 04:38:00,11,Male,Neurology,Elective,1,2,6.0,0,21243.0,UnitedHealth,Discharged Home,DOC-118
ADM-10577,PAT-1686,2025-08-01 23:08:00,2025-08-06 01:32:00,59,Female,General Medicine,Urgent,3,29,4.1,0,6222.5,Self-Pay,Discharged Home,DOC-107
ADM-10578,PAT-2182,2024-10-14 01:03:00,2024-10-26 10:39:00,43,Male,General Medicine,Emergency,1,3,12.4,0,18607.5,Aetna,Discharged Home,DOC-118
ADM-10579,PAT-1339,2025-12-23 10:44:00,2025-12-27 01:08:00,13,Female,Oncology,Emergency,2,11,3.6,0,13911.5,Medicaid,Discharged Home,DOC-116
ADM-10580,PAT-1486,2024-06-28 03:49:00,2024-06-30 06:13:00,32,Female,Emergency,Elective,3,11,2.1,1,4017.5,Medicaid,AMA (Against Medical Advice),DOC-107
ADM-10581,PAT-1189,2024-07-13 11:36:00,2024-07-14 18:48:00,46,Male,Emergency,Urgent,3,55,1.3,0,9107.5,Medicare,Discharged Home,DOC-110
ADM-10582,PAT-1670,2024-07-29 01:14:00,2024-08-02 06:02:00,49,Male,Emergency,Emergency,1,2,4.2,0,14331.0,BlueCross,Discharged Home,DOC-104
ADM-10583,PAT-1008,2024-12-07 15:56:00,2024-12-09 23:08:00,10,Male,General Medicine,Emergency,4,190,2.3,0,5269.0,BlueCross,Discharged Home,DOC-122
ADM-10584,PAT-1639,2024-11-24 06:50:00,2024-11-29 02:02:00,36,Male,General Medicine,Urgent,3,42,4.8,0,7305.0,Medicare,Discharged Home,DOC-111
ADM-10585,PAT-1903,2024-04-27 00:31:00,2024-04-28 10:07:00,26,Female,Emergency,Emergency,5,6,1.4,0,4013.0,BlueCross,Discharged Home,DOC-112
ADM-10586,PAT-2125,2024-06-24 02:25:00,2024-06-27 14:25:00,26,Male,Cardiology,Emergency,2,6,3.5,0,9815.0,UnitedHealth,Discharged Home,DOC-118
ADM-10587,PAT-1908,2024-04-18 13:05:00,2024-04-19 15:29:00,46,Male,Pediatrics,Emergency,4,251,1.1,0,2387.5,Medicare,Expired,DOC-106
ADM-10588,PAT-2443,2026-04-17 06:45:00,2026-04-21 06:45:00,57,Female,Emergency,Emergency,3,53,4.0,0,13727.5,Medicaid,Discharged Home,DOC-103
ADM-10589,PAT-1953,2025-04-11 10:35:00,2025-04-11 22:35:00,85,Male,General Medicine,Emergency,3,11,0.5,0,7095.5,BlueCross,Discharged Home,DOC-116
ADM-10590,PAT-1474,2025-02-05 06:15:00,2025-02-05 18:15:00,79,Female,Orthopedics,Emergency,4,15,0.5,0,7186.5,Aetna,Discharged Home,DOC-111
ADM-10591,PAT-1928,2024-12-25 16:20:00,2024-12-26 06:44:00,48,Male,Orthopedics,Emergency,4,23,0.6,0,3396.5,BlueCross,Discharged Home,DOC-112
ADM-10592,PAT-2237,2024-11-29 18:58:00,2024-12-06 09:22:00,5,Male,Orthopedics,Emergency,3,153,6.6,0,23213.5,BlueCross,Transferred,DOC-115
ADM-10593,PAT-1820,2025-05-08 13:06:00,2025-05-13 15:30:00,65,Male,Neurology,Emergency,2,11,5.1,1,13287.5,UnitedHealth,Discharged Home,DOC-123
ADM-10594,PAT-2210,2025-07-11 23:41:00,2025-07-14 23:41:00,89,Female,Oncology,Emergency,3,101,3.0,0,9552.5,BlueCross,Discharged Home,DOC-103
ADM-10595,PAT-2457,2024-11-29 18:56:00,2024-12-08 18:56:00,21,Female,Neurology,Emergency,1,2,9.0,0,23405.0,Medicaid,Discharged Home,DOC-110
ADM-10596,PAT-1831,2024-12-01 16:52:00,2024-12-02 16:52:00,37,Female,Emergency,Emergency,5,63,1.0,0,2057.5,Medicaid,Discharged Home,DOC-105
ADM-10597,PAT-2189,2025-04-08 18:08:00,2025-04-09 08:32:00,92,Male,Emergency,Elective,4,79,0.6,0,5500.5,Medicare,Discharged Home,DOC-122
ADM-10598,PAT-1648,2026-01-05 11:45:00,2026-01-06 11:45:00,10,Female,Orthopedics,Elective,2,33,1.0,1,7755.5,Self-Pay,Discharged Home,DOC-117
ADM-10599,PAT-1827,2025-07-16 01:48:00,2025-07-18 18:36:00,45,Female,Emergency,Elective,3,6,2.7,0,5145.0,Medicare,Discharged Home,DOC-112
ADM-10600,PAT-1224,2025-12-20 20:08:00,2025-12-22 17:44:00,45,Female,Neurology,Emergency,3,22,1.9,0,4995.0,Medicaid,Discharged Home,DOC-113
ADM-10601,PAT-1831,2025-05-01 04:44:00,2025-05-04 02:20:00,63,Male,General Medicine,Urgent,4,37,2.9,0,4442.5,Medicaid,Discharged Home,DOC-112
ADM-10602,PAT-1854,2024-01-12 02:26:00,2024-01-13 16:50:00,67,Male,Emergency,Emergency,3,53,1.6,0,4851.5,Medicare,Discharged Home,DOC-116
ADM-10603,PAT-2347,2026-05-30 15:33:00,2026-06-08 10:45:00,48,Female,Neurology,Urgent,2,19,8.8,0,29123.5,UnitedHealth,Discharged Home,DOC-114
ADM-10604,PAT-2276,2025-01-28 12:07:00,2025-02-03 14:31:00,62,Female,Orthopedics,Emergency,3,18,6.1,0,14685.0,BlueCross,Discharged Home,DOC-101
ADM-10605,PAT-2183,2025-02-24 18:38:00,2025-02-28 11:26:00,16,Female,Emergency,Emergency,3,9,3.7,0,7826.5,Medicaid,Discharged Home,DOC-119
ADM-10606,PAT-1989,2024-05-25 17:58:00,2024-05-27 05:58:00,64,Male,Emergency,Urgent,4,104,1.5,0,9990.0,Medicare,Discharged Home,DOC-117
ADM-10607,PAT-1160,2025-10-07 22:39:00,2025-10-18 05:51:00,78,Female,General Medicine,Emergency,3,80,10.3,0,16789.0,BlueCross,Discharged Home,DOC-118
ADM-10608,PAT-2187,2025-04-25 15:29:00,2025-05-04 03:29:00,47,Male,Emergency,Emergency,2,14,8.5,0,20528.0,BlueCross,Discharged Home,DOC-111
ADM-10609,PAT-1862,2024-02-06 23:43:00,2024-02-08 09:19:00,43,Male,Emergency,Emergency,4,63,1.4,0,9272.5,Medicaid,Discharged Home,DOC-109
ADM-10610,PAT-1125,2025-11-03 09:57:00,2025-11-05 07:33:00,51,Male,General Medicine,Elective,3,3,1.9,1,8471.5,Medicaid,Referred to Rehab,DOC-116
ADM-10611,PAT-1168,2024-05-15 21:01:00,2024-05-18 23:25:00,48,Female,General Medicine,Elective,2,23,3.1,0,4707.5,BlueCross,Discharged Home,DOC-101
ADM-10612,PAT-1228,2025-01-13 05:59:00,2025-01-13 17:59:00,75,Female,Emergency,Emergency,5,2,0.5,0,5427.0,BlueCross,Discharged Home,DOC-117
ADM-10613,PAT-1067,2026-05-07 16:55:00,2026-05-22 21:43:00,90,Male,Oncology,Urgent,1,8,15.2,0,51022.0,BlueCross,AMA (Against Medical Advice),DOC-108
ADM-10614,PAT-2353,2025-08-14 11:46:00,2025-08-22 02:10:00,76,Male,Cardiology,Emergency,3,78,7.6,0,21475.0,Medicaid,Discharged Home,DOC-104
ADM-10615,PAT-1107,2025-05-02 18:10:00,2025-05-04 10:58:00,32,Female,Cardiology,Urgent,3,16,1.7,0,4800.0,Medicaid,Discharged Home,DOC-113
ADM-10616,PAT-1971,2024-10-22 15:19:00,2024-10-24 10:31:00,22,Male,Neurology,Elective,4,26,1.8,0,4745.0,Medicare,Discharged Home,DOC-117
ADM-10617,PAT-2398,2026-05-14 14:44:00,2026-05-15 12:20:00,2,Female,Orthopedics,Urgent,4,50,0.9,0,8126.0,Aetna,Discharged Home,DOC-111
ADM-10618,PAT-1553,2025-04-17 23:02:00,2025-04-22 01:26:00,43,Female,General Medicine,Urgent,2,14,4.1,0,12700.0,Medicare,Referred to Rehab,DOC-125
ADM-10619,PAT-1399,2025-07-14 00:21:00,2025-07-16 17:09:00,76,Female,General Medicine,Emergency,4,48,2.7,1,11483.0,Aetna,Discharged Home,DOC-114
ADM-10620,PAT-1200,2024-08-12 09:40:00,2024-08-13 02:28:00,21,Female,Emergency,Emergency,1,4,0.7,1,1340.0,Medicare,Discharged Home,DOC-120
ADM-10621,PAT-1188,2025-12-26 04:05:00,2025-12-31 13:41:00,67,Male,General Medicine,Emergency,3,40,5.4,0,8200.0,Aetna,Discharged Home,DOC-113
ADM-10622,PAT-2344,2024-10-28 15:56:00,2024-11-08 13:32:00,21,Female,Cardiology,Emergency,2,20,10.9,0,31690.0,Self-Pay,Discharged Home,DOC-109
ADM-10623,PAT-1874,2026-03-06 02:07:00,2026-03-11 06:55:00,26,Female,Emergency,Elective,3,43,5.2,0,9987.5,Medicare,Discharged Home,DOC-102
ADM-10624,PAT-1528,2024-07-24 20:49:00,2024-07-31 01:37:00,73,Female,Emergency,Elective,3,142,6.2,0,12135.0,BlueCross,Discharged Home,DOC-104
ADM-10625,PAT-1294,2025-03-28 08:50:00,2025-03-30 13:38:00,65,Male,Emergency,Emergency,3,110,2.2,1,4455.0,BlueCross,Referred to Rehab,DOC-119
ADM-10626,PAT-2490,2024-06-01 22:17:00,2024-06-05 03:05:00,42,Female,Orthopedics,Emergency,2,20,3.2,1,15872.0,Aetna,Discharged Home,DOC-113
ADM-10627,PAT-1545,2025-06-11 16:44:00,2025-06-19 16:44:00,56,Male,Cardiology,Urgent,2,6,8.0,0,26223.0,UnitedHealth,Discharged Home,DOC-125
ADM-10628,PAT-1143,2025-08-03 18:16:00,2025-08-05 03:52:00,86,Male,Emergency,Elective,5,22,1.4,0,2715.0,Self-Pay,Discharged Home,DOC-113
ADM-10629,PAT-1113,2026-05-11 15:41:00,2026-05-12 03:41:00,81,Male,Neurology,Emergency,2,6,0.5,0,4190.0,Medicare,Discharged Home,DOC-106
ADM-10630,PAT-2135,2025-12-13 13:18:00,2025-12-16 10:54:00,30,Female,General Medicine,Emergency,2,18,2.9,0,10061.0,BlueCross,Discharged Home,DOC-116
ADM-10631,PAT-1173,2024-07-16 00:51:00,2024-07-29 00:51:00,52,Male,Orthopedics,Emergency,1,3,13.0,0,36564.5,BlueCross,Transferred,DOC-113
ADM-10632,PAT-1129,2024-02-07 11:34:00,2024-02-12 21:10:00,85,Male,Emergency,Elective,3,175,5.4,0,10697.5,Aetna,Referred to Rehab,DOC-102
ADM-10633,PAT-1830,2025-11-25 18:18:00,2025-11-27 13:30:00,24,Female,Orthopedics,Emergency,3,16,1.8,0,4360.0,UnitedHealth,Referred to Rehab,DOC-103
ADM-10634,PAT-1075,2025-09-25 01:33:00,2025-09-30 23:09:00,33,Female,General Medicine,Elective,2,2,5.9,0,8855.0,Aetna,Discharged Home,DOC-101
ADM-10635,PAT-1352,2026-05-05 20:10:00,2026-05-08 10:34:00,49,Male,Emergency,Emergency,3,7,2.6,0,4957.5,Medicare,Discharged Home,DOC-104
ADM-10636,PAT-2018,2026-04-10 23:09:00,2026-04-14 20:45:00,20,Female,Orthopedics,Emergency,1,12,3.9,0,10879.0,Medicare,Discharged Home,DOC-119
ADM-10637,PAT-2117,2024-12-09 02:09:00,2024-12-10 04:33:00,72,Male,Pediatrics,Emergency,4,12,1.1,1,1790.0,Medicare,Discharged Home,DOC-114
ADM-10638,PAT-1344,2025-08-18 01:23:00,2025-08-18 10:59:00,35,Male,Emergency,Emergency,5,119,0.4,0,6735.5,Medicaid,Discharged Home,DOC-125
ADM-10639,PAT-1323,2024-07-02 03:02:00,2024-07-05 03:02:00,71,Male,General Medicine,Emergency,1,2,3.0,0,9868.0,BlueCross,Referred to Rehab,DOC-114
ADM-10640,PAT-2420,2025-10-17 09:14:00,2025-10-18 14:02:00,50,Male,General Medicine,Emergency,4,111,1.2,0,5952.5,Medicare,Discharged Home,DOC-106
ADM-10641,PAT-2250,2025-10-04 10:16:00,2025-10-05 03:04:00,51,Male,Oncology,Emergency,4,48,0.7,1,2290.0,BlueCross,Transferred,DOC-108
ADM-10642,PAT-1393,2026-06-02 18:25:00,2026-06-05 04:01:00,34,Female,Orthopedics,Elective,3,7,2.4,0,10079.5,Aetna,Discharged Home,DOC-122
ADM-10643,PAT-1426,2025-12-02 16:11:00,2025-12-03 11:23:00,52,Male,Emergency,Urgent,4,169,0.8,0,1942.5,Medicaid,Discharged Home,DOC-102
ADM-10644,PAT-2320,2024-12-08 21:03:00,2024-12-13 09:03:00,27,Female,Emergency,Emergency,3,27,4.5,0,15329.5,Medicare,Discharged Home,DOC-104
ADM-10645,PAT-1107,2024-03-13 08:01:00,2024-03-14 12:49:00,46,Male,Cardiology,Elective,2,30,1.2,0,8790.0,BlueCross,Transferred,DOC-114
ADM-10646,PAT-1407,2024-08-21 03:20:00,2024-08-25 10:32:00,25,Female,Emergency,Urgent,3,26,4.3,0,8235.0,Medicare,Discharged Home,DOC-107
ADM-10647,PAT-1769,2024-02-25 14:52:00,2024-03-06 07:40:00,20,Female,Oncology,Emergency,3,37,9.7,0,30162.5,Medicaid,Discharged Home,DOC-115
ADM-10648,PAT-1364,2025-10-09 12:14:00,2025-10-11 19:26:00,50,Male,Emergency,Urgent,3,136,2.3,0,6866.0,BlueCross,Discharged Home,DOC-102
ADM-10649,PAT-2417,2025-04-14 14:16:00,2025-04-16 09:28:00,26,Female,Cardiology,Emergency,3,26,1.8,0,5105.0,Medicaid,Referred to Rehab,DOC-110
ADM-10650,PAT-2236,2025-08-14 18:52:00,2025-08-21 21:16:00,66,Male,Cardiology,Emergency,2,75,7.1,0,21275.5,Medicare,Discharged Home,DOC-117
ADM-10651,PAT-2001,2024-01-15 14:36:00,2024-01-21 14:36:00,36,Female,Oncology,Emergency,3,12,6.0,0,21150.0,BlueCross,Transferred,DOC-114
ADM-10652,PAT-2186,2025-03-03 01:30:00,2025-03-03 08:42:00,8,Male,Emergency,Emergency,5,59,0.3,0,7513.5,Aetna,Discharged Home,DOC-114
ADM-10653,PAT-2087,2025-05-22 08:12:00,2025-05-27 15:24:00,33,Female,Emergency,Emergency,3,12,5.3,0,10100.0,UnitedHealth,Expired,DOC-123
ADM-10654,PAT-2498,2024-09-01 22:06:00,2024-09-04 14:54:00,24,Female,Emergency,Emergency,3,78,2.7,0,5955.0,BlueCross,Discharged Home,DOC-110
ADM-10655,PAT-1331,2025-04-10 15:49:00,2025-04-11 20:37:00,64,Male,Emergency,Emergency,4,141,1.2,0,6452.5,Medicaid,Referred to Rehab,DOC-112
ADM-10656,PAT-2283,2025-01-29 23:34:00,2025-01-31 11:34:00,40,Male,General Medicine,Emergency,4,202,1.5,1,2755.0,UnitedHealth,Transferred,DOC-114
ADM-10657,PAT-1552,2026-01-23 01:52:00,2026-01-23 23:28:00,67,Female,Emergency,Elective,4,29,0.9,0,5263.5,Self-Pay,Discharged Home,DOC-104
ADM-10658,PAT-1784,2025-01-10 05:58:00,2025-01-15 13:10:00,32,Female,Orthopedics,Elective,3,2,5.3,1,18999.0,Aetna,Discharged Home,DOC-123
ADM-10659,PAT-1419,2025-10-26 16:19:00,2025-11-02 11:31:00,53,Male,Cardiology,Emergency,1,5,6.8,0,25714.5,Aetna,Discharged Home,DOC-123
ADM-10660,PAT-1429,2024-10-10 01:51:00,2024-10-10 23:27:00,28,Female,Orthopedics,Emergency,4,80,0.9,0,2360.0,Medicare,Discharged Home,DOC-116
ADM-10661,PAT-2026,2025-04-07 21:11:00,2025-04-11 04:23:00,86,Female,Oncology,Emergency,3,63,3.3,0,10387.5,BlueCross,Discharged Home,DOC-123
ADM-10662,PAT-1134,2024-07-02 09:50:00,2024-07-03 19:26:00,32,Female,Cardiology,Urgent,4,8,1.4,1,5070.0,Medicare,Discharged Home,DOC-109
ADM-10663,PAT-1229,2024-10-27 14:13:00,2024-10-28 21:25:00,33,Male,Orthopedics,Emergency,4,22,1.3,0,8110.0,Medicare,Discharged Home,DOC-116
ADM-10664,PAT-1710,2024-10-25 06:27:00,2024-10-26 08:51:00,91,Male,Emergency,Urgent,3,6,1.1,0,2105.0,Aetna,Discharged Home,DOC-108
ADM-10665,PAT-2064,2025-05-12 20:15:00,2025-05-15 10:39:00,64,Female,General Medicine,Urgent,3,135,2.6,0,9080.5,Medicaid,Transferred,DOC-115
ADM-10666,PAT-1937,2026-03-19 08:52:00,2026-03-19 20:52:00,50,Male,Cardiology,Emergency,4,151,0.5,0,1777.5,BlueCross,Discharged Home,DOC-110
ADM-10667,PAT-1096,2025-09-25 05:29:00,2025-09-27 00:41:00,55,Male,Cardiology,Emergency,2,4,1.8,1,7886.0,Medicaid,Discharged Home,DOC-106
ADM-10668,PAT-2450,2024-11-20 19:36:00,2024-11-21 07:36:00,53,Male,Emergency,Emergency,3,35,0.5,0,1037.5,Self-Pay,Discharged Home,DOC-106
ADM-10669,PAT-1420,2025-01-16 15:18:00,2025-01-17 12:54:00,39,Male,Emergency,Emergency,4,19,0.9,0,1757.5,BlueCross,Discharged Home,DOC-101
ADM-10670,PAT-1828,2024-06-08 00:08:00,2024-06-13 07:20:00,42,Female,General Medicine,Emergency,3,10,5.3,0,12949.0,Medicare,Transferred,DOC-111
ADM-10671,PAT-2325,2026-03-29 19:17:00,2026-03-31 12:05:00,33,Male,General Medicine,Emergency,4,32,1.7,0,10685.0,Medicare,Referred to Rehab,DOC-123
ADM-10672,PAT-1230,2024-11-11 00:50:00,2024-11-11 22:26:00,92,Male,Cardiology,Urgent,3,14,0.9,0,9943.0,BlueCross,AMA (Against Medical Advice),DOC-112
ADM-10673,PAT-1189,2025-08-20 17:58:00,2025-08-25 05:58:00,19,Male,Neurology,Emergency,2,2,4.5,0,11705.0,Medicare,Discharged Home,DOC-109
ADM-10674,PAT-1400,2025-06-08 13:27:00,2025-06-25 03:51:00,20,Male,General Medicine,Emergency,1,2,16.6,0,24905.0,Medicaid,Referred to Rehab,DOC-120
ADM-10675,PAT-2047,2026-01-03 14:35:00,2026-01-07 12:11:00,57,Male,General Medicine,Emergency,3,5,3.9,0,5862.5,BlueCross,Discharged Home,DOC-110
ADM-10676,PAT-1706,2024-08-08 15:09:00,2024-08-12 19:57:00,60,Male,Pediatrics,Elective,3,2,4.2,0,10629.0,Medicare,Discharged Home,DOC-110
ADM-10677,PAT-1335,2024-05-27 07:05:00,2024-05-27 23:53:00,59,Male,Neurology,Emergency,4,14,0.7,0,1855.0,Medicare,Discharged Home,DOC-117
ADM-10678,PAT-1686,2024-01-07 13:58:00,2024-01-09 16:22:00,36,Male,Oncology,Emergency,2,2,2.1,0,9254.0,Medicare,Transferred,DOC-118
ADM-10679,PAT-1946,2025-07-21 16:44:00,2025-07-29 16:44:00,51,Female,Orthopedics,Elective,2,3,8.0,0,19207.5,Medicare,Expired,DOC-119
ADM-10680,PAT-1622,2024-01-28 00:05:00,2024-01-28 19:17:00,16,Male,General Medicine,Elective,2,2,0.8,0,1205.0,BlueCross,Discharged Home,DOC-121
ADM-10681,PAT-2303,2025-03-03 06:07:00,2025-03-06 08:31:00,66,Female,Pediatrics,Elective,2,5,3.1,0,11106.5,BlueCross,Discharged Home,DOC-101
ADM-10682,PAT-1244,2025-08-18 16:24:00,2025-08-20 02:00:00,90,Female,Neurology,Emergency,5,35,1.4,0,11340.5,Medicaid,Discharged Home,DOC-122
ADM-10683,PAT-1974,2026-05-15 08:51:00,2026-05-17 13:39:00,62,Male,Emergency,Emergency,3,66,2.2,1,4345.0,Medicaid,Discharged Home,DOC-111
ADM-10684,PAT-1944,2025-01-04 14:19:00,2025-01-08 19:07:00,51,Female,Neurology,Emergency,3,5,4.2,0,19256.5,Medicare,AMA (Against Medical Advice),DOC-110
ADM-10685,PAT-1597,2026-02-23 21:26:00,2026-02-24 14:14:00,48,Male,Cardiology,Elective,5,96,0.7,1,2200.0,BlueCross,Discharged Home,DOC-125
ADM-10686,PAT-1342,2024-10-04 23:23:00,2024-10-06 11:23:00,92,Female,General Medicine,Urgent,2,14,1.5,1,5754.0,Aetna,Discharged Home,DOC-119
ADM-10687,PAT-1720,2025-01-16 16:33:00,2025-01-19 14:09:00,18,Female,General Medicine,Elective,2,11,2.9,0,12421.5,Medicaid,Discharged Home,DOC-104
ADM-10688,PAT-1446,2025-03-03 15:43:00,2025-03-05 10:55:00,53,Male,Neurology,Elective,2,2,1.8,0,6139.0,Medicare,Expired,DOC-101
ADM-10689,PAT-1982,2026-04-16 15:05:00,2026-04-17 17:29:00,82,Male,Orthopedics,Urgent,2,6,1.1,0,8050.0,Medicare,Discharged Home,DOC-111
ADM-10690,PAT-1352,2024-05-11 23:41:00,2024-05-19 11:41:00,69,Male,Neurology,Emergency,3,83,7.5,0,19707.5,Aetna,Discharged Home,DOC-105
ADM-10691,PAT-1429,2024-01-20 16:31:00,2024-01-25 04:31:00,59,Male,Neurology,Emergency,3,91,4.5,0,12775.5,Medicare,Discharged Home,DOC-102
ADM-10692,PAT-2351,2024-09-16 01:28:00,2024-09-16 08:40:00,86,Male,Emergency,Urgent,4,36,0.3,1,7341.0,Medicare,Discharged Home,DOC-104
ADM-10693,PAT-2232,2024-01-30 03:05:00,2024-02-02 03:05:00,36,Female,General Medicine,Emergency,3,67,3.0,0,4667.5,Medicaid,Discharged Home,DOC-109
ADM-10694,PAT-2187,2025-06-01 19:27:00,2025-06-02 19:27:00,29,Male,Orthopedics,Elective,3,33,1.0,0,2482.5,UnitedHealth,Discharged Home,DOC-125
ADM-10695,PAT-1028,2024-06-24 18:20:00,2024-06-30 15:56:00,68,Female,Orthopedics,Emergency,3,32,5.9,0,14240.0,Medicaid,Discharged Home,DOC-107
ADM-10696,PAT-2032,2025-03-26 22:59:00,2025-04-01 06:11:00,29,Male,Oncology,Emergency,3,2,5.3,0,18416.0,Aetna,Discharged Home,DOC-113
ADM-10697,PAT-1868,2026-02-18 10:43:00,2026-03-15 20:19:00,34,Male,Cardiology,Emergency,2,18,25.4,1,71165.0,Aetna,Discharged Home,DOC-105
ADM-10698,PAT-2015,2024-03-25 11:11:00,2024-03-28 15:59:00,12,Male,Emergency,Urgent,3,55,3.2,0,9869.5,BlueCross,Referred to Rehab,DOC-120
ADM-10699,PAT-1638,2026-05-25 14:36:00,2026-05-26 09:48:00,84,Female,Orthopedics,Emergency,5,134,0.8,1,2255.0,Medicaid,Discharged Home,DOC-116
ADM-10700,PAT-2390,2025-11-19 03:35:00,2025-11-26 15:35:00,46,Female,Cardiology,Elective,3,8,7.5,0,21020.0,Medicaid,Referred to Rehab,DOC-122
ADM-10701,PAT-1174,2026-01-29 05:45:00,2026-01-29 12:57:00,83,Male,Emergency,Emergency,4,149,0.3,0,4216.5,Self-Pay,Transferred,DOC-113
ADM-10702,PAT-1251,2026-02-22 19:51:00,2026-02-27 05:27:00,59,Female,Orthopedics,Emergency,2,11,4.4,0,17282.5,BlueCross,Discharged Home,DOC-121
ADM-10703,PAT-1819,2025-05-11 17:27:00,2025-05-14 19:51:00,33,Female,Orthopedics,Emergency,3,62,3.1,0,7595.0,Medicaid,Transferred,DOC-104
ADM-10704,PAT-1250,2024-01-31 03:23:00,2024-01-31 15:23:00,61,Male,General Medicine,Emergency,4,5,0.5,1,8063.5,Medicaid,Discharged Home,DOC-122
ADM-10705,PAT-1054,2024-06-05 10:20:00,2024-06-06 10:20:00,65,Female,Pediatrics,Emergency,3,87,1.0,0,3106.5,Medicaid,Referred to Rehab,DOC-122
ADM-10706,PAT-2064,2025-11-08 16:59:00,2025-11-10 21:47:00,60,Female,Orthopedics,Urgent,3,2,2.2,0,7928.0,Medicaid,Discharged Home,DOC-118
ADM-10707,PAT-2119,2025-01-27 15:21:00,2025-02-05 08:09:00,84,Male,General Medicine,Emergency,3,57,8.7,0,13192.5,BlueCross,Discharged Home,DOC-115
ADM-10708,PAT-1073,2026-06-24 05:36:00,2026-06-30 22:24:00,23,Female,Orthopedics,Emergency,1,6,6.7,0,17696.0,BlueCross,Discharged Home,DOC-113
ADM-10709,PAT-1998,2025-05-02 19:11:00,2025-05-07 19:11:00,86,Female,Cardiology,Emergency,3,82,5.0,1,18855.0,BlueCross,Discharged Home,DOC-109
ADM-10710,PAT-2013,2024-11-24 02:05:00,2024-11-26 14:05:00,13,Female,Emergency,Emergency,3,133,2.5,1,5082.5,Aetna,Discharged Home,DOC-112
ADM-10711,PAT-1714,2024-04-09 14:36:00,2024-04-10 05:00:00,66,Female,Emergency,Urgent,4,91,0.6,0,1367.5,Aetna,Discharged Home,DOC-122
ADM-10712,PAT-1500,2025-12-05 02:14:00,2025-12-06 07:02:00,80,Male,Neurology,Urgent,3,5,1.2,0,4569.5,Medicaid,Discharged Home,DOC-101
ADM-10713,PAT-2102,2025-08-04 17:34:00,2025-08-06 03:10:00,11,Female,Emergency,Emergency,5,58,1.4,0,2805.0,Medicaid,Discharged Home,DOC-119
ADM-10714,PAT-1045,2025-08-09 03:20:00,2025-08-13 17:44:00,64,Female,Emergency,Emergency,2,60,4.6,0,10209.0,Medicaid,Discharged Home,DOC-107
ADM-10715,PAT-1688,2024-06-19 20:59:00,2024-06-26 11:23:00,34,Female,General Medicine,Emergency,2,11,6.6,0,9927.5,UnitedHealth,Discharged Home,DOC-107
ADM-10716,PAT-2017,2024-09-28 01:37:00,2024-09-30 20:49:00,3,Female,General Medicine,Elective,4,60,2.8,0,4350.0,Aetna,Discharged Home,DOC-108
ADM-10717,PAT-2279,2024-10-06 02:17:00,2024-10-09 04:41:00,74,Female,Emergency,Emergency,2,28,3.1,0,10810.0,BlueCross,Referred to Rehab,DOC-107
ADM-10718,PAT-1711,2025-03-19 22:38:00,2025-03-28 20:14:00,87,Female,Emergency,Emergency,2,19,8.9,0,19096.5,Medicaid,Discharged Home,DOC-109
ADM-10719,PAT-2279,2026-06-21 00:38:00,2026-06-25 17:26:00,32,Male,General Medicine,Urgent,2,12,4.7,0,11808.0,Medicare,Discharged Home,DOC-119
ADM-10720,PAT-2022,2025-10-15 18:11:00,2025-10-18 18:11:00,39,Female,Orthopedics,Elective,1,7,3.0,0,14702.5,Medicaid,Discharged Home,DOC-114
ADM-10721,PAT-2159,2024-05-31 08:12:00,2024-06-01 10:36:00,52,Female,Oncology,Emergency,3,9,1.1,0,3432.5,BlueCross,Discharged Home,DOC-110
ADM-10722,PAT-1891,2026-05-16 14:04:00,2026-05-24 04:28:00,28,Male,Cardiology,Elective,1,2,7.6,0,21285.0,Medicare,Discharged Home,DOC-106
ADM-10723,PAT-1525,2024-07-15 00:56:00,2024-07-18 20:08:00,74,Male,Emergency,Emergency,3,96,3.8,0,7460.0,Medicaid,Discharged Home,DOC-115
ADM-10724,PAT-1994,2024-06-12 09:18:00,2024-06-14 06:54:00,31,Male,General Medicine,Emergency,3,21,1.9,0,2902.5,Aetna,Discharged Home,DOC-109
ADM-10725,PAT-2348,2024-02-26 02:51:00,2024-02-26 17:15:00,38,Male,Emergency,Urgent,3,34,0.6,0,1225.0,BlueCross,Discharged Home,DOC-103
ADM-10726,PAT-1833,2026-05-09 04:47:00,2026-05-16 09:35:00,39,Female,Orthopedics,Urgent,3,91,7.2,0,17507.5,Medicare,Discharged Home,DOC-117
ADM-10727,PAT-1247,2025-05-23 03:04:00,2025-05-25 03:04:00,39,Female,Neurology,Emergency,3,31,2.0,1,5277.5,Medicaid,Discharged Home,DOC-111
ADM-10728,PAT-1674,2024-08-11 04:55:00,2024-08-15 07:19:00,78,Female,Emergency,Elective,3,36,4.1,0,7880.0,Medicaid,Discharged Home,DOC-109
ADM-10729,PAT-1900,2025-06-30 12:47:00,2025-07-02 03:11:00,64,Female,Orthopedics,Elective,3,106,1.6,0,5530.0,Aetna,Discharged Home,DOC-114
ADM-10730,PAT-1972,2026-01-02 12:33:00,2026-01-06 02:57:00,50,Female,General Medicine,Emergency,3,102,3.6,0,6327.0,BlueCross,Transferred,DOC-120
ADM-10731,PAT-1071,2025-07-19 13:07:00,2025-07-20 13:07:00,40,Female,General Medicine,Emergency,2,4,1.0,0,1510.0,Medicare,Discharged Home,DOC-112
ADM-10732,PAT-2403,2024-01-09 13:24:00,2024-01-10 18:12:00,53,Female,Cardiology,Emergency,4,190,1.2,0,11854.0,Medicaid,Discharged Home,DOC-103
ADM-10733,PAT-1482,2026-06-19 21:59:00,2026-06-20 14:47:00,24,Female,Emergency,Emergency,4,24,0.7,0,1390.0,Medicare,Discharged Home,DOC-125
ADM-10734,PAT-2006,2026-06-16 03:25:00,2026-06-17 03:25:00,81,Female,Orthopedics,Emergency,3,33,1.0,0,8703.5,Medicaid,Discharged Home,DOC-103
ADM-10735,PAT-1720,2025-04-09 23:43:00,2025-04-15 04:31:00,14,Female,Cardiology,Emergency,3,3,5.2,1,14567.5,Medicare,Discharged Home,DOC-121
ADM-10736,PAT-1376,2025-02-14 06:49:00,2025-02-16 04:25:00,75,Male,Orthopedics,Elective,3,19,1.9,0,7677.5,Aetna,Discharged Home,DOC-104
ADM-10737,PAT-1323,2026-05-17 20:16:00,2026-05-19 17:52:00,34,Male,Cardiology,Elective,5,94,1.9,0,12548.0,UnitedHealth,Discharged Home,DOC-115
ADM-10738,PAT-1979,2026-03-29 09:37:00,2026-03-31 00:01:00,26,Female,Neurology,Elective,4,45,1.6,0,4272.5,Medicare,Discharged Home,DOC-106
ADM-10739,PAT-1805,2024-01-24 19:03:00,2024-01-26 07:03:00,13,Male,General Medicine,Emergency,3,4,1.5,0,7893.0,Medicare,Expired,DOC-103
ADM-10740,PAT-1947,2025-02-14 21:05:00,2025-02-16 01:53:00,76,Male,Cardiology,Emergency,5,50,1.2,1,6116.0,Medicare,Discharged Home,DOC-112
ADM-10741,PAT-1348,2026-03-02 15:29:00,2026-03-03 15:29:00,87,Female,Emergency,Emergency,3,89,1.0,1,6670.5,Self-Pay,Discharged Home,DOC-123
ADM-10742,PAT-1416,2025-01-26 04:26:00,2025-01-28 23:38:00,7,Female,Oncology,Emergency,2,14,2.8,0,10907.0,Medicaid,Transferred,DOC-110
ADM-10743,PAT-2488,2024-01-30 09:54:00,2024-02-02 21:54:00,51,Male,Oncology,Emergency,2,3,3.5,0,13286.5,Medicare,Discharged Home,DOC-108
ADM-10744,PAT-1757,2026-06-11 11:02:00,2026-06-12 03:50:00,86,Male,Oncology,Emergency,4,33,0.7,0,6008.5,Medicare,Discharged Home,DOC-123
ADM-10745,PAT-1785,2024-04-07 19:00:00,2024-04-12 02:12:00,65,Male,Oncology,Emergency,3,29,4.3,0,13402.5,Medicaid,Discharged Home,DOC-108
ADM-10746,PAT-1964,2024-01-06 08:39:00,2024-01-07 11:03:00,90,Male,Pediatrics,Elective,4,67,1.1,0,5547.5,Medicaid,Discharged Home,DOC-113
ADM-10747,PAT-2374,2024-09-23 05:47:00,2024-10-01 08:11:00,22,Male,Oncology,Emergency,2,13,8.1,0,33263.5,Medicare,Discharged Home,DOC-115
ADM-10748,PAT-1270,2024-05-25 08:53:00,2024-05-25 20:53:00,68,Female,Cardiology,Elective,4,47,0.5,1,1517.5,Medicare,Discharged Home,DOC-105
ADM-10749,PAT-2022,2026-06-16 08:59:00,2026-06-17 20:59:00,57,Female,Cardiology,Emergency,2,48,1.5,0,11058.0,BlueCross,Discharged Home,DOC-117
ADM-10750,PAT-1641,2025-07-23 22:26:00,2025-07-26 12:50:00,56,Male,Oncology,Urgent,2,29,2.6,1,12236.5,Medicaid,Referred to Rehab,DOC-105
ADM-10751,PAT-1111,2024-06-16 15:56:00,2024-06-17 06:20:00,23,Female,Orthopedics,Urgent,5,20,0.6,0,9323.0,BlueCross,Discharged Home,DOC-102
ADM-10752,PAT-1904,2025-05-19 03:50:00,2025-05-20 08:38:00,86,Female,Pediatrics,Emergency,2,2,1.2,1,9526.0,Medicare,Discharged Home,DOC-112
ADM-10753,PAT-1191,2026-02-06 17:21:00,2026-02-07 05:21:00,76,Male,Pediatrics,Elective,1,2,0.5,0,5919.0,Medicare,Referred to Rehab,DOC-119
ADM-10754,PAT-1434,2025-03-02 02:37:00,2025-03-02 14:37:00,70,Male,Emergency,Urgent,5,9,0.5,0,2244.5,BlueCross,Discharged Home,DOC-101
ADM-10755,PAT-1582,2026-05-07 11:02:00,2026-05-07 20:38:00,30,Male,Emergency,Elective,5,83,0.4,0,967.5,Medicare,Discharged Home,DOC-122
ADM-10756,PAT-1982,2024-12-03 01:29:00,2024-12-05 06:17:00,38,Male,General Medicine,Emergency,2,3,2.2,0,11596.5,Medicare,Discharged Home,DOC-124
ADM-10757,PAT-2165,2024-11-26 01:53:00,2024-12-04 01:53:00,47,Female,Pediatrics,Urgent,2,7,8.0,0,17799.5,BlueCross,Discharged Home,DOC-113
ADM-10758,PAT-1189,2024-04-01 00:42:00,2024-04-02 15:06:00,78,Female,Pediatrics,Emergency,3,101,1.6,0,4646.5,Medicare,Discharged Home,DOC-113
ADM-10759,PAT-1583,2026-01-23 10:35:00,2026-01-24 03:23:00,55,Female,Emergency,Emergency,2,29,0.7,1,6845.5,Medicaid,Discharged Home,DOC-122
ADM-10760,PAT-1196,2026-06-25 13:14:00,2026-07-02 22:50:00,86,Female,Emergency,Emergency,2,3,7.4,0,19179.5,Medicaid,Referred to Rehab,DOC-103
ADM-10761,PAT-1865,2024-04-05 01:22:00,2024-04-07 18:10:00,12,Female,Emergency,Elective,3,2,2.7,0,13608.0,BlueCross,Discharged Home,DOC-108
ADM-10762,PAT-2326,2024-10-24 15:58:00,2024-10-27 18:22:00,62,Male,Emergency,Emergency,3,6,3.1,0,13836.0,Aetna,Discharged Home,DOC-110
ADM-10763,PAT-1304,2024-10-29 19:24:00,2024-11-03 21:48:00,39,Female,General Medicine,Urgent,3,2,5.1,1,7655.0,Aetna,Discharged Home,DOC-102
ADM-10764,PAT-2051,2025-04-20 22:33:00,2025-04-22 10:33:00,34,Male,General Medicine,Emergency,4,54,1.5,0,9543.0,Medicaid,Discharged Home,DOC-109
ADM-10765,PAT-2199,2026-01-28 22:34:00,2026-02-01 00:58:00,62,Male,Neurology,Urgent,3,22,3.1,0,15055.0,BlueCross,Discharged Home,DOC-113
ADM-10766,PAT-1092,2025-08-24 15:31:00,2025-08-28 22:43:00,31,Female,General Medicine,Emergency,3,28,4.3,0,10705.0,Medicaid,Discharged Home,DOC-109
ADM-10767,PAT-1699,2026-06-11 22:59:00,2026-06-12 10:59:00,51,Female,Neurology,Elective,4,3,0.5,0,1307.5,BlueCross,Referred to Rehab,DOC-101
ADM-10768,PAT-1808,2025-04-16 23:36:00,2025-04-19 14:00:00,91,Female,General Medicine,Emergency,3,28,2.6,0,9858.0,BlueCross,Discharged Home,DOC-120
ADM-10769,PAT-2486,2025-12-08 22:59:00,2025-12-14 13:23:00,90,Female,Emergency,Elective,1,2,5.6,0,16675.0,Aetna,Discharged Home,DOC-110
ADM-10770,PAT-1179,2026-04-15 00:32:00,2026-04-22 10:08:00,22,Male,Orthopedics,Emergency,2,4,7.4,0,19811.0,Medicare,Discharged Home,DOC-107
ADM-10771,PAT-1985,2024-03-29 10:16:00,2024-03-31 07:52:00,84,Male,Emergency,Emergency,3,61,1.9,0,5475.5,Aetna,Referred to Rehab,DOC-101
ADM-10772,PAT-1238,2025-04-27 00:40:00,2025-04-29 10:16:00,69,Female,Orthopedics,Emergency,1,20,2.4,0,11104.0,Medicare,Discharged Home,DOC-110
ADM-10773,PAT-2166,2025-10-07 14:44:00,2025-10-10 21:56:00,56,Male,Cardiology,Elective,2,10,3.3,0,16716.0,BlueCross,Discharged Home,DOC-119
ADM-10774,PAT-2220,2025-06-09 20:10:00,2025-06-10 20:10:00,19,Female,Orthopedics,Emergency,5,57,1.0,0,10703.5,BlueCross,Referred to Rehab,DOC-116
ADM-10775,PAT-1474,2025-07-20 02:10:00,2025-07-20 14:10:00,46,Female,Cardiology,Emergency,4,24,0.5,0,1460.0,UnitedHealth,Referred to Rehab,DOC-116
ADM-10776,PAT-1239,2025-12-15 14:53:00,2025-12-19 22:05:00,66,Female,Neurology,Elective,2,16,4.3,1,11220.0,Medicare,Discharged Home,DOC-107
ADM-10777,PAT-1961,2025-08-24 23:22:00,2025-08-26 23:22:00,53,Male,Orthopedics,Emergency,3,9,2.0,0,4822.5,BlueCross,Discharged Home,DOC-123
ADM-10778,PAT-2345,2026-05-03 22:58:00,2026-05-11 01:22:00,55,Female,Emergency,Elective,3,29,7.1,0,17013.5,Medicare,Discharged Home,DOC-106
ADM-10779,PAT-2273,2024-05-12 05:54:00,2024-05-20 20:18:00,73,Female,Neurology,Emergency,3,40,8.6,0,22460.0,Medicare,Discharged Home,DOC-104
ADM-10780,PAT-1851,2024-01-19 12:14:00,2024-01-20 19:26:00,77,Male,Emergency,Emergency,5,114,1.3,0,2755.0,Medicare,Discharged Home,DOC-117
ADM-10781,PAT-1065,2024-05-03 19:10:00,2024-05-06 14:22:00,3,Male,Emergency,Urgent,3,57,2.8,0,5462.5,BlueCross,Referred to Rehab,DOC-111
ADM-10782,PAT-1727,2026-05-23 23:33:00,2026-05-29 11:33:00,79,Male,Emergency,Elective,3,107,5.5,0,16167.5,BlueCross,Transferred,DOC-123
ADM-10783,PAT-1103,2026-03-11 20:50:00,2026-03-15 23:14:00,43,Male,Cardiology,Emergency,2,7,4.1,0,19028.5,BlueCross,Discharged Home,DOC-118
ADM-10784,PAT-1085,2026-06-10 07:00:00,2026-06-13 21:24:00,51,Male,Neurology,Urgent,3,49,3.6,0,11268.5,UnitedHealth,Discharged Home,DOC-123
ADM-10785,PAT-1904,2025-10-24 12:24:00,2025-10-25 02:48:00,69,Male,Emergency,Urgent,4,119,0.6,0,1437.5,Medicare,Discharged Home,DOC-115
ADM-10786,PAT-1851,2025-06-01 05:50:00,2025-06-02 22:38:00,61,Female,General Medicine,Emergency,5,265,1.7,0,3212.5,Medicaid,Discharged Home,DOC-125
ADM-10787,PAT-1849,2026-02-10 18:04:00,2026-02-12 18:04:00,67,Male,Neurology,Emergency,3,54,2.0,1,7704.0,Medicare,Transferred,DOC-114
ADM-10788,PAT-1846,2024-01-31 15:06:00,2024-02-08 12:42:00,62,Female,Emergency,Emergency,3,98,7.9,1,15255.0,Medicaid,AMA (Against Medical Advice),DOC-117
ADM-10789,PAT-1142,2025-03-20 02:05:00,2025-03-22 11:41:00,56,Male,Emergency,Emergency,2,9,2.4,1,4582.5,Aetna,Discharged Home,DOC-121
ADM-10790,PAT-1309,2025-03-05 13:43:00,2025-03-07 08:55:00,92,Female,Orthopedics,Emergency,3,41,1.8,0,10662.5,Medicare,Discharged Home,DOC-110
ADM-10791,PAT-2477,2025-12-18 13:47:00,2025-12-19 08:59:00,46,Male,Emergency,Elective,5,353,0.8,0,2402.5,Medicaid,Discharged Home,DOC-120
ADM-10792,PAT-2335,2026-03-05 06:44:00,2026-03-27 16:20:00,57,Female,Emergency,Urgent,2,5,22.4,1,43762.5,Medicaid,Discharged Home,DOC-111
ADM-10793,PAT-1798,2024-04-05 17:27:00,2024-04-12 17:27:00,63,Male,Emergency,Emergency,3,7,7.0,0,18087.5,UnitedHealth,Referred to Rehab,DOC-121
ADM-10794,PAT-1327,2024-09-04 10:22:00,2024-09-07 07:58:00,89,Female,Emergency,Emergency,3,101,2.9,1,10401.5,Medicaid,Discharged Home,DOC-102
ADM-10795,PAT-1763,2024-02-18 22:13:00,2024-02-23 19:49:00,62,Male,Emergency,Emergency,3,91,4.9,0,13713.5,Medicaid,Discharged Home,DOC-124
ADM-10796,PAT-1010,2024-12-24 10:12:00,2025-01-01 07:48:00,89,Male,Emergency,Emergency,2,2,7.9,0,15015.0,Aetna,Transferred,DOC-123
ADM-10797,PAT-2173,2024-04-17 11:11:00,2024-04-21 15:59:00,87,Male,Emergency,Urgent,3,36,4.2,0,10147.0,Medicare,Discharged Home,DOC-112
ADM-10798,PAT-1930,2024-03-24 03:08:00,2024-03-26 07:56:00,68,Female,Emergency,Emergency,3,2,2.2,0,4185.0,Medicaid,Discharged Home,DOC-116
ADM-10799,PAT-1439,2025-08-25 19:04:00,2025-08-26 19:04:00,92,Female,Orthopedics,Emergency,3,93,1.0,0,6366.5,Medicare,Discharged Home,DOC-119
ADM-10800,PAT-2021,2026-04-23 05:33:00,2026-04-27 15:09:00,68,Female,Orthopedics,Emergency,2,17,4.4,1,10602.5,Medicare,Referred to Rehab,DOC-123
ADM-10801,PAT-1937,2025-12-12 07:15:00,2025-12-13 07:15:00,87,Male,Neurology,Emergency,2,12,1.0,0,3397.0,Self-Pay,Discharged Home,DOC-118
ADM-10802,PAT-1756,2025-01-13 19:30:00,2025-01-20 07:30:00,59,Male,Cardiology,Elective,2,10,6.5,0,18225.0,UnitedHealth,Transferred,DOC-104
ADM-10803,PAT-1760,2024-01-29 04:52:00,2024-01-30 00:04:00,29,Female,General Medicine,Emergency,5,89,0.8,0,1422.5,Medicaid,Discharged Home,DOC-102
ADM-10804,PAT-1624,2024-05-05 18:41:00,2024-05-09 11:29:00,86,Male,Emergency,Elective,3,133,3.7,0,7362.5,BlueCross,Discharged Home,DOC-114
ADM-10805,PAT-1985,2025-05-01 20:40:00,2025-05-02 15:52:00,36,Female,Emergency,Elective,2,15,0.8,1,1557.5,UnitedHealth,Referred to Rehab,DOC-121
ADM-10806,PAT-1943,2024-04-01 21:19:00,2024-04-10 14:07:00,60,Female,Cardiology,Emergency,1,2,8.7,0,28220.0,Medicaid,Discharged Home,DOC-113
ADM-10807,PAT-1694,2026-06-05 05:39:00,2026-06-16 20:03:00,60,Male,Orthopedics,Emergency,3,28,11.6,0,33095.0,UnitedHealth,Discharged Home,DOC-125
ADM-10808,PAT-2448,2024-07-16 21:07:00,2024-07-22 06:43:00,10,Male,Cardiology,Emergency,2,25,5.4,1,21888.5,Medicaid,Discharged Home,DOC-119
ADM-10809,PAT-2068,2024-05-03 22:28:00,2024-05-06 12:52:00,87,Male,Cardiology,Emergency,3,38,2.6,0,9347.0,UnitedHealth,Discharged Home,DOC-109
ADM-10810,PAT-1421,2024-03-27 18:12:00,2024-03-28 06:12:00,68,Female,Emergency,Elective,2,2,0.5,0,4746.0,Medicare,Discharged Home,DOC-116
ADM-10811,PAT-1047,2026-05-30 18:01:00,2026-06-04 22:49:00,31,Male,Oncology,Elective,3,17,5.2,0,16162.5,Self-Pay,Discharged Home,DOC-104
ADM-10812,PAT-1203,2026-02-25 03:03:00,2026-02-26 12:39:00,27,Female,Orthopedics,Emergency,4,65,1.4,0,3522.5,UnitedHealth,Discharged Home,DOC-122
ADM-10813,PAT-1346,2025-12-31 01:59:00,2026-01-02 23:35:00,37,Male,Emergency,Elective,3,23,2.9,0,5567.5,Medicare,Discharged Home,DOC-105
ADM-10814,PAT-1845,2024-07-26 08:10:00,2024-07-31 15:22:00,74,Male,Emergency,Elective,3,26,5.3,0,15435.0,BlueCross,Discharged Home,DOC-117
ADM-10815,PAT-2033,2025-04-20 18:52:00,2025-04-23 11:40:00,21,Female,Emergency,Elective,2,21,2.7,1,9648.5,Medicaid,Discharged Home,DOC-121
ADM-10816,PAT-1478,2024-09-09 18:56:00,2024-09-12 04:32:00,26,Male,Emergency,Emergency,3,49,2.4,0,6210.5,Medicare,Discharged Home,DOC-114
ADM-10817,PAT-1913,2026-03-12 04:51:00,2026-03-12 21:39:00,87,Male,Emergency,Emergency,2,2,0.7,0,1335.0,Medicare,Discharged Home,DOC-108
ADM-10818,PAT-2100,2026-04-12 15:51:00,2026-04-14 06:15:00,60,Male,Emergency,Elective,3,13,1.6,0,8657.5,Medicaid,Discharged Home,DOC-106
ADM-10819,PAT-1001,2026-05-09 23:12:00,2026-05-13 23:12:00,54,Female,General Medicine,Urgent,3,23,4.0,0,6057.5,Medicare,Discharged Home,DOC-121
ADM-10820,PAT-1435,2024-11-03 03:03:00,2024-11-07 12:39:00,27,Male,Pediatrics,Emergency,3,21,4.4,0,7092.5,Medicaid,Discharged Home,DOC-105
ADM-10821,PAT-2484,2026-06-24 23:16:00,2026-07-01 06:28:00,9,Female,General Medicine,Emergency,3,30,6.3,0,15228.0,Medicare,Transferred,DOC-125
ADM-10822,PAT-2449,2024-12-15 07:11:00,2024-12-24 14:23:00,53,Female,Emergency,Emergency,3,30,9.3,0,23156.0,Self-Pay,Discharged Home,DOC-123
ADM-10823,PAT-1273,2025-11-19 05:55:00,2025-11-20 15:31:00,71,Male,Emergency,Emergency,3,37,1.4,0,10586.5,Medicare,Discharged Home,DOC-116
ADM-10824,PAT-1804,2025-07-05 01:03:00,2025-07-10 01:03:00,91,Male,Emergency,Elective,3,80,5.0,0,16885.0,Medicaid,Discharged Home,DOC-122
ADM-10825,PAT-1252,2025-01-31 06:02:00,2025-02-06 22:50:00,90,Female,General Medicine,Urgent,1,2,6.7,0,17205.0,Aetna,Discharged Home,DOC-101
ADM-10826,PAT-1255,2024-08-14 00:40:00,2024-08-23 07:52:00,29,Male,General Medicine,Emergency,3,31,9.3,0,20102.5,BlueCross,Discharged Home,DOC-112
ADM-10827,PAT-1392,2026-04-07 07:32:00,2026-04-13 07:32:00,65,Female,Orthopedics,Emergency,2,2,6.0,0,14405.0,BlueCross,Transferred,DOC-112
ADM-10828,PAT-1075,2024-01-08 06:41:00,2024-01-11 18:41:00,68,Male,General Medicine,Emergency,3,22,3.5,0,11035.0,Medicare,Discharged Home,DOC-109
ADM-10829,PAT-2165,2025-11-06 19:18:00,2025-11-07 19:18:00,33,Male,General Medicine,Elective,5,63,1.0,0,7096.5,Medicaid,Discharged Home,DOC-103
ADM-10830,PAT-2204,2025-08-06 07:46:00,2025-08-12 00:34:00,48,Female,Emergency,Emergency,3,74,5.7,0,17486.0,Aetna,Discharged Home,DOC-107
ADM-10831,PAT-2388,2025-11-28 19:07:00,2025-12-02 19:07:00,88,Female,Pediatrics,Emergency,4,3,4.0,0,6923.5,BlueCross,Discharged Home,DOC-121
ADM-10832,PAT-2378,2024-10-07 04:09:00,2024-10-10 23:21:00,56,Female,Emergency,Emergency,3,56,3.8,0,11682.0,Medicaid,Discharged Home,DOC-117
ADM-10833,PAT-1089,2024-11-19 00:10:00,2024-11-23 12:10:00,19,Female,Orthopedics,Elective,3,59,4.5,0,10947.5,Medicare,Discharged Home,DOC-119
ADM-10834,PAT-1051,2024-07-20 05:36:00,2024-07-22 00:48:00,73,Male,Neurology,Urgent,2,83,1.8,1,4887.5,UnitedHealth,Discharged Home,DOC-121
ADM-10835,PAT-1198,2026-05-10 08:32:00,2026-05-14 22:56:00,59,Female,Emergency,Elective,3,10,4.6,0,8765.0,Medicare,Referred to Rehab,DOC-111
ADM-10836,PAT-1111,2026-02-21 03:15:00,2026-02-24 03:15:00,34,Female,Emergency,Emergency,3,61,3.0,0,11094.5,BlueCross,Discharged Home,DOC-102
ADM-10837,PAT-1068,2024-03-04 15:05:00,2024-03-07 00:41:00,68,Male,Orthopedics,Elective,4,49,2.4,0,5882.5,Aetna,Discharged Home,DOC-114
ADM-10838,PAT-1134,2024-10-28 13:01:00,2024-11-04 03:25:00,47,Male,Emergency,Urgent,3,2,6.6,0,18101.0,Medicare,Discharged Home,DOC-108
ADM-10839,PAT-2227,2026-06-20 21:10:00,2026-06-21 21:10:00,32,Female,Cardiology,Emergency,2,21,1.0,0,6134.5,Medicare,Discharged Home,DOC-122
ADM-10840,PAT-1053,2024-04-20 03:30:00,2024-05-01 05:54:00,56,Male,Emergency,Emergency,1,8,11.1,0,21110.0,BlueCross,Discharged Home,DOC-119
ADM-10841,PAT-1396,2025-03-07 16:25:00,2025-03-08 18:49:00,62,Female,Emergency,Elective,4,58,1.1,0,4726.0,Medicaid,Discharged Home,DOC-102
ADM-10842,PAT-1123,2024-11-14 19:55:00,2024-11-20 10:19:00,64,Female,Neurology,Urgent,3,66,5.6,0,21577.0,UnitedHealth,Discharged Home,DOC-116
ADM-10843,PAT-1632,2024-02-28 08:06:00,2024-03-03 10:30:00,57,Male,Orthopedics,Elective,5,9,4.1,0,17203.5,Medicare,Discharged Home,DOC-102
ADM-10844,PAT-1864,2026-03-15 02:20:00,2026-03-15 16:44:00,52,Male,Emergency,Emergency,4,6,0.6,0,7346.0,UnitedHealth,Discharged Home,DOC-115
ADM-10845,PAT-2228,2025-09-22 10:13:00,2025-09-27 07:49:00,64,Female,Pediatrics,Elective,3,52,4.9,0,9799.0,Medicare,AMA (Against Medical Advice),DOC-102
ADM-10846,PAT-2015,2025-04-22 21:17:00,2025-05-09 23:41:00,66,Male,Orthopedics,Emergency,1,2,17.1,0,41045.0,Aetna,Discharged Home,DOC-125
ADM-10847,PAT-1678,2025-01-06 00:20:00,2025-01-13 21:56:00,24,Male,Emergency,Emergency,1,15,7.9,1,15047.5,UnitedHealth,Discharged Home,DOC-104
ADM-10848,PAT-1291,2024-02-14 01:00:00,2024-02-19 13:00:00,91,Female,Orthopedics,Urgent,1,6,5.5,0,13215.0,BlueCross,Discharged Home,DOC-108
ADM-10849,PAT-1536,2024-07-19 00:44:00,2024-07-21 00:44:00,28,Male,Emergency,Elective,2,18,2.0,0,3845.0,Medicare,Discharged Home,DOC-104
ADM-10850,PAT-1042,2024-08-03 10:24:00,2024-08-10 15:12:00,5,Female,Orthopedics,Emergency,4,30,7.2,0,20883.0,Aetna,Discharged Home,DOC-122
ADM-10851,PAT-1350,2024-05-01 04:55:00,2024-05-03 04:55:00,65,Male,Emergency,Elective,2,9,2.0,0,5393.5,Aetna,Discharged Home,DOC-107
ADM-10852,PAT-2090,2025-10-13 08:20:00,2025-10-21 22:44:00,81,Female,General Medicine,Emergency,3,4,8.6,0,19661.0,BlueCross,Discharged Home,DOC-107
ADM-10853,PAT-2096,2024-02-24 21:29:00,2024-02-26 11:53:00,43,Male,Emergency,Elective,3,55,1.6,0,10827.5,Medicaid,Discharged Home,DOC-117
ADM-10854,PAT-2196,2026-03-20 22:38:00,2026-03-21 22:38:00,16,Female,Emergency,Elective,4,62,1.0,0,2055.0,Medicaid,Discharged Home,DOC-121
ADM-10855,PAT-2042,2024-11-25 12:45:00,2024-12-03 05:33:00,85,Male,Emergency,Urgent,3,18,7.7,0,19134.0,Medicaid,Discharged Home,DOC-116
ADM-10856,PAT-1970,2024-07-31 07:29:00,2024-08-17 02:41:00,58,Male,Emergency,Urgent,2,4,16.8,0,36133.0,Medicare,Discharged Home,DOC-113
ADM-10857,PAT-1447,2026-05-12 12:46:00,2026-05-15 12:46:00,89,Male,Emergency,Emergency,2,22,3.0,1,5755.0,Medicare,Discharged Home,DOC-125
ADM-10858,PAT-1172,2025-08-20 01:24:00,2025-08-25 01:24:00,32,Male,Cardiology,Emergency,3,13,5.0,0,19620.5,UnitedHealth,Discharged Home,DOC-115
ADM-10859,PAT-1957,2024-10-06 13:03:00,2024-10-09 10:39:00,31,Female,Cardiology,Emergency,4,51,2.9,0,8247.5,Medicare,Discharged Home,DOC-109
ADM-10860,PAT-2321,2026-03-15 09:26:00,2026-03-15 21:26:00,29,Male,General Medicine,Emergency,3,41,0.5,0,2158.5,Medicaid,Transferred,DOC-112
ADM-10861,PAT-1078,2024-09-13 10:19:00,2024-09-20 05:31:00,52,Female,Cardiology,Emergency,3,77,6.8,0,26027.5,Medicare,Discharged Home,DOC-109
ADM-10862,PAT-1390,2024-01-09 10:13:00,2024-01-15 05:25:00,45,Female,Neurology,Elective,2,12,5.8,0,15110.0,Medicaid,Discharged Home,DOC-113
ADM-10863,PAT-1830,2026-06-05 13:34:00,2026-06-14 08:46:00,33,Male,Emergency,Emergency,2,2,8.8,0,16725.0,Medicaid,Discharged Home,DOC-107
ADM-10864,PAT-1971,2026-01-09 15:44:00,2026-01-13 15:44:00,8,Female,General Medicine,Emergency,5,267,4.0,0,6667.5,Medicaid,Discharged Home,DOC-107
ADM-10865,PAT-1878,2025-01-18 04:44:00,2025-01-28 11:56:00,14,Male,Emergency,Emergency,3,98,10.3,0,21366.0,Aetna,Discharged Home,DOC-124
ADM-10866,PAT-1019,2024-08-18 14:18:00,2024-08-22 02:18:00,43,Female,Emergency,Emergency,2,12,3.5,0,13345.0,Aetna,Discharged Home,DOC-125
ADM-10867,PAT-2414,2024-05-22 05:14:00,2024-05-30 02:50:00,64,Male,Emergency,Urgent,3,11,7.9,0,18242.5,Aetna,Discharged Home,DOC-120
ADM-10868,PAT-2244,2025-07-01 13:11:00,2025-07-04 05:59:00,83,Male,Emergency,Elective,3,30,2.7,1,5205.0,Medicare,Discharged Home,DOC-119
ADM-10869,PAT-1924,2024-02-02 23:31:00,2024-02-11 11:31:00,20,Male,Neurology,Emergency,2,9,8.5,1,22841.5,BlueCross,Discharged Home,DOC-103
ADM-10870,PAT-1790,2025-04-10 01:57:00,2025-04-11 04:21:00,10,Male,Pediatrics,Emergency,4,169,1.1,1,2182.5,Aetna,Discharged Home,DOC-111
ADM-10871,PAT-1841,2025-05-04 02:20:00,2025-05-08 16:44:00,23,Female,Emergency,Emergency,3,39,4.6,0,8837.5,Medicaid,Discharged Home,DOC-107
ADM-10872,PAT-1266,2024-06-11 20:36:00,2024-06-19 23:00:00,59,Female,Pediatrics,Emergency,3,6,8.1,0,16017.0,Medicare,Referred to Rehab,DOC-117
ADM-10873,PAT-2467,2025-04-01 02:11:00,2025-04-04 02:11:00,15,Male,Orthopedics,Emergency,4,64,3.0,0,12814.0,Aetna,Discharged Home,DOC-117
ADM-10874,PAT-1673,2026-01-24 03:06:00,2026-01-27 05:30:00,16,Male,General Medicine,Emergency,2,11,3.1,0,4677.5,Medicare,Discharged Home,DOC-115
ADM-10875,PAT-1710,2024-09-12 06:07:00,2024-09-16 20:31:00,76,Female,Oncology,Elective,2,42,4.6,0,20871.0,Medicare,Referred to Rehab,DOC-113
ADM-10876,PAT-2349,2025-12-16 01:29:00,2025-12-17 18:17:00,64,Female,Neurology,Elective,2,4,1.7,0,4430.0,Aetna,Discharged Home,DOC-109
ADM-10877,PAT-2286,2025-02-25 18:52:00,2025-03-02 23:40:00,48,Female,General Medicine,Elective,3,11,5.2,0,7827.5,Medicaid,Discharged Home,DOC-125
ADM-10878,PAT-1215,2025-04-06 05:37:00,2025-04-06 17:37:00,42,Female,Emergency,Emergency,5,13,0.5,1,5268.5,Aetna,Discharged Home,DOC-121
ADM-10879,PAT-2422,2025-02-10 01:17:00,2025-02-15 20:29:00,30,Male,Pediatrics,Elective,3,63,5.8,0,9437.5,Aetna,Discharged Home,DOC-105
ADM-10880,PAT-1669,2025-07-15 22:25:00,2025-07-16 10:25:00,60,Male,Emergency,Elective,4,54,0.5,0,2733.0,BlueCross,Discharged Home,DOC-109
ADM-10881,PAT-1330,2024-06-30 10:02:00,2024-07-01 02:50:00,90,Male,Cardiology,Elective,4,44,0.7,0,2070.0,Medicaid,Transferred,DOC-106
ADM-10882,PAT-1158,2025-01-01 06:04:00,2025-01-03 10:52:00,39,Female,Orthopedics,Elective,3,46,2.2,1,5395.0,Medicare,Discharged Home,DOC-122
ADM-10883,PAT-2090,2025-02-03 23:33:00,2025-02-04 13:57:00,72,Male,Emergency,Urgent,5,37,0.6,1,1232.5,Medicare,Discharged Home,DOC-125
ADM-10884,PAT-1772,2024-04-03 00:32:00,2024-04-08 00:32:00,57,Male,Emergency,Elective,1,10,5.0,0,10144.0,Medicare,Discharged Home,DOC-107
ADM-10885,PAT-2392,2026-01-11 05:42:00,2026-01-14 03:18:00,92,Male,Neurology,Elective,3,18,2.9,0,7585.0,BlueCross,Discharged Home,DOC-111
ADM-10886,PAT-1660,2025-03-14 04:07:00,2025-03-15 11:19:00,88,Female,Emergency,Urgent,1,3,1.3,1,2477.5,Medicaid,Discharged Home,DOC-111
ADM-10887,PAT-1355,2025-02-02 07:15:00,2025-02-07 07:15:00,66,Male,Cardiology,Elective,3,80,5.0,0,15240.0,Medicaid,Discharged Home,DOC-109
ADM-10888,PAT-2331,2024-11-04 20:26:00,2024-11-05 22:50:00,19,Female,Emergency,Emergency,2,20,1.1,0,3474.0,Self-Pay,Discharged Home,DOC-119
ADM-10889,PAT-1351,2025-11-25 23:40:00,2025-11-29 04:28:00,9,Female,General Medicine,Urgent,3,39,3.2,0,4897.5,Medicare,Discharged Home,DOC-125
ADM-10890,PAT-2408,2024-12-09 00:36:00,2024-12-10 10:12:00,67,Male,Orthopedics,Elective,5,59,1.4,0,8799.5,Aetna,Discharged Home,DOC-117
ADM-10891,PAT-2311,2024-01-22 21:02:00,2024-01-23 13:50:00,34,Male,Cardiology,Elective,4,58,0.7,0,3621.0,Aetna,Discharged Home,DOC-124
ADM-10892,PAT-1877,2025-01-18 17:01:00,2025-01-28 07:25:00,37,Male,Orthopedics,Emergency,3,5,9.6,0,23052.5,Medicare,Discharged Home,DOC-107
ADM-10893,PAT-2314,2026-01-26 11:13:00,2026-02-01 04:01:00,25,Female,Pediatrics,Urgent,2,27,5.7,0,9187.5,BlueCross,Discharged Home,DOC-125
ADM-10894,PAT-1081,2026-02-07 00:48:00,2026-02-11 15:12:00,43,Female,Oncology,Emergency,2,2,4.6,0,14265.0,BlueCross,Discharged Home,DOC-111
ADM-10895,PAT-1496,2026-03-31 23:27:00,2026-04-02 01:51:00,92,Male,Emergency,Emergency,5,46,1.1,0,2205.0,Medicare,Discharged Home,DOC-117
ADM-10896,PAT-1658,2026-06-09 16:46:00,2026-06-09 23:58:00,71,Male,Emergency,Urgent,4,16,0.3,0,610.0,BlueCross,Discharged Home,DOC-105
ADM-10897,PAT-1418,2024-08-29 17:19:00,2024-08-30 05:19:00,20,Male,General Medicine,Urgent,2,9,0.5,0,772.5,Medicare,Discharged Home,DOC-110
ADM-10898,PAT-1336,2024-11-06 09:44:00,2024-11-07 07:20:00,59,Male,Emergency,Elective,4,56,0.9,0,3999.0,Medicare,Discharged Home,DOC-116
ADM-10899,PAT-1163,2025-03-27 14:25:00,2025-04-01 07:13:00,30,Female,Emergency,Elective,1,2,4.7,0,15455.0,Medicare,Discharged Home,DOC-105
ADM-10900,PAT-1987,2026-02-16 10:14:00,2026-02-22 00:38:00,84,Male,Emergency,Emergency,2,49,5.6,0,12513.5,Medicaid,Discharged Home,DOC-106
ADM-10901,PAT-1526,2025-01-19 19:11:00,2025-01-26 16:47:00,32,Female,Emergency,Elective,2,15,6.9,0,14236.5,BlueCross,Discharged Home,DOC-123
ADM-10902,PAT-1961,2026-06-01 17:05:00,2026-06-05 14:41:00,22,Male,Emergency,Emergency,2,3,3.9,0,10982.5,Medicare,Discharged Home,DOC-114
ADM-10903,PAT-1808,2025-02-22 01:19:00,2025-02-26 22:55:00,30,Male,Orthopedics,Elective,3,15,4.9,0,13316.5,Medicare,Transferred,DOC-119
ADM-10904,PAT-1332,2025-06-05 16:40:00,2025-06-11 11:52:00,42,Female,Orthopedics,Emergency,2,16,5.8,0,17476.0,Medicare,Discharged Home,DOC-121
ADM-10905,PAT-1789,2024-02-05 12:20:00,2024-02-10 05:08:00,53,Female,Orthopedics,Emergency,3,54,4.7,1,17456.0,BlueCross,Discharged Home,DOC-122
ADM-10906,PAT-2321,2024-09-17 08:26:00,2024-09-24 13:14:00,5,Male,Cardiology,Emergency,3,10,7.2,0,28481.0,UnitedHealth,Discharged Home,DOC-106
ADM-10907,PAT-1025,2025-02-11 20:00:00,2025-02-14 03:12:00,91,Female,Oncology,Emergency,3,23,2.3,0,8345.5,BlueCross,Discharged Home,DOC-107
ADM-10908,PAT-1866,2025-05-27 18:11:00,2025-06-06 10:59:00,44,Female,Emergency,Elective,1,8,9.7,0,22085.0,BlueCross,Discharged Home,DOC-124
ADM-10909,PAT-1842,2026-04-13 04:52:00,2026-04-19 19:16:00,66,Female,Neurology,Emergency,2,2,6.6,1,17165.0,BlueCross,Discharged Home,DOC-124
ADM-10910,PAT-1815,2024-04-09 02:23:00,2024-04-10 07:11:00,18,Male,Emergency,Emergency,5,248,1.2,0,6814.0,Medicaid,Discharged Home,DOC-124
ADM-10911,PAT-1882,2024-07-21 16:36:00,2024-07-25 23:48:00,76,Male,Cardiology,Emergency,1,3,4.3,0,12047.5,Aetna,Transferred,DOC-115
ADM-10912,PAT-2161,2026-04-08 06:32:00,2026-04-10 06:32:00,52,Male,Orthopedics,Emergency,4,131,2.0,0,5127.5,BlueCross,Discharged Home,DOC-114
ADM-10913,PAT-1902,2024-10-27 02:55:00,2024-11-03 05:19:00,4,Male,Emergency,Emergency,3,24,7.1,0,13550.0,BlueCross,Discharged Home,DOC-111
ADM-10914,PAT-1060,2024-01-10 02:05:00,2024-01-12 09:17:00,33,Male,General Medicine,Elective,4,58,2.3,0,3595.0,Medicaid,Discharged Home,DOC-122
ADM-10915,PAT-2192,2025-01-19 20:34:00,2025-01-20 18:10:00,87,Male,Emergency,Urgent,4,53,0.9,0,4519.5,Aetna,Discharged Home,DOC-116
ADM-10916,PAT-1690,2024-11-18 08:10:00,2024-11-20 00:58:00,92,Female,Cardiology,Elective,3,127,1.7,0,11025.5,Medicaid,Discharged Home,DOC-120
ADM-10917,PAT-1117,2025-04-12 23:50:00,2025-04-18 07:02:00,74,Male,Orthopedics,Emergency,3,154,5.3,0,20448.0,Medicaid,Discharged Home,DOC-105
ADM-10918,PAT-1052,2025-01-12 15:25:00,2025-01-17 13:01:00,79,Male,Emergency,Urgent,3,9,4.9,0,15229.5,Medicare,Discharged Home,DOC-117
ADM-10919,PAT-1846,2025-10-10 12:17:00,2025-10-19 09:53:00,7,Male,Emergency,Elective,2,4,8.9,0,25362.0,Medicaid,Discharged Home,DOC-111
ADM-10920,PAT-2388,2026-01-26 20:54:00,2026-01-27 08:54:00,65,Female,Emergency,Emergency,3,22,0.5,0,4358.0,Medicare,Discharged Home,DOC-116
ADM-10921,PAT-2348,2025-12-30 04:53:00,2026-01-06 21:41:00,41,Male,Orthopedics,Emergency,3,86,7.7,0,26373.0,Medicaid,Expired,DOC-123
ADM-10922,PAT-2033,2026-05-02 22:58:00,2026-05-08 03:46:00,22,Female,Orthopedics,Emergency,3,4,5.2,0,20156.0,Medicaid,Transferred,DOC-115
ADM-10923,PAT-1236,2024-08-04 05:49:00,2024-08-10 10:37:00,78,Male,Cardiology,Urgent,3,34,6.2,0,23349.0,Medicare,Discharged Home,DOC-104
ADM-10924,PAT-1890,2024-08-13 08:47:00,2024-08-15 03:59:00,23,Female,Orthopedics,Emergency,3,177,1.8,0,13056.5,Medicare,Discharged Home,DOC-104
ADM-10925,PAT-2362,2026-03-25 23:36:00,2026-03-26 11:36:00,66,Male,General Medicine,Emergency,3,13,0.5,0,782.5,Medicare,Discharged Home,DOC-119
ADM-10926,PAT-2230,2025-10-31 21:55:00,2025-11-05 02:43:00,38,Female,Emergency,Urgent,3,6,4.2,0,16410.0,UnitedHealth,Expired,DOC-108
ADM-10927,PAT-1457,2024-04-01 11:36:00,2024-04-02 09:12:00,21,Male,Cardiology,Emergency,3,24,0.9,0,10757.0,Medicare,Discharged Home,DOC-104
ADM-10928,PAT-2173,2024-11-14 02:06:00,2024-11-17 21:18:00,22,Male,Emergency,Elective,3,88,3.8,0,9495.0,Medicare,Discharged Home,DOC-114
ADM-10929,PAT-1654,2024-04-19 13:29:00,2024-04-21 23:05:00,67,Male,Pediatrics,Emergency,3,21,2.4,0,3892.5,Medicaid,Expired,DOC-111
ADM-10930,PAT-1296,2024-05-30 20:31:00,2024-05-31 10:55:00,86,Female,Emergency,Elective,5,34,0.6,0,8681.0,Medicaid,Discharged Home,DOC-123
ADM-10931,PAT-1070,2026-05-18 19:35:00,2026-05-23 12:23:00,27,Female,Emergency,Emergency,2,10,4.7,0,16243.0,Medicare,Discharged Home,DOC-110
ADM-10932,PAT-2442,2026-05-18 07:40:00,2026-05-22 07:40:00,56,Male,Oncology,Emergency,2,47,4.0,0,13447.5,Aetna,Discharged Home,DOC-125
ADM-10933,PAT-1366,2024-01-23 18:42:00,2024-01-27 18:42:00,41,Male,Orthopedics,Emergency,2,29,4.0,0,9672.5,Medicare,Expired,DOC-116
ADM-10934,PAT-1713,2024-10-16 23:46:00,2024-10-18 02:10:00,87,Female,Orthopedics,Emergency,3,24,1.1,0,8943.0,Medicare,Expired,DOC-113
ADM-10935,PAT-1199,2026-05-20 10:22:00,2026-05-21 22:22:00,28,Male,Neurology,Emergency,3,111,1.5,0,6017.5,BlueCross,Discharged Home,DOC-115
ADM-10936,PAT-2425,2026-04-03 06:40:00,2026-04-04 11:28:00,27,Male,Emergency,Urgent,5,73,1.2,0,2462.5,Aetna,Discharged Home,DOC-119
ADM-10937,PAT-1208,2024-02-27 03:16:00,2024-02-29 00:52:00,30,Male,Emergency,Emergency,3,2,1.9,0,3615.0,Aetna,Discharged Home,DOC-102
ADM-10938,PAT-1240,2024-06-01 21:24:00,2024-06-02 09:24:00,56,Female,Pediatrics,Emergency,3,69,0.5,1,3479.5,UnitedHealth,Discharged Home,DOC-108
ADM-10939,PAT-1812,2025-10-30 12:48:00,2025-11-02 00:48:00,90,Male,Orthopedics,Elective,4,91,2.5,0,13242.5,BlueCross,Discharged Home,DOC-103
ADM-10940,PAT-1949,2025-01-11 00:23:00,2025-01-11 12:23:00,26,Female,Cardiology,Emergency,5,11,0.5,1,1427.5,BlueCross,Discharged Home,DOC-116
ADM-10941,PAT-2313,2024-10-07 23:40:00,2024-10-21 11:40:00,46,Female,General Medicine,Elective,2,40,13.5,0,27357.0,UnitedHealth,Discharged Home,DOC-113
ADM-10942,PAT-1991,2024-11-29 02:10:00,2024-11-29 18:58:00,64,Male,Pediatrics,Urgent,3,14,0.7,0,8718.0,Medicare,Transferred,DOC-106
ADM-10943,PAT-1830,2024-03-06 17:42:00,2024-03-07 10:30:00,1,Female,Neurology,Emergency,3,2,0.7,0,6740.0,Aetna,Transferred,DOC-121
ADM-10944,PAT-1254,2024-01-06 18:56:00,2024-01-13 02:08:00,39,Male,Cardiology,Emergency,4,122,6.3,1,21019.0,Medicare,Discharged Home,DOC-105
ADM-10945,PAT-2177,2026-05-21 01:11:00,2026-05-24 15:35:00,73,Female,Neurology,Emergency,3,19,3.6,1,9407.5,BlueCross,Discharged Home,DOC-110
ADM-10946,PAT-1744,2024-11-03 01:34:00,2024-11-04 06:22:00,67,Male,General Medicine,Emergency,3,23,1.2,0,6612.5,UnitedHealth,Discharged Home,DOC-110
ADM-10947,PAT-2349,2025-06-19 12:01:00,2025-06-27 04:49:00,86,Female,Oncology,Emergency,2,54,7.7,1,28687.0,Medicare,Discharged Home,DOC-104
ADM-10948,PAT-2357,2024-11-02 07:20:00,2024-11-05 14:32:00,25,Male,Oncology,Emergency,3,84,3.3,0,15872.0,UnitedHealth,Discharged Home,DOC-119
ADM-10949,PAT-1735,2024-03-17 18:46:00,2024-03-22 21:10:00,69,Female,Neurology,Emergency,1,2,5.1,0,13265.0,Aetna,Discharged Home,DOC-106
ADM-10950,PAT-1819,2025-12-12 04:53:00,2025-12-13 00:05:00,54,Female,Orthopedics,Elective,4,47,0.8,0,3115.5,Medicaid,Discharged Home,DOC-109
ADM-10951,PAT-2296,2025-03-05 05:14:00,2025-03-07 02:50:00,40,Male,Neurology,Emergency,2,9,1.9,0,4962.5,BlueCross,Discharged Home,DOC-113
ADM-10952,PAT-1053,2025-12-01 18:43:00,2025-12-02 06:43:00,54,Male,Orthopedics,Emergency,2,38,0.5,0,4493.0,Medicaid,Discharged Home,DOC-112
ADM-10953,PAT-1683,2024-04-10 12:52:00,2024-04-11 12:52:00,53,Male,Neurology,Emergency,2,29,1.0,0,4992.5,Medicare,Discharged Home,DOC-104
ADM-10954,PAT-1252,2024-04-07 18:03:00,2024-04-09 06:03:00,34,Female,Emergency,Emergency,2,22,1.5,0,2905.0,Aetna,Discharged Home,DOC-110
ADM-10955,PAT-2129,2024-11-21 13:17:00,2024-11-24 22:53:00,49,Male,Emergency,Elective,3,4,3.4,0,6470.0,Medicare,Discharged Home,DOC-122
ADM-10956,PAT-2088,2024-01-10 23:26:00,2024-01-14 09:02:00,64,Female,Emergency,Emergency,3,41,3.4,0,8335.5,BlueCross,Referred to Rehab,DOC-105
ADM-10957,PAT-1775,2025-12-25 08:30:00,2025-12-31 10:54:00,91,Female,Emergency,Emergency,2,12,6.1,0,15546.0,BlueCross,Discharged Home,DOC-106
ADM-10958,PAT-1898,2024-10-09 14:36:00,2024-10-20 07:24:00,60,Female,General Medicine,Emergency,3,25,10.7,0,22497.5,Medicaid,Discharged Home,DOC-108
ADM-10959,PAT-1625,2025-10-11 02:42:00,2025-10-11 09:54:00,59,Male,Emergency,Emergency,4,109,0.3,0,842.5,Medicaid,Discharged Home,DOC-119
ADM-10960,PAT-1117,2026-04-07 00:21:00,2026-04-08 12:21:00,41,Female,Emergency,Emergency,4,24,1.5,0,7577.0,Medicaid,Discharged Home,DOC-105
ADM-10961,PAT-1982,2025-02-19 00:28:00,2025-02-24 07:40:00,92,Male,Cardiology,Emergency,2,16,5.3,0,22841.0,Medicaid,Discharged Home,DOC-101
ADM-10962,PAT-2462,2026-01-26 22:34:00,2026-01-28 08:10:00,14,Male,Orthopedics,Emergency,2,2,1.4,0,10609.0,Medicare,Referred to Rehab,DOC-117
ADM-10963,PAT-2400,2024-06-28 02:33:00,2024-07-04 02:33:00,76,Male,Emergency,Emergency,2,12,6.0,1,11430.0,BlueCross,Discharged Home,DOC-112
ADM-10964,PAT-1104,2024-04-25 11:32:00,2024-04-26 21:08:00,76,Female,Emergency,Elective,4,11,1.4,0,2687.5,Medicaid,Discharged Home,DOC-125
ADM-10965,PAT-1241,2024-08-06 00:04:00,2024-08-11 07:16:00,27,Female,Emergency,Elective,3,132,5.3,0,15559.0,Medicare,Transferred,DOC-110
ADM-10966,PAT-2316,2024-02-28 12:08:00,2024-03-01 04:56:00,44,Female,Neurology,Elective,3,30,1.7,0,4495.0,Medicare,Discharged Home,DOC-110
ADM-10967,PAT-1724,2024-12-29 00:18:00,2024-12-29 07:30:00,76,Female,Emergency,Emergency,4,48,0.3,0,1884.0,Medicaid,Discharged Home,DOC-105
ADM-10968,PAT-1841,2024-08-19 16:03:00,2024-08-20 08:51:00,46,Female,Emergency,Emergency,4,25,0.7,0,1392.5,Medicaid,AMA (Against Medical Advice),DOC-106
ADM-10969,PAT-2098,2024-06-14 04:46:00,2024-06-15 14:22:00,60,Female,General Medicine,Emergency,4,3,1.4,0,2107.5,Aetna,Discharged Home,DOC-112
ADM-10970,PAT-2452,2024-05-16 13:28:00,2024-05-18 23:04:00,52,Male,Neurology,Elective,3,38,2.4,0,9548.0,Medicare,AMA (Against Medical Advice),DOC-106
ADM-10971,PAT-2364,2025-03-07 16:41:00,2025-03-08 23:53:00,33,Male,Emergency,Urgent,3,47,1.3,0,9639.5,Medicaid,Discharged Home,DOC-105
ADM-10972,PAT-1665,2024-04-22 03:40:00,2024-04-23 10:52:00,69,Male,Orthopedics,Urgent,1,3,1.3,1,4660.5,UnitedHealth,Discharged Home,DOC-117
ADM-10973,PAT-1027,2025-09-03 00:16:00,2025-09-05 02:40:00,67,Female,General Medicine,Emergency,4,2,2.1,0,6026.0,Medicaid,Discharged Home,DOC-103
ADM-10974,PAT-1878,2024-09-12 09:35:00,2024-09-15 21:35:00,87,Male,Cardiology,Emergency,3,29,3.5,0,17451.5,Medicare,Discharged Home,DOC-123
ADM-10975,PAT-1506,2024-07-12 20:10:00,2024-07-13 17:46:00,61,Male,Orthopedics,Emergency,4,167,0.9,0,4295.5,BlueCross,Discharged Home,DOC-105
ADM-10976,PAT-1821,2024-01-19 21:02:00,2024-02-07 13:50:00,75,Female,Emergency,Elective,1,12,18.7,0,35560.0,Medicare,Discharged Home,DOC-113
ADM-10977,PAT-1834,2024-08-15 11:28:00,2024-08-21 18:40:00,27,Male,Emergency,Elective,3,2,6.3,0,12977.0,Aetna,Discharged Home,DOC-121
ADM-10978,PAT-1105,2024-12-25 14:16:00,2024-12-26 02:16:00,21,Female,Emergency,Emergency,4,334,0.5,1,3773.0,Medicaid,Discharged Home,DOC-102
ADM-10979,PAT-2352,2025-09-13 03:26:00,2025-09-16 22:38:00,24,Female,Emergency,Elective,1,14,3.8,0,9821.0,UnitedHealth,Discharged Home,DOC-112
ADM-10980,PAT-1684,2025-11-30 18:50:00,2025-12-04 16:26:00,49,Male,Orthopedics,Elective,3,44,3.9,0,11037.0,Aetna,Transferred,DOC-124
ADM-10981,PAT-1740,2024-08-03 19:56:00,2024-08-07 00:44:00,37,Female,Emergency,Emergency,3,79,3.2,0,6277.5,BlueCross,Discharged Home,DOC-105
ADM-10982,PAT-2289,2024-07-16 15:12:00,2024-07-18 03:12:00,4,Male,Orthopedics,Elective,2,16,1.5,0,4753.0,Self-Pay,Discharged Home,DOC-120
ADM-10983,PAT-1702,2024-02-14 04:21:00,2024-02-18 04:21:00,41,Male,Emergency,Elective,3,46,4.0,0,7715.0,UnitedHealth,Discharged Home,DOC-109
ADM-10984,PAT-2147,2025-03-22 02:18:00,2025-03-25 02:18:00,29,Male,Cardiology,Emergency,4,225,3.0,0,13752.5,UnitedHealth,Discharged Home,DOC-117
ADM-10985,PAT-1044,2024-02-16 19:19:00,2024-02-21 07:19:00,54,Female,Emergency,Elective,1,4,4.5,0,8560.0,Medicaid,Discharged Home,DOC-107
ADM-10986,PAT-1814,2024-06-18 14:56:00,2024-06-22 02:56:00,87,Male,Orthopedics,Urgent,2,13,3.5,0,12078.5,BlueCross,Discharged Home,DOC-113
ADM-10987,PAT-1820,2025-08-08 07:26:00,2025-08-12 12:14:00,51,Male,Orthopedics,Emergency,2,16,4.2,0,10692.0,Medicare,Discharged Home,DOC-117
ADM-10988,PAT-1932,2024-11-06 07:31:00,2024-11-11 14:43:00,69,Female,Emergency,Elective,3,18,5.3,0,10115.0,BlueCross,Discharged Home,DOC-104
ADM-10989,PAT-1350,2024-02-10 21:49:00,2024-02-15 00:13:00,63,Female,Cardiology,Urgent,4,75,4.1,0,11667.5,Medicare,Discharged Home,DOC-105
ADM-10990,PAT-1553,2024-01-02 22:08:00,2024-01-07 10:08:00,53,Male,Emergency,Emergency,2,68,4.5,0,8720.0,Medicaid,Discharged Home,DOC-112
ADM-10991,PAT-1664,2025-02-22 20:52:00,2025-02-28 16:04:00,40,Male,Emergency,Elective,3,38,5.8,0,11115.0,Medicaid,Discharged Home,DOC-121
ADM-10992,PAT-1021,2024-09-19 00:32:00,2024-09-23 17:20:00,12,Male,Emergency,Emergency,2,30,4.7,0,16615.0,UnitedHealth,Discharged Home,DOC-125
ADM-10993,PAT-2194,2026-06-09 21:22:00,2026-06-12 09:22:00,41,Female,Orthopedics,Emergency,3,5,2.5,0,11024.5,Medicaid,Discharged Home,DOC-115
ADM-10994,PAT-1451,2024-06-08 15:13:00,2024-06-10 03:13:00,52,Female,Cardiology,Elective,3,57,1.5,0,4342.5,Medicaid,Expired,DOC-112
ADM-10995,PAT-1303,2024-07-08 06:00:00,2024-07-13 10:48:00,20,Female,Cardiology,Emergency,3,38,5.2,0,14655.0,BlueCross,Discharged Home,DOC-124
ADM-10996,PAT-1369,2026-04-17 13:27:00,2026-04-19 20:39:00,55,Male,Emergency,Emergency,3,135,2.3,1,6745.5,Medicare,Referred to Rehab,DOC-103
ADM-10997,PAT-1873,2026-01-11 17:58:00,2026-01-16 08:22:00,83,Male,General Medicine,Emergency,3,28,4.6,0,6970.0,BlueCross,Discharged Home,DOC-101
ADM-10998,PAT-2235,2026-04-26 00:27:00,2026-05-03 19:39:00,30,Male,General Medicine,Elective,3,32,7.8,0,17559.0,Aetna,Discharged Home,DOC-105
ADM-10999,PAT-1508,2026-03-22 00:19:00,2026-03-23 17:07:00,26,Male,Emergency,Emergency,3,63,1.7,0,4758.5,Medicare,Discharged Home,DOC-111
ADM-11000,PAT-2448,2026-04-15 05:34:00,2026-04-25 17:34:00,86,Female,Emergency,Elective,3,3,10.5,0,19957.5,UnitedHealth,Discharged Home,DOC-108
ADM-11001,PAT-1114,2026-04-24 01:31:00,2026-04-26 23:07:00,38,Male,Pediatrics,Emergency,3,70,2.9,0,4815.0,BlueCross,Discharged Home,DOC-117
ADM-11002,PAT-1850,2025-03-13 13:09:00,2025-03-18 01:09:00,18,Male,Emergency,Elective,2,22,4.5,0,8605.0,Medicaid,Discharged Home,DOC-108
ADM-11003,PAT-2401,2024-06-22 03:45:00,2024-06-23 18:09:00,68,Female,Orthopedics,Urgent,5,237,1.6,0,4432.5,Medicaid,Discharged Home,DOC-110
ADM-11004,PAT-1731,2024-03-27 01:28:00,2024-03-30 13:28:00,74,Female,Cardiology,Urgent,3,41,3.5,0,11860.5,Aetna,Discharged Home,DOC-111
ADM-11005,PAT-2228,2025-10-01 09:47:00,2025-10-04 16:59:00,39,Female,General Medicine,Elective,3,17,3.3,0,4992.5,BlueCross,Discharged Home,DOC-116
ADM-11006,PAT-2355,2026-06-01 05:04:00,2026-06-01 19:28:00,26,Male,Oncology,Emergency,4,44,0.6,0,3670.0,BlueCross,Discharged Home,DOC-113
ADM-11007,PAT-1914,2026-01-14 09:30:00,2026-01-26 21:30:00,48,Female,Emergency,Emergency,2,2,12.5,0,23755.0,UnitedHealth,Discharged Home,DOC-105
ADM-11008,PAT-1372,2025-05-07 23:40:00,2025-05-11 16:28:00,56,Female,Cardiology,Urgent,4,163,3.7,0,16196.5,Medicare,Discharged Home,DOC-111
ADM-11009,PAT-1283,2025-07-05 18:13:00,2025-07-09 11:01:00,30,Female,General Medicine,Emergency,1,2,3.7,0,10447.0,BlueCross,Discharged Home,DOC-113
ADM-11010,PAT-1171,2024-08-28 12:20:00,2024-08-30 05:08:00,34,Male,Cardiology,Emergency,3,54,1.7,0,4895.0,Aetna,Discharged Home,DOC-101
ADM-11011,PAT-1742,2025-01-04 04:45:00,2025-01-12 19:09:00,72,Female,General Medicine,Urgent,1,13,8.6,1,12932.5,Aetna,Referred to Rehab,DOC-118
ADM-11012,PAT-1862,2024-04-30 23:44:00,2024-05-05 06:56:00,53,Male,Orthopedics,Urgent,3,41,4.3,0,14014.5,UnitedHealth,Discharged Home,DOC-123
ADM-11013,PAT-1869,2025-05-03 20:16:00,2025-05-06 05:52:00,68,Male,Neurology,Elective,3,107,2.4,1,7254.5,BlueCross,Referred to Rehab,DOC-105
ADM-11014,PAT-1161,2024-06-02 06:13:00,2024-06-05 06:13:00,89,Female,Emergency,Emergency,3,34,3.0,0,7432.0,UnitedHealth,Referred to Rehab,DOC-123
ADM-11015,PAT-1613,2026-03-11 22:00:00,2026-03-17 02:48:00,31,Female,General Medicine,Emergency,4,54,5.2,0,10784.0,Medicare,Discharged Home,DOC-102
ADM-11016,PAT-2315,2024-01-12 13:31:00,2024-01-14 23:07:00,70,Male,Neurology,Emergency,3,53,2.4,0,12441.5,Medicaid,Referred to Rehab,DOC-115
ADM-11017,PAT-2134,2025-03-09 05:21:00,2025-03-10 02:57:00,62,Male,Cardiology,Emergency,3,2,0.9,1,2525.0,Aetna,Discharged Home,DOC-113
ADM-11018,PAT-1256,2025-02-05 06:16:00,2025-02-12 11:04:00,30,Male,Emergency,Elective,2,10,7.2,0,22200.0,BlueCross,Discharged Home,DOC-103
ADM-11019,PAT-2418,2026-04-27 12:59:00,2026-04-29 08:11:00,91,Female,Emergency,Emergency,2,2,1.8,0,3425.0,BlueCross,Discharged Home,DOC-121
ADM-11020,PAT-1868,2025-01-06 20:35:00,2025-01-07 22:59:00,49,Male,Emergency,Emergency,3,2,1.1,1,5343.0,Medicaid,Referred to Rehab,DOC-110
ADM-11021,PAT-1333,2026-02-13 10:33:00,2026-02-13 20:09:00,52,Male,Emergency,Elective,4,80,0.4,0,960.0,Aetna,Discharged Home,DOC-108
ADM-11022,PAT-1551,2024-02-16 01:38:00,2024-02-19 20:50:00,36,Female,Orthopedics,Emergency,3,37,3.8,0,9212.5,Medicare,Discharged Home,DOC-101
ADM-11023,PAT-1730,2026-02-08 13:20:00,2026-02-10 18:08:00,62,Female,General Medicine,Emergency,4,12,2.2,0,11807.0,Aetna,Discharged Home,DOC-122
ADM-11024,PAT-1199,2025-05-29 05:07:00,2025-05-29 09:55:00,31,Male,Emergency,Emergency,4,38,0.2,0,4882.0,BlueCross,Discharged Home,DOC-102
ADM-11025,PAT-1594,2026-06-25 21:21:00,2026-06-27 23:45:00,85,Male,Cardiology,Elective,4,19,2.1,0,5927.5,Medicare,Referred to Rehab,DOC-107
ADM-11026,PAT-2395,2025-04-03 04:28:00,2025-04-03 18:52:00,68,Female,Emergency,Emergency,4,101,0.6,0,1392.5,Aetna,Discharged Home,DOC-114
ADM-11027,PAT-1081,2024-06-05 19:21:00,2024-06-11 16:57:00,52,Male,Cardiology,Emergency,3,167,5.9,1,21512.5,Medicaid,Discharged Home,DOC-101
ADM-11028,PAT-1292,2025-04-10 10:42:00,2025-04-19 22:42:00,48,Male,General Medicine,Elective,1,32,9.5,0,14330.0,UnitedHealth,Discharged Home,DOC-103
ADM-11029,PAT-1573,2025-12-28 15:43:00,2026-01-06 01:19:00,29,Male,General Medicine,Emergency,1,7,8.4,0,12617.5,Medicare,Transferred,DOC-109
ADM-11030,PAT-1905,2025-01-07 09:47:00,2025-01-10 16:59:00,64,Male,Orthopedics,Elective,3,9,3.3,0,15462.5,Aetna,Discharged Home,DOC-122
ADM-11031,PAT-1264,2025-01-17 02:50:00,2025-01-18 00:26:00,62,Female,General Medicine,Emergency,1,10,0.9,0,6019.0,Medicare,Discharged Home,DOC-122
ADM-11032,PAT-1087,2024-06-07 03:35:00,2024-06-08 01:11:00,41,Male,General Medicine,Emergency,1,2,0.9,1,1355.0,UnitedHealth,Referred to Rehab,DOC-113
ADM-11033,PAT-1149,2024-12-23 15:54:00,2024-12-25 20:42:00,30,Male,Cardiology,Emergency,5,790,2.2,0,13018.0,Aetna,Discharged Home,DOC-115
ADM-11034,PAT-1223,2026-02-25 14:47:00,2026-02-26 17:11:00,3,Female,Emergency,Emergency,3,2,1.1,0,2095.0,Medicaid,Discharged Home,DOC-111
ADM-11035,PAT-1701,2024-10-12 15:30:00,2024-10-21 10:42:00,24,Male,Emergency,Emergency,2,12,8.8,1,16750.0,BlueCross,Discharged Home,DOC-116
ADM-11036,PAT-1298,2024-03-04 12:20:00,2024-03-14 07:32:00,28,Female,Cardiology,Emergency,3,13,9.8,0,31850.5,BlueCross,Discharged Home,DOC-107
ADM-11037,PAT-1046,2024-03-26 04:50:00,2024-04-17 07:14:00,26,Male,Pediatrics,Elective,2,33,22.1,0,35442.5,Aetna,Transferred,DOC-110
ADM-11038,PAT-2458,2025-11-16 08:51:00,2025-11-18 06:27:00,45,Male,Neurology,Emergency,2,6,1.9,1,4955.0,BlueCross,Discharged Home,DOC-114
ADM-11039,PAT-1700,2025-05-08 16:13:00,2025-05-14 01:49:00,23,Female,Emergency,Emergency,3,2,5.4,0,17186.0,BlueCross,Discharged Home,DOC-123
ADM-11040,PAT-1894,2025-07-28 20:22:00,2025-07-31 22:46:00,40,Male,Cardiology,Elective,2,3,3.1,0,8687.5,UnitedHealth,Discharged Home,DOC-119
ADM-11041,PAT-2262,2024-06-03 15:39:00,2024-06-06 08:27:00,28,Male,Neurology,Emergency,4,56,2.7,0,11751.0,Self-Pay,Referred to Rehab,DOC-104
ADM-11042,PAT-2380,2026-05-02 04:17:00,2026-05-04 18:41:00,71,Female,Orthopedics,Emergency,3,52,2.6,0,12104.0,Aetna,Expired,DOC-104
ADM-11043,PAT-1074,2025-09-07 12:53:00,2025-09-12 22:29:00,84,Male,Emergency,Emergency,2,6,5.4,1,10275.0,Aetna,Transferred,DOC-107
ADM-11044,PAT-2391,2024-11-10 17:08:00,2024-11-13 07:32:00,57,Female,Emergency,Emergency,2,8,2.6,0,6481.0,Medicare,Discharged Home,DOC-121
ADM-11045,PAT-1933,2025-06-19 11:27:00,2025-06-20 11:27:00,57,Female,Cardiology,Emergency,5,29,1.0,0,2872.5,Aetna,Discharged Home,DOC-114
ADM-11046,PAT-1764,2025-01-25 09:43:00,2025-01-27 14:31:00,76,Female,Cardiology,Emergency,2,16,2.2,0,12340.0,BlueCross,Discharged Home,DOC-121
ADM-11047,PAT-1580,2025-09-23 14:02:00,2025-09-25 16:26:00,49,Male,Orthopedics,Emergency,3,57,2.1,0,5182.5,Medicaid,Discharged Home,DOC-120
ADM-11048,PAT-2115,2025-11-14 09:53:00,2025-11-27 00:17:00,60,Male,Pediatrics,Elective,1,3,12.6,0,22402.5,Medicaid,Discharged Home,DOC-115
ADM-11049,PAT-2129,2024-12-25 15:50:00,2024-12-28 18:14:00,52,Male,Emergency,Elective,2,7,3.1,0,13127.5,Medicaid,Discharged Home,DOC-124
ADM-11050,PAT-1810,2024-10-01 22:28:00,2024-10-07 10:28:00,29,Female,Emergency,Emergency,3,139,5.5,0,10797.5,Aetna,Discharged Home,DOC-114
ADM-11051,PAT-2378,2024-01-27 05:14:00,2024-01-31 12:26:00,59,Male,Neurology,Elective,4,6,4.3,0,18582.0,BlueCross,Discharged Home,DOC-124
ADM-11052,PAT-2228,2024-09-04 18:58:00,2024-09-06 06:58:00,28,Female,Orthopedics,Urgent,3,78,1.5,0,5873.0,Medicare,Discharged Home,DOC-113
ADM-11053,PAT-1105,2025-02-16 10:51:00,2025-02-21 18:03:00,22,Male,Neurology,Elective,1,2,5.3,0,17868.0,BlueCross,Discharged Home,DOC-123
ADM-11054,PAT-1258,2026-05-13 21:24:00,2026-05-23 11:48:00,21,Female,Pediatrics,Elective,2,9,9.6,0,22741.5,Medicare,Discharged Home,DOC-111
ADM-11055,PAT-1417,2025-10-05 20:15:00,2025-10-07 17:51:00,20,Male,Emergency,Emergency,3,18,1.9,0,3655.0,Medicaid,Discharged Home,DOC-118
ADM-11056,PAT-1161,2025-10-11 21:33:00,2025-10-14 23:57:00,69,Female,Emergency,Emergency,3,66,3.1,0,8083.0,Aetna,Discharged Home,DOC-108
ADM-11057,PAT-1608,2025-11-06 01:45:00,2025-11-08 13:45:00,35,Female,Pediatrics,Emergency,5,236,2.5,0,4590.0,UnitedHealth,Discharged Home,DOC-121
ADM-11058,PAT-1047,2024-04-19 04:50:00,2024-04-19 21:38:00,21,Male,Cardiology,Emergency,3,60,0.7,0,2110.0,UnitedHealth,Discharged Home,DOC-103
ADM-11059,PAT-1158,2024-04-13 16:45:00,2024-04-15 09:33:00,45,Female,Emergency,Elective,2,19,1.7,1,7166.5,Medicare,Referred to Rehab,DOC-121
ADM-11060,PAT-1156,2025-10-10 15:23:00,2025-10-12 05:47:00,7,Female,Cardiology,Emergency,3,31,1.6,0,6529.5,BlueCross,Discharged Home,DOC-106
ADM-11061,PAT-2350,2025-09-20 20:28:00,2025-09-23 22:52:00,56,Female,Orthopedics,Emergency,2,3,3.1,0,9244.5,Medicare,Discharged Home,DOC-109
ADM-11062,PAT-1249,2025-06-14 17:28:00,2025-06-15 07:52:00,46,Male,Pediatrics,Emergency,3,76,0.6,0,3421.0,Medicare,Discharged Home,DOC-104
ADM-11063,PAT-1444,2026-01-15 23:36:00,2026-01-17 09:12:00,50,Male,Emergency,Emergency,4,129,1.4,0,2982.5,Medicaid,Discharged Home,DOC-103
ADM-11064,PAT-1713,2025-06-08 13:39:00,2025-06-12 18:27:00,32,Female,Emergency,Emergency,3,133,4.2,0,10860.5,BlueCross,Discharged Home,DOC-122
ADM-11065,PAT-2469,2024-06-18 07:01:00,2024-06-19 16:37:00,49,Female,Emergency,Emergency,4,68,1.4,0,10562.0,Medicaid,Discharged Home,DOC-120
ADM-11066,PAT-1556,2025-03-15 06:49:00,2025-03-17 09:13:00,37,Female,Cardiology,Elective,5,69,2.1,0,9615.5,BlueCross,Discharged Home,DOC-103
ADM-11067,PAT-1920,2024-10-27 20:36:00,2024-10-29 03:48:00,62,Female,Orthopedics,Elective,4,20,1.3,0,8954.0,Aetna,Discharged Home,DOC-117
ADM-11068,PAT-1721,2025-03-15 06:20:00,2025-03-19 08:44:00,18,Female,Emergency,Emergency,3,36,4.1,1,7880.0,Medicare,Discharged Home,DOC-122
ADM-11069,PAT-1761,2024-01-10 10:52:00,2024-01-13 20:28:00,70,Male,Emergency,Emergency,2,22,3.4,0,12887.0,Medicaid,Discharged Home,DOC-115
ADM-11070,PAT-2162,2024-10-17 20:32:00,2024-10-18 08:32:00,63,Female,Emergency,Urgent,4,19,0.5,0,997.5,Medicare,Discharged Home,DOC-123
ADM-11071,PAT-2244,2024-11-21 10:55:00,2024-11-26 10:55:00,36,Female,Neurology,Emergency,4,116,5.0,1,13290.0,Medicaid,Discharged Home,DOC-116
ADM-11072,PAT-2021,2025-04-08 05:50:00,2025-04-14 03:26:00,2,Male,Emergency,Urgent,3,13,5.9,0,16584.5,Aetna,Discharged Home,DOC-119
ADM-11073,PAT-1043,2025-04-17 09:42:00,2025-04-19 16:54:00,10,Male,Pediatrics,Emergency,2,12,2.3,0,3710.0,Medicare,AMA (Against Medical Advice),DOC-102
ADM-11074,PAT-2092,2024-03-12 16:02:00,2024-03-19 20:50:00,19,Male,Orthopedics,Urgent,2,63,7.2,0,17437.5,UnitedHealth,Discharged Home,DOC-124
ADM-11075,PAT-1616,2024-03-22 18:59:00,2024-03-24 11:47:00,70,Female,General Medicine,Urgent,2,26,1.7,0,7160.0,Aetna,Discharged Home,DOC-113
ADM-11076,PAT-1611,2025-09-24 03:30:00,2025-09-26 05:54:00,66,Female,Oncology,Emergency,3,20,2.1,1,6560.0,BlueCross,Referred to Rehab,DOC-101
ADM-11077,PAT-1284,2024-06-23 03:00:00,2024-06-26 10:12:00,68,Male,General Medicine,Emergency,2,12,3.3,0,4980.0,BlueCross,Discharged Home,DOC-112
ADM-11078,PAT-2100,2024-04-23 01:38:00,2024-04-24 01:38:00,79,Male,Orthopedics,Emergency,5,184,1.0,0,3974.0,Medicare,Discharged Home,DOC-123
ADM-11079,PAT-2254,2025-08-20 15:43:00,2025-08-21 22:55:00,68,Male,General Medicine,Elective,3,193,1.3,0,2432.5,Medicare,Discharged Home,DOC-105
ADM-11080,PAT-2196,2025-06-18 18:00:00,2025-06-22 03:36:00,92,Male,Neurology,Elective,3,20,3.4,0,8890.0,BlueCross,Discharged Home,DOC-116
ADM-11081,PAT-1574,2024-04-04 09:00:00,2024-04-05 13:48:00,69,Male,Emergency,Emergency,4,54,1.2,0,5806.0,BlueCross,Discharged Home,DOC-108
ADM-11082,PAT-2350,2024-03-02 07:15:00,2024-03-05 16:51:00,48,Female,Cardiology,Urgent,2,97,3.4,1,9762.5,Aetna,Transferred,DOC-113
ADM-11083,PAT-1384,2026-02-17 10:38:00,2026-02-23 10:38:00,77,Female,Emergency,Elective,2,9,6.0,1,17290.5,Medicaid,Discharged Home,DOC-117
ADM-11084,PAT-1216,2026-06-07 21:10:00,2026-06-13 21:10:00,57,Female,Orthopedics,Urgent,1,4,6.0,0,21299.0,BlueCross,Discharged Home,DOC-103
ADM-11085,PAT-1569,2024-05-30 15:44:00,2024-06-01 20:32:00,23,Male,General Medicine,Emergency,5,196,2.2,0,10393.0,Medicare,Discharged Home,DOC-101
ADM-11086,PAT-1943,2024-12-26 09:03:00,2024-12-28 11:27:00,26,Female,Pediatrics,Emergency,2,13,2.1,0,3392.5,Medicare,Discharged Home,DOC-112
ADM-11087,PAT-1883,2025-06-04 11:23:00,2025-06-06 06:35:00,22,Female,Neurology,Elective,3,37,1.8,0,4772.5,UnitedHealth,Discharged Home,DOC-104
ADM-11088,PAT-1100,2024-07-12 13:44:00,2024-07-15 13:44:00,59,Female,General Medicine,Elective,2,6,3.0,0,4515.0,BlueCross,Discharged Home,DOC-120
ADM-11089,PAT-2010,2025-10-23 08:29:00,2025-10-25 10:53:00,31,Male,Neurology,Elective,4,3,2.1,1,7765.5,Medicaid,Discharged Home,DOC-102
ADM-11090,PAT-2178,2024-10-09 07:43:00,2024-10-12 02:55:00,48,Male,Pediatrics,Emergency,4,2,2.8,0,10715.0,BlueCross,Discharged Home,DOC-113
ADM-11091,PAT-1804,2024-07-29 05:50:00,2024-08-03 05:50:00,79,Female,Emergency,Emergency,1,2,5.0,0,12852.0,UnitedHealth,Discharged Home,DOC-123
ADM-11092,PAT-2221,2025-05-30 23:54:00,2025-06-01 19:06:00,46,Male,Orthopedics,Emergency,3,342,1.8,0,11729.0,BlueCross,Transferred,DOC-123
ADM-11093,PAT-1488,2024-07-10 11:20:00,2024-07-15 06:32:00,67,Male,Pediatrics,Emergency,1,5,4.8,0,9353.5,Medicare,Discharged Home,DOC-122
ADM-11094,PAT-1971,2026-06-21 02:37:00,2026-06-21 21:49:00,28,Female,Orthopedics,Emergency,3,50,0.8,0,2045.0,Medicaid,Discharged Home,DOC-101
ADM-11095,PAT-2216,2026-06-13 08:26:00,2026-06-15 03:38:00,64,Female,Neurology,Emergency,3,38,1.8,0,5645.0,BlueCross,Discharged Home,DOC-119
ADM-11096,PAT-2392,2026-02-12 05:00:00,2026-02-12 17:00:00,53,Male,Neurology,Emergency,4,12,0.5,0,2649.0,Aetna,Referred to Rehab,DOC-124
ADM-11097,PAT-1687,2025-11-10 16:36:00,2025-11-13 07:00:00,69,Female,Cardiology,Elective,3,108,2.6,0,7550.0,BlueCross,Discharged Home,DOC-112
ADM-11098,PAT-1616,2024-04-25 09:12:00,2024-05-03 02:00:00,34,Female,Emergency,Elective,3,17,7.7,0,21137.5,UnitedHealth,Transferred,DOC-105
ADM-11099,PAT-1840,2024-02-01 08:20:00,2024-02-04 05:56:00,82,Female,Cardiology,Emergency,3,18,2.9,0,14365.0,BlueCross,Discharged Home,DOC-112
ADM-11100,PAT-1422,2024-10-07 21:23:00,2024-10-08 23:47:00,91,Male,Emergency,Elective,4,121,1.1,0,6572.5,UnitedHealth,Discharged Home,DOC-117
ADM-11101,PAT-1358,2025-08-26 14:14:00,2025-08-31 04:38:00,81,Female,Emergency,Emergency,1,2,4.6,0,11508.0,Medicare,Discharged Home,DOC-102
ADM-11102,PAT-2186,2025-03-19 15:31:00,2025-03-23 05:55:00,90,Male,Emergency,Elective,2,43,3.6,0,13939.5,BlueCross,Discharged Home,DOC-110
ADM-11103,PAT-1225,2025-11-28 05:07:00,2025-12-01 05:07:00,1,Female,Oncology,Urgent,4,91,3.0,0,12400.5,BlueCross,Discharged Home,DOC-122
ADM-11104,PAT-1333,2024-01-16 15:29:00,2024-01-19 03:29:00,73,Female,Emergency,Emergency,3,64,2.5,0,4910.0,Medicare,Discharged Home,DOC-119
ADM-11105,PAT-1252,2024-12-26 22:32:00,2025-01-01 03:20:00,55,Female,Oncology,Elective,3,105,5.2,0,17290.5,Medicaid,Discharged Home,DOC-112
ADM-11106,PAT-1580,2024-03-29 09:14:00,2024-03-29 21:14:00,70,Male,Emergency,Emergency,1,4,0.5,0,960.0,Medicare,Discharged Home,DOC-114
ADM-11107,PAT-2198,2024-12-29 08:29:00,2024-12-31 20:29:00,53,Female,General Medicine,Emergency,4,234,2.5,0,10053.0,Self-Pay,Discharged Home,DOC-113
ADM-11108,PAT-1200,2025-07-31 14:52:00,2025-08-02 19:40:00,27,Male,Cardiology,Emergency,5,106,2.2,0,9566.0,BlueCross,Discharged Home,DOC-105
ADM-11109,PAT-2399,2024-11-04 10:24:00,2024-11-06 03:12:00,7,Male,Orthopedics,Elective,3,63,1.7,0,4237.5,Medicaid,Transferred,DOC-121
ADM-11110,PAT-1944,2025-06-23 15:05:00,2025-06-24 15:05:00,74,Male,Cardiology,Elective,4,23,1.0,0,7484.5,Self-Pay,Discharged Home,DOC-123
ADM-11111,PAT-1732,2025-02-24 15:44:00,2025-02-25 03:44:00,85,Female,Emergency,Elective,2,5,0.5,0,962.5,Medicare,Discharged Home,DOC-125
ADM-11112,PAT-1862,2026-03-16 08:16:00,2026-03-21 03:28:00,50,Female,Cardiology,Emergency,2,2,4.8,1,17001.0,Medicare,Discharged Home,DOC-118
ADM-11113,PAT-2158,2025-02-16 22:52:00,2025-02-17 03:40:00,10,Male,Emergency,Urgent,4,6,0.2,0,8062.0,Aetna,Discharged Home,DOC-102
ADM-11114,PAT-1173,2025-08-31 03:19:00,2025-08-31 15:19:00,74,Female,Orthopedics,Elective,5,31,0.5,0,6409.5,Medicare,Discharged Home,DOC-111
ADM-11115,PAT-1124,2025-12-19 06:59:00,2026-01-06 09:23:00,64,Male,Orthopedics,Elective,1,3,18.1,0,48551.5,Aetna,Discharged Home,DOC-116
ADM-11116,PAT-1279,2025-10-05 10:36:00,2025-10-06 15:24:00,75,Female,Cardiology,Urgent,2,5,1.2,1,11544.5,Aetna,Discharged Home,DOC-116
ADM-11117,PAT-2277,2025-09-10 04:07:00,2025-09-11 01:43:00,21,Male,Emergency,Urgent,4,68,0.9,0,1880.0,BlueCross,Discharged Home,DOC-101
ADM-11118,PAT-2035,2025-02-18 16:30:00,2025-02-21 11:42:00,30,Female,Pediatrics,Emergency,3,19,2.8,0,11746.5,BlueCross,Discharged Home,DOC-118
ADM-11119,PAT-1533,2025-03-18 04:59:00,2025-03-24 04:59:00,45,Male,Emergency,Elective,3,44,6.0,0,13523.0,Medicaid,Discharged Home,DOC-124
ADM-11120,PAT-2346,2025-05-02 16:23:00,2025-05-06 11:35:00,62,Male,Cardiology,Elective,4,15,3.8,0,10677.5,BlueCross,Discharged Home,DOC-119
ADM-11121,PAT-2009,2025-12-15 03:39:00,2025-12-15 15:39:00,12,Female,General Medicine,Emergency,5,151,0.5,0,8291.5,BlueCross,Discharged Home,DOC-101
ADM-11122,PAT-1580,2025-08-17 10:20:00,2025-08-24 05:32:00,21,Male,Emergency,Emergency,2,27,6.8,0,12987.5,Medicare,Discharged Home,DOC-122
ADM-11123,PAT-2269,2026-06-22 15:38:00,2026-06-27 08:26:00,75,Female,Emergency,Emergency,3,106,4.7,0,9195.0,BlueCross,Discharged Home,DOC-112
ADM-11124,PAT-2025,2025-06-09 02:08:00,2025-06-19 06:56:00,57,Female,Neurology,Urgent,2,2,10.2,1,26525.0,BlueCross,Discharged Home,DOC-121
ADM-11125,PAT-2472,2026-03-14 22:28:00,2026-03-23 00:52:00,32,Female,Emergency,Emergency,3,88,8.1,0,15610.0,Aetna,Discharged Home,DOC-121
ADM-11126,PAT-1990,2025-08-12 17:18:00,2025-08-16 14:54:00,92,Male,Emergency,Emergency,2,11,3.9,0,12241.5,Medicare,Expired,DOC-123
ADM-11127,PAT-1663,2024-02-16 01:00:00,2024-02-26 01:00:00,36,Male,General Medicine,Urgent,1,6,10.0,0,16818.0,BlueCross,Discharged Home,DOC-122
ADM-11128,PAT-1217,2026-03-01 08:04:00,2026-03-04 03:16:00,81,Male,Emergency,Elective,3,49,2.8,0,5442.5,Aetna,Discharged Home,DOC-124
ADM-11129,PAT-1786,2024-04-27 01:16:00,2024-05-01 03:40:00,47,Female,Cardiology,Emergency,3,21,4.1,0,12629.5,UnitedHealth,Discharged Home,DOC-112
ADM-11130,PAT-2242,2025-01-21 04:32:00,2025-01-24 04:32:00,56,Female,General Medicine,Emergency,3,23,3.0,0,9757.5,UnitedHealth,Transferred,DOC-107
ADM-11131,PAT-1517,2024-07-25 05:31:00,2024-07-29 19:55:00,32,Male,Emergency,Emergency,2,17,4.6,0,13611.5,Medicaid,Discharged Home,DOC-107
ADM-11132,PAT-1176,2024-02-04 04:47:00,2024-02-05 07:11:00,67,Male,Oncology,Urgent,3,2,1.1,0,6860.0,UnitedHealth,Transferred,DOC-119
ADM-11133,PAT-2119,2024-07-13 07:04:00,2024-07-15 11:52:00,28,Female,Oncology,Emergency,4,202,2.2,0,11705.0,Self-Pay,Discharged Home,DOC-112
ADM-11134,PAT-2266,2025-10-02 12:50:00,2025-10-05 05:38:00,85,Female,Emergency,Elective,3,29,2.7,1,10364.5,BlueCross,Discharged Home,DOC-117
ADM-11135,PAT-1610,2025-09-07 18:27:00,2025-09-11 20:51:00,61,Male,Emergency,Urgent,1,2,4.1,0,7795.0,Medicaid,Transferred,DOC-110
ADM-11136,PAT-1514,2024-10-21 02:33:00,2024-10-21 19:21:00,57,Male,Orthopedics,Emergency,3,8,0.7,0,4177.0,Medicare,Discharged Home,DOC-120
ADM-11137,PAT-2024,2025-08-19 16:04:00,2025-08-24 08:52:00,30,Male,General Medicine,Emergency,3,6,4.7,0,9719.0,Medicaid,Referred to Rehab,DOC-102
ADM-11138,PAT-1692,2024-05-22 06:58:00,2024-05-26 04:34:00,52,Male,Cardiology,Elective,3,5,3.9,0,17443.5,Medicaid,Discharged Home,DOC-125
ADM-11139,PAT-2358,2024-12-20 02:24:00,2024-12-27 02:24:00,61,Male,Cardiology,Emergency,3,95,7.0,0,25237.5,BlueCross,Discharged Home,DOC-103
ADM-11140,PAT-2129,2024-02-06 16:57:00,2024-02-08 21:45:00,22,Male,Pediatrics,Emergency,3,269,2.2,0,10019.5,Medicare,Discharged Home,DOC-116
ADM-11141,PAT-1621,2025-07-01 20:45:00,2025-07-03 06:21:00,71,Male,General Medicine,Elective,4,24,1.4,0,8246.0,UnitedHealth,Transferred,DOC-101
ADM-11142,PAT-2131,2025-03-16 23:56:00,2025-03-19 14:20:00,83,Male,Orthopedics,Elective,3,2,2.6,1,7873.0,BlueCross,Discharged Home,DOC-104
ADM-11143,PAT-2260,2024-02-29 08:07:00,2024-03-03 05:43:00,52,Female,Cardiology,Emergency,2,3,2.9,0,8127.5,BlueCross,Discharged Home,DOC-108
ADM-11144,PAT-1845,2024-03-19 01:56:00,2024-03-21 11:32:00,46,Male,General Medicine,Emergency,2,50,2.4,0,3725.0,BlueCross,Discharged Home,DOC-102
ADM-11145,PAT-1643,2024-05-12 20:41:00,2024-05-19 13:29:00,37,Female,Orthopedics,Emergency,3,41,6.7,0,16182.5,Medicaid,Transferred,DOC-122
ADM-11146,PAT-1157,2025-12-23 12:11:00,2025-12-25 21:47:00,26,Female,General Medicine,Emergency,2,18,2.4,0,11179.0,UnitedHealth,Discharged Home,DOC-123
ADM-11147,PAT-1619,2025-06-23 09:07:00,2025-06-28 04:19:00,42,Male,Orthopedics,Emergency,3,53,4.8,0,11652.5,Medicare,Discharged Home,DOC-104
ADM-11148,PAT-1110,2024-10-13 02:40:00,2024-10-14 12:16:00,31,Female,Neurology,Emergency,5,156,1.4,1,4030.0,Aetna,Referred to Rehab,DOC-117
ADM-11149,PAT-1472,2025-01-16 04:50:00,2025-01-21 12:02:00,77,Male,Cardiology,Emergency,3,2,5.3,0,14845.0,Self-Pay,Referred to Rehab,DOC-115
ADM-11150,PAT-2331,2024-10-03 09:29:00,2024-10-24 09:29:00,21,Male,Cardiology,Emergency,3,72,21.0,0,61940.0,BlueCross,Transferred,DOC-103
ADM-11151,PAT-1122,2024-01-20 13:03:00,2024-01-23 15:27:00,83,Female,Emergency,Elective,3,15,3.1,1,5927.5,Medicare,Discharged Home,DOC-107
ADM-11152,PAT-1776,2025-11-07 10:24:00,2025-11-07 15:12:00,59,Male,Emergency,Emergency,4,2,0.2,1,8562.0,UnitedHealth,Discharged Home,DOC-120
ADM-11153,PAT-1688,2026-02-14 00:56:00,2026-02-16 12:56:00,43,Male,Emergency,Emergency,2,2,2.5,0,4755.0,Medicare,Discharged Home,DOC-114
ADM-11154,PAT-1875,2026-01-08 23:08:00,2026-01-11 20:44:00,49,Female,Emergency,Emergency,1,2,2.9,0,5515.0,Medicaid,Discharged Home,DOC-118
ADM-11155,PAT-1949,2024-06-15 13:00:00,2024-06-24 22:36:00,69,Female,Neurology,Emergency,2,14,9.4,1,32549.0,Medicaid,Discharged Home,DOC-101
ADM-11156,PAT-1574,2024-12-11 19:29:00,2024-12-17 19:29:00,53,Female,Orthopedics,Emergency,4,104,6.0,0,14660.0,Medicaid,Discharged Home,DOC-112
ADM-11157,PAT-1550,2024-05-07 10:28:00,2024-05-09 17:40:00,66,Male,Orthopedics,Emergency,4,2,2.3,0,8654.0,Aetna,Referred to Rehab,DOC-106
ADM-11158,PAT-1908,2024-02-07 12:14:00,2024-02-08 21:50:00,15,Female,Orthopedics,Emergency,3,4,1.4,0,10786.0,BlueCross,Discharged Home,DOC-114
ADM-11159,PAT-1119,2024-03-06 15:02:00,2024-03-11 12:38:00,65,Female,Pediatrics,Emergency,5,240,4.9,0,8440.0,Medicare,Discharged Home,DOC-109
ADM-11160,PAT-1531,2024-05-30 21:05:00,2024-06-01 09:05:00,22,Male,Orthopedics,Elective,4,60,1.5,0,6156.0,BlueCross,Transferred,DOC-102
ADM-11161,PAT-1377,2024-02-12 18:53:00,2024-02-15 09:17:00,60,Female,Pediatrics,Elective,3,84,2.6,0,5368.0,Medicaid,Referred to Rehab,DOC-109
ADM-11162,PAT-1527,2025-09-06 08:00:00,2025-09-10 22:24:00,88,Male,Oncology,Urgent,2,31,4.6,1,14337.5,BlueCross,Discharged Home,DOC-115
ADM-11163,PAT-1231,2025-08-07 12:40:00,2025-08-08 19:52:00,20,Female,Emergency,Urgent,4,12,1.3,0,3584.0,Aetna,Discharged Home,DOC-110
ADM-11164,PAT-1293,2025-02-21 22:15:00,2025-02-22 15:03:00,28,Female,Emergency,Urgent,4,67,0.7,0,4405.5,BlueCross,Discharged Home,DOC-106
ADM-11165,PAT-1754,2024-04-18 20:47:00,2024-04-21 23:11:00,50,Male,Emergency,Emergency,3,108,3.1,0,6160.0,Medicare,Discharged Home,DOC-123
ADM-11166,PAT-2040,2025-11-03 05:07:00,2025-11-05 12:19:00,89,Male,Neurology,Urgent,3,62,2.3,0,6135.0,BlueCross,Referred to Rehab,DOC-103
ADM-11167,PAT-1158,2025-07-05 04:08:00,2025-07-06 13:44:00,89,Female,Emergency,Emergency,3,15,1.4,0,7520.5,UnitedHealth,Expired,DOC-120
ADM-11168,PAT-1967,2024-07-18 19:38:00,2024-07-31 05:14:00,60,Female,General Medicine,Emergency,2,13,12.4,0,18632.5,Medicaid,Discharged Home,DOC-108
ADM-11169,PAT-1741,2025-03-31 13:59:00,2025-04-02 21:11:00,74,Male,Cardiology,Elective,4,26,2.3,0,6505.0,UnitedHealth,Discharged Home,DOC-117
ADM-11170,PAT-1156,2025-04-04 14:17:00,2025-04-05 02:17:00,90,Male,Emergency,Emergency,4,159,0.5,0,2873.5,Self-Pay,Discharged Home,DOC-108
ADM-11171,PAT-1834,2024-11-17 04:01:00,2024-11-20 01:37:00,80,Female,General Medicine,Elective,3,21,2.9,0,4402.5,Medicaid,Discharged Home,DOC-105
ADM-11172,PAT-2179,2026-06-16 15:29:00,2026-06-21 20:17:00,70,Male,Emergency,Urgent,3,40,5.2,1,9980.0,Medicare,Discharged Home,DOC-109
ADM-11173,PAT-2135,2026-05-03 14:43:00,2026-05-09 14:43:00,49,Male,Emergency,Urgent,2,4,6.0,0,11410.0,Medicare,Discharged Home,DOC-103
ADM-11174,PAT-1271,2024-12-28 04:21:00,2024-12-30 09:09:00,62,Female,Oncology,Emergency,4,49,2.2,0,12004.5,Medicaid,Discharged Home,DOC-110
ADM-11175,PAT-1243,2026-01-09 01:32:00,2026-01-16 08:44:00,56,Male,Emergency,Elective,1,15,7.3,0,13907.5,Self-Pay,Discharged Home,DOC-115
ADM-11176,PAT-1837,2025-12-17 04:35:00,2025-12-19 23:47:00,59,Female,Cardiology,Emergency,3,8,2.8,0,14288.0,Medicare,Discharged Home,DOC-117
ADM-11177,PAT-1171,2025-11-21 22:09:00,2025-11-27 05:21:00,64,Female,Orthopedics,Elective,2,14,5.3,0,15880.0,Self-Pay,Discharged Home,DOC-117
ADM-11178,PAT-2479,2025-05-20 11:38:00,2025-05-24 09:14:00,42,Female,Emergency,Emergency,2,20,3.9,0,7460.0,BlueCross,Transferred,DOC-117
ADM-11179,PAT-2187,2025-01-28 10:52:00,2025-01-29 06:04:00,59,Female,Cardiology,Emergency,3,8,0.8,0,10571.0,Aetna,Discharged Home,DOC-124
ADM-11180,PAT-2497,2024-04-11 11:51:00,2024-04-19 09:27:00,31,Female,Emergency,Elective,3,11,7.9,0,15037.5,Medicare,Discharged Home,DOC-109
ADM-11181,PAT-1996,2025-09-12 03:37:00,2025-09-14 22:49:00,25,Female,Orthopedics,Emergency,3,94,2.8,0,12914.0,Medicaid,Discharged Home,DOC-104
ADM-11182,PAT-1423,2025-07-06 18:21:00,2025-07-13 08:45:00,51,Male,Neurology,Emergency,3,9,6.6,0,17736.5,Medicaid,Discharged Home,DOC-101
ADM-11183,PAT-1756,2025-06-17 04:18:00,2025-06-26 21:06:00,7,Female,Cardiology,Elective,2,28,9.7,0,30146.0,Medicaid,Discharged Home,DOC-123
ADM-11184,PAT-2446,2024-03-29 04:40:00,2024-04-11 16:40:00,59,Female,Neurology,Emergency,2,4,13.5,0,41603.0,Medicaid,Discharged Home,DOC-112
ADM-11185,PAT-1161,2025-06-03 11:26:00,2025-06-09 21:02:00,48,Male,Emergency,Urgent,3,111,6.4,0,12437.5,Medicare,Discharged Home,DOC-117
ADM-11186,PAT-2376,2025-03-19 03:25:00,2025-03-25 08:13:00,68,Male,Emergency,Elective,3,76,6.2,0,18976.0,Medicare,Discharged Home,DOC-107
ADM-11187,PAT-2143,2024-05-20 20:00:00,2024-05-24 08:00:00,38,Male,Emergency,Elective,2,7,3.5,0,6667.5,Aetna,Discharged Home,DOC-122
ADM-11188,PAT-1400,2026-01-21 16:57:00,2026-01-22 19:21:00,50,Male,General Medicine,Emergency,4,103,1.1,0,1907.5,UnitedHealth,Discharged Home,DOC-103
ADM-11189,PAT-2057,2025-07-25 20:51:00,2025-08-03 04:03:00,18,Female,Cardiology,Emergency,1,15,8.3,1,23277.5,Medicare,Referred to Rehab,DOC-114
ADM-11190,PAT-2408,2025-10-15 11:54:00,2025-10-17 19:06:00,91,Male,Orthopedics,Emergency,2,8,2.3,0,11421.0,BlueCross,Expired,DOC-110
ADM-11191,PAT-1474,2025-09-04 12:11:00,2025-09-11 04:59:00,61,Female,General Medicine,Elective,3,86,6.7,0,13185.0,Medicare,Transferred,DOC-104
ADM-11192,PAT-1588,2024-04-28 06:00:00,2024-05-04 01:12:00,56,Female,General Medicine,Urgent,1,3,5.8,0,11819.5,BlueCross,Discharged Home,DOC-112
ADM-11193,PAT-2427,2025-09-07 14:03:00,2025-09-13 23:39:00,40,Female,Orthopedics,Elective,2,30,6.4,0,16172.0,Medicare,Discharged Home,DOC-117
ADM-11194,PAT-1440,2025-11-22 10:50:00,2025-11-24 08:26:00,19,Female,Oncology,Emergency,4,63,1.9,0,13174.5,Medicare,Discharged Home,DOC-113
ADM-11195,PAT-1533,2025-10-13 01:33:00,2025-10-14 11:09:00,61,Female,Emergency,Urgent,3,26,1.4,0,2725.0,Medicaid,Discharged Home,DOC-119
ADM-11196,PAT-1341,2024-05-12 20:38:00,2024-05-16 06:14:00,42,Female,Orthopedics,Emergency,3,2,3.4,0,16449.0,Aetna,Discharged Home,DOC-113
ADM-11197,PAT-1184,2025-11-01 01:40:00,2025-11-03 08:52:00,88,Male,Emergency,Elective,3,42,2.3,0,7941.0,BlueCross,Discharged Home,DOC-106
ADM-11198,PAT-2097,2026-03-31 05:30:00,2026-04-02 17:30:00,68,Female,Neurology,Elective,3,28,2.5,0,9785.0,Aetna,Discharged Home,DOC-118
ADM-11199,PAT-1509,2025-05-28 13:34:00,2025-06-05 06:22:00,1,Male,Neurology,Emergency,4,166,7.7,0,21281.0,BlueCross,Discharged Home,DOC-110
ADM-11200,PAT-1049,2024-10-05 04:13:00,2024-10-09 04:13:00,38,Male,Emergency,Elective,2,32,4.0,0,11275.0,BlueCross,Transferred,DOC-105
ADM-11201,PAT-1552,2024-01-21 00:30:00,2024-01-22 19:42:00,87,Female,Cardiology,Emergency,4,48,1.8,0,10097.0,Medicaid,Discharged Home,DOC-105
ADM-11202,PAT-1195,2025-03-11 17:29:00,2025-03-12 15:05:00,24,Female,Neurology,Emergency,5,30,0.9,0,5390.0,Medicare,Discharged Home,DOC-107
ADM-11203,PAT-1204,2024-10-25 14:39:00,2024-10-25 21:51:00,38,Female,Emergency,Urgent,4,43,0.3,0,5772.5,BlueCross,Discharged Home,DOC-110
ADM-11204,PAT-2439,2026-01-15 13:26:00,2026-01-19 08:38:00,71,Female,Emergency,Emergency,3,19,3.8,0,14015.5,Medicare,Discharged Home,DOC-104
ADM-11205,PAT-1926,2025-04-02 12:37:00,2025-04-03 07:49:00,83,Male,Emergency,Elective,4,50,0.8,0,1645.0,UnitedHealth,Discharged Home,DOC-105
ADM-11206,PAT-2290,2026-06-04 16:43:00,2026-06-05 19:07:00,63,Male,Orthopedics,Elective,3,94,1.1,0,4062.0,Medicare,Discharged Home,DOC-120
ADM-11207,PAT-1969,2026-02-24 16:50:00,2026-03-03 04:50:00,17,Male,Emergency,Urgent,3,48,6.5,0,12470.0,UnitedHealth,Discharged Home,DOC-111
ADM-11208,PAT-1308,2026-06-11 00:11:00,2026-06-15 02:35:00,89,Female,Neurology,Emergency,3,34,4.1,1,10745.0,BlueCross,Discharged Home,DOC-118
ADM-11209,PAT-2000,2025-04-17 16:29:00,2025-04-19 16:29:00,16,Female,Pediatrics,Elective,4,95,2.0,0,10971.5,Self-Pay,Discharged Home,DOC-124
ADM-11210,PAT-1166,2024-05-10 00:27:00,2024-05-11 00:27:00,73,Female,Pediatrics,Elective,5,60,1.0,0,1750.0,BlueCross,Discharged Home,DOC-106
ADM-11211,PAT-1404,2025-05-22 05:49:00,2025-05-30 08:13:00,49,Female,General Medicine,Emergency,2,2,8.1,0,16952.0,Aetna,Discharged Home,DOC-124
ADM-11212,PAT-2120,2025-03-21 10:02:00,2025-03-24 12:26:00,80,Male,Orthopedics,Emergency,5,179,3.1,0,15597.5,BlueCross,Discharged Home,DOC-117
ADM-11213,PAT-1660,2024-10-24 17:51:00,2024-10-29 20:15:00,66,Male,Emergency,Emergency,3,8,5.1,0,16786.0,Medicare,Discharged Home,DOC-123
ADM-11214,PAT-1760,2024-08-03 11:16:00,2024-08-08 01:40:00,86,Female,Oncology,Emergency,3,124,4.6,0,20969.0,Medicare,Transferred,DOC-105
ADM-11215,PAT-1336,2025-03-02 06:07:00,2025-03-05 08:31:00,71,Female,Emergency,Emergency,1,2,3.1,1,5895.0,BlueCross,Discharged Home,DOC-101
ADM-11216,PAT-1638,2024-12-04 03:13:00,2024-12-04 20:01:00,74,Female,Cardiology,Emergency,3,34,0.7,0,2045.0,Aetna,AMA (Against Medical Advice),DOC-106
ADM-11217,PAT-1136,2025-10-05 00:28:00,2025-10-06 00:28:00,38,Female,Cardiology,Elective,4,42,1.0,0,5654.0,BlueCross,Discharged Home,DOC-114
ADM-11218,PAT-2196,2025-07-28 18:28:00,2025-07-29 13:40:00,65,Female,Oncology,Elective,1,2,0.8,1,4644.0,Aetna,Discharged Home,DOC-105
ADM-11219,PAT-1210,2024-05-09 17:49:00,2024-05-10 17:49:00,79,Male,Emergency,Urgent,4,38,1.0,0,5199.0,Aetna,Discharged Home,DOC-119
ADM-11220,PAT-2238,2024-08-02 05:44:00,2024-08-04 17:44:00,69,Female,Orthopedics,Emergency,3,46,2.5,0,6115.0,Medicare,Discharged Home,DOC-107
ADM-11221,PAT-1187,2024-11-27 02:39:00,2024-12-06 00:15:00,51,Male,General Medicine,Urgent,3,63,8.9,0,14434.5,Medicaid,Discharged Home,DOC-115
ADM-11222,PAT-1871,2024-09-03 19:07:00,2024-09-06 02:19:00,16,Male,Neurology,Elective,3,26,2.3,0,6045.0,Aetna,Discharged Home,DOC-123
ADM-11223,PAT-1971,2026-06-23 20:39:00,2026-06-29 06:15:00,27,Male,Neurology,Elective,2,6,5.4,1,22381.0,Aetna,Referred to Rehab,DOC-121
ADM-11224,PAT-1568,2025-05-16 23:43:00,2025-05-21 23:43:00,44,Female,General Medicine,Emergency,3,28,5.0,0,13684.0,UnitedHealth,Transferred,DOC-114
ADM-11225,PAT-2335,2026-02-28 22:52:00,2026-03-05 01:16:00,12,Female,Orthopedics,Emergency,3,80,4.1,0,10040.0,BlueCross,Discharged Home,DOC-120
ADM-11226,PAT-2146,2024-07-19 15:05:00,2024-07-20 07:53:00,30,Male,Emergency,Elective,4,33,0.7,0,1412.5,BlueCross,Discharged Home,DOC-111
ADM-11227,PAT-1192,2024-02-04 22:05:00,2024-02-06 12:29:00,26,Female,Cardiology,Emergency,4,107,1.6,0,4747.5,BlueCross,Referred to Rehab,DOC-102
ADM-11228,PAT-2424,2026-06-02 16:04:00,2026-06-07 04:04:00,66,Male,Orthopedics,Urgent,3,2,4.5,0,16484.0,BlueCross,Discharged Home,DOC-106
ADM-11229,PAT-1969,2025-12-23 06:02:00,2025-12-28 13:14:00,71,Male,Emergency,Elective,2,18,5.3,1,11693.0,Medicare,Discharged Home,DOC-104
ADM-11230,PAT-1114,2024-04-09 18:34:00,2024-04-10 08:58:00,68,Female,Emergency,Emergency,4,33,0.6,0,7088.5,Medicaid,Referred to Rehab,DOC-101
ADM-11231,PAT-1681,2025-06-12 00:29:00,2025-06-13 19:41:00,40,Female,Cardiology,Elective,4,197,1.8,0,9334.5,Medicare,Discharged Home,DOC-122
ADM-11232,PAT-2371,2026-01-16 09:06:00,2026-01-22 23:30:00,20,Male,Neurology,Elective,1,9,6.6,0,17182.5,Medicaid,Discharged Home,DOC-109
ADM-11233,PAT-2246,2025-10-12 00:06:00,2025-10-14 19:18:00,40,Male,Cardiology,Emergency,3,65,2.8,0,8002.5,BlueCross,Referred to Rehab,DOC-104
ADM-11234,PAT-1699,2024-03-31 03:58:00,2024-04-05 15:58:00,36,Female,Cardiology,Elective,3,5,5.5,0,17407.5,Medicare,Discharged Home,DOC-106
ADM-11235,PAT-1650,2025-10-15 12:47:00,2025-10-19 15:11:00,51,Male,General Medicine,Emergency,2,4,4.1,0,13846.0,Medicare,Discharged Home,DOC-108
ADM-11236,PAT-1630,2024-02-24 12:56:00,2024-02-26 10:32:00,70,Female,Cardiology,Emergency,4,68,1.9,0,7448.0,UnitedHealth,Referred to Rehab,DOC-119
ADM-11237,PAT-1646,2024-06-30 10:04:00,2024-07-01 19:40:00,25,Male,Oncology,Emergency,3,101,1.4,0,4592.5,BlueCross,Discharged Home,DOC-103
ADM-11238,PAT-2003,2026-04-29 21:32:00,2026-05-01 19:08:00,57,Female,General Medicine,Elective,2,48,1.9,1,4866.0,Medicare,Discharged Home,DOC-119
ADM-11239,PAT-1789,2024-12-21 22:03:00,2024-12-29 02:51:00,64,Female,Emergency,Emergency,3,14,7.2,0,20738.0,Medicare,Discharged Home,DOC-111
ADM-11240,PAT-2432,2025-06-09 07:11:00,2025-06-15 02:23:00,79,Male,Emergency,Urgent,2,52,5.8,0,11150.0,Medicaid,Discharged Home,DOC-102
ADM-11241,PAT-1236,2024-05-23 15:56:00,2024-05-24 15:56:00,66,Female,Emergency,Elective,4,3,1.0,0,1907.5,Medicare,Discharged Home,DOC-119
ADM-11242,PAT-1069,2026-06-09 00:16:00,2026-06-10 07:28:00,40,Female,Neurology,Emergency,3,9,1.3,0,3402.5,Medicare,Referred to Rehab,DOC-111
ADM-11243,PAT-2326,2025-04-23 18:39:00,2025-04-28 13:51:00,23,Male,Neurology,Emergency,2,12,4.8,1,12510.0,Self-Pay,Referred to Rehab,DOC-120
ADM-11244,PAT-1934,2024-09-15 12:44:00,2024-09-23 15:08:00,58,Male,Orthopedics,Emergency,3,132,8.1,0,24223.0,Medicare,Referred to Rehab,DOC-110
ADM-11245,PAT-1082,2025-03-12 09:11:00,2025-03-17 23:35:00,42,Female,Cardiology,Emergency,4,2,5.6,0,19467.0,Medicare,Transferred,DOC-106
ADM-11246,PAT-2048,2025-08-04 04:45:00,2025-08-06 16:45:00,65,Male,Emergency,Elective,3,8,2.5,0,4770.0,Medicare,Discharged Home,DOC-102
ADM-11247,PAT-1185,2025-04-14 13:30:00,2025-04-16 15:54:00,75,Female,Cardiology,Urgent,5,18,2.1,1,5925.0,UnitedHealth,Discharged Home,DOC-105
ADM-11248,PAT-1410,2024-08-29 06:56:00,2024-08-30 02:08:00,6,Male,Emergency,Elective,4,12,0.8,0,3312.0,Medicare,Referred to Rehab,DOC-125
ADM-11249,PAT-1766,2025-04-27 18:46:00,2025-04-28 16:22:00,51,Male,Orthopedics,Elective,3,63,0.9,0,8541.5,Medicaid,AMA (Against Medical Advice),DOC-116
ADM-11250,PAT-2368,2025-01-31 04:23:00,2025-02-02 16:23:00,44,Male,Pediatrics,Urgent,2,28,2.5,0,4070.0,UnitedHealth,Discharged Home,DOC-113
ADM-11251,PAT-1669,2025-06-30 02:26:00,2025-07-06 16:50:00,67,Female,Cardiology,Emergency,2,9,6.6,0,18502.5,Medicare,Discharged Home,DOC-119
ADM-11252,PAT-1055,2025-01-05 11:36:00,2025-01-13 14:00:00,8,Female,General Medicine,Urgent,3,2,8.1,0,12668.0,BlueCross,Discharged Home,DOC-125
ADM-11253,PAT-1815,2024-07-11 01:30:00,2024-07-12 03:54:00,53,Female,Emergency,Elective,3,17,1.1,0,2132.5,UnitedHealth,Discharged Home,DOC-111
ADM-11254,PAT-1786,2025-01-31 23:02:00,2025-02-04 11:02:00,80,Female,Orthopedics,Emergency,3,31,3.5,0,9262.5,Medicare,Discharged Home,DOC-114
ADM-11255,PAT-1367,2025-04-21 02:49:00,2025-04-28 19:37:00,6,Male,Emergency,Emergency,3,116,7.7,0,14920.0,BlueCross,Discharged Home,DOC-121
ADM-11256,PAT-1828,2025-12-03 15:31:00,2025-12-05 10:43:00,75,Female,Orthopedics,Elective,3,4,1.8,0,4330.0,Medicare,Discharged Home,DOC-122
ADM-11257,PAT-1822,2024-09-21 21:38:00,2024-09-23 16:50:00,42,Female,Orthopedics,Urgent,3,76,1.8,0,4510.0,Medicare,Discharged Home,DOC-115
ADM-11258,PAT-2028,2024-04-24 06:06:00,2024-04-30 10:54:00,61,Female,General Medicine,Urgent,3,2,6.2,0,14160.0,Medicare,Discharged Home,DOC-122
ADM-11259,PAT-1163,2024-07-21 17:34:00,2024-07-28 10:22:00,5,Female,Cardiology,Urgent,2,9,6.7,0,25242.5,Medicare,Discharged Home,DOC-114
ADM-11260,PAT-1099,2025-04-16 12:31:00,2025-04-21 12:31:00,47,Female,Emergency,Elective,1,2,5.0,0,9505.0,Medicare,Transferred,DOC-112
ADM-11261,PAT-1516,2025-07-09 09:07:00,2025-07-13 16:19:00,14,Male,Emergency,Urgent,3,54,4.3,0,8305.0,Medicaid,Transferred,DOC-101
ADM-11262,PAT-1914,2024-12-31 01:14:00,2025-01-01 01:14:00,66,Male,Cardiology,Elective,3,8,1.0,0,6565.0,Medicaid,Discharged Home,DOC-103
ADM-11263,PAT-2095,2025-03-17 09:22:00,2025-03-22 14:10:00,69,Female,Cardiology,Urgent,2,9,5.2,0,14582.5,Medicare,Discharged Home,DOC-120
ADM-11264,PAT-1499,2024-11-30 12:43:00,2024-12-05 03:07:00,36,Male,Oncology,Emergency,4,95,4.6,0,14497.5,BlueCross,Transferred,DOC-124
ADM-11265,PAT-2306,2025-10-14 10:18:00,2025-10-21 00:42:00,73,Female,Emergency,Emergency,3,2,6.6,0,13228.0,Aetna,Discharged Home,DOC-124
ADM-11266,PAT-1526,2025-08-07 08:54:00,2025-08-08 20:54:00,44,Male,Emergency,Elective,4,98,1.5,0,8011.0,Medicare,Discharged Home,DOC-108
ADM-11267,PAT-2421,2026-02-17 14:54:00,2026-02-23 00:30:00,2,Male,Orthopedics,Elective,2,32,5.4,0,13040.0,BlueCross,Expired,DOC-106
ADM-11268,PAT-1566,2024-07-04 23:08:00,2024-07-08 03:56:00,39,Female,Pediatrics,Emergency,3,85,3.2,1,5332.5,BlueCross,Transferred,DOC-107
ADM-11269,PAT-1038,2025-04-18 20:26:00,2025-04-24 20:26:00,39,Female,General Medicine,Emergency,3,24,6.0,0,14760.0,UnitedHealth,Discharged Home,DOC-108
ADM-11270,PAT-1460,2025-09-18 09:49:00,2025-09-19 12:13:00,78,Male,Emergency,Elective,4,96,1.1,0,6603.0,BlueCross,Discharged Home,DOC-121
ADM-11271,PAT-2219,2024-12-17 11:37:00,2024-12-20 02:01:00,86,Male,General Medicine,Emergency,4,45,2.6,0,4012.5,Aetna,Discharged Home,DOC-105
ADM-11272,PAT-1946,2024-09-18 13:45:00,2024-09-19 20:57:00,16,Female,Cardiology,Emergency,4,27,1.3,0,3707.5,Medicare,Discharged Home,DOC-103
ADM-11273,PAT-2293,2026-02-04 18:04:00,2026-02-05 10:52:00,57,Male,Emergency,Elective,5,136,0.7,0,1670.0,Aetna,Discharged Home,DOC-122
ADM-11274,PAT-1957,2025-10-01 12:00:00,2025-10-03 12:00:00,22,Male,General Medicine,Elective,3,49,2.0,0,7024.5,BlueCross,Discharged Home,DOC-101
ADM-11275,PAT-1581,2025-01-22 20:43:00,2025-01-24 06:19:00,88,Male,Emergency,Emergency,4,135,1.4,0,2997.5,BlueCross,Discharged Home,DOC-107
ADM-11276,PAT-1226,2024-12-26 07:25:00,2024-12-27 21:49:00,23,Female,Neurology,Emergency,4,254,1.6,0,10204.0,Medicaid,Discharged Home,DOC-125
ADM-11277,PAT-1743,2025-05-29 18:16:00,2025-05-31 11:04:00,39,Female,Emergency,Emergency,3,105,1.7,0,5836.5,Medicare,Discharged Home,DOC-116
ADM-11278,PAT-1950,2025-02-13 09:50:00,2025-02-15 21:50:00,44,Male,Emergency,Urgent,2,14,2.5,0,4785.0,Medicare,Discharged Home,DOC-125
ADM-11279,PAT-1950,2025-03-04 14:00:00,2025-03-09 21:12:00,39,Female,Emergency,Elective,3,18,5.3,1,10115.0,BlueCross,Transferred,DOC-108
ADM-11280,PAT-1283,2024-01-24 11:05:00,2024-01-27 06:17:00,20,Female,Cardiology,Elective,3,29,2.8,0,9775.5,Self-Pay,Transferred,DOC-116
ADM-11281,PAT-2401,2025-07-19 17:27:00,2025-07-23 07:51:00,46,Female,Neurology,Emergency,2,7,3.6,0,16842.5,Medicaid,Discharged Home,DOC-115
ADM-11282,PAT-1755,2024-05-15 10:00:00,2024-05-18 12:24:00,8,Female,Emergency,Urgent,3,135,3.1,1,6227.5,Medicaid,Discharged Home,DOC-119
ADM-11283,PAT-1944,2024-09-04 06:02:00,2024-09-07 15:38:00,90,Female,Oncology,Elective,4,129,3.4,0,15459.5,BlueCross,Discharged Home,DOC-120
ADM-11284,PAT-1678,2026-02-05 01:06:00,2026-02-06 03:30:00,25,Male,Emergency,Emergency,5,4,1.1,0,6857.0,Medicare,Discharged Home,DOC-113
ADM-11285,PAT-1144,2026-01-02 20:43:00,2026-01-03 11:07:00,68,Male,Orthopedics,Emergency,2,4,0.6,0,6325.0,Medicare,Referred to Rehab,DOC-115
ADM-11286,PAT-1984,2025-02-13 17:27:00,2025-02-18 10:15:00,58,Female,Emergency,Elective,3,47,4.7,0,13151.5,UnitedHealth,Discharged Home,DOC-104
ADM-11287,PAT-1212,2026-01-09 05:46:00,2026-01-09 17:46:00,45,Male,Cardiology,Urgent,5,11,0.5,0,1427.5,Medicaid,Discharged Home,DOC-105
ADM-11288,PAT-1497,2025-10-19 23:40:00,2025-10-20 06:52:00,24,Female,Emergency,Elective,5,686,0.3,0,6811.0,Medicaid,Discharged Home,DOC-125
ADM-11289,PAT-1532,2026-03-17 15:22:00,2026-03-19 08:10:00,85,Female,Emergency,Elective,3,10,1.7,0,8409.0,Medicare,Discharged Home,DOC-102
ADM-11290,PAT-1286,2026-06-20 12:39:00,2026-06-23 07:51:00,34,Male,General Medicine,Emergency,3,37,2.8,0,10639.5,Medicare,Discharged Home,DOC-123
ADM-11291,PAT-1324,2024-06-07 23:43:00,2024-06-09 06:55:00,33,Female,Emergency,Elective,2,6,1.3,0,2485.0,BlueCross,Discharged Home,DOC-113
ADM-11292,PAT-1526,2024-05-31 19:56:00,2024-06-03 00:44:00,18,Female,Emergency,Emergency,3,188,2.2,0,4650.0,Medicare,Discharged Home,DOC-117
ADM-11293,PAT-2058,2025-10-21 05:19:00,2025-10-23 12:31:00,33,Female,Orthopedics,Urgent,4,20,2.3,0,10174.0,BlueCross,Discharged Home,DOC-112
ADM-11294,PAT-1774,2024-06-28 16:31:00,2024-06-29 09:19:00,87,Female,Pediatrics,Emergency,3,5,0.7,0,1748.5,BlueCross,Discharged Home,DOC-103
ADM-11295,PAT-1701,2024-10-11 20:46:00,2024-10-20 06:22:00,8,Male,Emergency,Emergency,1,2,8.4,1,22930.0,Medicare,AMA (Against Medical Advice),DOC-107
ADM-11296,PAT-1730,2026-05-10 17:53:00,2026-05-12 03:29:00,32,Male,Emergency,Emergency,4,96,1.4,0,6378.0,Medicare,Discharged Home,DOC-113
ADM-11297,PAT-2282,2025-07-20 18:15:00,2025-07-21 06:15:00,62,Female,Neurology,Elective,4,173,0.5,0,6637.5,Aetna,Discharged Home,DOC-102
ADM-11298,PAT-1914,2025-12-07 22:12:00,2025-12-09 05:24:00,79,Male,Emergency,Emergency,4,21,1.3,0,2522.5,Medicaid,Discharged Home,DOC-106
ADM-11299,PAT-1082,2026-01-20 02:10:00,2026-01-24 04:34:00,35,Male,Emergency,Emergency,3,224,4.1,0,9935.0,Medicare,Discharged Home,DOC-102
ADM-11300,PAT-1425,2025-04-20 03:21:00,2025-04-22 20:09:00,89,Female,Pediatrics,Emergency,2,4,2.7,1,11231.0,BlueCross,Discharged Home,DOC-121
ADM-11301,PAT-1149,2025-05-02 06:44:00,2025-05-07 01:56:00,49,Male,Emergency,Urgent,3,25,4.8,0,9182.5,Medicaid,Referred to Rehab,DOC-120
ADM-11302,PAT-1997,2026-05-31 03:48:00,2026-06-01 06:12:00,36,Female,Emergency,Emergency,4,125,1.1,0,8166.5,UnitedHealth,Discharged Home,DOC-121
ADM-11303,PAT-2258,2025-05-19 21:32:00,2025-05-26 04:44:00,18,Female,Orthopedics,Elective,2,3,6.3,0,15127.5,BlueCross,Transferred,DOC-117
ADM-11304,PAT-1581,2024-10-08 23:08:00,2024-10-10 13:32:00,63,Female,Oncology,Emergency,5,201,1.6,0,8491.5,Aetna,Discharged Home,DOC-104
ADM-11305,PAT-1373,2025-05-22 05:34:00,2025-05-23 12:46:00,18,Female,Orthopedics,Emergency,4,120,1.3,0,3420.0,Medicare,Discharged Home,DOC-122
ADM-11306,PAT-1623,2024-07-17 03:42:00,2024-07-28 03:42:00,81,Male,General Medicine,Emergency,2,2,11.0,0,18751.0,Medicaid,Discharged Home,DOC-110
ADM-11307,PAT-1655,2025-09-16 07:10:00,2025-09-19 09:34:00,92,Female,Pediatrics,Elective,3,45,3.1,0,6838.5,Medicare,Discharged Home,DOC-107
ADM-11308,PAT-1811,2024-11-29 17:37:00,2024-12-09 05:37:00,51,Male,Emergency,Emergency,2,14,9.5,0,23938.0,BlueCross,Discharged Home,DOC-114
ADM-11309,PAT-2487,2025-01-14 04:56:00,2025-01-19 16:56:00,25,Female,Cardiology,Emergency,2,2,5.5,0,15405.0,Medicare,Expired,DOC-124
ADM-11310,PAT-1645,2026-02-19 14:14:00,2026-02-22 09:26:00,59,Female,Cardiology,Elective,4,128,2.8,0,8160.0,Medicaid,Discharged Home,DOC-102
ADM-11311,PAT-1837,2024-01-20 06:54:00,2024-01-21 14:06:00,85,Female,Orthopedics,Emergency,5,295,1.3,0,3857.5,Medicare,Expired,DOC-110
ADM-11312,PAT-1764,2025-07-25 19:06:00,2025-08-02 21:30:00,28,Female,General Medicine,Emergency,1,3,8.1,0,19189.5,BlueCross,Discharged Home,DOC-117
ADM-11313,PAT-1901,2024-11-29 16:22:00,2024-12-01 18:46:00,9,Male,Emergency,Emergency,2,28,2.1,0,9417.0,Medicare,Discharged Home,DOC-102
ADM-11314,PAT-2350,2024-10-13 20:42:00,2024-10-15 08:42:00,40,Male,General Medicine,Urgent,4,34,1.5,0,3320.0,BlueCross,Discharged Home,DOC-121
ADM-11315,PAT-1701,2024-04-23 16:06:00,2024-04-28 01:42:00,85,Female,Emergency,Emergency,3,80,4.4,0,8560.0,BlueCross,Referred to Rehab,DOC-111
ADM-11316,PAT-2500,2025-08-10 06:49:00,2025-08-18 06:49:00,75,Female,General Medicine,Emergency,2,14,8.0,0,16125.0,UnitedHealth,Discharged Home,DOC-119
ADM-11317,PAT-2119,2024-05-23 02:19:00,2024-05-24 07:07:00,35,Male,General Medicine,Emergency,3,22,1.2,0,8083.0,Medicaid,Referred to Rehab,DOC-111
ADM-11318,PAT-1739,2025-04-24 07:46:00,2025-05-02 14:58:00,52,Female,Emergency,Emergency,1,3,8.3,0,19005.5,Medicaid,Discharged Home,DOC-123
ADM-11319,PAT-1530,2024-05-02 21:55:00,2024-05-03 14:43:00,37,Male,Emergency,Elective,5,12,0.7,0,1360.0,Medicare,Expired,DOC-102
ADM-11320,PAT-2082,2024-02-02 17:12:00,2024-02-04 05:12:00,2,Female,Oncology,Emergency,4,31,1.5,0,7906.5,Medicare,Discharged Home,DOC-116
ADM-11321,PAT-1578,2025-07-25 03:50:00,2025-07-29 11:02:00,48,Male,Orthopedics,Urgent,3,91,4.3,0,17589.5,Self-Pay,Referred to Rehab,DOC-103
ADM-11322,PAT-2175,2026-02-24 23:20:00,2026-03-08 01:44:00,37,Male,General Medicine,Elective,2,17,11.1,0,19460.5,Self-Pay,Discharged Home,DOC-124
ADM-11323,PAT-1311,2025-04-09 18:00:00,2025-04-10 06:00:00,11,Female,Neurology,Elective,3,16,0.5,0,7897.0,Medicaid,Discharged Home,DOC-114
ADM-11324,PAT-1043,2024-01-20 00:17:00,2024-01-21 02:41:00,55,Female,General Medicine,Emergency,2,34,1.1,0,1735.0,Medicaid,Transferred,DOC-109
ADM-11325,PAT-1456,2026-02-27 19:36:00,2026-03-03 17:12:00,60,Male,Neurology,Emergency,3,183,3.9,0,18414.5,Medicare,Discharged Home,DOC-119
ADM-11326,PAT-1312,2024-07-04 03:26:00,2024-07-05 13:02:00,42,Female,Neurology,Elective,4,60,1.4,0,3790.0,BlueCross,Referred to Rehab,DOC-102
ADM-11327,PAT-1260,2025-11-04 07:07:00,2025-11-06 16:43:00,56,Male,Orthopedics,Elective,5,67,2.4,0,5927.5,Self-Pay,Transferred,DOC-109
ADM-11328,PAT-1477,2026-06-17 15:00:00,2026-06-26 03:00:00,42,Male,Cardiology,Emergency,2,56,8.5,0,23940.0,BlueCross,Discharged Home,DOC-101
ADM-11329,PAT-1909,2025-02-12 06:46:00,2025-02-17 09:10:00,47,Female,Orthopedics,Elective,1,2,5.1,0,12245.0,Medicare,Discharged Home,DOC-104
ADM-11330,PAT-1190,2024-06-15 07:09:00,2024-06-16 16:45:00,64,Male,Orthopedics,Emergency,2,5,1.4,0,3372.5,UnitedHealth,Discharged Home,DOC-120
ADM-11331,PAT-1733,2026-03-29 17:18:00,2026-03-31 02:54:00,52,Male,Cardiology,Emergency,5,191,1.4,0,4397.5,Aetna,Discharged Home,DOC-104
ADM-11332,PAT-1935,2026-05-28 03:24:00,2026-06-04 15:24:00,18,Female,Cardiology,Emergency,2,23,7.5,0,21057.5,Medicare,Discharged Home,DOC-103
ADM-11333,PAT-1889,2026-06-15 16:05:00,2026-06-17 16:05:00,73,Female,General Medicine,Elective,3,27,2.0,0,3067.5,Self-Pay,Discharged Home,DOC-124
ADM-11334,PAT-2325,2025-08-01 00:18:00,2025-08-01 19:30:00,78,Male,Emergency,Urgent,3,28,0.8,0,1590.0,Medicare,Discharged Home,DOC-123
ADM-11335,PAT-1962,2025-01-15 21:04:00,2025-01-23 04:16:00,19,Female,General Medicine,Elective,2,34,7.3,0,12825.0,Self-Pay,Discharged Home,DOC-106
ADM-11336,PAT-2062,2026-06-19 03:44:00,2026-06-23 18:08:00,41,Female,Cardiology,Elective,1,2,4.6,0,13630.0,Medicaid,Discharged Home,DOC-110
ADM-11337,PAT-1826,2024-01-30 00:52:00,2024-02-02 22:28:00,54,Female,Orthopedics,Emergency,1,2,3.9,0,9365.0,Medicare,Discharged Home,DOC-102
ADM-11338,PAT-1295,2024-06-10 03:25:00,2024-06-14 10:37:00,63,Male,Orthopedics,Emergency,3,42,4.3,0,10425.0,Medicaid,Discharged Home,DOC-103
ADM-11339,PAT-1859,2026-05-26 18:19:00,2026-05-31 13:31:00,85,Female,Emergency,Urgent,3,51,4.8,0,16766.5,BlueCross,Discharged Home,DOC-121
ADM-11340,PAT-1001,2024-11-26 22:24:00,2024-11-30 15:12:00,33,Male,Emergency,Urgent,3,24,3.7,0,15428.0,BlueCross,Discharged Home,DOC-123
ADM-11341,PAT-1197,2024-05-08 07:29:00,2024-05-09 00:17:00,69,Male,Orthopedics,Emergency,5,106,0.7,0,9043.0,Medicaid,Discharged Home,DOC-108
ADM-11342,PAT-2350,2026-06-27 20:59:00,2026-07-01 23:23:00,41,Female,Emergency,Elective,3,70,4.1,0,7965.0,Medicare,Transferred,DOC-106
ADM-11343,PAT-2495,2026-02-17 04:29:00,2026-02-19 06:53:00,68,Female,Cardiology,Emergency,3,32,2.1,0,5960.0,Self-Pay,Discharged Home,DOC-105
ADM-11344,PAT-2186,2026-03-24 06:45:00,2026-03-28 09:09:00,58,Male,Cardiology,Elective,2,7,4.1,1,12114.5,Medicaid,Discharged Home,DOC-102
ADM-11345,PAT-1487,2025-05-10 11:44:00,2025-05-11 06:56:00,30,Female,Orthopedics,Emergency,3,170,0.8,0,2345.0,Medicare,Discharged Home,DOC-119
ADM-11346,PAT-1830,2025-07-12 15:00:00,2025-07-19 10:12:00,90,Female,General Medicine,Urgent,3,217,6.8,0,10742.5,BlueCross,Discharged Home,DOC-125
ADM-11347,PAT-2053,2026-04-06 16:38:00,2026-04-11 19:02:00,51,Female,Emergency,Elective,3,78,5.1,0,14123.0,Medicaid,Discharged Home,DOC-122
ADM-11348,PAT-1701,2025-10-19 00:52:00,2025-10-21 20:04:00,26,Female,General Medicine,Emergency,1,2,2.8,1,5739.0,Medicare,Referred to Rehab,DOC-115
ADM-11349,PAT-1227,2026-06-13 11:51:00,2026-06-14 02:15:00,68,Male,Emergency,Emergency,4,78,0.6,1,9531.0,BlueCross,Discharged Home,DOC-117
ADM-11350,PAT-1373,2026-05-10 23:13:00,2026-05-14 20:49:00,62,Male,Oncology,Emergency,3,15,3.9,1,12127.5,Aetna,Discharged Home,DOC-124
ADM-11351,PAT-1724,2026-03-30 18:11:00,2026-03-31 08:35:00,37,Male,Emergency,Emergency,3,200,0.6,0,1640.0,Medicaid,Discharged Home,DOC-117
ADM-11352,PAT-1341,2025-10-12 21:39:00,2025-10-15 14:27:00,23,Male,Cardiology,Urgent,3,19,2.7,0,9960.5,UnitedHealth,Discharged Home,DOC-125
ADM-11353,PAT-2466,2024-10-12 01:40:00,2024-10-12 16:04:00,65,Male,Oncology,Emergency,4,81,0.6,0,10335.5,BlueCross,Discharged Home,DOC-113
ADM-11354,PAT-2068,2026-01-08 10:14:00,2026-01-08 15:02:00,33,Male,Emergency,Emergency,5,67,0.2,0,547.5,Self-Pay,Discharged Home,DOC-110
ADM-11355,PAT-1427,2024-05-27 16:24:00,2024-05-28 23:36:00,70,Male,Emergency,Elective,4,10,1.3,0,9605.0,UnitedHealth,Discharged Home,DOC-108
ADM-11356,PAT-1801,2024-09-11 11:57:00,2024-09-13 21:33:00,59,Male,Oncology,Urgent,5,50,2.4,0,7565.0,Medicare,Discharged Home,DOC-109
ADM-11357,PAT-1287,2024-07-29 15:08:00,2024-07-31 19:56:00,69,Male,Emergency,Elective,3,18,2.2,0,4225.0,Medicare,Discharged Home,DOC-111
ADM-11358,PAT-1022,2026-03-01 21:27:00,2026-03-02 21:27:00,4,Male,Emergency,Elective,4,24,1.0,0,1960.0,Medicaid,Discharged Home,DOC-104
ADM-11359,PAT-2108,2024-02-11 13:01:00,2024-02-27 03:25:00,22,Female,General Medicine,Elective,2,11,15.6,1,26019.5,Medicaid,Discharged Home,DOC-115
ADM-11360,PAT-1872,2024-08-18 17:50:00,2024-08-21 17:50:00,6,Female,Orthopedics,Emergency,4,37,3.0,0,7292.5,Medicaid,Discharged Home,DOC-120
ADM-11361,PAT-2226,2025-03-07 01:56:00,2025-03-11 04:20:00,25,Female,Pediatrics,Elective,1,6,4.1,0,14162.0,UnitedHealth,Discharged Home,DOC-124
ADM-11362,PAT-2500,2025-03-05 22:45:00,2025-03-08 10:45:00,66,Female,Orthopedics,Emergency,3,10,2.5,1,9446.0,Medicare,Discharged Home,DOC-104
ADM-11363,PAT-2460,2025-08-28 14:48:00,2025-09-02 12:24:00,86,Male,Neurology,Urgent,4,37,4.9,0,14183.5,Medicare,Discharged Home,DOC-123
ADM-11364,PAT-1999,2024-02-13 20:32:00,2024-02-19 10:56:00,37,Female,Neurology,Emergency,3,14,5.6,0,14595.0,Self-Pay,Discharged Home,DOC-121
ADM-11365,PAT-1201,2025-08-17 22:57:00,2025-08-19 01:21:00,21,Female,Emergency,Elective,4,38,1.1,0,9363.0,Self-Pay,Discharged Home,DOC-124
ADM-11366,PAT-1081,2025-02-12 21:26:00,2025-02-15 02:14:00,38,Male,Cardiology,Elective,4,52,2.2,0,10327.0,Medicare,Discharged Home,DOC-101
ADM-11367,PAT-1442,2024-10-26 14:04:00,2024-10-29 16:28:00,81,Male,Emergency,Urgent,3,13,3.1,0,12394.5,Medicare,Discharged Home,DOC-109
ADM-11368,PAT-1734,2026-03-13 01:37:00,2026-03-19 18:25:00,79,Female,Orthopedics,Urgent,2,2,6.7,0,16085.0,BlueCross,AMA (Against Medical Advice),DOC-121
ADM-11369,PAT-1538,2026-01-28 13:41:00,2026-01-29 18:29:00,63,Female,Emergency,Urgent,4,2,1.2,0,4194.0,Aetna,Discharged Home,DOC-103
ADM-11370,PAT-1683,2026-04-28 10:26:00,2026-05-03 00:50:00,37,Female,Emergency,Emergency,3,15,4.6,0,8777.5,Aetna,Discharged Home,DOC-121
ADM-11371,PAT-1831,2026-02-13 13:03:00,2026-02-15 08:15:00,37,Male,Emergency,Emergency,3,41,1.8,0,3522.5,BlueCross,Discharged Home,DOC-116
ADM-11372,PAT-1718,2024-06-21 11:01:00,2024-06-24 11:01:00,43,Male,Neurology,Emergency,2,8,3.0,1,7820.0,UnitedHealth,Discharged Home,DOC-110
ADM-11373,PAT-2036,2025-02-11 21:06:00,2025-02-14 11:30:00,10,Male,Neurology,Emergency,3,2,2.6,1,8892.0,Aetna,Discharged Home,DOC-123
ADM-11374,PAT-2224,2025-06-29 12:04:00,2025-07-08 19:16:00,45,Female,Emergency,Emergency,1,24,9.3,0,17730.0,Aetna,Discharged Home,DOC-104
ADM-11375,PAT-1601,2024-09-08 18:42:00,2024-09-20 01:54:00,3,Male,Emergency,Elective,3,182,11.3,0,21925.0,Self-Pay,Discharged Home,DOC-101
ADM-11376,PAT-2012,2026-06-15 07:42:00,2026-06-18 14:54:00,78,Male,Emergency,Urgent,2,13,3.3,1,13450.5,Self-Pay,Discharged Home,DOC-101
ADM-11377,PAT-1607,2025-02-28 18:59:00,2025-03-08 18:59:00,65,Female,Emergency,Elective,3,23,8.0,0,20410.5,BlueCross,Discharged Home,DOC-106
ADM-11378,PAT-2062,2025-12-24 12:25:00,2025-12-28 10:01:00,13,Female,Orthopedics,Emergency,2,19,3.9,0,12066.5,BlueCross,Discharged Home,DOC-112
ADM-11379,PAT-1480,2024-11-25 23:58:00,2024-11-30 19:10:00,57,Male,Emergency,Emergency,1,2,4.8,0,9125.0,Medicare,Discharged Home,DOC-105
ADM-11380,PAT-1197,2024-04-17 20:37:00,2024-04-18 23:01:00,40,Female,Orthopedics,Elective,3,88,1.1,0,2860.0,BlueCross,Discharged Home,DOC-123
ADM-11381,PAT-2320,2025-04-16 21:07:00,2025-04-18 13:55:00,54,Male,Neurology,Elective,4,74,1.7,0,9946.0,Medicare,Discharged Home,DOC-106
ADM-11382,PAT-1045,2025-05-03 05:02:00,2025-05-03 21:50:00,72,Female,Cardiology,Elective,4,5,0.7,0,1972.5,Aetna,Discharged Home,DOC-124
ADM-11383,PAT-1565,2025-03-17 04:33:00,2025-03-24 14:09:00,41,Female,Orthopedics,Emergency,1,3,7.4,0,20029.5,Medicare,Discharged Home,DOC-110
ADM-11384,PAT-2102,2024-05-27 18:25:00,2024-06-03 16:01:00,89,Female,General Medicine,Elective,2,5,6.9,0,15669.5,BlueCross,Transferred,DOC-101
ADM-11385,PAT-2248,2026-03-04 02:25:00,2026-03-07 12:01:00,70,Male,Cardiology,Emergency,1,2,3.4,0,14364.0,Medicaid,Discharged Home,DOC-106
ADM-11386,PAT-2500,2024-01-31 22:09:00,2024-02-03 14:57:00,65,Male,Emergency,Emergency,3,22,2.7,0,11654.0,UnitedHealth,Transferred,DOC-103
ADM-11387,PAT-1192,2026-04-04 13:54:00,2026-04-14 21:06:00,92,Female,Emergency,Emergency,2,5,10.3,0,19582.5,BlueCross,Discharged Home,DOC-111
ADM-11388,PAT-1374,2026-06-19 08:36:00,2026-06-20 03:48:00,27,Female,Emergency,Elective,4,166,0.8,0,1935.0,UnitedHealth,Discharged Home,DOC-108
ADM-11389,PAT-1719,2024-01-21 20:41:00,2024-01-22 03:53:00,28,Female,Emergency,Emergency,5,102,0.3,0,6917.0,Aetna,Discharged Home,DOC-106
ADM-11390,PAT-1003,2024-11-09 00:56:00,2024-11-10 05:44:00,17,Female,Emergency,Emergency,4,20,1.2,0,5900.0,Aetna,Discharged Home,DOC-106
ADM-11391,PAT-1386,2024-04-09 23:19:00,2024-04-11 01:43:00,23,Female,Neurology,Emergency,3,64,1.1,0,8432.0,BlueCross,Referred to Rehab,DOC-106
ADM-11392,PAT-1902,2025-09-29 01:19:00,2025-10-01 13:19:00,34,Male,Emergency,Emergency,3,15,2.5,0,12563.5,Aetna,Discharged Home,DOC-104
ADM-11393,PAT-1638,2025-08-27 17:41:00,2025-08-29 10:29:00,57,Male,General Medicine,Emergency,3,49,1.7,0,2672.5,Aetna,Discharged Home,DOC-107
ADM-11394,PAT-2235,2026-03-13 15:17:00,2026-03-28 17:41:00,37,Female,Emergency,Emergency,2,15,15.1,0,34705.5,Medicaid,Discharged Home,DOC-111
ADM-11395,PAT-1504,2026-03-24 13:47:00,2026-03-27 04:11:00,22,Male,General Medicine,Elective,2,23,2.6,1,3957.5,BlueCross,Referred to Rehab,DOC-116
ADM-11396,PAT-2350,2025-06-23 19:13:00,2025-07-02 02:25:00,62,Female,Emergency,Elective,3,40,8.3,0,20727.0,BlueCross,Discharged Home,DOC-125
ADM-11397,PAT-2118,2026-02-20 06:45:00,2026-02-21 23:33:00,56,Female,Orthopedics,Emergency,4,233,1.7,0,4662.5,Aetna,Discharged Home,DOC-113
ADM-11398,PAT-1891,2024-04-16 10:58:00,2024-04-17 01:22:00,20,Female,General Medicine,Emergency,4,51,0.6,0,6521.5,Medicare,Discharged Home,DOC-116
ADM-11399,PAT-1588,2024-11-10 20:03:00,2024-11-18 17:39:00,47,Male,Orthopedics,Emergency,2,2,7.9,0,24144.0,BlueCross,Discharged Home,DOC-121
ADM-11400,PAT-1642,2025-01-29 06:25:00,2025-01-31 06:25:00,72,Female,Pediatrics,Elective,5,200,2.0,0,3700.0,BlueCross,Discharged Home,DOC-122
ADM-11401,PAT-1888,2025-11-28 23:51:00,2025-11-29 21:27:00,34,Female,Emergency,Elective,2,5,0.9,0,1722.5,UnitedHealth,Discharged Home,DOC-115
ADM-11402,PAT-1380,2025-05-22 07:03:00,2025-05-25 23:51:00,56,Male,Orthopedics,Emergency,2,40,3.7,1,14501.0,Medicare,Discharged Home,DOC-113
ADM-11403,PAT-1421,2024-06-30 13:18:00,2024-07-05 10:54:00,27,Female,Cardiology,Emergency,2,3,4.9,0,17272.5,Medicaid,Transferred,DOC-113
ADM-11404,PAT-1091,2026-06-22 14:25:00,2026-06-24 19:13:00,22,Female,Emergency,Emergency,3,24,2.2,0,10557.0,Aetna,Discharged Home,DOC-121
ADM-11405,PAT-1634,2025-12-07 00:20:00,2025-12-08 02:44:00,69,Female,Pediatrics,Emergency,3,56,1.1,0,5788.0,Medicaid,Discharged Home,DOC-107
ADM-11406,PAT-1999,2024-02-12 23:45:00,2024-02-17 06:57:00,37,Female,Pediatrics,Elective,3,51,4.3,0,8562.5,Medicare,Discharged Home,DOC-108
ADM-11407,PAT-1144,2024-07-06 18:19:00,2024-07-07 06:19:00,51,Male,General Medicine,Emergency,5,72,0.5,0,930.0,Aetna,Referred to Rehab,DOC-109
ADM-11408,PAT-2394,2026-05-26 19:27:00,2026-05-28 05:03:00,27,Female,Oncology,Elective,3,50,1.4,0,4465.0,BlueCross,Discharged Home,DOC-113
ADM-11409,PAT-1413,2025-06-14 01:13:00,2025-06-14 20:25:00,61,Male,Emergency,Elective,4,23,0.8,0,1577.5,Medicaid,Discharged Home,DOC-113
ADM-11410,PAT-1377,2025-03-22 21:00:00,2025-03-28 23:24:00,68,Male,Emergency,Elective,2,2,6.1,0,11595.0,BlueCross,Discharged Home,DOC-115
ADM-11411,PAT-2222,2026-01-12 10:51:00,2026-01-12 22:51:00,62,Male,Pediatrics,Emergency,4,2,0.5,1,805.0,Medicare,Discharged Home,DOC-105
ADM-11412,PAT-1699,2025-10-21 01:55:00,2025-10-23 18:43:00,23,Male,Cardiology,Emergency,3,48,2.7,0,7680.0,Medicare,Transferred,DOC-110
ADM-11413,PAT-2035,2024-12-09 22:27:00,2024-12-15 08:03:00,51,Male,Cardiology,Emergency,3,14,5.4,0,15862.0,UnitedHealth,Discharged Home,DOC-103
ADM-11414,PAT-1503,2025-07-14 10:50:00,2025-07-14 18:02:00,63,Male,Emergency,Emergency,4,63,0.3,0,4585.5,Medicaid,Discharged Home,DOC-101
ADM-11415,PAT-2266,2024-05-26 03:32:00,2024-05-30 13:08:00,82,Male,Orthopedics,Emergency,2,7,4.4,0,11125.5,BlueCross,Discharged Home,DOC-119
ADM-11416,PAT-1119,2026-02-19 21:26:00,2026-02-24 16:38:00,42,Male,Emergency,Elective,3,56,4.8,0,9260.0,Medicaid,Discharged Home,DOC-101
ADM-11417,PAT-2328,2025-12-03 21:01:00,2025-12-08 23:25:00,83,Female,Cardiology,Elective,3,35,5.1,0,14367.5,BlueCross,Discharged Home,DOC-108
ADM-11418,PAT-2398,2025-05-05 05:13:00,2025-05-06 22:01:00,37,Female,Emergency,Emergency,3,138,1.7,0,11279.0,BlueCross,Discharged Home,DOC-105
ADM-11419,PAT-1587,2026-01-27 00:42:00,2026-02-07 07:54:00,30,Female,Oncology,Emergency,2,12,11.3,1,38016.0,Aetna,Transferred,DOC-115
ADM-11420,PAT-1840,2024-08-01 13:51:00,2024-08-15 18:39:00,50,Female,Oncology,Urgent,2,34,14.2,0,48027.0,Medicaid,Discharged Home,DOC-115
ADM-11421,PAT-1909,2025-11-12 13:36:00,2025-11-16 13:36:00,13,Female,Orthopedics,Urgent,2,10,4.0,0,9625.0,Medicaid,Discharged Home,DOC-108
ADM-11422,PAT-1444,2025-04-19 18:42:00,2025-04-22 13:54:00,52,Female,General Medicine,Emergency,4,64,2.8,0,11348.0,BlueCross,Discharged Home,DOC-121
ADM-11423,PAT-1628,2025-07-09 22:15:00,2025-07-12 00:39:00,50,Male,Emergency,Emergency,2,5,2.1,0,11913.5,BlueCross,Discharged Home,DOC-125
ADM-11424,PAT-2277,2025-07-18 05:20:00,2025-07-19 07:44:00,77,Female,Emergency,Emergency,4,81,1.1,0,6329.5,Medicare,Discharged Home,DOC-115
ADM-11425,PAT-1048,2024-10-06 23:13:00,2024-10-12 20:49:00,64,Male,Oncology,Urgent,3,284,5.9,0,20776.0,Medicare,Transferred,DOC-119
ADM-11426,PAT-1405,2026-06-07 04:27:00,2026-06-08 02:03:00,31,Male,Emergency,Emergency,3,59,0.9,0,6343.5,UnitedHealth,Discharged Home,DOC-125
ADM-11427,PAT-2254,2026-03-16 02:13:00,2026-03-25 21:25:00,41,Male,Oncology,Elective,1,2,9.8,1,30385.0,Aetna,Discharged Home,DOC-102
ADM-11428,PAT-1678,2024-08-06 10:29:00,2024-08-08 15:17:00,57,Male,Emergency,Urgent,3,107,2.2,0,7920.5,BlueCross,Discharged Home,DOC-111
ADM-11429,PAT-2194,2024-11-06 03:27:00,2024-11-09 05:51:00,33,Female,Cardiology,Urgent,3,90,3.1,0,10714.0,Medicare,Expired,DOC-105
ADM-11430,PAT-1334,2024-06-11 19:10:00,2024-06-16 09:34:00,14,Female,Pediatrics,Emergency,1,5,4.6,0,11718.5,BlueCross,Discharged Home,DOC-109
ADM-11431,PAT-2413,2024-04-09 01:20:00,2024-04-10 08:32:00,21,Female,Oncology,Elective,4,66,1.3,0,4195.0,Self-Pay,Discharged Home,DOC-113
ADM-11432,PAT-1976,2025-03-27 19:57:00,2025-03-29 17:33:00,89,Female,Oncology,Elective,3,2,1.9,0,10059.0,Medicaid,Discharged Home,DOC-116
ADM-11433,PAT-2375,2024-06-30 04:36:00,2024-07-01 21:24:00,28,Male,Emergency,Elective,3,26,1.7,0,9344.0,Aetna,Discharged Home,DOC-105
ADM-11434,PAT-1227,2024-12-29 20:34:00,2025-01-02 15:46:00,56,Male,Oncology,Elective,3,46,3.8,1,16447.0,BlueCross,Referred to Rehab,DOC-119
ADM-11435,PAT-1855,2025-06-16 00:48:00,2025-06-17 22:24:00,29,Female,Oncology,Elective,1,4,1.9,0,13820.0,Medicare,Transferred,DOC-121
ADM-11436,PAT-1489,2024-02-11 09:18:00,2024-02-21 06:54:00,26,Female,General Medicine,Emergency,2,65,9.9,0,21735.5,BlueCross,Referred to Rehab,DOC-122
ADM-11437,PAT-1164,2026-01-22 19:34:00,2026-02-01 07:34:00,47,Male,Cardiology,Urgent,2,14,9.5,0,26635.0,Aetna,Referred to Rehab,DOC-116
ADM-11438,PAT-1778,2025-12-14 12:48:00,2025-12-15 03:12:00,19,Female,Emergency,Emergency,4,21,0.6,0,8684.5,Medicare,Discharged Home,DOC-114
ADM-11439,PAT-1833,2025-05-15 09:36:00,2025-05-21 09:36:00,79,Male,Neurology,Emergency,2,7,6.0,0,15617.5,Medicare,Referred to Rehab,DOC-122
ADM-11440,PAT-1173,2026-04-10 04:23:00,2026-04-11 23:35:00,74,Male,Emergency,Emergency,3,27,1.8,0,4863.5,Aetna,Discharged Home,DOC-106
ADM-11441,PAT-1764,2026-06-03 02:34:00,2026-06-03 14:34:00,64,Male,Cardiology,Urgent,5,22,0.5,1,1455.0,BlueCross,Discharged Home,DOC-111
ADM-11442,PAT-2264,2025-10-08 11:17:00,2025-10-10 20:53:00,64,Female,Orthopedics,Emergency,3,35,2.4,0,7213.5,BlueCross,Discharged Home,DOC-102
ADM-11443,PAT-2442,2024-04-03 03:07:00,2024-04-03 07:55:00,5,Male,Emergency,Elective,4,19,0.2,0,2836.5,BlueCross,Discharged Home,DOC-123
ADM-11444,PAT-1162,2025-05-02 06:44:00,2025-05-03 09:08:00,66,Male,Cardiology,Elective,5,333,1.1,0,8469.5,UnitedHealth,Discharged Home,DOC-106
ADM-11445,PAT-1960,2025-03-29 06:18:00,2025-04-02 20:42:00,89,Male,Emergency,Emergency,2,2,4.6,1,9896.0,BlueCross,Discharged Home,DOC-107
ADM-11446,PAT-1539,2025-12-20 02:35:00,2025-12-23 09:47:00,35,Male,Emergency,Emergency,3,12,3.3,0,6300.0,Medicare,Discharged Home,DOC-125
ADM-11447,PAT-1466,2025-09-07 14:04:00,2025-09-10 02:04:00,89,Female,Emergency,Emergency,3,35,2.5,0,7675.5,Medicaid,Discharged Home,DOC-109
ADM-11448,PAT-1706,2024-10-15 05:30:00,2024-10-17 00:42:00,46,Female,Neurology,Emergency,3,22,1.8,1,4735.0,Medicare,Discharged Home,DOC-112
ADM-11449,PAT-1123,2026-02-01 23:01:00,2026-02-05 03:49:00,67,Male,Cardiology,Emergency,3,4,3.2,0,8970.0,Medicare,Referred to Rehab,DOC-112
ADM-11450,PAT-2429,2025-01-01 16:23:00,2025-01-02 13:59:00,81,Female,Oncology,Elective,3,3,0.9,0,2797.5,BlueCross,Transferred,DOC-116
ADM-11451,PAT-1641,2025-12-08 12:02:00,2025-12-14 14:26:00,76,Male,Orthopedics,Emergency,2,2,6.1,0,22353.0,UnitedHealth,Discharged Home,DOC-113
ADM-11452,PAT-1949,2025-03-05 00:50:00,2025-03-08 03:14:00,75,Female,Emergency,Urgent,3,8,3.1,0,12867.0,BlueCross,Transferred,DOC-121
ADM-11453,PAT-1305,2024-06-03 20:14:00,2024-06-05 01:02:00,29,Male,Cardiology,Urgent,4,193,1.2,1,6119.5,Medicare,Discharged Home,DOC-113
ADM-11454,PAT-1967,2025-05-24 13:23:00,2025-06-02 10:59:00,56,Male,Emergency,Emergency,1,2,8.9,0,16915.0,BlueCross,Expired,DOC-118
ADM-11455,PAT-1568,2025-03-19 14:51:00,2025-03-24 14:51:00,90,Female,Emergency,Emergency,2,21,5.0,0,11361.5,BlueCross,Discharged Home,DOC-122
ADM-11456,PAT-1122,2025-09-14 09:52:00,2025-09-14 21:52:00,21,Female,Orthopedics,Emergency,4,49,0.5,0,1322.5,Medicare,Discharged Home,DOC-116
ADM-11457,PAT-1443,2024-12-12 21:31:00,2024-12-13 11:55:00,33,Male,Emergency,Emergency,4,33,0.6,0,6732.5,BlueCross,Discharged Home,DOC-105
ADM-11458,PAT-2084,2025-01-13 19:17:00,2025-01-14 12:05:00,69,Male,Oncology,Emergency,4,271,0.7,1,3864.5,Medicare,Discharged Home,DOC-112
ADM-11459,PAT-1854,2025-10-11 16:15:00,2025-10-13 09:03:00,24,Female,Orthopedics,Elective,3,34,1.7,0,9211.0,Aetna,Discharged Home,DOC-111
ADM-11460,PAT-2430,2025-12-26 20:14:00,2025-12-27 20:14:00,56,Male,Emergency,Elective,5,253,1.0,0,5072.5,Medicaid,Discharged Home,DOC-116
ADM-11461,PAT-1039,2025-09-30 10:58:00,2025-10-10 01:22:00,34,Male,Orthopedics,Emergency,3,2,9.6,0,23045.0,Medicare,Expired,DOC-120
ADM-11462,PAT-2490,2026-03-21 09:25:00,2026-03-28 16:37:00,60,Male,Emergency,Emergency,3,10,7.3,0,17375.0,BlueCross,Discharged Home,DOC-102
ADM-11463,PAT-1970,2024-12-30 21:11:00,2025-01-03 09:11:00,71,Female,Pediatrics,Emergency,3,27,3.5,0,7364.5,BlueCross,Discharged Home,DOC-111
ADM-11464,PAT-1992,2025-09-03 20:39:00,2025-09-04 06:15:00,37,Male,Emergency,Emergency,4,71,0.4,0,7462.5,BlueCross,Discharged Home,DOC-117
ADM-11465,PAT-2032,2024-11-01 08:54:00,2024-11-03 20:54:00,58,Male,Cardiology,Elective,1,3,2.5,0,7007.5,Medicare,Discharged Home,DOC-101
ADM-11466,PAT-2334,2025-04-02 21:21:00,2025-04-03 11:45:00,57,Male,General Medicine,Emergency,4,164,0.6,0,1310.0,Medicaid,Discharged Home,DOC-115
ADM-11467,PAT-1643,2025-12-24 20:42:00,2026-01-02 03:54:00,79,Male,Emergency,Emergency,3,37,8.3,0,17696.5,Medicaid,Discharged Home,DOC-111
ADM-11468,PAT-1034,2025-01-12 04:50:00,2025-01-14 12:02:00,88,Female,Emergency,Urgent,3,2,2.3,0,4375.0,Medicaid,Discharged Home,DOC-118
ADM-11469,PAT-1052,2024-11-30 20:55:00,2024-12-08 01:43:00,38,Male,Emergency,Elective,2,33,7.2,0,14544.5,Medicaid,Transferred,DOC-111
ADM-11470,PAT-2158,2024-03-06 02:19:00,2024-03-13 14:19:00,34,Female,Emergency,Elective,3,37,7.5,0,14342.5,Medicare,Discharged Home,DOC-106
ADM-11471,PAT-2461,2024-12-12 02:46:00,2024-12-17 05:10:00,70,Female,Cardiology,Emergency,3,9,5.1,1,20952.5,Medicare,Discharged Home,DOC-113
ADM-11472,PAT-2116,2025-12-12 05:17:00,2025-12-14 12:29:00,34,Female,Emergency,Urgent,1,2,2.3,0,5607.0,Medicare,AMA (Against Medical Advice),DOC-115
ADM-11473,PAT-1325,2024-02-27 22:00:00,2024-03-21 02:48:00,54,Male,Cardiology,Emergency,2,7,22.2,1,62875.5,UnitedHealth,Discharged Home,DOC-123
ADM-11474,PAT-1461,2024-06-05 04:41:00,2024-06-11 02:17:00,78,Male,Emergency,Emergency,1,2,5.9,0,14360.0,Self-Pay,Transferred,DOC-121
ADM-11475,PAT-2372,2024-01-25 22:51:00,2024-01-29 01:15:00,62,Female,Pediatrics,Emergency,4,99,3.1,0,9106.5,Aetna,Discharged Home,DOC-102
ADM-11476,PAT-1409,2024-01-08 11:55:00,2024-01-13 11:55:00,53,Female,Emergency,Emergency,2,49,5.0,0,14886.5,Self-Pay,Discharged Home,DOC-117
ADM-11477,PAT-1336,2025-10-04 21:15:00,2025-10-06 11:39:00,50,Male,General Medicine,Emergency,3,61,1.6,0,2552.5,Medicaid,Discharged Home,DOC-117
ADM-11478,PAT-1795,2024-12-08 06:40:00,2024-12-13 13:52:00,90,Female,Emergency,Elective,3,100,5.3,0,10320.0,Medicaid,Transferred,DOC-104
ADM-11479,PAT-2332,2024-07-28 06:18:00,2024-07-31 03:54:00,10,Female,Emergency,Urgent,2,66,2.9,0,5675.0,BlueCross,Discharged Home,DOC-104
ADM-11480,PAT-1421,2026-06-26 20:14:00,2026-06-28 01:02:00,64,Male,General Medicine,Emergency,3,7,1.2,0,5273.5,Medicare,Discharged Home,DOC-121
ADM-11481,PAT-2282,2024-11-13 00:25:00,2024-11-17 07:37:00,54,Male,Emergency,Emergency,3,25,4.3,0,8232.5,BlueCross,Discharged Home,DOC-111
ADM-11482,PAT-1422,2025-02-04 20:32:00,2025-02-10 08:32:00,58,Female,Oncology,Emergency,3,12,5.5,0,25123.0,UnitedHealth,Discharged Home,DOC-118
ADM-11483,PAT-2222,2025-09-23 03:39:00,2025-09-25 18:03:00,43,Male,Cardiology,Elective,3,118,2.6,1,15060.0,Medicare,Discharged Home,DOC-102
ADM-11484,PAT-1022,2026-01-16 19:23:00,2026-01-18 04:59:00,18,Female,Emergency,Emergency,5,96,1.4,0,2900.0,Aetna,Discharged Home,DOC-121
ADM-11485,PAT-1390,2025-03-03 22:18:00,2025-03-04 19:54:00,57,Female,Cardiology,Urgent,4,111,0.9,0,2797.5,BlueCross,Discharged Home,DOC-104
ADM-11486,PAT-1618,2025-10-13 23:16:00,2025-10-20 16:04:00,77,Male,Emergency,Emergency,3,12,6.7,0,20471.0,Medicare,Discharged Home,DOC-116
ADM-11487,PAT-1357,2026-06-09 19:47:00,2026-06-13 10:11:00,21,Female,Pediatrics,Emergency,3,16,3.6,0,8537.0,Medicare,Discharged Home,DOC-123
ADM-11488,PAT-2153,2024-03-07 13:34:00,2024-03-12 18:22:00,69,Male,General Medicine,Emergency,3,93,5.2,1,8776.5,BlueCross,Transferred,DOC-114
ADM-11489,PAT-1953,2025-11-03 02:09:00,2025-11-04 11:45:00,23,Male,Emergency,Emergency,4,20,1.4,0,9025.0,Aetna,Discharged Home,DOC-116
ADM-11490,PAT-1415,2024-08-28 23:32:00,2024-08-30 04:20:00,18,Male,General Medicine,Emergency,3,2,1.2,0,2320.0,BlueCross,Discharged Home,DOC-102
ADM-11491,PAT-2153,2026-01-02 01:36:00,2026-01-05 01:36:00,35,Male,Cardiology,Emergency,3,137,3.0,1,8742.5,UnitedHealth,Discharged Home,DOC-112
ADM-11492,PAT-1934,2026-01-13 18:48:00,2026-01-17 02:00:00,51,Female,General Medicine,Emergency,3,155,3.3,0,8464.5,Medicare,Discharged Home,DOC-112
ADM-11493,PAT-1833,2024-12-21 09:58:00,2024-12-24 14:46:00,36,Female,General Medicine,Emergency,1,14,3.2,0,4835.0,UnitedHealth,Transferred,DOC-116
ADM-11494,PAT-2383,2026-06-25 04:41:00,2026-06-27 09:29:00,59,Female,Cardiology,Elective,2,2,2.2,0,6165.0,Medicare,Discharged Home,DOC-115
ADM-11495,PAT-1923,2025-09-05 11:39:00,2025-09-07 02:03:00,56,Male,Cardiology,Emergency,2,8,1.6,0,11815.0,BlueCross,Transferred,DOC-119
ADM-11496,PAT-1285,2026-04-23 14:18:00,2026-04-24 21:30:00,44,Male,Emergency,Emergency,4,9,1.3,1,7448.5,Medicaid,Discharged Home,DOC-104
ADM-11497,PAT-2178,2026-01-27 07:44:00,2026-01-30 05:20:00,1,Male,Cardiology,Emergency,4,78,2.9,0,15268.0,Medicaid,Discharged Home,DOC-104
ADM-11498,PAT-1666,2024-08-12 19:41:00,2024-08-18 17:17:00,12,Female,General Medicine,Urgent,2,2,5.9,0,8855.0,Aetna,Discharged Home,DOC-125
ADM-11499,PAT-1217,2026-05-04 23:41:00,2026-05-06 09:17:00,66,Male,Orthopedics,Elective,3,29,1.4,0,5474.5,BlueCross,Discharged Home,DOC-117
ADM-11500,PAT-1220,2026-02-12 13:51:00,2026-02-13 06:39:00,48,Male,Neurology,Elective,3,51,0.7,0,1947.5,BlueCross,Discharged Home,DOC-121
ADM-11501,PAT-1197,2024-05-03 07:04:00,2024-05-06 16:40:00,71,Female,Cardiology,Emergency,2,2,3.4,0,9525.0,Medicare,Discharged Home,DOC-103
ADM-11502,PAT-1137,2025-11-08 13:45:00,2025-11-11 04:09:00,49,Female,Cardiology,Urgent,3,15,2.6,0,7317.5,BlueCross,Discharged Home,DOC-111
ADM-11503,PAT-1794,2025-10-12 20:59:00,2025-10-13 13:47:00,84,Female,Cardiology,Emergency,5,227,0.7,0,8590.5,BlueCross,Discharged Home,DOC-102
ADM-11504,PAT-2023,2026-05-31 13:05:00,2026-06-03 05:53:00,29,Female,Orthopedics,Urgent,2,28,2.7,1,13356.0,Medicare,Discharged Home,DOC-123
ADM-11505,PAT-2202,2024-02-09 16:38:00,2024-02-13 23:50:00,39,Female,Pediatrics,Emergency,2,2,4.3,0,8096.0,BlueCross,Discharged Home,DOC-118
ADM-11506,PAT-1188,2025-04-10 12:57:00,2025-04-11 15:21:00,69,Male,Cardiology,Emergency,3,12,1.1,0,5587.0,Medicare,Discharged Home,DOC-116
ADM-11507,PAT-1070,2025-09-20 14:00:00,2025-09-23 02:00:00,27,Male,Orthopedics,Elective,3,3,2.5,0,6007.5,Aetna,Discharged Home,DOC-119
ADM-11508,PAT-2382,2025-04-19 09:22:00,2025-04-19 23:46:00,34,Male,Pediatrics,Urgent,5,197,0.6,0,5131.5,Medicaid,Referred to Rehab,DOC-118
ADM-11509,PAT-2338,2024-06-27 15:25:00,2024-06-28 05:49:00,64,Female,Neurology,Emergency,5,211,0.6,0,2087.5,UnitedHealth,Discharged Home,DOC-110
ADM-11510,PAT-2231,2026-05-07 02:37:00,2026-05-09 02:37:00,31,Male,Neurology,Elective,2,6,2.0,0,5215.0,Medicare,Discharged Home,DOC-101
ADM-11511,PAT-1793,2024-07-06 07:37:00,2024-07-11 12:25:00,42,Female,Emergency,Elective,3,77,5.2,0,10072.5,Medicaid,Discharged Home,DOC-116
ADM-11512,PAT-1468,2024-06-17 04:45:00,2024-06-17 14:21:00,68,Male,Emergency,Urgent,4,57,0.4,0,6359.5,Medicare,Discharged Home,DOC-115
ADM-11513,PAT-2016,2025-12-26 17:55:00,2025-12-28 03:31:00,68,Male,Emergency,Elective,4,124,1.4,0,2970.0,Aetna,Transferred,DOC-114
ADM-11514,PAT-1970,2024-03-09 02:13:00,2024-03-09 14:13:00,88,Female,Cardiology,Elective,4,101,0.5,0,1652.5,Medicare,Discharged Home,DOC-122
ADM-11515,PAT-1732,2024-05-03 00:49:00,2024-05-05 00:49:00,30,Male,Neurology,Elective,2,5,2.0,0,5212.5,Aetna,Transferred,DOC-122
ADM-11516,PAT-1402,2025-05-04 02:16:00,2025-05-05 02:16:00,82,Female,Oncology,Elective,5,198,1.0,0,9471.0,Medicare,Discharged Home,DOC-114
ADM-11517,PAT-1237,2024-05-16 23:56:00,2024-05-17 16:44:00,25,Female,Emergency,Emergency,4,2,0.7,0,1335.0,Medicaid,Discharged Home,DOC-101
ADM-11518,PAT-1230,2024-11-06 04:40:00,2024-11-10 19:04:00,54,Male,Emergency,Emergency,3,47,4.6,0,8857.5,Medicare,Discharged Home,DOC-116
ADM-11519,PAT-1437,2024-08-07 03:22:00,2024-08-07 15:22:00,86,Female,Cardiology,Elective,2,12,0.5,0,1430.0,BlueCross,AMA (Against Medical Advice),DOC-121
ADM-11520,PAT-2108,2026-05-31 02:19:00,2026-05-31 23:55:00,22,Male,Orthopedics,Urgent,4,52,0.9,0,3384.0,Medicare,Discharged Home,DOC-108
ADM-11521,PAT-2283,2026-04-27 08:57:00,2026-05-10 11:21:00,44,Male,Emergency,Emergency,2,21,13.1,0,31605.5,Medicare,Discharged Home,DOC-111
ADM-11522,PAT-1808,2025-04-05 20:41:00,2025-04-07 03:53:00,82,Female,Emergency,Emergency,4,6,1.3,0,2485.0,UnitedHealth,Discharged Home,DOC-116
ADM-11523,PAT-2259,2024-09-04 20:26:00,2024-09-11 10:50:00,31,Male,Emergency,Emergency,3,97,6.6,0,17354.5,BlueCross,Discharged Home,DOC-114
ADM-11524,PAT-2228,2025-12-22 04:58:00,2025-12-23 09:46:00,48,Male,Emergency,Elective,4,43,1.2,0,2387.5,Medicare,Discharged Home,DOC-109
ADM-11525,PAT-1951,2024-11-11 16:02:00,2024-11-16 13:38:00,27,Female,Neurology,Urgent,3,28,4.9,0,16472.0,Medicare,Discharged Home,DOC-123
ADM-11526,PAT-2207,2024-12-16 18:11:00,2024-12-23 10:59:00,73,Female,Neurology,Emergency,2,20,6.7,1,23142.0,UnitedHealth,Discharged Home,DOC-121
ADM-11527,PAT-1549,2024-11-16 11:03:00,2024-11-17 20:39:00,55,Male,Orthopedics,Emergency,5,15,1.4,0,8533.5,Aetna,Discharged Home,DOC-110
ADM-11528,PAT-1392,2024-09-27 20:24:00,2024-09-28 13:12:00,84,Female,Orthopedics,Emergency,5,4,0.7,0,7589.0,Medicare,Discharged Home,DOC-120
ADM-11529,PAT-1285,2025-12-30 18:31:00,2026-01-02 08:55:00,92,Female,Cardiology,Elective,4,113,2.6,0,9736.5,Medicaid,Discharged Home,DOC-119
ADM-11530,PAT-2065,2024-07-29 20:24:00,2024-08-02 20:24:00,6,Male,Emergency,Emergency,3,9,4.0,0,14924.5,UnitedHealth,Discharged Home,DOC-121
ADM-11531,PAT-2017,2025-08-04 15:40:00,2025-08-11 15:40:00,86,Female,Orthopedics,Emergency,3,64,7.0,0,18658.0,UnitedHealth,Discharged Home,DOC-103
ADM-11532,PAT-1517,2024-03-09 06:26:00,2024-03-13 04:02:00,30,Male,Emergency,Emergency,2,44,3.9,0,10107.0,UnitedHealth,AMA (Against Medical Advice),DOC-115
ADM-11533,PAT-2127,2024-09-29 01:44:00,2024-09-29 13:44:00,64,Male,Oncology,Elective,5,147,0.5,0,7562.5,Medicaid,Discharged Home,DOC-120
ADM-11534,PAT-1221,2024-05-23 06:10:00,2024-05-23 15:46:00,31,Male,Emergency,Elective,5,4,0.4,1,1716.0,Aetna,Discharged Home,DOC-103
ADM-11535,PAT-1568,2026-03-13 03:16:00,2026-03-21 20:04:00,79,Male,Pediatrics,Elective,3,10,8.7,0,20070.0,Aetna,Discharged Home,DOC-102
ADM-11536,PAT-2352,2024-10-18 14:40:00,2024-10-23 21:52:00,49,Female,Emergency,Emergency,2,2,5.3,0,10075.0,Medicare,Discharged Home,DOC-120
ADM-11537,PAT-2168,2024-01-24 18:53:00,2024-01-26 02:05:00,78,Male,Cardiology,Emergency,2,2,1.3,1,10390.0,UnitedHealth,Discharged Home,DOC-113
ADM-11538,PAT-1416,2026-04-08 16:35:00,2026-04-10 23:47:00,89,Female,Cardiology,Emergency,4,6,2.3,0,6455.0,BlueCross,Discharged Home,DOC-114
ADM-11539,PAT-1452,2024-08-13 09:32:00,2024-08-16 02:20:00,65,Male,Pediatrics,Emergency,3,31,2.7,0,4397.5,Medicare,Discharged Home,DOC-110
ADM-11540,PAT-1891,2026-05-17 02:47:00,2026-05-22 17:11:00,78,Male,Emergency,Urgent,2,30,5.6,0,14853.0,Medicaid,Discharged Home,DOC-124
ADM-11541,PAT-1787,2026-06-21 22:58:00,2026-06-27 08:34:00,63,Male,Emergency,Elective,1,2,5.4,0,17233.0,UnitedHealth,Discharged Home,DOC-111
ADM-11542,PAT-1659,2026-05-08 15:05:00,2026-05-10 03:05:00,62,Female,General Medicine,Emergency,3,33,1.5,0,5887.5,Medicare,Discharged Home,DOC-103
ADM-11543,PAT-2230,2024-11-17 12:03:00,2024-11-26 04:51:00,58,Male,Emergency,Emergency,3,3,8.7,0,19074.5,Medicare,Transferred,DOC-108
ADM-11544,PAT-1777,2025-10-22 23:48:00,2025-10-23 11:48:00,67,Male,General Medicine,Emergency,5,176,0.5,0,1190.0,BlueCross,Discharged Home,DOC-101
ADM-11545,PAT-1796,2025-03-22 15:12:00,2025-03-26 10:24:00,58,Female,General Medicine,Urgent,3,72,3.8,0,7112.0,Medicaid,Referred to Rehab,DOC-112
ADM-11546,PAT-1468,2024-06-21 07:28:00,2024-06-22 09:52:00,29,Male,Orthopedics,Elective,2,7,1.1,0,8440.5,Medicare,Discharged Home,DOC-117
ADM-11547,PAT-1400,2024-04-02 05:25:00,2024-04-07 00:37:00,72,Male,Emergency,Emergency,3,61,4.8,0,9272.5,Medicaid,Expired,DOC-102
ADM-11548,PAT-1512,2024-10-27 04:50:00,2024-10-28 04:50:00,54,Male,Neurology,Elective,5,140,1.0,0,5731.0,BlueCross,Discharged Home,DOC-106
ADM-11549,PAT-1469,2024-08-25 03:08:00,2024-09-01 07:56:00,27,Male,Emergency,Elective,2,14,7.2,0,18905.0,Aetna,Discharged Home,DOC-124
ADM-11550,PAT-1360,2024-08-29 00:35:00,2024-08-31 00:35:00,35,Male,Orthopedics,Emergency,3,19,2.0,0,6947.5,Self-Pay,Discharged Home,DOC-103
ADM-11551,PAT-1137,2026-03-08 15:47:00,2026-03-14 15:47:00,51,Male,Cardiology,Elective,3,50,6.0,0,20447.0,BlueCross,Discharged Home,DOC-105
ADM-11552,PAT-2092,2026-02-23 09:17:00,2026-03-02 02:05:00,6,Male,Cardiology,Emergency,3,54,6.7,0,19564.0,Medicaid,Discharged Home,DOC-102
ADM-11553,PAT-1806,2026-05-16 04:30:00,2026-05-19 23:42:00,47,Male,Orthopedics,Emergency,4,65,3.8,0,9282.5,BlueCross,Discharged Home,DOC-112
ADM-11554,PAT-2175,2025-12-28 03:45:00,2025-12-29 06:09:00,32,Male,Emergency,Elective,4,44,1.1,0,2200.0,Medicare,Discharged Home,DOC-102
ADM-11555,PAT-1137,2025-06-25 16:43:00,2025-06-26 04:43:00,80,Female,General Medicine,Elective,4,2,0.5,0,4490.0,Medicare,Discharged Home,DOC-124
ADM-11556,PAT-1827,2026-03-16 20:40:00,2026-03-19 01:28:00,17,Female,Cardiology,Emergency,3,91,2.2,0,13748.5,Medicare,Discharged Home,DOC-125
ADM-11557,PAT-1514,2024-05-09 01:14:00,2024-05-10 06:02:00,87,Female,Pediatrics,Urgent,3,39,1.2,0,2017.5,Medicare,Discharged Home,DOC-112
ADM-11558,PAT-1611,2024-11-02 12:45:00,2024-11-07 00:45:00,37,Female,General Medicine,Emergency,3,25,4.5,0,6812.5,BlueCross,Discharged Home,DOC-125
ADM-11559,PAT-1032,2025-04-05 20:09:00,2025-04-10 00:57:00,7,Male,Cardiology,Elective,2,2,4.2,1,18402.0,Aetna,Discharged Home,DOC-110
ADM-11560,PAT-1811,2024-09-15 16:36:00,2024-09-18 04:36:00,46,Female,Cardiology,Urgent,4,142,2.5,0,7355.0,UnitedHealth,Referred to Rehab,DOC-112
ADM-11561,PAT-1419,2024-05-29 21:50:00,2024-06-08 02:38:00,15,Male,Emergency,Urgent,2,37,9.2,0,20492.5,Medicare,Discharged Home,DOC-112
ADM-11562,PAT-1952,2024-12-29 17:29:00,2024-12-30 15:05:00,38,Female,Emergency,Emergency,4,365,0.9,0,2622.5,Medicaid,Discharged Home,DOC-116
ADM-11563,PAT-1138,2024-01-12 03:27:00,2024-01-14 20:15:00,52,Male,Orthopedics,Emergency,1,2,2.7,0,6485.0,UnitedHealth,Expired,DOC-109
ADM-11564,PAT-1122,2024-01-25 15:18:00,2024-02-01 12:54:00,91,Female,Emergency,Emergency,2,29,6.9,0,20223.5,UnitedHealth,Discharged Home,DOC-112
ADM-11565,PAT-2273,2026-06-23 14:57:00,2026-06-24 19:45:00,57,Male,Emergency,Emergency,4,47,1.2,1,7107.5,Self-Pay,Discharged Home,DOC-125
ADM-11566,PAT-2122,2025-11-07 15:00:00,2025-11-09 17:24:00,83,Female,Cardiology,Elective,4,210,2.1,0,12108.0,Medicare,Discharged Home,DOC-105
ADM-11567,PAT-1402,2024-08-13 01:25:00,2024-08-14 15:49:00,79,Female,Cardiology,Elective,4,19,1.6,1,4527.5,Medicare,Transferred,DOC-105
ADM-11568,PAT-1398,2025-03-13 18:40:00,2025-03-16 11:28:00,36,Male,Orthopedics,Emergency,2,7,2.7,0,14501.5,Medicaid,Discharged Home,DOC-103
ADM-11569,PAT-1334,2024-08-12 15:59:00,2024-08-14 15:59:00,69,Male,General Medicine,Elective,3,49,2.0,0,4978.5,BlueCross,Discharged Home,DOC-116
ADM-11570,PAT-1233,2026-05-21 16:00:00,2026-05-24 13:36:00,81,Female,General Medicine,Emergency,4,2,2.9,0,6969.0,Medicare,Discharged Home,DOC-118
ADM-11571,PAT-1677,2026-04-05 20:16:00,2026-04-13 08:16:00,50,Female,Emergency,Elective,2,3,7.5,0,16766.5,BlueCross,Discharged Home,DOC-101
ADM-11572,PAT-1888,2025-05-25 13:48:00,2025-05-27 18:36:00,26,Female,Emergency,Emergency,2,9,2.2,0,4202.5,BlueCross,Discharged Home,DOC-109
ADM-11573,PAT-1218,2025-04-20 05:13:00,2025-05-04 22:01:00,5,Male,General Medicine,Emergency,2,2,14.7,0,28267.0,BlueCross,AMA (Against Medical Advice),DOC-112
ADM-11574,PAT-1845,2024-03-24 08:16:00,2024-03-27 17:52:00,81,Female,Cardiology,Emergency,2,2,3.4,0,9525.0,Self-Pay,Discharged Home,DOC-122
ADM-11575,PAT-1135,2024-06-06 14:08:00,2024-06-08 18:56:00,83,Female,Cardiology,Emergency,3,9,2.2,0,6932.5,UnitedHealth,AMA (Against Medical Advice),DOC-112
ADM-11576,PAT-1242,2025-08-25 07:18:00,2025-08-29 04:54:00,10,Female,Emergency,Emergency,2,8,3.9,0,14888.0,Medicaid,Discharged Home,DOC-108
ADM-11577,PAT-2250,2025-08-30 12:51:00,2025-08-31 05:39:00,28,Female,Oncology,Emergency,4,157,0.7,0,3886.5,Aetna,Discharged Home,DOC-124
ADM-11578,PAT-1017,2026-03-23 23:48:00,2026-03-24 23:48:00,86,Male,Emergency,Emergency,5,176,1.0,0,2857.0,Self-Pay,Discharged Home,DOC-102
ADM-11579,PAT-1273,2025-11-13 19:31:00,2025-11-17 21:55:00,92,Female,Neurology,Elective,3,116,4.1,1,10950.0,Medicaid,Discharged Home,DOC-110
ADM-11580,PAT-1676,2025-09-21 00:00:00,2025-09-26 12:00:00,73,Male,Orthopedics,Emergency,2,31,5.5,0,15351.5,Aetna,Discharged Home,DOC-113
ADM-11581,PAT-2004,2026-05-01 20:54:00,2026-05-02 11:18:00,26,Male,Emergency,Emergency,4,7,0.6,0,1157.5,BlueCross,Discharged Home,DOC-109
ADM-11582,PAT-1322,2025-12-06 09:41:00,2025-12-08 00:05:00,61,Male,Pediatrics,Emergency,4,4,1.6,0,2570.0,Aetna,Discharged Home,DOC-122
ADM-11583,PAT-1333,2024-10-27 22:18:00,2024-10-29 00:42:00,16,Female,Emergency,Elective,4,48,1.1,0,9320.0,BlueCross,Discharged Home,DOC-110
ADM-11584,PAT-2364,2025-12-21 05:17:00,2025-12-23 07:41:00,53,Male,Emergency,Elective,3,59,2.1,1,4137.5,Self-Pay,Discharged Home,DOC-104
ADM-11585,PAT-1302,2024-10-16 11:21:00,2024-10-23 20:57:00,75,Male,Orthopedics,Elective,2,8,7.4,0,23025.0,BlueCross,Discharged Home,DOC-116
ADM-11586,PAT-1891,2025-12-27 07:09:00,2025-12-30 19:09:00,92,Female,General Medicine,Emergency,4,214,3.5,1,11660.0,BlueCross,Discharged Home,DOC-106
ADM-11587,PAT-1800,2026-05-11 08:36:00,2026-05-13 13:24:00,48,Male,Emergency,Emergency,3,7,2.2,0,4197.5,UnitedHealth,Discharged Home,DOC-115
ADM-11588,PAT-2348,2024-05-16 11:09:00,2024-05-25 06:21:00,68,Female,Oncology,Urgent,2,11,8.8,0,33601.5,Medicaid,Discharged Home,DOC-111
ADM-11589,PAT-2160,2024-04-05 16:37:00,2024-04-06 23:49:00,18,Female,Emergency,Elective,4,295,1.3,1,3207.5,Aetna,Discharged Home,DOC-105
ADM-11590,PAT-1491,2026-01-08 06:09:00,2026-01-09 01:21:00,17,Male,Oncology,Emergency,3,106,0.8,1,9559.0,Self-Pay,Discharged Home,DOC-112
ADM-11591,PAT-2456,2024-01-03 03:34:00,2024-01-04 13:10:00,82,Female,Cardiology,Emergency,5,435,1.4,0,12259.5,Medicare,Discharged Home,DOC-107
ADM-11592,PAT-1432,2025-06-27 13:20:00,2025-07-01 03:44:00,67,Female,Emergency,Emergency,1,2,3.6,0,12182.0,Aetna,Discharged Home,DOC-120
ADM-11593,PAT-1402,2026-01-06 20:10:00,2026-01-07 12:58:00,14,Female,Neurology,Emergency,4,50,0.7,0,6858.0,Medicaid,Discharged Home,DOC-115
ADM-11594,PAT-1091,2025-04-30 14:14:00,2025-05-05 11:50:00,84,Male,Emergency,Emergency,1,3,4.9,0,17305.5,BlueCross,Referred to Rehab,DOC-119
ADM-11595,PAT-1472,2024-09-28 10:14:00,2024-10-04 03:02:00,64,Female,Emergency,Emergency,3,8,5.7,1,18330.0,Medicaid,Referred to Rehab,DOC-108
ADM-11596,PAT-2368,2024-02-11 07:34:00,2024-02-11 19:34:00,54,Male,General Medicine,Urgent,4,19,0.5,0,4977.5,Medicaid,Transferred,DOC-101
ADM-11597,PAT-1880,2024-01-17 17:07:00,2024-01-23 17:07:00,54,Female,Orthopedics,Urgent,1,3,6.0,0,20909.5,Medicare,Discharged Home,DOC-121
ADM-11598,PAT-1627,2026-03-09 03:57:00,2026-03-11 01:33:00,33,Female,General Medicine,Emergency,3,41,1.9,0,11034.5,Medicaid,Discharged Home,DOC-118
ADM-11599,PAT-2486,2024-01-15 23:23:00,2024-01-17 11:23:00,63,Male,Orthopedics,Elective,3,6,1.5,0,6808.0,UnitedHealth,Discharged Home,DOC-116
ADM-11600,PAT-1042,2025-11-04 09:58:00,2025-11-07 00:22:00,22,Male,Cardiology,Emergency,3,2,2.6,0,11189.0,Aetna,Discharged Home,DOC-114
ADM-11601,PAT-1417,2025-07-09 23:36:00,2025-07-11 21:12:00,29,Female,Oncology,Urgent,4,45,1.9,1,7063.5,UnitedHealth,Discharged Home,DOC-105
ADM-11602,PAT-1248,2024-04-26 15:24:00,2024-04-27 05:48:00,79,Male,Emergency,Emergency,5,88,0.6,0,8701.0,Medicare,Discharged Home,DOC-115
ADM-11603,PAT-2046,2026-03-15 02:50:00,2026-03-19 05:14:00,67,Female,Emergency,Emergency,3,68,4.1,1,7960.0,Aetna,AMA (Against Medical Advice),DOC-106
ADM-11604,PAT-1794,2024-03-05 05:32:00,2024-03-06 10:20:00,71,Male,Orthopedics,Emergency,4,233,1.2,0,3462.5,Medicare,Discharged Home,DOC-123
ADM-11605,PAT-2095,2024-01-31 11:36:00,2024-02-02 06:48:00,91,Female,General Medicine,Elective,3,55,1.8,0,9830.5,Aetna,Discharged Home,DOC-104
ADM-11606,PAT-2049,2026-03-03 20:00:00,2026-03-08 00:48:00,51,Female,Orthopedics,Urgent,2,8,4.2,0,11148.0,Medicaid,Discharged Home,DOC-124
ADM-11607,PAT-1464,2024-11-25 21:55:00,2024-12-04 12:19:00,85,Female,Cardiology,Emergency,3,14,8.6,0,24115.0,Medicare,Transferred,DOC-102
ADM-11608,PAT-1927,2025-11-11 12:42:00,2025-11-13 10:18:00,64,Male,Emergency,Elective,3,9,1.9,0,7536.5,BlueCross,Discharged Home,DOC-101
ADM-11609,PAT-1645,2025-08-30 04:38:00,2025-08-30 16:38:00,50,Male,General Medicine,Elective,4,34,0.5,0,5869.0,BlueCross,Transferred,DOC-124
ADM-11610,PAT-1697,2024-09-08 10:39:00,2024-09-15 17:51:00,47,Female,Emergency,Emergency,3,53,7.3,0,17988.5,BlueCross,Discharged Home,DOC-104
ADM-11611,PAT-1112,2024-06-05 09:34:00,2024-06-08 09:34:00,79,Female,General Medicine,Elective,3,34,3.0,0,4585.0,BlueCross,Discharged Home,DOC-103
ADM-11612,PAT-2087,2025-02-20 00:46:00,2025-02-23 15:10:00,61,Female,Orthopedics,Emergency,3,93,3.6,0,8872.5,Medicare,Discharged Home,DOC-106
ADM-11613,PAT-2457,2025-01-06 03:52:00,2025-01-08 18:16:00,50,Male,Cardiology,Urgent,3,2,2.6,0,7285.0,Medicare,Discharged Home,DOC-111
ADM-11614,PAT-1651,2024-08-25 01:40:00,2024-08-25 16:04:00,23,Male,Emergency,Elective,5,55,0.6,0,6284.5,Aetna,Discharged Home,DOC-103
ADM-11615,PAT-2459,2025-02-17 01:23:00,2025-02-18 01:23:00,80,Male,Neurology,Emergency,3,6,1.0,0,2615.0,Self-Pay,Discharged Home,DOC-103
ADM-11616,PAT-2347,2024-03-11 03:13:00,2024-03-13 05:37:00,69,Male,Orthopedics,Urgent,3,35,2.1,1,10446.5,Medicare,Discharged Home,DOC-116
ADM-11617,PAT-1087,2024-09-27 05:25:00,2024-10-04 03:01:00,43,Male,Emergency,Elective,3,34,6.9,0,18292.0,Medicaid,Discharged Home,DOC-108
ADM-11618,PAT-1167,2025-10-07 00:34:00,2025-10-07 17:22:00,91,Male,General Medicine,Elective,3,120,0.7,0,7819.0,Self-Pay,Discharged Home,DOC-106
ADM-11619,PAT-2397,2025-08-13 06:24:00,2025-08-24 06:24:00,25,Female,Neurology,Emergency,1,2,11.0,1,31053.0,Aetna,Discharged Home,DOC-107
ADM-11620,PAT-2255,2024-05-19 13:48:00,2024-05-22 01:48:00,24,Female,Cardiology,Emergency,3,5,2.5,0,10883.5,Medicare,Discharged Home,DOC-110
ADM-11621,PAT-1551,2025-10-25 20:39:00,2025-10-30 13:27:00,49,Female,Orthopedics,Emergency,4,61,4.7,0,12870.5,BlueCross,Transferred,DOC-107
ADM-11622,PAT-1518,2025-11-18 08:29:00,2025-11-23 15:41:00,5,Male,Cardiology,Urgent,3,27,5.3,1,14907.5,Medicare,Discharged Home,DOC-108
ADM-11623,PAT-1095,2024-10-10 03:50:00,2024-10-11 13:26:00,75,Male,General Medicine,Emergency,3,81,1.4,0,8141.5,Medicaid,Transferred,DOC-104
ADM-11624,PAT-2425,2025-04-02 04:55:00,2025-04-08 02:31:00,81,Male,Oncology,Urgent,3,26,5.9,0,18355.0,Aetna,Discharged Home,DOC-104
ADM-11625,PAT-1755,2025-03-30 22:38:00,2025-04-01 03:26:00,31,Female,Pediatrics,Emergency,3,44,1.2,0,2030.0,Medicare,Discharged Home,DOC-107
ADM-11626,PAT-1797,2025-05-16 16:41:00,2025-05-19 11:53:00,24,Male,Neurology,Urgent,4,239,2.8,1,11960.5,Medicare,Discharged Home,DOC-101
ADM-11627,PAT-1887,2025-06-20 09:52:00,2025-06-21 17:04:00,23,Female,General Medicine,Elective,5,35,1.3,0,2037.5,BlueCross,Discharged Home,DOC-110
ADM-11628,PAT-1288,2025-04-29 18:04:00,2025-04-30 22:52:00,51,Male,Cardiology,Emergency,3,18,1.2,0,3405.0,Medicare,Discharged Home,DOC-110
ADM-11629,PAT-2319,2025-02-03 09:12:00,2025-02-04 18:48:00,52,Female,Orthopedics,Elective,3,32,1.4,0,3440.0,Medicaid,Discharged Home,DOC-105
ADM-11630,PAT-1035,2025-07-18 17:23:00,2025-07-21 05:23:00,61,Male,Cardiology,Elective,2,7,2.5,1,8702.5,BlueCross,Discharged Home,DOC-124
ADM-11631,PAT-1759,2026-06-01 22:28:00,2026-06-02 22:28:00,68,Female,Cardiology,Urgent,3,22,1.0,0,5896.0,Aetna,Discharged Home,DOC-101
ADM-11632,PAT-1128,2026-02-14 22:48:00,2026-02-21 20:24:00,25,Male,Cardiology,Urgent,3,51,6.9,0,26958.5,BlueCross,Discharged Home,DOC-117
ADM-11633,PAT-1374,2024-12-01 23:32:00,2024-12-05 21:08:00,46,Male,Neurology,Emergency,3,24,3.9,0,14138.0,Medicaid,Discharged Home,DOC-101
ADM-11634,PAT-1985,2024-09-14 23:45:00,2024-09-16 04:33:00,23,Female,Cardiology,Elective,4,79,1.2,0,8859.5,Medicaid,Discharged Home,DOC-113
ADM-11635,PAT-2371,2026-06-30 08:21:00,2026-07-01 20:21:00,86,Male,Cardiology,Emergency,5,303,1.5,0,4957.5,Medicaid,Discharged Home,DOC-112
ADM-11636,PAT-1965,2025-03-17 19:11:00,2025-03-20 21:35:00,56,Male,Emergency,Emergency,3,7,3.1,1,5907.5,Medicare,Discharged Home,DOC-119
ADM-11637,PAT-1280,2025-02-26 18:15:00,2025-03-01 15:51:00,31,Female,Neurology,Elective,3,31,2.9,1,8711.5,Medicare,Discharged Home,DOC-118
ADM-11638,PAT-1903,2025-01-14 03:18:00,2025-01-16 00:54:00,69,Male,Neurology,Elective,3,5,1.9,1,4952.5,BlueCross,Discharged Home,DOC-119
ADM-11639,PAT-1837,2024-08-02 03:11:00,2024-08-09 10:23:00,89,Female,Pediatrics,Emergency,3,13,7.3,0,11712.5,Medicaid,Discharged Home,DOC-104
ADM-11640,PAT-1191,2024-02-15 16:14:00,2024-02-20 11:26:00,65,Male,Emergency,Emergency,3,18,4.8,0,14097.0,Aetna,Discharged Home,DOC-125
ADM-11641,PAT-2425,2026-06-27 11:17:00,2026-07-03 13:41:00,44,Female,Emergency,Emergency,2,114,6.1,0,11875.0,Medicaid,Discharged Home,DOC-108
ADM-11642,PAT-2178,2026-02-10 15:26:00,2026-02-15 13:02:00,18,Female,Orthopedics,Emergency,4,34,4.9,1,13690.0,Aetna,Discharged Home,DOC-104
ADM-11643,PAT-2284,2026-04-22 05:21:00,2026-04-25 00:33:00,39,Male,Orthopedics,Elective,4,9,2.8,1,6742.5,Aetna,Discharged Home,DOC-106
ADM-11644,PAT-1401,2024-03-03 22:35:00,2024-03-04 15:23:00,24,Female,Cardiology,Elective,5,81,0.7,1,7729.5,BlueCross,Discharged Home,DOC-104
ADM-11645,PAT-2486,2024-06-06 23:28:00,2024-06-09 23:28:00,29,Female,Neurology,Elective,2,7,3.0,0,7817.5,Medicaid,Discharged Home,DOC-116
ADM-11646,PAT-1774,2025-12-01 14:20:00,2025-12-05 02:20:00,57,Male,General Medicine,Elective,3,86,3.5,0,5465.0,Medicaid,Discharged Home,DOC-107
ADM-11647,PAT-1149,2025-12-17 05:40:00,2025-12-22 08:04:00,49,Male,Emergency,Emergency,3,13,5.1,0,9722.5,Aetna,Discharged Home,DOC-118
ADM-11648,PAT-2386,2024-06-10 20:17:00,2024-06-11 22:41:00,36,Female,Emergency,Emergency,2,15,1.1,0,7274.5,Medicare,AMA (Against Medical Advice),DOC-115
ADM-11649,PAT-1870,2024-09-23 20:41:00,2024-09-27 01:29:00,60,Female,General Medicine,Elective,3,55,3.2,0,4937.5,BlueCross,Discharged Home,DOC-125
ADM-11650,PAT-1041,2024-04-03 19:50:00,2024-04-12 15:02:00,83,Female,Emergency,Elective,2,38,8.8,0,16815.0,Medicaid,Discharged Home,DOC-102
ADM-11651,PAT-1470,2024-02-24 17:40:00,2024-02-25 15:16:00,83,Male,Emergency,Urgent,3,74,0.9,0,1895.0,Medicaid,Transferred,DOC-105
ADM-11652,PAT-1492,2024-09-04 18:23:00,2024-09-11 13:35:00,34,Male,Orthopedics,Emergency,2,18,6.8,0,19643.0,Medicaid,Discharged Home,DOC-103
ADM-11653,PAT-1531,2024-02-15 14:35:00,2024-02-28 02:35:00,63,Male,General Medicine,Elective,2,39,12.5,0,26211.5,Aetna,Discharged Home,DOC-108
ADM-11654,PAT-2431,2024-03-14 14:24:00,2024-03-20 00:00:00,50,Female,Emergency,Emergency,1,2,5.4,1,15243.0,BlueCross,Discharged Home,DOC-125
ADM-11655,PAT-1659,2024-01-31 01:07:00,2024-02-01 05:55:00,67,Female,Emergency,Urgent,5,30,1.2,0,9206.0,BlueCross,Discharged Home,DOC-101
ADM-11656,PAT-2480,2024-03-25 23:28:00,2024-03-28 11:28:00,76,Male,Orthopedics,Emergency,3,3,2.5,0,6007.5,BlueCross,Discharged Home,DOC-104
ADM-11657,PAT-1899,2026-01-06 05:06:00,2026-01-11 12:18:00,19,Male,Emergency,Emergency,2,29,5.3,0,13204.5,Medicare,Discharged Home,DOC-104
ADM-11658,PAT-2032,2024-03-28 18:37:00,2024-03-30 01:49:00,55,Male,Cardiology,Elective,3,16,1.3,0,9098.0,BlueCross,Discharged Home,DOC-118
ADM-11659,PAT-1976,2024-06-28 09:51:00,2024-07-08 00:15:00,62,Male,Emergency,Emergency,3,90,9.6,1,25422.0,Aetna,Discharged Home,DOC-113
ADM-11660,PAT-1960,2024-02-15 20:27:00,2024-02-16 03:39:00,85,Male,Emergency,Emergency,4,94,0.3,0,8561.0,UnitedHealth,Discharged Home,DOC-112
ADM-11661,PAT-2303,2025-06-26 05:07:00,2025-06-26 19:31:00,57,Female,Orthopedics,Emergency,3,42,0.6,0,6657.0,Medicare,Discharged Home,DOC-114
ADM-11662,PAT-1305,2025-11-08 01:40:00,2025-11-11 06:28:00,53,Female,General Medicine,Emergency,2,75,3.2,0,4987.5,Medicare,Discharged Home,DOC-119
ADM-11663,PAT-1768,2024-02-24 13:52:00,2024-02-26 16:16:00,72,Female,Neurology,Urgent,4,46,2.1,0,5575.0,Self-Pay,Discharged Home,DOC-120
ADM-11664,PAT-2143,2024-05-08 02:12:00,2024-05-14 07:00:00,57,Male,Pediatrics,Emergency,4,161,6.2,0,10322.5,BlueCross,Discharged Home,DOC-104
ADM-11665,PAT-1802,2024-09-24 21:21:00,2024-09-28 04:33:00,44,Male,Cardiology,Emergency,3,30,3.3,0,17696.0,Medicare,Discharged Home,DOC-106
ADM-11666,PAT-2121,2025-01-22 06:24:00,2025-01-24 08:48:00,33,Male,Orthopedics,Elective,2,2,2.1,0,6070.0,BlueCross,Discharged Home,DOC-108
ADM-11667,PAT-1317,2026-01-13 05:49:00,2026-01-22 05:49:00,22,Female,Orthopedics,Emergency,2,3,9.0,0,27392.5,BlueCross,Discharged Home,DOC-124
ADM-11668,PAT-1629,2026-06-19 14:19:00,2026-06-21 09:31:00,51,Male,Cardiology,Emergency,2,14,1.8,0,6644.0,Medicaid,Discharged Home,DOC-124
ADM-11669,PAT-2082,2024-03-25 15:46:00,2024-03-27 06:10:00,80,Female,Emergency,Emergency,3,33,1.6,0,10356.5,Medicare,Discharged Home,DOC-121
ADM-11670,PAT-1798,2026-06-06 01:26:00,2026-06-10 15:50:00,29,Female,General Medicine,Elective,2,2,4.6,0,6905.0,Medicare,Discharged Home,DOC-124
ADM-11671,PAT-2383,2024-10-27 06:32:00,2024-11-04 08:56:00,63,Male,General Medicine,Emergency,2,9,8.1,0,20138.5,UnitedHealth,AMA (Against Medical Advice),DOC-122
ADM-11672,PAT-1173,2026-06-02 09:55:00,2026-06-08 09:55:00,84,Female,Emergency,Emergency,2,7,6.0,0,19781.5,Medicaid,Discharged Home,DOC-117
ADM-11673,PAT-1046,2025-07-23 23:48:00,2025-08-07 16:36:00,49,Male,Cardiology,Elective,3,2,14.7,0,43126.0,Medicare,Discharged Home,DOC-109
ADM-11674,PAT-1679,2024-02-08 09:53:00,2024-02-18 02:41:00,32,Female,General Medicine,Emergency,1,3,9.7,0,15528.5,UnitedHealth,Discharged Home,DOC-110
ADM-11675,PAT-1489,2026-04-28 17:57:00,2026-04-30 10:45:00,24,Male,General Medicine,Elective,3,80,1.7,0,2750.0,Medicaid,Discharged Home,DOC-123
ADM-11676,PAT-1250,2024-04-02 03:13:00,2024-04-12 12:49:00,41,Male,Emergency,Elective,2,2,10.4,0,23990.0,Medicaid,Discharged Home,DOC-124
ADM-11677,PAT-1253,2025-10-08 23:10:00,2025-10-09 11:10:00,52,Male,Cardiology,Urgent,5,226,0.5,0,1965.0,Medicaid,Discharged Home,DOC-113
ADM-11678,PAT-2318,2026-01-10 02:37:00,2026-01-13 14:37:00,47,Male,Neurology,Urgent,4,523,3.5,0,18428.5,BlueCross,Discharged Home,DOC-125
ADM-11679,PAT-2034,2025-04-17 17:05:00,2025-04-19 21:53:00,56,Male,Pediatrics,Emergency,3,22,2.2,0,10455.0,Medicaid,Discharged Home,DOC-117
ADM-11680,PAT-1017,2025-08-23 03:38:00,2025-08-27 06:02:00,23,Male,Neurology,Emergency,3,120,4.1,0,10960.0,Medicare,Discharged Home,DOC-118
ADM-11681,PAT-1261,2025-04-28 21:44:00,2025-05-03 16:56:00,53,Female,General Medicine,Elective,1,11,4.8,0,9888.5,BlueCross,Discharged Home,DOC-120
ADM-11682,PAT-1245,2025-02-05 12:33:00,2025-02-23 22:09:00,18,Male,Oncology,Emergency,1,13,18.4,1,60404.5,Aetna,Discharged Home,DOC-102
ADM-11683,PAT-1156,2024-04-21 18:24:00,2024-04-24 16:00:00,37,Female,Cardiology,Emergency,4,42,2.9,0,8225.0,Medicare,Discharged Home,DOC-117
ADM-11684,PAT-1977,2026-02-13 13:54:00,2026-02-17 21:06:00,89,Male,Cardiology,Elective,2,17,4.3,0,12082.5,UnitedHealth,Discharged Home,DOC-106
ADM-11685,PAT-1441,2024-10-08 11:26:00,2024-10-10 23:26:00,48,Female,Orthopedics,Urgent,3,17,2.5,1,6042.5,Medicare,Discharged Home,DOC-109
ADM-11686,PAT-1074,2026-02-04 01:27:00,2026-02-06 13:27:00,22,Female,General Medicine,Emergency,4,51,2.5,1,9541.5,Medicaid,Discharged Home,DOC-111
ADM-11687,PAT-1486,2025-06-15 23:40:00,2025-06-16 14:04:00,59,Male,General Medicine,Elective,4,19,0.6,0,947.5,Medicaid,Discharged Home,DOC-114
ADM-11688,PAT-1036,2025-01-04 13:19:00,2025-01-12 20:31:00,87,Male,Pediatrics,Elective,2,5,8.3,0,13292.5,Aetna,Discharged Home,DOC-125
ADM-11689,PAT-1055,2024-11-24 07:15:00,2024-11-27 07:15:00,85,Male,Pediatrics,Emergency,3,72,3.0,0,4980.0,BlueCross,Discharged Home,DOC-107
ADM-11690,PAT-1520,2025-03-22 19:31:00,2025-03-23 07:31:00,29,Male,General Medicine,Emergency,5,34,0.5,0,835.0,Medicaid,Discharged Home,DOC-116
ADM-11691,PAT-1869,2024-10-24 01:22:00,2024-10-30 08:34:00,52,Female,General Medicine,Emergency,3,62,6.3,0,9605.0,Medicaid,Discharged Home,DOC-118
ADM-11692,PAT-1010,2024-11-01 08:06:00,2024-11-06 00:54:00,32,Female,Emergency,Elective,2,22,4.7,0,14949.0,Medicare,Transferred,DOC-124
ADM-11693,PAT-2082,2025-10-22 12:46:00,2025-10-27 17:34:00,31,Male,Orthopedics,Urgent,3,58,5.2,1,14141.0,Medicare,Discharged Home,DOC-122
ADM-11694,PAT-1758,2025-06-03 12:34:00,2025-06-11 10:10:00,15,Male,Neurology,Emergency,4,14,7.9,0,25833.0,Medicaid,Discharged Home,DOC-110
ADM-11695,PAT-1585,2025-08-19 05:39:00,2025-08-23 10:27:00,18,Female,Cardiology,Emergency,3,12,4.2,0,17187.0,BlueCross,Discharged Home,DOC-120
ADM-11696,PAT-2281,2026-06-09 22:25:00,2026-06-14 05:37:00,65,Female,General Medicine,Emergency,3,35,4.3,0,6537.5,Medicare,Transferred,DOC-120
ADM-11697,PAT-2229,2025-07-02 12:29:00,2025-07-03 17:17:00,62,Male,General Medicine,Elective,4,153,1.2,0,7898.5,Aetna,Discharged Home,DOC-108
ADM-11698,PAT-1300,2026-03-01 17:04:00,2026-03-02 05:04:00,11,Male,Orthopedics,Emergency,4,67,0.5,0,6532.5,Aetna,Discharged Home,DOC-107
ADM-11699,PAT-1358,2026-03-10 04:49:00,2026-03-14 16:49:00,78,Female,General Medicine,Emergency,3,52,4.5,0,10901.0,Medicare,Discharged Home,DOC-118
ADM-11700,PAT-1112,2024-06-07 13:35:00,2024-06-10 20:47:00,37,Female,Cardiology,Elective,3,2,3.3,0,13490.0,UnitedHealth,Discharged Home,DOC-101
ADM-11701,PAT-2314,2025-07-29 07:47:00,2025-08-01 19:47:00,77,Female,General Medicine,Emergency,3,9,3.5,0,7577.5,Aetna,Transferred,DOC-122
ADM-11702,PAT-2233,2025-11-04 19:09:00,2025-11-30 02:21:00,53,Male,Cardiology,Emergency,1,2,25.3,0,78193.0,Self-Pay,Discharged Home,DOC-110
ADM-11703,PAT-1006,2025-12-12 19:19:00,2025-12-13 16:55:00,74,Male,Orthopedics,Emergency,4,105,0.9,1,5718.5,BlueCross,Discharged Home,DOC-105
ADM-11704,PAT-1831,2025-11-07 09:04:00,2025-11-15 13:52:00,67,Female,Pediatrics,Emergency,2,41,8.2,0,13222.5,BlueCross,Discharged Home,DOC-119
ADM-11705,PAT-1774,2024-01-16 19:10:00,2024-01-17 14:22:00,31,Male,Emergency,Elective,4,94,0.8,0,7760.0,BlueCross,Discharged Home,DOC-105
ADM-11706,PAT-1389,2024-09-14 06:33:00,2024-09-15 04:09:00,17,Male,General Medicine,Emergency,3,4,0.9,0,5125.0,Medicaid,Discharged Home,DOC-108
ADM-11707,PAT-2203,2026-05-25 01:00:00,2026-05-26 15:24:00,79,Male,General Medicine,Urgent,5,89,1.6,0,4467.5,Medicare,Discharged Home,DOC-108
ADM-11708,PAT-1002,2026-06-25 13:17:00,2026-06-27 10:53:00,62,Female,Emergency,Emergency,3,93,1.9,1,3842.5,UnitedHealth,Discharged Home,DOC-125
ADM-11709,PAT-1792,2026-04-13 20:53:00,2026-04-14 18:29:00,24,Male,Orthopedics,Emergency,3,71,0.9,0,2337.5,Medicare,Discharged Home,DOC-101
ADM-11710,PAT-1098,2024-03-23 10:00:00,2024-03-27 17:12:00,30,Female,Cardiology,Emergency,1,5,4.3,0,13151.5,BlueCross,Discharged Home,DOC-111
ADM-11711,PAT-1111,2026-06-11 19:52:00,2026-06-13 05:28:00,31,Male,Emergency,Emergency,4,116,1.4,0,8586.0,Medicare,Discharged Home,DOC-124
ADM-11712,PAT-1754,2025-05-22 15:02:00,2025-05-29 15:02:00,79,Male,Orthopedics,Elective,2,4,7.0,0,19616.0,BlueCross,Discharged Home,DOC-102
ADM-11713,PAT-2462,2025-11-18 04:26:00,2025-11-19 04:26:00,69,Female,Emergency,Emergency,4,31,1.0,0,1977.5,BlueCross,Discharged Home,DOC-103
ADM-11714,PAT-2007,2026-02-26 08:59:00,2026-03-01 23:23:00,76,Male,Cardiology,Emergency,4,139,3.6,0,10427.5,Medicaid,Discharged Home,DOC-122
ADM-11715,PAT-2092,2025-04-09 07:55:00,2025-04-15 05:31:00,52,Male,General Medicine,Urgent,2,10,5.9,1,8875.0,Medicaid,Discharged Home,DOC-111
ADM-11716,PAT-1732,2025-04-23 18:35:00,2025-04-25 04:11:00,57,Male,Emergency,Elective,4,52,1.4,0,4968.0,Medicaid,Transferred,DOC-106
ADM-11717,PAT-2388,2025-01-23 03:50:00,2025-01-23 15:50:00,20,Male,Emergency,Urgent,4,146,0.5,0,8574.0,Medicare,Discharged Home,DOC-122
ADM-11718,PAT-1650,2025-01-20 04:08:00,2025-01-24 08:56:00,5,Female,Emergency,Elective,2,23,4.2,0,8037.5,Medicaid,AMA (Against Medical Advice),DOC-122
ADM-11719,PAT-2116,2026-01-13 05:45:00,2026-01-24 20:09:00,27,Male,Cardiology,Emergency,2,12,11.6,1,35656.0,BlueCross,Discharged Home,DOC-113
ADM-11720,PAT-1602,2024-10-18 01:48:00,2024-10-19 11:24:00,49,Female,Emergency,Elective,3,9,1.4,0,2682.5,UnitedHealth,Discharged Home,DOC-109
ADM-11721,PAT-1208,2025-04-19 17:03:00,2025-04-25 05:03:00,33,Male,Orthopedics,Urgent,3,77,5.5,0,15287.5,UnitedHealth,Discharged Home,DOC-103
ADM-11722,PAT-1028,2024-04-14 21:26:00,2024-04-20 09:26:00,38,Male,Pediatrics,Emergency,3,34,5.5,0,8885.0,Medicare,Discharged Home,DOC-114
ADM-11723,PAT-1351,2024-08-27 14:32:00,2024-08-30 04:56:00,92,Female,Neurology,Elective,3,15,2.6,0,9194.5,Medicare,Discharged Home,DOC-118
ADM-11724,PAT-1497,2025-02-22 00:59:00,2025-02-23 08:11:00,45,Female,Emergency,Elective,3,3,1.3,0,2477.5,Medicare,Transferred,DOC-115
ADM-11725,PAT-1046,2025-02-16 23:14:00,2025-02-17 23:14:00,16,Female,General Medicine,Emergency,4,38,1.0,0,3069.0,Aetna,Discharged Home,DOC-123
ADM-11726,PAT-1125,2025-06-14 05:00:00,2025-06-15 12:12:00,78,Female,Emergency,Emergency,4,42,1.3,0,2575.0,Medicare,Discharged Home,DOC-113
ADM-11727,PAT-2107,2024-08-17 21:28:00,2024-08-26 09:28:00,67,Male,Pediatrics,Emergency,3,20,8.5,0,13650.0,Aetna,Discharged Home,DOC-103
ADM-11728,PAT-1805,2024-04-17 23:26:00,2024-04-20 16:14:00,18,Female,Cardiology,Elective,5,131,2.7,0,7887.5,Medicare,Discharged Home,DOC-124
ADM-11729,PAT-1149,2025-08-07 04:44:00,2025-08-09 23:56:00,17,Male,Cardiology,Elective,3,21,2.8,0,7892.5,Aetna,Discharged Home,DOC-115
ADM-11730,PAT-2216,2024-08-28 14:40:00,2024-08-30 21:52:00,35,Female,Emergency,Emergency,2,6,2.3,0,9323.0,Medicare,Discharged Home,DOC-118
ADM-11731,PAT-1033,2025-09-11 23:36:00,2025-09-15 09:12:00,47,Male,Orthopedics,Emergency,3,4,3.4,0,14095.0,UnitedHealth,Expired,DOC-114
ADM-11732,PAT-2472,2024-11-01 20:40:00,2024-11-09 15:52:00,55,Male,Pediatrics,Elective,1,28,7.8,0,12550.0,Medicaid,Discharged Home,DOC-117
ADM-11733,PAT-2133,2025-04-07 21:22:00,2025-04-09 16:34:00,48,Female,Emergency,Emergency,3,144,1.8,0,8030.0,Medicaid,Discharged Home,DOC-125
ADM-11734,PAT-1073,2025-07-11 13:42:00,2025-07-12 01:42:00,76,Male,Emergency,Emergency,3,95,0.5,0,5599.5,Medicaid,Discharged Home,DOC-125
ADM-11735,PAT-2344,2025-01-24 02:39:00,2025-01-25 14:39:00,18,Female,Emergency,Elective,4,22,1.5,0,2905.0,Medicare,Discharged Home,DOC-115
ADM-11736,PAT-2013,2025-06-01 16:58:00,2025-06-04 16:58:00,63,Female,Neurology,Emergency,3,56,3.0,0,9700.0,Medicare,Discharged Home,DOC-105
ADM-11737,PAT-1655,2026-03-20 21:57:00,2026-03-22 07:33:00,17,Male,General Medicine,Elective,3,3,1.4,0,8190.5,Medicare,Discharged Home,DOC-113
ADM-11738,PAT-2317,2024-02-23 23:44:00,2024-02-25 16:32:00,66,Female,Emergency,Emergency,2,29,1.7,1,3302.5,UnitedHealth,Discharged Home,DOC-112
ADM-11739,PAT-1799,2025-08-05 01:18:00,2025-08-05 18:06:00,81,Female,General Medicine,Elective,5,46,0.7,1,1165.0,Aetna,Discharged Home,DOC-109
ADM-11740,PAT-2109,2024-10-01 08:34:00,2024-10-04 06:10:00,42,Female,Cardiology,Emergency,3,7,2.9,0,8137.5,Medicare,Discharged Home,DOC-115
ADM-11741,PAT-2215,2024-07-09 21:47:00,2024-07-13 04:59:00,82,Female,Cardiology,Emergency,3,3,3.3,0,9247.5,BlueCross,Discharged Home,DOC-122
ADM-11742,PAT-2090,2025-07-13 19:32:00,2025-07-17 14:44:00,58,Male,Pediatrics,Urgent,3,17,3.8,0,9408.5,BlueCross,Discharged Home,DOC-109
ADM-11743,PAT-1163,2024-07-01 11:43:00,2024-07-02 04:31:00,63,Female,Pediatrics,Emergency,1,2,0.7,0,1125.0,Aetna,Discharged Home,DOC-106
ADM-11744,PAT-1826,2025-06-26 20:45:00,2025-06-28 01:33:00,68,Female,Emergency,Emergency,5,4,1.2,0,2290.0,BlueCross,Transferred,DOC-117
ADM-11745,PAT-1217,2025-06-15 08:58:00,2025-06-18 13:46:00,57,Female,Emergency,Emergency,3,99,3.2,0,14605.5,Medicare,Discharged Home,DOC-111
ADM-11746,PAT-1032,2026-04-24 08:55:00,2026-04-26 20:55:00,42,Female,Emergency,Emergency,2,2,2.5,0,4755.0,Aetna,Discharged Home,DOC-121
ADM-11747,PAT-2276,2026-05-02 03:51:00,2026-05-04 11:03:00,39,Male,General Medicine,Emergency,2,15,2.3,0,8894.5,Aetna,Transferred,DOC-102
ADM-11748,PAT-1407,2024-10-02 01:17:00,2024-10-08 08:29:00,81,Male,Emergency,Emergency,1,10,6.3,0,11995.0,Medicaid,Discharged Home,DOC-113
ADM-11749,PAT-1629,2024-11-30 11:11:00,2024-12-03 13:35:00,28,Male,General Medicine,Emergency,3,2,3.1,0,4655.0,Medicare,Discharged Home,DOC-106
ADM-11750,PAT-1749,2024-08-31 14:32:00,2024-09-04 14:32:00,86,Male,Cardiology,Emergency,3,6,4.0,1,14314.0,BlueCross,Discharged Home,DOC-120
ADM-11751,PAT-1544,2026-02-27 02:58:00,2026-02-27 17:22:00,66,Female,Pediatrics,Emergency,3,17,0.6,0,1002.5,Aetna,Discharged Home,DOC-115
ADM-11752,PAT-1784,2025-07-28 02:03:00,2025-07-28 16:27:00,68,Female,Orthopedics,Emergency,3,70,0.6,1,8954.0,Medicaid,Discharged Home,DOC-116
ADM-11753,PAT-1013,2025-02-15 05:33:00,2025-02-17 17:33:00,50,Female,Cardiology,Elective,4,2,2.5,0,15165.0,BlueCross,Discharged Home,DOC-125
ADM-11754,PAT-1876,2026-03-22 15:21:00,2026-03-30 12:57:00,89,Female,Cardiology,Elective,2,3,7.9,0,24916.5,BlueCross,Discharged Home,DOC-106
ADM-11755,PAT-1283,2026-01-28 22:50:00,2026-01-31 06:02:00,40,Female,Oncology,Emergency,4,64,2.3,0,7290.0,Medicaid,Expired,DOC-124
ADM-11756,PAT-2204,2024-07-01 17:08:00,2024-07-06 00:20:00,56,Female,Pediatrics,Emergency,3,56,4.3,0,7020.0,Medicare,Discharged Home,DOC-104
ADM-11757,PAT-1169,2026-06-22 01:20:00,2026-06-25 20:32:00,14,Male,Oncology,Emergency,3,2,3.8,0,11785.0,Medicaid,Discharged Home,DOC-112
ADM-11758,PAT-2309,2024-08-30 04:28:00,2024-09-13 18:52:00,36,Male,Cardiology,Urgent,2,14,14.6,0,48180.0,Medicaid,Discharged Home,DOC-104
ADM-11759,PAT-1667,2024-12-14 16:24:00,2024-12-18 16:24:00,52,Female,Neurology,Elective,2,37,4.0,1,10492.5,Medicare,Transferred,DOC-121
ADM-11760,PAT-1871,2024-10-18 17:44:00,2024-10-19 05:44:00,39,Female,General Medicine,Emergency,3,74,0.5,0,4573.0,UnitedHealth,Discharged Home,DOC-120
ADM-11761,PAT-2467,2025-04-04 21:45:00,2025-04-07 09:45:00,78,Female,Cardiology,Elective,5,19,2.5,0,13440.5,Aetna,Discharged Home,DOC-121
ADM-11762,PAT-1846,2026-05-16 17:35:00,2026-05-18 00:47:00,46,Female,Orthopedics,Elective,4,121,1.3,0,9686.5,Medicare,Discharged Home,DOC-112
ADM-11763,PAT-1589,2025-12-25 18:32:00,2025-12-31 18:32:00,20,Male,Emergency,Elective,1,2,6.0,0,12772.0,Medicare,Discharged Home,DOC-107
ADM-11764,PAT-1128,2025-10-03 10:24:00,2025-10-04 20:00:00,65,Male,Oncology,Urgent,4,16,1.4,0,5363.0,Medicare,Discharged Home,DOC-101
ADM-11765,PAT-1184,2024-06-12 06:57:00,2024-06-13 09:21:00,25,Female,Emergency,Urgent,4,154,1.1,0,3173.0,BlueCross,Transferred,DOC-125
ADM-11766,PAT-1965,2024-06-30 06:10:00,2024-07-03 01:22:00,68,Female,Pediatrics,Emergency,3,52,2.8,0,9042.0,UnitedHealth,Expired,DOC-109
ADM-11767,PAT-1743,2026-06-02 19:29:00,2026-06-04 14:41:00,50,Male,Cardiology,Emergency,4,88,1.8,0,8425.0,Aetna,Discharged Home,DOC-103
ADM-11768,PAT-2046,2026-01-17 03:29:00,2026-01-19 17:53:00,67,Male,General Medicine,Emergency,2,9,2.6,0,3922.5,Medicaid,AMA (Against Medical Advice),DOC-106
ADM-11769,PAT-2471,2024-03-05 15:36:00,2024-03-10 15:36:00,86,Male,General Medicine,Urgent,3,15,5.0,0,9661.5,Medicare,Discharged Home,DOC-123
ADM-11770,PAT-2491,2026-05-07 00:59:00,2026-05-09 03:23:00,66,Male,Orthopedics,Urgent,3,107,2.1,0,5307.5,Aetna,Referred to Rehab,DOC-119
ADM-11771,PAT-2160,2026-01-20 14:34:00,2026-01-25 04:58:00,76,Male,Emergency,Emergency,3,25,4.6,0,14686.5,Medicaid,Discharged Home,DOC-103
ADM-11772,PAT-2311,2024-08-30 05:41:00,2024-09-04 03:17:00,88,Male,Oncology,Emergency,2,27,4.9,0,15257.5,Medicaid,Transferred,DOC-108
ADM-11773,PAT-2182,2025-03-03 04:10:00,2025-03-03 20:58:00,80,Female,Orthopedics,Elective,2,15,0.7,0,7497.5,Medicare,Discharged Home,DOC-124
ADM-11774,PAT-2009,2024-01-21 19:29:00,2024-01-23 19:29:00,58,Male,Orthopedics,Elective,3,24,2.0,0,4860.0,Medicaid,AMA (Against Medical Advice),DOC-119
ADM-11775,PAT-2020,2024-01-03 06:22:00,2024-01-08 01:34:00,60,Female,Orthopedics,Emergency,3,85,4.8,1,15837.5,BlueCross,Discharged Home,DOC-102
ADM-11776,PAT-1678,2026-01-06 03:50:00,2026-01-06 23:02:00,85,Female,Pediatrics,Emergency,2,2,0.8,0,1285.0,Medicaid,Referred to Rehab,DOC-111
ADM-11777,PAT-1283,2026-04-11 23:02:00,2026-05-01 18:14:00,50,Male,Orthopedics,Elective,1,13,19.8,1,48859.5,BlueCross,Discharged Home,DOC-112
ADM-11778,PAT-1813,2026-06-23 01:31:00,2026-06-24 08:43:00,52,Male,General Medicine,Emergency,5,640,1.3,0,3550.0,UnitedHealth,Discharged Home,DOC-120
ADM-11779,PAT-2404,2024-12-23 23:20:00,2024-12-24 13:44:00,62,Female,Emergency,Urgent,2,12,0.6,0,1170.0,Medicare,Discharged Home,DOC-123
ADM-11780,PAT-1762,2024-03-03 01:22:00,2024-03-04 18:10:00,78,Female,General Medicine,Urgent,3,17,1.7,0,2592.5,Medicare,Referred to Rehab,DOC-110
ADM-11781,PAT-1483,2024-04-22 15:42:00,2024-04-26 01:18:00,38,Female,Pediatrics,Emergency,4,14,3.4,0,5475.0,Medicare,Referred to Rehab,DOC-106
ADM-11782,PAT-1430,2026-03-08 20:01:00,2026-03-10 03:13:00,70,Male,Neurology,Emergency,3,16,1.3,1,9359.0,BlueCross,Discharged Home,DOC-110
ADM-11783,PAT-1407,2024-02-28 20:53:00,2024-03-02 20:53:00,26,Male,Neurology,Elective,1,2,3.0,1,15773.0,Medicare,AMA (Against Medical Advice),DOC-114
ADM-11784,PAT-1962,2024-04-05 20:46:00,2024-04-07 08:46:00,67,Female,Emergency,Emergency,4,49,1.5,1,2972.5,Aetna,Referred to Rehab,DOC-105
ADM-11785,PAT-2498,2026-06-06 23:26:00,2026-06-08 09:02:00,52,Male,Emergency,Elective,5,104,1.4,0,6779.0,BlueCross,Discharged Home,DOC-122
ADM-11786,PAT-1285,2024-04-28 03:50:00,2024-04-30 20:38:00,21,Male,Neurology,Urgent,3,70,2.7,1,7195.0,Medicare,Discharged Home,DOC-106
ADM-11787,PAT-1085,2024-05-19 11:42:00,2024-05-19 23:42:00,37,Female,Orthopedics,Emergency,4,140,0.5,0,9631.0,Self-Pay,Discharged Home,DOC-115
ADM-11788,PAT-1509,2024-10-27 19:31:00,2024-10-31 14:43:00,7,Male,Emergency,Emergency,2,30,3.8,0,7295.0,Medicare,Discharged Home,DOC-107
ADM-11789,PAT-2098,2026-03-06 17:46:00,2026-03-07 15:22:00,39,Female,Pediatrics,Emergency,3,24,0.9,0,1500.0,BlueCross,Discharged Home,DOC-110
ADM-11790,PAT-1360,2025-10-02 17:54:00,2025-10-11 10:42:00,20,Female,Emergency,Emergency,3,44,8.7,0,16640.0,Medicare,Discharged Home,DOC-101
ADM-11791,PAT-2180,2025-01-19 04:23:00,2025-01-22 13:59:00,22,Female,Orthopedics,Emergency,4,23,3.4,0,8217.5,Self-Pay,Discharged Home,DOC-107
ADM-11792,PAT-2434,2026-04-09 22:21:00,2026-04-17 07:57:00,83,Male,Emergency,Emergency,1,6,7.4,0,14075.0,Medicare,Discharged Home,DOC-123
ADM-11793,PAT-2365,2026-04-23 00:34:00,2026-04-24 12:34:00,70,Female,Pediatrics,Elective,5,50,1.5,0,4899.0,Medicare,Discharged Home,DOC-104
ADM-11794,PAT-1290,2025-07-06 12:30:00,2025-07-07 00:30:00,59,Female,Neurology,Emergency,3,20,0.5,0,1350.0,BlueCross,Discharged Home,DOC-105
ADM-11795,PAT-1434,2024-05-24 16:26:00,2024-05-25 04:26:00,26,Male,General Medicine,Emergency,5,86,0.5,0,4925.0,Medicaid,Discharged Home,DOC-120
ADM-11796,PAT-1331,2024-03-02 05:40:00,2024-03-08 12:52:00,86,Female,Cardiology,Emergency,3,47,6.3,0,18760.5,Medicaid,Discharged Home,DOC-124
ADM-11797,PAT-1174,2024-08-21 04:26:00,2024-08-23 09:14:00,64,Female,General Medicine,Emergency,3,4,2.2,0,3310.0,BlueCross,Referred to Rehab,DOC-121
ADM-11798,PAT-1219,2024-08-15 23:56:00,2024-08-18 07:08:00,11,Male,Orthopedics,Emergency,3,92,2.3,1,8588.0,Medicare,Discharged Home,DOC-102
ADM-11799,PAT-1255,2025-07-31 21:50:00,2025-08-03 07:26:00,37,Female,Emergency,Emergency,3,43,2.4,0,8633.5,Medicaid,Expired,DOC-110
ADM-11800,PAT-2275,2025-01-15 09:43:00,2025-01-16 00:07:00,3,Female,Oncology,Elective,4,47,0.6,0,3889.5,UnitedHealth,Transferred,DOC-109
ADM-11801,PAT-1982,2024-01-03 03:46:00,2024-01-03 10:58:00,22,Female,Emergency,Emergency,5,46,0.3,0,685.0,BlueCross,Discharged Home,DOC-117
ADM-11802,PAT-1251,2024-04-12 15:20:00,2024-04-13 03:20:00,46,Male,Orthopedics,Emergency,5,113,0.5,0,1482.5,Medicare,Discharged Home,DOC-103
ADM-11803,PAT-2001,2025-06-13 03:19:00,2025-06-23 08:07:00,62,Male,Orthopedics,Elective,2,16,10.2,0,30510.0,BlueCross,Discharged Home,DOC-104
ADM-11804,PAT-1303,2025-12-22 02:04:00,2025-12-28 18:52:00,69,Female,General Medicine,Emergency,3,48,6.7,0,12271.0,Medicaid,Discharged Home,DOC-114
ADM-11805,PAT-1927,2024-12-06 02:43:00,2024-12-15 00:19:00,25,Male,Emergency,Elective,2,49,8.9,0,24192.5,UnitedHealth,Referred to Rehab,DOC-112
ADM-11806,PAT-2086,2024-06-28 03:53:00,2024-07-11 18:17:00,33,Female,General Medicine,Emergency,1,7,13.6,1,21120.5,BlueCross,Discharged Home,DOC-114
ADM-11807,PAT-1372,2025-04-02 14:32:00,2025-04-10 04:56:00,92,Female,Emergency,Elective,2,2,7.6,0,19828.0,Medicare,Discharged Home,DOC-101
ADM-11808,PAT-1418,2025-11-18 06:50:00,2025-11-21 06:50:00,35,Male,Emergency,Elective,2,8,3.0,0,7502.0,Medicaid,Discharged Home,DOC-115
ADM-11809,PAT-1520,2024-12-27 19:58:00,2025-01-05 12:46:00,59,Male,Cardiology,Elective,1,2,8.7,0,24365.0,BlueCross,Expired,DOC-105
ADM-11810,PAT-2432,2025-02-16 14:09:00,2025-02-17 18:57:00,47,Female,Oncology,Emergency,1,2,1.2,0,6769.0,Medicaid,Discharged Home,DOC-121
ADM-11811,PAT-2206,2025-04-02 20:05:00,2025-04-04 05:41:00,42,Male,Emergency,Urgent,3,56,1.4,0,7128.0,Medicaid,Discharged Home,DOC-109
ADM-11812,PAT-1076,2025-07-10 18:50:00,2025-07-14 14:02:00,41,Male,Orthopedics,Emergency,2,2,3.8,0,9125.0,Medicaid,Transferred,DOC-125
ADM-11813,PAT-2433,2025-11-14 02:14:00,2025-11-17 14:14:00,46,Male,Cardiology,Urgent,4,10,3.5,0,9825.0,Aetna,Transferred,DOC-109
ADM-11814,PAT-2250,2025-02-08 20:41:00,2025-02-14 01:29:00,64,Female,Orthopedics,Elective,3,51,5.2,0,17144.5,Medicare,Discharged Home,DOC-121
ADM-11815,PAT-1133,2026-04-13 14:09:00,2026-04-21 06:57:00,64,Male,Orthopedics,Emergency,3,75,7.7,0,18667.5,Medicaid,Discharged Home,DOC-110
ADM-11816,PAT-1209,2025-05-11 09:47:00,2025-05-11 21:47:00,49,Male,Neurology,Emergency,5,6,0.5,0,5788.0,Medicaid,Discharged Home,DOC-109
ADM-11817,PAT-1508,2024-07-06 07:11:00,2024-07-09 09:35:00,81,Female,Pediatrics,Emergency,3,34,3.1,0,13466.0,BlueCross,Discharged Home,DOC-119
ADM-11818,PAT-2218,2026-04-06 00:30:00,2026-04-07 12:30:00,64,Female,Neurology,Emergency,5,286,1.5,0,4615.0,Medicaid,Discharged Home,DOC-109
ADM-11819,PAT-1338,2024-08-07 15:56:00,2024-08-10 23:08:00,75,Male,Neurology,Emergency,5,157,3.3,0,8972.5,BlueCross,Discharged Home,DOC-118
ADM-11820,PAT-1351,2025-11-07 22:42:00,2025-11-12 10:42:00,20,Male,General Medicine,Emergency,2,2,4.5,0,12422.0,Medicaid,Discharged Home,DOC-121
ADM-11821,PAT-1531,2025-01-13 23:21:00,2025-01-30 08:57:00,63,Male,Cardiology,Elective,1,2,16.4,0,51464.0,Medicaid,Discharged Home,DOC-120
ADM-11822,PAT-2033,2024-01-23 18:20:00,2024-01-27 03:56:00,49,Female,Oncology,Emergency,3,41,3.4,0,15956.5,BlueCross,Discharged Home,DOC-122
ADM-11823,PAT-2040,2024-09-23 10:22:00,2024-09-24 12:46:00,1,Female,Orthopedics,Emergency,2,7,1.1,0,4473.5,Self-Pay,Discharged Home,DOC-115
ADM-11824,PAT-1729,2025-06-03 12:45:00,2025-06-13 05:33:00,78,Female,Cardiology,Urgent,3,38,9.7,0,27849.0,Medicare,Discharged Home,DOC-102
ADM-11825,PAT-1052,2024-11-23 16:09:00,2024-11-26 16:09:00,47,Female,Cardiology,Emergency,3,32,3.0,0,15769.0,Medicare,Discharged Home,DOC-107
ADM-11826,PAT-1778,2026-02-21 22:07:00,2026-02-24 07:43:00,83,Male,Orthopedics,Emergency,4,57,2.4,0,14054.5,Medicaid,Discharged Home,DOC-116
ADM-11827,PAT-2381,2025-07-27 17:13:00,2025-07-30 22:01:00,43,Female,Emergency,Emergency,3,127,3.2,0,6397.5,BlueCross,Discharged Home,DOC-113
ADM-11828,PAT-2184,2024-02-14 20:05:00,2024-02-15 12:53:00,16,Female,Emergency,Emergency,4,13,0.7,0,3980.5,UnitedHealth,Discharged Home,DOC-103
ADM-11829,PAT-2189,2025-05-21 18:50:00,2025-05-22 18:50:00,21,Male,Emergency,Elective,5,152,1.0,0,2280.0,Medicaid,Discharged Home,DOC-123
ADM-11830,PAT-2132,2024-04-19 15:42:00,2024-04-20 08:30:00,28,Female,Oncology,Elective,3,24,0.7,0,9766.0,Medicaid,Referred to Rehab,DOC-122
ADM-11831,PAT-2313,2026-06-25 20:38:00,2026-07-05 08:38:00,55,Male,Emergency,Urgent,2,5,9.5,0,24312.5,BlueCross,Discharged Home,DOC-120
ADM-11832,PAT-1770,2024-01-27 09:04:00,2024-01-30 04:16:00,53,Female,Neurology,Emergency,4,16,2.8,0,10379.0,Medicaid,Discharged Home,DOC-115
ADM-11833,PAT-1023,2024-05-25 05:27:00,2024-06-03 12:39:00,5,Female,General Medicine,Emergency,2,15,9.3,0,17399.5,Medicare,Referred to Rehab,DOC-108
ADM-11834,PAT-2290,2024-01-01 17:09:00,2024-01-04 21:57:00,88,Male,Orthopedics,Emergency,4,33,3.2,0,16127.5,UnitedHealth,Discharged Home,DOC-108
ADM-11835,PAT-1544,2025-09-20 01:24:00,2025-09-23 03:48:00,35,Male,Emergency,Emergency,3,21,3.1,0,7568.5,Aetna,Discharged Home,DOC-113
ADM-11836,PAT-1982,2025-03-11 00:45:00,2025-03-12 00:45:00,85,Male,Emergency,Emergency,4,64,1.0,0,2060.0,BlueCross,Discharged Home,DOC-107
ADM-11837,PAT-1231,2026-04-20 06:58:00,2026-04-22 14:10:00,29,Male,Orthopedics,Urgent,5,83,2.3,0,7111.5,BlueCross,Referred to Rehab,DOC-116
ADM-11838,PAT-2473,2024-02-14 08:41:00,2024-02-17 23:05:00,56,Male,Pediatrics,Emergency,3,83,3.6,0,5967.5,Aetna,Discharged Home,DOC-113
ADM-11839,PAT-1680,2025-05-22 04:56:00,2025-05-23 09:44:00,79,Female,Orthopedics,Emergency,3,51,1.2,0,3007.5,BlueCross,Discharged Home,DOC-114
ADM-11840,PAT-1651,2024-01-29 19:21:00,2024-02-09 09:45:00,2,Female,Pediatrics,Emergency,3,73,10.6,1,24565.5,BlueCross,Discharged Home,DOC-125
ADM-11841,PAT-1991,2025-08-31 18:22:00,2025-09-03 01:34:00,62,Female,Orthopedics,Urgent,4,88,2.3,0,10717.0,BlueCross,Referred to Rehab,DOC-118
ADM-11842,PAT-2108,2024-04-09 09:16:00,2024-04-18 21:16:00,45,Male,Emergency,Emergency,3,3,9.5,0,18057.5,Medicaid,Discharged Home,DOC-117
ADM-11843,PAT-1214,2025-02-07 21:23:00,2025-02-08 09:23:00,44,Male,Orthopedics,Urgent,5,105,0.5,0,1462.5,Medicare,Discharged Home,DOC-114
ADM-11844,PAT-2262,2024-11-15 17:17:00,2024-11-23 00:29:00,8,Female,Pediatrics,Emergency,3,79,7.3,0,11877.5,UnitedHealth,Expired,DOC-103
ADM-11845,PAT-1670,2024-04-23 04:14:00,2024-05-02 21:02:00,54,Male,Oncology,Elective,1,5,9.7,0,36499.5,BlueCross,Discharged Home,DOC-106
ADM-11846,PAT-1119,2024-12-25 03:52:00,2024-12-25 11:04:00,29,Male,Emergency,Emergency,4,19,0.3,0,617.5,BlueCross,Discharged Home,DOC-102
ADM-11847,PAT-1465,2025-02-24 22:06:00,2025-02-28 19:42:00,24,Male,Orthopedics,Emergency,3,2,3.9,0,9365.0,BlueCross,Discharged Home,DOC-109
ADM-11848,PAT-1671,2024-01-08 01:40:00,2024-01-13 06:28:00,12,Female,Orthopedics,Elective,4,11,5.2,0,12507.5,UnitedHealth,Referred to Rehab,DOC-119
ADM-11849,PAT-1616,2024-07-02 01:36:00,2024-07-08 01:36:00,89,Female,General Medicine,Elective,3,51,6.0,0,9127.5,BlueCross,Discharged Home,DOC-113
ADM-11850,PAT-2397,2025-03-17 16:58:00,2025-03-19 16:58:00,43,Female,General Medicine,Emergency,3,139,2.0,0,6524.5,Medicaid,Discharged Home,DOC-109
ADM-11851,PAT-1331,2026-06-04 12:25:00,2026-06-07 14:49:00,55,Female,Cardiology,Elective,4,29,3.1,0,12881.5,BlueCross,Discharged Home,DOC-101
ADM-11852,PAT-2169,2024-07-15 17:17:00,2024-07-18 12:29:00,81,Male,Emergency,Urgent,3,43,2.8,0,6163.5,Medicare,Discharged Home,DOC-108
ADM-11853,PAT-1756,2026-05-24 21:37:00,2026-05-26 09:37:00,83,Male,Neurology,Elective,3,25,1.5,0,3962.5,BlueCross,Discharged Home,DOC-123
ADM-11854,PAT-1592,2025-09-10 20:45:00,2025-09-23 08:45:00,21,Female,Orthopedics,Emergency,1,8,12.5,0,30020.0,Medicaid,Referred to Rehab,DOC-101
ADM-11855,PAT-2422,2024-06-04 10:02:00,2024-06-11 19:38:00,74,Male,Emergency,Emergency,3,19,7.4,0,14107.5,Self-Pay,Discharged Home,DOC-115
ADM-11856,PAT-1876,2025-02-14 04:35:00,2025-02-15 04:35:00,16,Female,General Medicine,Emergency,5,131,1.0,1,7350.5,Medicaid,Referred to Rehab,DOC-101
ADM-11857,PAT-1212,2025-01-16 17:10:00,2025-01-17 19:34:00,74,Male,Neurology,Emergency,4,110,1.1,0,5692.0,UnitedHealth,Discharged Home,DOC-117
ADM-11858,PAT-2309,2024-04-20 16:11:00,2024-04-23 11:23:00,19,Male,Emergency,Elective,3,17,2.8,0,9106.5,Medicare,Transferred,DOC-116
ADM-11859,PAT-2144,2025-03-30 00:27:00,2025-03-31 00:27:00,48,Female,Neurology,Emergency,3,29,1.0,0,5410.5,Medicare,Transferred,DOC-123
ADM-11860,PAT-1836,2024-03-18 05:01:00,2024-03-19 07:25:00,91,Female,Emergency,Emergency,5,10,1.1,0,3053.0,BlueCross,Expired,DOC-109
ADM-11861,PAT-1468,2025-12-14 20:05:00,2025-12-19 22:29:00,84,Female,Cardiology,Emergency,2,39,5.1,0,21974.5,Aetna,Discharged Home,DOC-102
ADM-11862,PAT-1944,2024-09-28 17:32:00,2024-10-06 05:32:00,76,Female,Neurology,Emergency,2,24,7.5,1,19560.0,Medicare,Discharged Home,DOC-122
ADM-11863,PAT-2141,2026-03-27 09:09:00,2026-04-03 04:21:00,56,Female,Pediatrics,Emergency,3,12,6.8,0,10910.0,Self-Pay,Transferred,DOC-114
ADM-11864,PAT-1521,2024-12-12 04:58:00,2024-12-18 21:46:00,38,Female,Emergency,Emergency,2,39,6.7,0,20253.5,Medicare,Discharged Home,DOC-104
ADM-11865,PAT-1286,2026-02-27 18:20:00,2026-03-07 03:56:00,68,Female,Emergency,Emergency,3,34,7.4,0,20678.0,Aetna,Discharged Home,DOC-116
ADM-11866,PAT-2397,2024-09-05 22:40:00,2024-09-09 10:40:00,83,Male,Cardiology,Urgent,4,49,3.5,0,9922.5,UnitedHealth,Discharged Home,DOC-124
ADM-11867,PAT-1340,2025-12-02 05:47:00,2025-12-07 12:59:00,77,Female,General Medicine,Elective,2,6,5.3,0,15819.0,Medicare,Discharged Home,DOC-123
ADM-11868,PAT-1025,2024-09-09 01:25:00,2024-09-11 01:25:00,48,Female,Emergency,Elective,3,86,2.0,0,4015.0,BlueCross,Discharged Home,DOC-107
ADM-11869,PAT-1067,2024-09-30 21:18:00,2024-10-03 02:06:00,53,Male,Cardiology,Emergency,4,56,2.2,0,9511.0,Medicare,Discharged Home,DOC-110
ADM-11870,PAT-1024,2025-06-11 02:21:00,2025-06-15 19:09:00,45,Male,Orthopedics,Elective,5,89,4.7,0,15248.5,BlueCross,Discharged Home,DOC-117
ADM-11871,PAT-1586,2024-10-12 08:40:00,2024-10-17 06:16:00,20,Male,Emergency,Emergency,2,11,4.9,0,9337.5,Medicare,Discharged Home,DOC-112
ADM-11872,PAT-1535,2026-04-19 18:15:00,2026-04-23 18:15:00,88,Male,Emergency,Elective,3,35,4.0,1,13826.5,Aetna,Transferred,DOC-120
ADM-11873,PAT-2268,2024-01-16 21:54:00,2024-01-18 21:54:00,32,Male,Orthopedics,Elective,3,38,2.0,0,11585.0,Aetna,Referred to Rehab,DOC-124
ADM-11874,PAT-2371,2024-05-30 18:19:00,2024-05-31 11:07:00,66,Male,Orthopedics,Emergency,5,100,0.7,0,6545.0,Aetna,Discharged Home,DOC-109
ADM-11875,PAT-2103,2025-08-23 18:00:00,2025-08-29 03:36:00,65,Female,Oncology,Emergency,3,147,5.4,0,18876.5,Aetna,Discharged Home,DOC-125
ADM-11876,PAT-2414,2026-05-07 16:21:00,2026-05-07 23:33:00,27,Male,Emergency,Elective,4,85,0.3,0,6860.5,Medicaid,Discharged Home,DOC-113
ADM-11877,PAT-1476,2025-12-28 08:37:00,2025-12-29 13:25:00,48,Female,Neurology,Urgent,4,149,1.2,1,3492.5,BlueCross,Discharged Home,DOC-107
ADM-11878,PAT-2140,2024-08-31 19:23:00,2024-09-01 12:11:00,76,Male,Neurology,Emergency,2,6,0.7,0,3571.0,BlueCross,Discharged Home,DOC-121
ADM-11879,PAT-2350,2024-06-25 17:38:00,2024-07-01 08:02:00,76,Male,Cardiology,Elective,2,7,5.6,1,23767.5,Aetna,Discharged Home,DOC-119
ADM-11880,PAT-2140,2026-04-15 03:59:00,2026-04-18 06:23:00,23,Male,Orthopedics,Emergency,5,364,3.1,0,8350.0,Aetna,Discharged Home,DOC-101
ADM-11881,PAT-1033,2025-03-20 12:57:00,2025-03-23 03:21:00,83,Female,Orthopedics,Elective,4,94,2.6,0,6475.0,Medicare,Discharged Home,DOC-117
ADM-11882,PAT-2293,2025-07-14 02:51:00,2025-07-14 17:15:00,40,Male,Orthopedics,Emergency,5,113,0.6,0,3773.5,BlueCross,Discharged Home,DOC-103
ADM-11883,PAT-1591,2024-11-22 22:10:00,2024-11-29 14:58:00,41,Female,Orthopedics,Elective,3,111,6.7,0,16357.5,Self-Pay,Discharged Home,DOC-119
ADM-11884,PAT-2045,2026-03-12 18:47:00,2026-03-13 06:47:00,79,Female,General Medicine,Emergency,3,12,0.5,0,2877.0,Aetna,Expired,DOC-114
ADM-11885,PAT-2205,2024-01-04 06:46:00,2024-01-06 16:22:00,67,Male,Cardiology,Emergency,2,4,2.4,0,7368.0,Self-Pay,Discharged Home,DOC-125
ADM-11886,PAT-1827,2026-01-30 20:04:00,2026-02-02 08:04:00,18,Female,Emergency,Elective,3,27,2.5,0,4817.5,BlueCross,Discharged Home,DOC-111
ADM-11887,PAT-1040,2025-03-08 09:10:00,2025-03-09 13:58:00,59,Female,Orthopedics,Elective,3,21,1.2,1,2932.5,BlueCross,Discharged Home,DOC-121
ADM-11888,PAT-1804,2024-10-15 00:03:00,2024-10-16 00:03:00,48,Male,Neurology,Elective,4,13,1.0,0,7569.5,Medicaid,Discharged Home,DOC-113
ADM-11889,PAT-2257,2025-06-19 20:59:00,2025-06-27 04:11:00,86,Male,Orthopedics,Emergency,1,3,7.3,0,17527.5,BlueCross,Expired,DOC-125
ADM-11890,PAT-1398,2025-07-21 04:48:00,2025-07-31 04:48:00,31,Female,Orthopedics,Elective,3,4,10.0,0,24010.0,Aetna,Discharged Home,DOC-119
ADM-11891,PAT-2273,2026-03-14 00:31:00,2026-03-14 22:07:00,58,Female,Emergency,Emergency,4,260,0.9,0,7431.0,Medicare,Discharged Home,DOC-121
ADM-11892,PAT-2158,2026-03-11 20:58:00,2026-03-19 16:10:00,33,Female,Emergency,Emergency,3,2,7.8,1,14825.0,Aetna,Expired,DOC-119
ADM-11893,PAT-1878,2025-01-21 00:47:00,2025-01-26 15:11:00,29,Female,Orthopedics,Emergency,3,37,5.6,0,15971.5,Aetna,Discharged Home,DOC-103
ADM-11894,PAT-1271,2026-05-19 21:32:00,2026-05-25 09:32:00,82,Female,Emergency,Emergency,3,17,5.5,0,15571.5,Medicaid,Transferred,DOC-106
ADM-11895,PAT-1778,2026-02-18 19:30:00,2026-02-20 19:30:00,48,Male,Cardiology,Emergency,3,32,2.0,1,5680.0,Medicaid,Discharged Home,DOC-103
ADM-11896,PAT-1944,2025-04-16 16:36:00,2025-04-20 19:00:00,28,Male,General Medicine,Emergency,3,44,4.1,0,12544.0,BlueCross,Discharged Home,DOC-124
ADM-11897,PAT-1282,2026-03-13 02:32:00,2026-03-16 12:08:00,58,Male,General Medicine,Emergency,4,69,3.4,0,5272.5,BlueCross,Discharged Home,DOC-121
ADM-11898,PAT-2129,2024-05-21 14:52:00,2024-05-26 22:04:00,48,Female,Orthopedics,Emergency,2,31,5.3,0,12797.5,Medicare,Discharged Home,DOC-120
ADM-11899,PAT-1977,2024-02-24 09:01:00,2024-03-06 21:01:00,11,Female,Emergency,Elective,3,67,11.5,0,25518.5,BlueCross,Transferred,DOC-105
ADM-11900,PAT-1215,2026-05-03 01:32:00,2026-05-11 01:32:00,39,Female,Cardiology,Emergency,3,2,8.0,0,22405.0,Medicare,Discharged Home,DOC-105
ADM-11901,PAT-1005,2025-12-28 19:36:00,2026-01-02 05:12:00,22,Male,Neurology,Elective,2,42,4.4,0,11545.0,Self-Pay,Discharged Home,DOC-103
ADM-11902,PAT-2294,2024-10-08 01:48:00,2024-10-08 21:00:00,25,Female,Emergency,Emergency,4,100,0.8,0,1770.0,Aetna,Discharged Home,DOC-116
ADM-11903,PAT-1363,2026-06-27 09:33:00,2026-07-01 04:45:00,63,Female,Neurology,Emergency,3,45,3.8,1,9992.5,BlueCross,Discharged Home,DOC-117
ADM-11904,PAT-2335,2024-09-03 03:04:00,2024-09-06 10:16:00,23,Female,Cardiology,Emergency,2,29,3.3,0,9312.5,BlueCross,Discharged Home,DOC-113
ADM-11905,PAT-2110,2026-03-16 11:59:00,2026-03-17 21:35:00,73,Male,Emergency,Elective,5,155,1.4,0,9716.5,Self-Pay,Discharged Home,DOC-103
ADM-11906,PAT-1237,2026-06-26 03:43:00,2026-07-07 03:43:00,18,Female,Emergency,Emergency,1,5,11.0,1,26793.5,Medicaid,Expired,DOC-106
ADM-11907,PAT-1875,2026-04-16 15:02:00,2026-04-19 05:26:00,41,Male,Neurology,Elective,2,12,2.6,0,6790.0,Aetna,Discharged Home,DOC-107
ADM-11908,PAT-1089,2025-11-27 00:30:00,2025-11-29 05:18:00,48,Female,General Medicine,Emergency,4,170,2.2,0,3725.0,Self-Pay,Discharged Home,DOC-123
ADM-11909,PAT-2338,2025-12-16 10:00:00,2025-12-16 22:00:00,64,Female,Emergency,Urgent,4,118,0.5,0,8277.0,Medicare,Discharged Home,DOC-115
ADM-11910,PAT-1846,2025-09-01 08:46:00,2025-09-05 13:34:00,59,Male,Neurology,Emergency,3,5,4.2,0,10932.5,Medicare,Discharged Home,DOC-104
ADM-11911,PAT-1846,2025-04-30 06:54:00,2025-05-01 11:42:00,37,Male,Emergency,Emergency,5,90,1.2,0,3682.0,Medicaid,Discharged Home,DOC-125
ADM-11912,PAT-2485,2024-06-06 12:00:00,2024-06-10 04:48:00,54,Male,Pediatrics,Emergency,2,66,3.7,0,12024.0,Medicare,AMA (Against Medical Advice),DOC-108
ADM-11913,PAT-2402,2026-06-21 12:17:00,2026-06-24 12:17:00,20,Male,Pediatrics,Urgent,3,2,3.0,0,9597.0,Medicaid,Discharged Home,DOC-108
ADM-11914,PAT-1690,2026-06-01 09:19:00,2026-06-03 18:55:00,62,Female,Cardiology,Urgent,3,53,2.4,1,10918.5,BlueCross,Discharged Home,DOC-114
ADM-11915,PAT-1917,2024-11-02 18:29:00,2024-11-05 08:53:00,36,Female,Oncology,Emergency,3,4,2.6,0,13052.0,BlueCross,Referred to Rehab,DOC-106
ADM-11916,PAT-1651,2024-05-21 18:26:00,2024-05-24 06:26:00,30,Female,Emergency,Emergency,2,4,2.5,0,4760.0,BlueCross,Discharged Home,DOC-115
ADM-11917,PAT-1909,2025-04-04 21:09:00,2025-04-06 21:09:00,9,Female,Oncology,Emergency,4,33,2.0,0,6282.5,Medicaid,Discharged Home,DOC-113
ADM-11918,PAT-1326,2025-07-07 11:22:00,2025-07-13 11:22:00,7,Male,Cardiology,Urgent,3,7,6.0,1,19975.5,Medicare,Transferred,DOC-116
ADM-11919,PAT-2288,2026-06-29 07:58:00,2026-07-01 10:22:00,41,Male,Cardiology,Emergency,4,228,2.1,1,6450.0,Medicare,Referred to Rehab,DOC-104
ADM-11920,PAT-1947,2024-05-25 11:12:00,2024-05-30 20:48:00,17,Male,Emergency,Emergency,3,41,5.4,0,16630.5,Medicare,Referred to Rehab,DOC-122
ADM-11921,PAT-1796,2025-10-11 00:48:00,2025-10-14 03:12:00,2,Male,Orthopedics,Elective,3,53,3.1,0,13159.5,UnitedHealth,Discharged Home,DOC-108
ADM-11922,PAT-1645,2024-01-01 02:49:00,2024-01-05 00:25:00,40,Male,Emergency,Emergency,3,127,3.9,0,9719.5,Medicaid,Discharged Home,DOC-111
ADM-11923,PAT-2158,2026-05-30 14:15:00,2026-06-12 07:03:00,47,Male,Cardiology,Elective,2,14,12.7,0,41826.0,UnitedHealth,Transferred,DOC-103
ADM-11924,PAT-1654,2026-03-28 22:20:00,2026-03-31 17:32:00,52,Female,Orthopedics,Emergency,3,106,2.8,0,12303.0,Aetna,Discharged Home,DOC-121
ADM-11925,PAT-2264,2026-05-04 16:48:00,2026-05-07 04:48:00,80,Male,Cardiology,Elective,4,57,2.5,0,7142.5,BlueCross,Discharged Home,DOC-107
ADM-11926,PAT-1264,2025-12-26 20:08:00,2025-12-27 08:08:00,37,Female,Cardiology,Elective,5,34,0.5,1,7259.0,Self-Pay,Discharged Home,DOC-108
ADM-11927,PAT-2364,2025-11-24 21:13:00,2025-11-26 02:01:00,46,Female,Orthopedics,Emergency,4,78,1.2,0,3075.0,UnitedHealth,Discharged Home,DOC-124
ADM-11928,PAT-1024,2024-10-11 11:53:00,2024-10-19 19:05:00,64,Male,Pediatrics,Urgent,3,5,8.3,1,13292.5,Medicare,Discharged Home,DOC-107
ADM-11929,PAT-1877,2024-03-14 18:31:00,2024-03-18 11:19:00,65,Male,Orthopedics,Emergency,2,23,3.7,0,8937.5,Medicare,Discharged Home,DOC-104
ADM-11930,PAT-1453,2024-12-20 08:18:00,2024-12-23 01:06:00,65,Female,Cardiology,Elective,2,28,2.7,0,13749.0,BlueCross,Discharged Home,DOC-105
ADM-11931,PAT-1093,2025-02-21 16:37:00,2025-02-23 21:25:00,30,Male,General Medicine,Elective,3,48,2.2,1,8651.0,BlueCross,Discharged Home,DOC-101
ADM-11932,PAT-1814,2025-07-13 13:12:00,2025-07-16 10:48:00,44,Male,Emergency,Emergency,3,26,2.9,0,9986.0,Medicaid,Discharged Home,DOC-125
ADM-11933,PAT-2424,2026-01-03 07:26:00,2026-01-04 00:14:00,33,Male,Cardiology,Elective,5,13,0.7,0,7163.5,BlueCross,Referred to Rehab,DOC-110
ADM-11934,PAT-2189,2025-02-06 16:45:00,2025-02-12 14:21:00,71,Male,Cardiology,Emergency,3,36,5.9,0,23325.0,Medicaid,Discharged Home,DOC-106
ADM-11935,PAT-1684,2026-04-28 00:22:00,2026-05-06 00:22:00,52,Female,Cardiology,Emergency,1,2,8.0,1,22405.0,Aetna,Discharged Home,DOC-113
ADM-11936,PAT-1641,2024-04-18 15:40:00,2024-04-19 13:16:00,58,Female,Emergency,Emergency,5,231,0.9,1,2287.5,Medicare,Discharged Home,DOC-106
ADM-11937,PAT-2354,2026-05-26 03:15:00,2026-05-29 05:39:00,25,Female,Oncology,Emergency,2,15,3.1,0,9647.5,Medicare,Referred to Rehab,DOC-102
ADM-11938,PAT-2170,2024-12-30 08:20:00,2025-01-03 17:56:00,38,Male,Pediatrics,Emergency,3,163,4.4,0,7447.5,BlueCross,Discharged Home,DOC-118
ADM-11939,PAT-2138,2024-06-04 03:58:00,2024-06-10 13:34:00,54,Male,Orthopedics,Emergency,3,2,6.4,0,15365.0,BlueCross,Discharged Home,DOC-108
ADM-11940,PAT-1278,2024-12-08 19:12:00,2024-12-17 12:00:00,67,Female,Emergency,Elective,2,12,8.7,0,21508.0,BlueCross,Discharged Home,DOC-119
ADM-11941,PAT-1381,2024-11-15 05:43:00,2024-11-16 03:19:00,64,Female,Oncology,Emergency,4,103,0.9,0,3047.5,UnitedHealth,Discharged Home,DOC-108
ADM-11942,PAT-1858,2025-01-13 12:04:00,2025-01-16 19:16:00,6,Female,Orthopedics,Emergency,4,87,3.3,0,9273.5,Aetna,Discharged Home,DOC-115
ADM-11943,PAT-1050,2026-03-31 11:45:00,2026-04-02 02:09:00,18,Male,General Medicine,Emergency,5,159,1.6,0,5145.5,Medicare,Discharged Home,DOC-118
ADM-11944,PAT-1012,2025-10-24 20:45:00,2025-10-29 03:57:00,24,Male,Emergency,Emergency,3,103,4.3,1,10327.5,Medicare,Transferred,DOC-117
ADM-11945,PAT-1254,2025-08-02 03:13:00,2025-08-05 05:37:00,61,Female,Pediatrics,Emergency,2,14,3.1,1,11825.0,Medicare,Discharged Home,DOC-114
ADM-11946,PAT-1433,2026-01-17 20:05:00,2026-01-31 03:17:00,63,Male,Cardiology,Elective,3,18,13.3,0,42446.0,Medicaid,Discharged Home,DOC-123
ADM-11947,PAT-1963,2025-07-23 17:38:00,2025-07-27 12:50:00,68,Female,General Medicine,Emergency,1,21,3.8,1,5752.5,Aetna,Discharged Home,DOC-125
ADM-11948,PAT-1695,2024-03-09 18:41:00,2024-03-12 01:53:00,63,Male,Cardiology,Emergency,3,58,2.3,0,12071.0,Medicare,Discharged Home,DOC-117
ADM-11949,PAT-2191,2026-06-22 10:36:00,2026-06-24 13:00:00,62,Female,General Medicine,Emergency,3,8,2.1,0,9055.0,BlueCross,Transferred,DOC-117
ADM-11950,PAT-1282,2024-01-02 01:50:00,2024-01-02 11:26:00,41,Male,Emergency,Urgent,4,152,0.4,0,1140.0,Medicare,Discharged Home,DOC-105
ADM-11951,PAT-2280,2024-09-15 03:01:00,2024-09-23 03:01:00,67,Male,Emergency,Elective,3,2,8.0,0,15205.0,Medicare,Discharged Home,DOC-109
ADM-11952,PAT-2341,2024-03-08 14:23:00,2024-03-10 02:23:00,50,Male,Emergency,Emergency,4,53,1.5,0,8211.5,Medicaid,Discharged Home,DOC-107
ADM-11953,PAT-2435,2024-05-10 01:13:00,2024-05-10 20:25:00,91,Male,Emergency,Emergency,3,17,0.8,0,2477.5,Medicare,Discharged Home,DOC-123
ADM-11954,PAT-2425,2025-05-24 12:15:00,2025-05-28 05:03:00,75,Female,Emergency,Emergency,2,16,3.7,0,8611.0,Medicaid,Discharged Home,DOC-104
ADM-11955,PAT-1499,2025-05-30 03:11:00,2025-05-31 22:23:00,72,Male,Emergency,Elective,2,20,1.8,1,11230.0,Medicare,Discharged Home,DOC-109
ADM-11956,PAT-1810,2026-01-02 20:18:00,2026-01-06 15:30:00,18,Female,Neurology,Emergency,2,2,3.8,0,9885.0,Medicaid,Discharged Home,DOC-115
ADM-11957,PAT-1941,2024-05-15 02:25:00,2024-05-16 14:25:00,12,Male,Cardiology,Elective,4,167,1.5,0,10456.5,Medicaid,Transferred,DOC-120
ADM-11958,PAT-1183,2024-11-01 12:54:00,2024-11-11 15:18:00,67,Female,Oncology,Elective,3,4,10.1,0,32154.0,BlueCross,Referred to Rehab,DOC-106
ADM-11959,PAT-2192,2024-09-10 18:28:00,2024-09-12 01:40:00,24,Female,Emergency,Emergency,4,5,1.3,0,2482.5,Medicare,Discharged Home,DOC-106
ADM-11960,PAT-1308,2025-05-13 00:28:00,2025-05-14 10:04:00,52,Female,Cardiology,Emergency,5,366,1.4,0,8340.0,Aetna,Discharged Home,DOC-112
ADM-11961,PAT-1855,2024-08-27 23:54:00,2024-08-30 23:54:00,32,Female,Emergency,Emergency,3,15,3.0,0,5737.5,Medicare,Discharged Home,DOC-119
ADM-11962,PAT-2048,2025-08-18 09:47:00,2025-08-22 19:23:00,29,Female,Orthopedics,Elective,4,37,4.4,0,17568.5,UnitedHealth,Discharged Home,DOC-121
ADM-11963,PAT-1074,2025-09-11 06:26:00,2025-09-12 08:50:00,31,Female,Neurology,Emergency,4,61,1.1,0,8161.5,UnitedHealth,Discharged Home,DOC-101
ADM-11964,PAT-1619,2026-05-16 05:45:00,2026-05-19 00:57:00,60,Male,Pediatrics,Emergency,3,38,2.8,0,4575.0,Medicare,Discharged Home,DOC-104
ADM-11965,PAT-1181,2025-11-12 04:41:00,2025-11-14 19:05:00,54,Female,Pediatrics,Emergency,2,8,2.6,0,10732.0,Medicare,Referred to Rehab,DOC-121
ADM-11966,PAT-2136,2025-11-26 17:34:00,2025-11-29 19:58:00,67,Male,Neurology,Emergency,4,15,3.1,0,13809.5,Medicaid,Transferred,DOC-102
ADM-11967,PAT-2093,2026-01-27 21:15:00,2026-02-03 16:27:00,67,Male,Orthopedics,Elective,2,33,6.8,0,18110.5,Self-Pay,Transferred,DOC-124
ADM-11968,PAT-1637,2024-09-26 07:31:00,2024-10-03 05:07:00,65,Female,Cardiology,Elective,3,22,6.9,0,19375.0,Medicaid,Discharged Home,DOC-108
ADM-11969,PAT-1274,2025-01-08 18:08:00,2025-01-14 13:20:00,32,Male,Emergency,Elective,3,3,5.8,0,11027.5,Medicaid,Referred to Rehab,DOC-107
ADM-11970,PAT-1071,2025-02-19 00:57:00,2025-02-23 22:33:00,8,Female,Oncology,Emergency,1,2,4.9,0,15195.0,BlueCross,Discharged Home,DOC-112
ADM-11971,PAT-1956,2025-05-26 11:17:00,2025-05-29 04:05:00,92,Female,Cardiology,Emergency,2,2,2.7,0,11353.0,BlueCross,Discharged Home,DOC-124
ADM-11972,PAT-1549,2025-01-14 19:15:00,2025-01-15 14:27:00,57,Female,Emergency,Emergency,4,52,0.8,0,5369.0,Medicare,Discharged Home,DOC-124
ADM-11973,PAT-2217,2024-10-14 04:19:00,2024-10-17 18:43:00,30,Male,Neurology,Emergency,3,85,3.6,0,9572.5,Medicare,Discharged Home,DOC-112
ADM-11974,PAT-1045,2025-06-04 02:59:00,2025-06-05 10:11:00,90,Female,Emergency,Emergency,4,82,1.3,0,2675.0,Aetna,Discharged Home,DOC-105
ADM-11975,PAT-1661,2026-05-14 15:14:00,2026-05-19 15:14:00,58,Female,General Medicine,Elective,3,28,5.0,0,7570.0,Medicaid,Referred to Rehab,DOC-108
ADM-11976,PAT-1027,2025-01-11 20:05:00,2025-01-13 08:05:00,54,Male,Emergency,Elective,5,208,1.5,0,3370.0,Aetna,Discharged Home,DOC-110
ADM-11977,PAT-1107,2024-09-10 05:22:00,2024-09-14 10:10:00,89,Male,Orthopedics,Urgent,3,2,4.2,1,17274.0,Medicare,Discharged Home,DOC-125
ADM-11978,PAT-1648,2025-08-03 14:05:00,2025-08-08 02:05:00,72,Female,Neurology,Urgent,3,66,4.5,0,11865.0,BlueCross,Discharged Home,DOC-108
ADM-11979,PAT-1213,2025-05-22 18:07:00,2025-05-28 06:07:00,18,Male,General Medicine,Urgent,3,54,5.5,0,16419.0,BlueCross,Discharged Home,DOC-104
ADM-11980,PAT-1162,2025-07-24 09:35:00,2025-07-26 14:23:00,85,Male,Cardiology,Emergency,4,95,2.2,1,6397.5,BlueCross,Discharged Home,DOC-122
ADM-11981,PAT-1572,2024-09-30 23:13:00,2024-10-03 06:25:00,62,Female,General Medicine,Emergency,3,26,2.3,0,9575.0,UnitedHealth,Transferred,DOC-104
ADM-11982,PAT-2018,2025-12-09 18:03:00,2025-12-17 01:15:00,91,Male,Orthopedics,Elective,2,19,7.3,0,20864.5,UnitedHealth,Transferred,DOC-105
ADM-11983,PAT-1455,2025-02-13 23:16:00,2025-02-17 20:52:00,75,Female,Emergency,Elective,3,21,3.9,0,7462.5,BlueCross,Discharged Home,DOC-115
ADM-11984,PAT-1006,2026-02-20 21:28:00,2026-02-21 09:28:00,47,Male,Neurology,Urgent,4,50,0.5,0,8603.0,Medicare,Expired,DOC-115
ADM-11985,PAT-2099,2024-02-07 00:51:00,2024-02-08 22:27:00,57,Male,Emergency,Emergency,3,34,1.9,0,8158.0,Self-Pay,Discharged Home,DOC-106
ADM-11986,PAT-2493,2025-04-19 22:36:00,2025-05-01 08:12:00,5,Female,Emergency,Elective,2,2,11.4,1,23761.0,Medicaid,Discharged Home,DOC-101
ADM-11987,PAT-2237,2026-02-20 13:35:00,2026-02-22 01:35:00,25,Male,Orthopedics,Emergency,1,3,1.5,0,9247.5,Medicare,Discharged Home,DOC-116
ADM-11988,PAT-1336,2025-09-29 11:48:00,2025-10-02 02:12:00,77,Female,Neurology,Elective,4,305,2.6,1,7522.5,Medicare,Discharged Home,DOC-125
ADM-11989,PAT-1800,2025-08-12 21:32:00,2025-08-20 19:08:00,90,Male,Cardiology,Elective,3,25,7.9,0,29105.5,BlueCross,Discharged Home,DOC-105
ADM-11990,PAT-2472,2024-08-28 05:03:00,2024-08-29 12:15:00,57,Male,General Medicine,Urgent,2,40,1.3,0,2050.0,Medicaid,Discharged Home,DOC-125
ADM-11991,PAT-1906,2024-01-02 09:48:00,2024-01-03 14:36:00,40,Male,Neurology,Emergency,3,48,1.2,0,3240.0,UnitedHealth,Discharged Home,DOC-123
ADM-11992,PAT-1454,2025-03-13 02:58:00,2025-03-14 00:34:00,25,Female,Emergency,Emergency,4,2,0.9,0,6061.0,Medicaid,Discharged Home,DOC-102
ADM-11993,PAT-2128,2025-09-13 16:59:00,2025-09-15 21:47:00,62,Female,Neurology,Elective,4,97,2.2,0,7451.5,Medicare,Discharged Home,DOC-106
ADM-11994,PAT-1409,2024-05-07 05:19:00,2024-05-11 10:07:00,49,Female,Pediatrics,Emergency,2,38,4.2,0,6815.0,Medicare,Discharged Home,DOC-118
ADM-11995,PAT-1455,2025-12-25 08:56:00,2025-12-27 18:32:00,48,Female,Emergency,Urgent,2,2,2.4,0,7180.0,Medicare,Discharged Home,DOC-116
ADM-11996,PAT-1410,2024-05-28 07:09:00,2024-05-29 16:45:00,32,Male,Pediatrics,Emergency,3,11,1.4,0,10665.5,BlueCross,Discharged Home,DOC-123
ADM-11997,PAT-1312,2025-10-11 03:37:00,2025-10-16 10:49:00,68,Male,General Medicine,Elective,3,99,5.3,0,11089.5,BlueCross,Discharged Home,DOC-105
ADM-11998,PAT-1708,2024-07-01 12:04:00,2024-07-02 00:04:00,40,Male,Emergency,Emergency,3,52,0.5,0,4668.0,BlueCross,Discharged Home,DOC-120
ADM-11999,PAT-1691,2024-09-05 21:41:00,2024-09-08 12:05:00,29,Female,Neurology,Emergency,3,80,2.6,0,11382.0,Aetna,Discharged Home,DOC-108
ADM-12000,PAT-1136,2025-12-01 16:47:00,2025-12-05 14:23:00,47,Female,Emergency,Emergency,3,60,3.9,0,7560.0,Medicare,Discharged Home,DOC-101
ADM-12001,PAT-1994,2025-10-30 19:10:00,2025-11-02 21:34:00,25,Male,Emergency,Emergency,3,40,3.1,1,5990.0,Medicare,Discharged Home,DOC-122
ADM-12002,PAT-1146,2025-11-07 01:57:00,2025-11-11 09:09:00,42,Female,Orthopedics,Emergency,2,3,4.3,0,13176.5,BlueCross,Discharged Home,DOC-108
ADM-12003,PAT-2169,2024-11-17 09:26:00,2024-11-18 23:50:00,83,Male,Emergency,Emergency,3,65,1.6,0,4070.5,Medicare,Referred to Rehab,DOC-109
ADM-12004,PAT-2164,2025-01-12 02:57:00,2025-01-12 17:21:00,51,Male,General Medicine,Elective,3,4,0.6,0,7311.0,Medicare,Discharged Home,DOC-103
ADM-12005,PAT-2159,2025-08-06 22:53:00,2025-08-09 08:29:00,59,Male,General Medicine,Elective,3,7,2.4,0,3617.5,Self-Pay,Discharged Home,DOC-119
ADM-12006,PAT-1433,2026-04-04 06:18:00,2026-04-07 03:54:00,32,Female,Cardiology,Urgent,3,2,2.9,0,8125.0,Aetna,Discharged Home,DOC-105
ADM-12007,PAT-1037,2024-03-13 21:15:00,2024-03-15 23:39:00,76,Male,Cardiology,Emergency,3,80,2.1,1,10644.0,Medicare,Discharged Home,DOC-124
ADM-12008,PAT-2355,2025-08-08 08:18:00,2025-08-09 13:06:00,55,Male,Emergency,Emergency,4,46,1.2,0,10649.0,BlueCross,Discharged Home,DOC-115
ADM-12009,PAT-2089,2024-08-08 02:31:00,2024-08-11 16:55:00,47,Female,Cardiology,Emergency,3,88,3.6,0,10300.0,Medicare,Referred to Rehab,DOC-116
ADM-12010,PAT-1473,2025-03-24 22:15:00,2025-03-30 10:15:00,65,Male,Emergency,Urgent,3,7,5.5,0,10467.5,Medicare,Discharged Home,DOC-115
ADM-12011,PAT-1694,2024-12-26 08:05:00,2024-12-28 00:53:00,35,Female,Orthopedics,Emergency,2,20,1.7,0,12297.0,BlueCross,Discharged Home,DOC-121
ADM-12012,PAT-2402,2025-10-07 13:02:00,2025-10-10 17:50:00,49,Male,Cardiology,Urgent,4,19,3.2,0,9007.5,Medicaid,Discharged Home,DOC-117
ADM-12013,PAT-2376,2024-02-16 05:24:00,2024-02-17 00:36:00,53,Male,Orthopedics,Urgent,4,128,0.8,1,2240.0,Aetna,Referred to Rehab,DOC-101
ADM-12014,PAT-1714,2025-07-30 21:50:00,2025-08-01 07:26:00,16,Female,Orthopedics,Emergency,3,7,1.4,0,11427.5,Medicare,Discharged Home,DOC-101
ADM-12015,PAT-2456,2025-02-09 10:27:00,2025-02-10 22:27:00,18,Female,Emergency,Emergency,2,51,1.5,0,2977.5,BlueCross,Discharged Home,DOC-114
ADM-12016,PAT-2016,2024-11-12 03:02:00,2024-11-12 15:02:00,64,Female,Pediatrics,Emergency,5,213,0.5,0,3481.5,BlueCross,Discharged Home,DOC-112
ADM-12017,PAT-1873,2025-02-20 08:20:00,2025-02-23 20:20:00,2,Male,Emergency,Urgent,3,21,3.5,0,6702.5,Aetna,Discharged Home,DOC-116
ADM-12018,PAT-1407,2025-08-01 14:33:00,2025-08-10 12:09:00,36,Female,Oncology,Emergency,3,5,8.9,0,35989.5,Medicaid,Discharged Home,DOC-103
ADM-12019,PAT-1225,2024-11-24 07:01:00,2024-11-26 04:37:00,83,Male,Emergency,Elective,3,192,1.9,0,4090.0,UnitedHealth,Transferred,DOC-115
ADM-12020,PAT-2472,2024-06-14 18:03:00,2024-06-15 20:27:00,23,Male,Orthopedics,Emergency,5,359,1.1,0,3537.5,UnitedHealth,Referred to Rehab,DOC-107
ADM-12021,PAT-1873,2025-06-21 21:11:00,2025-06-22 23:35:00,25,Female,General Medicine,Elective,5,101,1.1,0,9287.5,Medicare,Discharged Home,DOC-111
ADM-12022,PAT-2252,2024-09-10 10:11:00,2024-09-12 14:59:00,55,Female,Cardiology,Emergency,2,50,2.2,0,12959.0,Medicare,Discharged Home,DOC-110
ADM-12023,PAT-1453,2025-09-18 04:08:00,2025-09-20 11:20:00,54,Female,Emergency,Emergency,3,27,2.3,0,4437.5,Self-Pay,Discharged Home,DOC-119
ADM-12024,PAT-1500,2025-08-15 15:23:00,2025-08-23 20:11:00,68,Female,Emergency,Emergency,3,9,8.2,0,15602.5,Medicare,Discharged Home,DOC-109
ADM-12025,PAT-1839,2024-05-29 07:39:00,2024-06-01 10:03:00,62,Male,Emergency,Urgent,2,4,3.1,0,5900.0,Medicare,Discharged Home,DOC-114
ADM-12026,PAT-1262,2024-04-12 08:30:00,2024-04-12 18:06:00,52,Female,Emergency,Emergency,4,71,0.4,0,8762.5,Medicare,Discharged Home,DOC-115
ADM-12027,PAT-1264,2026-02-18 01:28:00,2026-03-01 11:04:00,40,Female,Orthopedics,Elective,3,25,11.4,0,30390.5,BlueCross,Discharged Home,DOC-117
ADM-12028,PAT-1712,2024-12-10 16:07:00,2024-12-14 18:31:00,27,Female,Orthopedics,Elective,3,210,4.1,0,11945.0,Medicaid,Discharged Home,DOC-105
ADM-12029,PAT-1076,2025-08-03 14:46:00,2025-08-06 02:46:00,18,Female,General Medicine,Emergency,4,13,2.5,0,7407.5,BlueCross,Discharged Home,DOC-105
ADM-12030,PAT-2481,2026-01-24 12:08:00,2026-01-26 04:56:00,71,Male,Oncology,Emergency,2,2,1.7,0,5275.0,Medicaid,Discharged Home,DOC-107
ADM-12031,PAT-1945,2024-07-13 11:17:00,2024-07-24 20:53:00,58,Female,Orthopedics,Emergency,2,9,11.4,0,33026.5,Medicaid,Referred to Rehab,DOC-116
ADM-12032,PAT-1004,2024-03-11 08:54:00,2024-03-12 08:54:00,89,Male,General Medicine,Emergency,4,42,1.0,0,6631.0,Medicaid,Discharged Home,DOC-109
ADM-12033,PAT-2424,2024-03-15 07:36:00,2024-03-16 17:12:00,78,Male,Emergency,Urgent,2,3,1.4,0,7678.5,BlueCross,Discharged Home,DOC-107
ADM-12034,PAT-1607,2024-02-04 08:29:00,2024-02-07 20:29:00,24,Male,Cardiology,Emergency,4,60,3.5,0,9950.0,Self-Pay,Discharged Home,DOC-106
ADM-12035,PAT-1542,2024-11-04 07:55:00,2024-11-05 17:31:00,66,Male,Emergency,Elective,3,25,1.4,0,9072.5,Medicare,Transferred,DOC-117
ADM-12036,PAT-2419,2025-07-19 22:13:00,2025-07-23 15:01:00,71,Male,Orthopedics,Emergency,3,231,3.7,0,9457.5,UnitedHealth,Discharged Home,DOC-105
ADM-12037,PAT-2165,2024-06-05 22:19:00,2024-06-07 19:55:00,70,Male,Emergency,Emergency,2,38,1.9,0,3705.0,Aetna,Discharged Home,DOC-116
ADM-12038,PAT-1897,2024-02-08 10:18:00,2024-02-14 15:06:00,60,Male,Emergency,Emergency,2,23,6.2,0,11837.5,Medicaid,Discharged Home,DOC-105
ADM-12039,PAT-1467,2025-03-08 13:20:00,2025-03-10 15:44:00,19,Female,Emergency,Elective,2,31,2.1,0,4067.5,Medicare,Discharged Home,DOC-111
ADM-12040,PAT-2494,2025-09-30 07:58:00,2025-10-10 03:10:00,52,Male,Neurology,Emergency,2,4,9.8,1,25490.0,UnitedHealth,Discharged Home,DOC-111
ADM-12041,PAT-1821,2024-01-23 07:29:00,2024-01-25 07:29:00,4,Male,Neurology,Emergency,3,35,2.0,0,5287.5,BlueCross,Discharged Home,DOC-115
ADM-12042,PAT-1138,2026-04-15 00:21:00,2026-04-15 12:21:00,59,Female,General Medicine,Emergency,5,90,0.5,0,4971.0,BlueCross,Discharged Home,DOC-116
ADM-12043,PAT-2248,2024-06-26 09:29:00,2024-07-05 14:17:00,78,Male,Cardiology,Emergency,3,44,9.2,1,28095.0,Medicaid,Referred to Rehab,DOC-106
ADM-12044,PAT-1472,2024-01-30 07:23:00,2024-01-30 21:47:00,61,Male,Emergency,Emergency,5,155,0.6,0,8518.5,UnitedHealth,Discharged Home,DOC-105
ADM-12045,PAT-2106,2024-04-03 15:30:00,2024-04-11 03:30:00,48,Male,Neurology,Emergency,3,44,7.5,0,27954.0,UnitedHealth,Discharged Home,DOC-105
ADM-12046,PAT-1599,2026-05-01 08:50:00,2026-05-04 08:50:00,47,Female,Cardiology,Elective,3,12,3.0,0,13406.0,Medicare,Discharged Home,DOC-125
ADM-12047,PAT-1208,2026-04-24 08:53:00,2026-04-25 01:41:00,38,Female,Emergency,Urgent,4,131,0.7,0,8976.5,BlueCross,Transferred,DOC-106
ADM-12048,PAT-1540,2025-07-03 15:02:00,2025-07-10 17:26:00,57,Male,Orthopedics,Urgent,2,51,7.1,0,17167.5,BlueCross,Discharged Home,DOC-121
ADM-12049,PAT-1303,2024-11-20 20:26:00,2024-11-21 08:26:00,76,Male,Oncology,Urgent,3,213,0.5,0,2082.5,UnitedHealth,Discharged Home,DOC-123
ADM-12050,PAT-1702,2025-12-30 08:41:00,2026-01-04 01:29:00,70,Female,Oncology,Urgent,3,71,4.7,0,21183.5,Medicare,Discharged Home,DOC-108
ADM-12051,PAT-1994,2026-03-24 06:21:00,2026-03-25 20:45:00,38,Male,Neurology,Emergency,3,19,1.6,1,4207.5,BlueCross,Discharged Home,DOC-102
ADM-12052,PAT-1244,2025-12-14 11:49:00,2025-12-17 16:37:00,62,Male,Cardiology,Emergency,4,34,3.2,0,14073.0,Aetna,Discharged Home,DOC-124
ADM-12053,PAT-2257,2026-06-02 16:32:00,2026-06-04 04:32:00,48,Male,Emergency,Emergency,3,76,1.5,1,3040.0,Medicaid,Transferred,DOC-121
ADM-12054,PAT-1461,2025-12-12 12:06:00,2025-12-17 04:54:00,49,Female,Oncology,Elective,1,6,4.7,0,14585.0,UnitedHealth,Referred to Rehab,DOC-125
ADM-12055,PAT-1224,2025-05-19 13:14:00,2025-05-25 22:50:00,51,Male,Oncology,Elective,1,2,6.4,0,22391.0,Medicare,Discharged Home,DOC-115
ADM-12056,PAT-1372,2024-05-27 03:51:00,2024-06-02 11:03:00,57,Male,General Medicine,Urgent,3,118,6.3,0,9745.0,Medicare,Referred to Rehab,DOC-111
ADM-12057,PAT-2403,2024-07-18 00:03:00,2024-07-21 04:51:00,36,Male,Orthopedics,Emergency,3,238,3.2,0,15463.0,UnitedHealth,Discharged Home,DOC-110
ADM-12058,PAT-1602,2025-06-04 20:27:00,2025-06-08 03:39:00,32,Female,Emergency,Elective,1,4,3.3,1,9488.0,Medicare,Discharged Home,DOC-115
ADM-12059,PAT-1042,2026-02-23 17:19:00,2026-02-28 05:19:00,18,Female,Orthopedics,Elective,1,2,4.5,0,11889.0,Medicaid,Transferred,DOC-111
ADM-12060,PAT-1388,2025-02-10 14:34:00,2025-02-14 21:46:00,54,Male,Orthopedics,Emergency,4,157,4.3,0,12925.5,BlueCross,Discharged Home,DOC-120
ADM-12061,PAT-1648,2025-05-24 16:11:00,2025-05-25 06:35:00,54,Female,Emergency,Elective,4,146,0.6,0,1505.0,Medicaid,Discharged Home,DOC-119
ADM-12062,PAT-1314,2025-07-09 02:51:00,2025-07-13 12:27:00,31,Female,Neurology,Urgent,3,7,4.4,0,11457.5,Self-Pay,Discharged Home,DOC-101
ADM-12063,PAT-2339,2025-08-29 09:45:00,2025-09-01 09:45:00,69,Male,General Medicine,Elective,5,14,3.0,0,4535.0,UnitedHealth,Expired,DOC-125
ADM-12064,PAT-1840,2024-11-19 22:41:00,2024-11-25 05:53:00,50,Female,General Medicine,Emergency,3,13,5.3,0,11777.5,Self-Pay,Discharged Home,DOC-108
ADM-12065,PAT-1948,2025-11-11 06:08:00,2025-11-12 06:08:00,5,Female,General Medicine,Elective,5,34,1.0,0,1585.0,Medicare,Discharged Home,DOC-111
ADM-12066,PAT-2358,2024-04-09 06:38:00,2024-04-11 11:26:00,37,Female,Emergency,Urgent,2,10,2.2,1,4205.0,BlueCross,Discharged Home,DOC-121
ADM-12067,PAT-2102,2025-12-22 05:21:00,2025-12-22 17:21:00,54,Male,General Medicine,Urgent,3,99,0.5,0,997.5,BlueCross,Referred to Rehab,DOC-106
ADM-12068,PAT-1310,2026-02-06 10:06:00,2026-02-11 17:18:00,4,Female,Cardiology,Urgent,2,51,5.3,0,22935.5,UnitedHealth,Discharged Home,DOC-123
ADM-12069,PAT-1762,2025-07-02 17:02:00,2025-07-03 05:02:00,59,Female,General Medicine,Elective,3,181,0.5,0,4142.5,Medicare,Expired,DOC-104
ADM-12070,PAT-2193,2025-02-02 10:33:00,2025-02-03 20:09:00,34,Male,Cardiology,Emergency,3,2,1.4,1,10569.0,Aetna,Discharged Home,DOC-122
ADM-12071,PAT-1001,2025-03-28 21:47:00,2025-04-05 12:11:00,43,Female,General Medicine,Emergency,3,2,7.6,0,13908.0,UnitedHealth,Referred to Rehab,DOC-117
ADM-12072,PAT-1670,2026-02-05 10:36:00,2026-02-07 03:24:00,38,Female,Oncology,Emergency,2,2,1.7,0,6747.0,BlueCross,Discharged Home,DOC-124
ADM-12073,PAT-1264,2025-09-17 04:48:00,2025-09-18 14:24:00,76,Male,Neurology,Emergency,4,239,1.4,0,8309.5,Medicaid,Discharged Home,DOC-106
ADM-12074,PAT-1153,2024-02-16 09:42:00,2024-02-18 07:18:00,23,Male,Neurology,Elective,3,5,1.9,0,4952.5,Medicaid,Discharged Home,DOC-107
ADM-12075,PAT-1230,2024-04-02 16:04:00,2024-04-05 23:16:00,87,Male,Cardiology,Emergency,3,77,3.3,1,13589.5,Medicaid,Discharged Home,DOC-125
ADM-12076,PAT-1832,2025-10-29 05:29:00,2025-11-06 17:29:00,87,Male,Orthopedics,Elective,3,19,8.5,1,22578.5,Medicaid,AMA (Against Medical Advice),DOC-118
ADM-12077,PAT-1040,2024-01-22 23:29:00,2024-02-06 21:05:00,59,Female,Emergency,Elective,1,2,14.9,1,34600.0,Medicare,Discharged Home,DOC-101
ADM-12078,PAT-1712,2024-07-17 18:34:00,2024-07-18 16:10:00,41,Female,Pediatrics,Emergency,4,20,0.9,0,1490.0,Aetna,Referred to Rehab,DOC-101
ADM-12079,PAT-1658,2026-06-26 18:04:00,2026-06-30 18:04:00,2,Male,Cardiology,Elective,2,9,4.0,0,16226.5,Medicare,Discharged Home,DOC-112
ADM-12080,PAT-2132,2024-03-02 15:23:00,2024-03-09 15:23:00,65,Male,Orthopedics,Urgent,2,40,7.0,0,16900.0,Medicare,Referred to Rehab,DOC-106
ADM-12081,PAT-1936,2026-06-22 17:07:00,2026-06-25 00:19:00,25,Male,General Medicine,Emergency,4,86,2.3,0,7321.0,Medicaid,Discharged Home,DOC-107
ADM-12082,PAT-1439,2025-10-12 03:53:00,2025-10-13 13:29:00,16,Female,Emergency,Emergency,3,31,1.4,0,11129.5,BlueCross,Discharged Home,DOC-125
ADM-12083,PAT-1824,2025-03-20 18:50:00,2025-03-22 09:14:00,30,Male,General Medicine,Elective,4,27,1.6,0,2467.5,BlueCross,Discharged Home,DOC-101
ADM-12084,PAT-1152,2024-07-24 07:42:00,2024-07-29 00:30:00,87,Male,Emergency,Emergency,2,8,4.7,1,10698.0,UnitedHealth,Discharged Home,DOC-118
ADM-12085,PAT-2040,2025-06-25 16:16:00,2025-06-28 16:16:00,85,Male,Emergency,Emergency,2,8,3.0,0,5720.0,Medicare,Discharged Home,DOC-124
ADM-12086,PAT-2434,2024-04-07 22:12:00,2024-04-15 05:24:00,61,Female,Cardiology,Elective,3,6,7.3,0,20455.0,Aetna,Discharged Home,DOC-124
ADM-12087,PAT-1758,2026-05-26 22:19:00,2026-05-29 22:19:00,18,Male,Emergency,Emergency,2,2,3.0,0,8231.0,Medicare,Transferred,DOC-120
ADM-12088,PAT-1260,2025-04-16 17:10:00,2025-04-17 12:22:00,60,Male,Pediatrics,Emergency,3,10,0.8,0,4691.0,Medicare,Discharged Home,DOC-114
ADM-12089,PAT-2186,2025-11-07 16:58:00,2025-11-16 14:34:00,80,Female,Orthopedics,Urgent,3,17,8.9,0,21402.5,UnitedHealth,Discharged Home,DOC-123
ADM-12090,PAT-2498,2025-12-13 13:37:00,2025-12-15 04:01:00,58,Female,Emergency,Emergency,3,31,1.6,0,9873.5,Medicare,Discharged Home,DOC-112
ADM-12091,PAT-2177,2024-11-11 21:03:00,2024-11-17 23:27:00,22,Male,Emergency,Emergency,1,17,6.1,0,16764.5,BlueCross,Discharged Home,DOC-106
ADM-12092,PAT-1703,2025-10-05 21:43:00,2025-10-08 19:19:00,25,Female,Pediatrics,Elective,4,194,2.9,0,5125.0,Medicare,Discharged Home,DOC-110
ADM-12093,PAT-1279,2024-05-26 21:04:00,2024-05-27 09:04:00,1,Female,Emergency,Emergency,2,3,0.5,0,6292.5,Medicaid,Discharged Home,DOC-110
ADM-12094,PAT-1128,2024-01-23 19:11:00,2024-01-23 23:59:00,83,Female,Emergency,Emergency,4,60,0.2,0,4776.0,Aetna,Discharged Home,DOC-122
ADM-12095,PAT-2019,2025-02-19 09:24:00,2025-02-21 21:24:00,92,Female,Pediatrics,Elective,2,40,2.5,0,4100.0,Aetna,Discharged Home,DOC-120
ADM-12096,PAT-2032,2024-10-22 15:38:00,2024-10-29 06:02:00,59,Male,Emergency,Emergency,3,13,6.6,0,18232.5,BlueCross,Referred to Rehab,DOC-113
ADM-12097,PAT-2190,2024-09-28 09:53:00,2024-10-07 09:53:00,30,Male,Orthopedics,Emergency,3,15,9.0,0,21637.5,Medicare,AMA (Against Medical Advice),DOC-106
ADM-12098,PAT-2357,2024-06-24 04:02:00,2024-06-26 04:02:00,58,Female,Orthopedics,Emergency,3,21,2.0,0,5609.5,Medicare,Discharged Home,DOC-105
ADM-12099,PAT-1939,2024-01-19 18:34:00,2024-01-26 20:58:00,80,Male,Emergency,Emergency,2,70,7.1,0,13665.0,Self-Pay,Discharged Home,DOC-109
ADM-12100,PAT-1734,2025-07-23 18:25:00,2025-07-27 08:49:00,21,Male,Orthopedics,Emergency,3,16,3.6,0,10736.0,Medicare,Discharged Home,DOC-102
ADM-12101,PAT-1675,2025-09-25 20:18:00,2025-09-26 13:06:00,88,Male,General Medicine,Urgent,4,97,0.7,0,3937.5,Medicare,Transferred,DOC-124
ADM-12102,PAT-1217,2025-04-02 12:38:00,2025-04-04 12:38:00,31,Male,Pediatrics,Emergency,4,9,2.0,1,4109.5,Self-Pay,Discharged Home,DOC-102
ADM-12103,PAT-2391,2024-04-14 20:12:00,2024-05-01 05:48:00,41,Female,Emergency,Emergency,2,18,16.4,0,38082.0,Aetna,Discharged Home,DOC-121
ADM-12104,PAT-1416,2025-07-25 08:54:00,2025-07-25 20:54:00,1,Male,Cardiology,Emergency,4,113,0.5,0,3751.5,Medicare,Discharged Home,DOC-118
ADM-12105,PAT-2361,2025-05-29 16:22:00,2025-06-13 06:46:00,31,Male,Cardiology,Emergency,1,6,14.6,1,48868.0,UnitedHealth,AMA (Against Medical Advice),DOC-104
ADM-12106,PAT-2087,2024-02-01 03:51:00,2024-02-04 18:15:00,91,Male,General Medicine,Elective,3,9,3.6,0,7593.5,BlueCross,AMA (Against Medical Advice),DOC-123
ADM-12107,PAT-1251,2024-09-15 04:29:00,2024-09-16 04:29:00,54,Female,Emergency,Elective,5,23,1.0,0,5679.5,Medicaid,Discharged Home,DOC-122
ADM-12108,PAT-1702,2024-11-04 01:19:00,2024-11-04 18:07:00,35,Male,Emergency,Emergency,4,3,0.7,0,2869.5,Medicaid,Discharged Home,DOC-112
ADM-12109,PAT-2251,2025-03-11 06:05:00,2025-03-12 22:53:00,75,Female,Oncology,Emergency,5,4,1.7,0,5280.0,BlueCross,Discharged Home,DOC-104
ADM-12110,PAT-2247,2025-03-26 01:00:00,2025-03-28 03:24:00,77,Female,Cardiology,Elective,2,4,2.1,0,5890.0,Medicaid,Discharged Home,DOC-113
ADM-12111,PAT-1621,2025-09-07 14:55:00,2025-09-09 17:19:00,56,Male,Cardiology,Emergency,3,37,2.1,1,5972.5,Medicaid,Discharged Home,DOC-108
ADM-12112,PAT-2094,2024-05-20 09:48:00,2024-05-25 09:48:00,28,Male,Pediatrics,Urgent,3,2,5.0,0,8005.0,UnitedHealth,Discharged Home,DOC-104
ADM-12113,PAT-1340,2024-05-10 22:28:00,2024-05-12 00:52:00,78,Female,Orthopedics,Elective,3,17,1.1,1,2682.5,UnitedHealth,Discharged Home,DOC-103
ADM-12114,PAT-2468,2025-10-10 15:48:00,2025-10-11 11:00:00,25,Male,Emergency,Emergency,5,22,0.8,0,4292.0,Medicare,Referred to Rehab,DOC-118
ADM-12115,PAT-2498,2025-12-30 23:02:00,2026-01-02 20:38:00,88,Female,Emergency,Elective,3,65,2.9,0,5672.5,Self-Pay,Discharged Home,DOC-106
ADM-12116,PAT-2196,2025-12-30 10:40:00,2025-12-31 08:16:00,23,Male,Cardiology,Emergency,5,98,0.9,1,2765.0,Self-Pay,Discharged Home,DOC-117
ADM-12117,PAT-1671,2024-03-09 01:52:00,2024-03-11 01:52:00,65,Female,Neurology,Elective,3,12,2.0,1,5230.0,Aetna,Discharged Home,DOC-121
ADM-12118,PAT-1096,2025-04-03 15:30:00,2025-04-08 13:06:00,73,Female,General Medicine,Elective,5,19,4.9,0,7397.5,Aetna,Discharged Home,DOC-125
ADM-12119,PAT-1749,2025-03-24 18:03:00,2025-03-26 08:27:00,70,Female,Oncology,Emergency,4,68,1.6,0,12619.0,Medicare,Transferred,DOC-104
ADM-12120,PAT-1944,2024-07-23 08:52:00,2024-07-28 20:52:00,64,Female,General Medicine,Emergency,2,7,5.5,0,8267.5,Self-Pay,AMA (Against Medical Advice),DOC-107
ADM-12121,PAT-1075,2024-08-15 06:39:00,2024-08-18 06:39:00,87,Male,Cardiology,Urgent,3,2,3.0,0,8405.0,UnitedHealth,Discharged Home,DOC-103
ADM-12122,PAT-1140,2025-03-13 01:16:00,2025-03-20 22:52:00,66,Male,Emergency,Emergency,2,35,7.9,0,19742.5,Self-Pay,Discharged Home,DOC-106
ADM-12123,PAT-2140,2024-07-20 00:19:00,2024-07-22 00:19:00,51,Female,Orthopedics,Emergency,4,87,2.0,0,5017.5,Aetna,Discharged Home,DOC-106
ADM-12124,PAT-1647,2025-12-09 10:26:00,2025-12-12 05:38:00,51,Female,Emergency,Elective,3,265,2.8,0,13295.5,Aetna,Discharged Home,DOC-111
ADM-12125,PAT-2492,2025-06-08 19:16:00,2025-06-12 04:52:00,72,Male,Emergency,Emergency,1,9,3.4,0,9900.5,BlueCross,Discharged Home,DOC-116
ADM-12126,PAT-1385,2026-01-22 16:21:00,2026-01-26 16:21:00,26,Male,Oncology,Emergency,4,31,4.0,0,16080.5,BlueCross,Discharged Home,DOC-119
ADM-12127,PAT-1814,2024-05-19 20:03:00,2024-05-21 05:39:00,53,Female,Emergency,Elective,3,2,1.4,0,5269.0,BlueCross,Transferred,DOC-121
ADM-12128,PAT-1880,2025-12-07 01:15:00,2025-12-10 15:39:00,90,Male,Cardiology,Emergency,3,26,3.6,0,10145.0,BlueCross,AMA (Against Medical Advice),DOC-118
ADM-12129,PAT-1696,2026-05-02 23:20:00,2026-05-06 18:32:00,64,Male,General Medicine,Elective,3,20,3.8,0,7591.0,Medicaid,Discharged Home,DOC-103
ADM-12130,PAT-2106,2024-06-23 22:12:00,2024-06-24 10:12:00,62,Female,General Medicine,Emergency,2,6,0.5,0,765.0,Medicare,Discharged Home,DOC-117
ADM-12131,PAT-2058,2025-08-19 12:39:00,2025-08-24 05:27:00,37,Female,Orthopedics,Emergency,2,42,4.7,0,16481.0,BlueCross,Referred to Rehab,DOC-112
ADM-12132,PAT-2004,2026-02-11 17:44:00,2026-02-14 20:08:00,68,Female,General Medicine,Emergency,3,27,3.1,0,4717.5,BlueCross,Referred to Rehab,DOC-104
ADM-12133,PAT-2213,2026-02-02 19:55:00,2026-02-05 12:43:00,23,Female,Emergency,Emergency,3,67,2.7,0,10210.5,Medicare,Discharged Home,DOC-122
ADM-12134,PAT-2292,2025-10-16 20:46:00,2025-10-19 23:10:00,80,Male,Orthopedics,Elective,2,4,3.1,0,11651.0,BlueCross,Discharged Home,DOC-115
ADM-12135,PAT-1029,2024-09-25 11:13:00,2024-09-26 04:01:00,42,Female,Cardiology,Elective,3,22,0.7,0,8985.0,Medicare,Discharged Home,DOC-107
ADM-12136,PAT-1871,2025-06-19 03:34:00,2025-06-24 15:34:00,16,Female,Emergency,Emergency,3,66,5.5,0,10615.0,Medicare,Transferred,DOC-121
ADM-12137,PAT-1060,2026-05-19 18:18:00,2026-05-31 08:42:00,34,Female,Cardiology,Emergency,2,66,11.6,1,32645.0,Medicaid,Discharged Home,DOC-108
ADM-12138,PAT-2248,2024-12-10 19:40:00,2024-12-12 22:04:00,16,Female,Emergency,Emergency,2,36,2.1,0,4080.0,Self-Pay,Discharged Home,DOC-124
ADM-12139,PAT-2264,2025-08-13 01:36:00,2025-08-15 11:12:00,44,Female,Oncology,Emergency,3,12,2.4,0,7470.0,Self-Pay,Discharged Home,DOC-114
ADM-12140,PAT-1866,2026-02-01 17:13:00,2026-02-07 05:13:00,25,Female,Cardiology,Emergency,4,209,5.5,0,16591.5,Medicaid,Discharged Home,DOC-115
ADM-12141,PAT-1024,2024-01-21 04:08:00,2024-01-21 23:20:00,24,Female,Cardiology,Emergency,4,187,0.8,0,2707.5,BlueCross,Discharged Home,DOC-119
ADM-12142,PAT-1163,2024-11-10 04:35:00,2024-11-15 06:59:00,25,Female,Oncology,Elective,3,51,5.1,0,19018.5,BlueCross,Discharged Home,DOC-108
ADM-12143,PAT-2481,2026-04-26 18:15:00,2026-04-27 20:39:00,19,Female,Neurology,Elective,3,15,1.1,0,10405.5,BlueCross,Discharged Home,DOC-104
ADM-12144,PAT-1087,2024-08-05 15:44:00,2024-08-23 18:08:00,28,Female,Emergency,Urgent,1,3,18.1,1,34397.5,Medicare,Referred to Rehab,DOC-111
ADM-12145,PAT-2427,2024-05-23 15:00:00,2024-05-23 22:12:00,52,Female,Emergency,Emergency,5,26,0.3,0,5310.0,BlueCross,Discharged Home,DOC-113
ADM-12146,PAT-2163,2025-12-22 00:14:00,2025-12-27 17:02:00,78,Male,General Medicine,Elective,1,10,5.7,0,13535.0,UnitedHealth,Discharged Home,DOC-125
ADM-12147,PAT-1881,2025-11-12 08:24:00,2025-11-14 08:24:00,66,Female,Emergency,Elective,3,19,2.0,0,3847.5,Medicaid,Discharged Home,DOC-113
ADM-12148,PAT-1769,2024-12-31 11:50:00,2024-12-31 23:50:00,36,Male,Orthopedics,Emergency,5,224,0.5,0,3207.0,Aetna,Discharged Home,DOC-110
ADM-12149,PAT-1504,2026-05-08 17:20:00,2026-05-21 07:44:00,65,Male,Emergency,Emergency,2,22,12.6,0,28357.0,Medicare,Discharged Home,DOC-115
ADM-12150,PAT-1057,2025-02-23 00:09:00,2025-02-24 16:57:00,84,Female,Pediatrics,Elective,4,118,1.7,0,3015.0,Medicare,Discharged Home,DOC-106
ADM-12151,PAT-2067,2026-04-16 23:18:00,2026-04-18 06:30:00,30,Male,Cardiology,Urgent,3,58,1.3,0,4571.0,BlueCross,Discharged Home,DOC-120
ADM-12152,PAT-2426,2025-07-02 21:40:00,2025-07-07 21:40:00,77,Female,Cardiology,Urgent,3,52,5.0,0,17985.0,Medicare,Discharged Home,DOC-102
ADM-12153,PAT-1764,2024-05-18 16:44:00,2024-05-26 21:32:00,4,Male,Cardiology,Elective,2,16,8.2,0,23567.0,Aetna,Discharged Home,DOC-116
ADM-12154,PAT-1859,2024-09-26 21:37:00,2024-09-29 09:37:00,31,Male,General Medicine,Emergency,2,3,2.5,0,3757.5,BlueCross,Discharged Home,DOC-104
ADM-12155,PAT-2083,2025-08-12 14:03:00,2025-08-13 11:39:00,36,Male,Emergency,Urgent,3,23,0.9,0,2634.5,Medicaid,Discharged Home,DOC-113
ADM-12156,PAT-1532,2025-09-20 17:22:00,2025-09-24 22:10:00,36,Female,General Medicine,Emergency,3,52,4.2,0,9138.0,Medicare,Transferred,DOC-125
ADM-12157,PAT-1718,2025-07-04 15:29:00,2025-07-08 08:17:00,68,Female,Emergency,Emergency,3,52,3.7,0,7160.0,Medicaid,Transferred,DOC-115
ADM-12158,PAT-1544,2026-03-18 03:36:00,2026-03-19 10:48:00,84,Male,Cardiology,Urgent,1,2,1.3,0,11019.0,BlueCross,Discharged Home,DOC-109
ADM-12159,PAT-2476,2025-06-03 16:50:00,2025-06-04 04:50:00,55,Male,Emergency,Emergency,4,172,0.5,0,7220.0,BlueCross,Discharged Home,DOC-117
ADM-12160,PAT-1455,2025-04-05 00:28:00,2025-04-07 02:52:00,58,Female,Emergency,Emergency,3,34,2.1,0,5347.0,UnitedHealth,Discharged Home,DOC-101
ADM-12161,PAT-2239,2025-06-08 21:44:00,2025-06-11 19:20:00,49,Male,Cardiology,Emergency,4,40,2.9,1,16660.0,Medicare,Discharged Home,DOC-118
ADM-12162,PAT-1261,2024-02-10 08:56:00,2024-02-15 06:32:00,22,Male,Neurology,Emergency,3,52,4.9,0,12870.0,Medicaid,Discharged Home,DOC-108
ADM-12163,PAT-1174,2025-04-17 04:34:00,2025-04-17 23:46:00,66,Female,Oncology,Emergency,3,28,0.8,0,2550.0,BlueCross,Discharged Home,DOC-103
ADM-12164,PAT-1040,2024-04-12 19:17:00,2024-04-13 07:17:00,40,Female,Cardiology,Emergency,3,5,0.5,0,1412.5,Medicaid,Discharged Home,DOC-125
ADM-12165,PAT-1491,2024-04-11 21:39:00,2024-04-13 07:15:00,65,Female,Emergency,Emergency,4,93,1.4,0,2892.5,Medicaid,Discharged Home,DOC-115
ADM-12166,PAT-1057,2026-06-05 19:36:00,2026-06-09 19:36:00,69,Female,Cardiology,Emergency,3,33,4.0,1,13283.5,BlueCross,Discharged Home,DOC-103
ADM-12167,PAT-2015,2024-01-15 09:02:00,2024-01-20 06:38:00,43,Female,Cardiology,Emergency,3,99,4.9,0,20151.5,Self-Pay,Discharged Home,DOC-107
ADM-12168,PAT-1353,2024-02-06 06:34:00,2024-02-10 06:34:00,88,Male,Emergency,Emergency,3,184,4.0,0,8060.0,Medicare,Discharged Home,DOC-104
ADM-12169,PAT-2408,2024-06-01 18:38:00,2024-06-02 11:26:00,47,Male,Emergency,Elective,5,272,0.7,1,3901.0,Medicare,Discharged Home,DOC-105
ADM-12170,PAT-1071,2026-04-01 14:08:00,2026-04-03 14:08:00,37,Female,Cardiology,Emergency,4,38,2.0,0,6769.0,BlueCross,Discharged Home,DOC-107
ADM-12171,PAT-1838,2025-09-11 10:41:00,2025-09-25 10:41:00,56,Female,Emergency,Elective,2,2,14.0,1,26605.0,BlueCross,Discharged Home,DOC-108
ADM-12172,PAT-1279,2026-03-28 15:44:00,2026-03-30 22:56:00,11,Male,General Medicine,Elective,2,12,2.3,0,3480.0,Aetna,Discharged Home,DOC-107
ADM-12173,PAT-1070,2024-07-28 18:27:00,2024-07-29 18:27:00,23,Male,General Medicine,Emergency,5,8,1.0,1,6659.0,BlueCross,Discharged Home,DOC-117
ADM-12174,PAT-1967,2024-07-09 04:05:00,2024-07-11 16:05:00,58,Male,Orthopedics,Emergency,3,30,2.5,0,6075.0,Medicaid,Discharged Home,DOC-111
ADM-12175,PAT-2453,2024-04-23 19:26:00,2024-04-28 14:38:00,74,Female,Cardiology,Elective,3,22,4.8,0,13495.0,BlueCross,Discharged Home,DOC-103
ADM-12176,PAT-1970,2025-02-20 01:50:00,2025-02-21 13:50:00,54,Male,Emergency,Emergency,5,136,1.5,0,3190.0,Aetna,Discharged Home,DOC-110
ADM-12177,PAT-1600,2025-10-25 13:33:00,2025-10-27 03:57:00,57,Male,Oncology,Emergency,2,12,1.6,0,4990.0,Self-Pay,Discharged Home,DOC-107
ADM-12178,PAT-2203,2025-08-20 09:16:00,2025-08-25 02:04:00,48,Male,General Medicine,Elective,1,2,4.7,0,7055.0,Medicare,Discharged Home,DOC-116
ADM-12179,PAT-1369,2025-03-06 21:53:00,2025-03-13 05:05:00,37,Male,Emergency,Emergency,3,14,6.3,0,15092.0,Medicare,AMA (Against Medical Advice),DOC-105
ADM-12180,PAT-1963,2026-01-07 19:01:00,2026-01-13 19:01:00,66,Female,Neurology,Emergency,3,47,6.0,0,15717.5,BlueCross,Discharged Home,DOC-105
ADM-12181,PAT-1553,2024-04-24 13:02:00,2024-04-28 13:02:00,44,Female,Cardiology,Emergency,2,2,4.0,1,11205.0,UnitedHealth,Discharged Home,DOC-119
ADM-12182,PAT-2366,2024-06-23 14:40:00,2024-06-30 09:52:00,63,Male,Emergency,Elective,3,181,6.8,0,17186.5,Medicare,Discharged Home,DOC-123
ADM-12183,PAT-1584,2026-03-21 17:32:00,2026-03-26 22:20:00,26,Female,Emergency,Elective,2,17,5.2,0,11461.5,Medicaid,Discharged Home,DOC-113
ADM-12184,PAT-1120,2025-04-12 08:50:00,2025-04-21 23:14:00,34,Female,Emergency,Emergency,2,10,9.6,0,18265.0,Aetna,Discharged Home,DOC-115
ADM-12185,PAT-2346,2025-05-17 09:57:00,2025-05-19 02:45:00,36,Male,Neurology,Emergency,2,33,1.7,1,9648.5,Medicare,Transferred,DOC-114
ADM-12186,PAT-1615,2025-02-06 20:45:00,2025-02-10 08:45:00,89,Male,Emergency,Emergency,3,59,3.5,1,12419.5,Medicare,Referred to Rehab,DOC-107
ADM-12187,PAT-1667,2024-10-03 15:19:00,2024-10-06 03:19:00,79,Female,Emergency,Elective,2,24,2.5,0,5630.0,Medicare,Discharged Home,DOC-104
ADM-12188,PAT-1458,2024-07-10 05:03:00,2024-07-21 00:15:00,79,Female,Cardiology,Emergency,2,15,10.8,1,30856.5,Medicare,Discharged Home,DOC-106
ADM-12189,PAT-1408,2025-01-02 11:13:00,2025-01-02 23:13:00,69,Male,Orthopedics,Urgent,3,41,0.5,0,1302.5,Self-Pay,Discharged Home,DOC-107
ADM-12190,PAT-1004,2024-09-11 09:57:00,2024-09-16 07:33:00,88,Female,Cardiology,Emergency,3,9,4.9,0,17545.5,Medicare,Discharged Home,DOC-119
ADM-12191,PAT-1227,2024-05-04 08:36:00,2024-05-08 06:12:00,18,Male,Orthopedics,Elective,3,75,3.9,0,9547.5,UnitedHealth,Discharged Home,DOC-101
ADM-12192,PAT-2187,2026-04-20 08:01:00,2026-04-24 10:25:00,91,Male,Emergency,Emergency,2,10,4.1,0,7815.0,Medicaid,Discharged Home,DOC-115
ADM-12193,PAT-2191,2025-02-01 00:18:00,2025-02-09 14:42:00,90,Male,Cardiology,Elective,2,53,8.6,0,30717.5,Aetna,Discharged Home,DOC-118
ADM-12194,PAT-1168,2024-02-11 01:43:00,2024-02-12 23:19:00,54,Male,Pediatrics,Urgent,1,2,1.9,0,3045.0,Medicare,Discharged Home,DOC-119
ADM-12195,PAT-2054,2024-05-01 03:18:00,2024-05-01 22:30:00,53,Female,Cardiology,Elective,5,14,0.8,0,4776.0,Medicare,Discharged Home,DOC-103
ADM-12196,PAT-1196,2025-12-11 08:50:00,2025-12-12 04:02:00,17,Female,Emergency,Emergency,3,103,0.8,0,1777.5,Medicaid,Discharged Home,DOC-119
ADM-12197,PAT-1632,2026-04-04 22:41:00,2026-04-11 10:41:00,52,Female,Orthopedics,Emergency,2,2,6.5,0,15605.0,Medicare,Discharged Home,DOC-111
ADM-12198,PAT-1489,2024-11-25 12:48:00,2024-11-27 00:48:00,31,Female,Neurology,Emergency,1,8,1.5,0,9394.0,Medicare,Discharged Home,DOC-110
ADM-12199,PAT-2191,2024-05-31 01:49:00,2024-06-08 18:37:00,58,Female,Neurology,Emergency,1,9,8.7,0,22642.5,Medicare,Discharged Home,DOC-109
ADM-12200,PAT-2318,2025-12-06 17:18:00,2025-12-08 17:18:00,88,Male,Emergency,Elective,3,24,2.0,1,3860.0,BlueCross,Discharged Home,DOC-108
ADM-12201,PAT-2051,2024-06-01 13:20:00,2024-06-02 06:08:00,70,Male,Neurology,Elective,5,66,0.7,0,1985.0,BlueCross,Discharged Home,DOC-117
ADM-12202,PAT-1143,2025-04-23 07:45:00,2025-04-26 10:09:00,68,Male,Cardiology,Emergency,3,52,3.1,0,12246.0,Medicaid,Discharged Home,DOC-107
ADM-12203,PAT-1842,2024-01-18 00:17:00,2024-01-29 02:41:00,23,Female,Neurology,Emergency,2,28,11.1,1,28930.0,BlueCross,Discharged Home,DOC-104
ADM-12204,PAT-2146,2025-07-16 03:57:00,2025-07-17 03:57:00,5,Male,Orthopedics,Emergency,4,116,1.0,1,10876.0,BlueCross,Discharged Home,DOC-106
ADM-12205,PAT-2293,2025-11-12 13:34:00,2025-11-15 08:46:00,64,Female,Pediatrics,Emergency,5,6,2.8,1,4495.0,Medicare,Discharged Home,DOC-115
ADM-12206,PAT-2232,2025-02-22 00:48:00,2025-03-04 12:48:00,25,Female,General Medicine,Elective,3,27,10.5,0,15817.5,BlueCross,Discharged Home,DOC-108
ADM-12207,PAT-2069,2026-01-10 05:59:00,2026-01-13 10:47:00,48,Male,Emergency,Emergency,3,137,3.2,0,6422.5,BlueCross,Discharged Home,DOC-119
ADM-12208,PAT-2284,2024-01-31 22:21:00,2024-02-04 10:21:00,20,Male,Neurology,Emergency,2,19,3.5,0,17400.5,Medicaid,Discharged Home,DOC-112
ADM-12209,PAT-1023,2024-08-17 08:49:00,2024-08-17 23:13:00,16,Female,Emergency,Emergency,4,32,0.6,0,9671.0,Aetna,Discharged Home,DOC-121
ADM-12210,PAT-1363,2025-01-27 00:51:00,2025-01-29 22:27:00,59,Female,Neurology,Elective,3,116,2.9,1,7830.0,Medicaid,Transferred,DOC-108
ADM-12211,PAT-1014,2026-01-19 10:33:00,2026-01-22 03:21:00,12,Male,Emergency,Emergency,3,13,2.7,0,6881.5,Medicare,Discharged Home,DOC-112
ADM-12212,PAT-2143,2024-06-16 10:50:00,2024-06-16 22:50:00,61,Male,Pediatrics,Elective,4,38,0.5,0,7534.0,Medicaid,Discharged Home,DOC-115
ADM-12213,PAT-2368,2026-05-17 14:16:00,2026-05-22 07:04:00,60,Female,General Medicine,Urgent,1,2,4.7,0,10728.0,UnitedHealth,Discharged Home,DOC-123
ADM-12214,PAT-1819,2025-09-28 15:05:00,2025-09-29 19:53:00,45,Male,Emergency,Urgent,3,109,1.2,0,6400.5,Medicaid,Discharged Home,DOC-115
ADM-12215,PAT-2045,2025-04-23 02:44:00,2025-05-10 21:56:00,43,Female,Emergency,Elective,1,2,17.8,1,39061.0,Medicaid,Discharged Home,DOC-107
ADM-12216,PAT-1740,2025-05-27 19:18:00,2025-05-28 14:30:00,59,Female,Emergency,Elective,5,7,0.8,0,1537.5,Medicaid,Discharged Home,DOC-108
ADM-12217,PAT-1641,2024-11-10 14:18:00,2024-11-14 14:18:00,43,Male,General Medicine,Emergency,4,94,4.0,0,12910.0,Medicare,Discharged Home,DOC-105
ADM-12218,PAT-1226,2026-05-13 08:37:00,2026-05-14 08:37:00,5,Female,Emergency,Emergency,4,38,1.0,0,3835.0,Aetna,Discharged Home,DOC-119
ADM-12219,PAT-1352,2025-10-20 03:00:00,2025-10-22 15:00:00,67,Female,Oncology,Emergency,4,82,2.5,0,9283.0,Medicare,Discharged Home,DOC-120
ADM-12220,PAT-2009,2025-04-19 08:30:00,2025-04-25 22:54:00,63,Male,Oncology,Elective,3,79,6.6,0,20657.5,Medicare,Discharged Home,DOC-108
ADM-12221,PAT-1628,2025-05-27 17:09:00,2025-06-03 00:21:00,28,Female,General Medicine,Elective,2,6,6.3,1,15896.0,BlueCross,Discharged Home,DOC-117
ADM-12222,PAT-1567,2024-09-22 00:37:00,2024-09-29 17:25:00,83,Female,Cardiology,Elective,3,78,7.7,1,21755.0,Medicaid,Discharged Home,DOC-104
ADM-12223,PAT-1089,2024-07-19 22:24:00,2024-07-23 05:36:00,6,Female,Pediatrics,Elective,3,82,3.3,0,6658.0,Medicare,Discharged Home,DOC-106
ADM-12224,PAT-1506,2024-11-14 20:51:00,2024-11-21 16:03:00,68,Male,Cardiology,Emergency,3,23,6.8,0,23921.5,BlueCross,AMA (Against Medical Advice),DOC-108
ADM-12225,PAT-2017,2024-02-24 01:59:00,2024-02-27 21:11:00,68,Female,Emergency,Emergency,3,83,3.8,1,7427.5,Medicare,Transferred,DOC-123
ADM-12226,PAT-1412,2024-03-23 03:03:00,2024-03-24 07:51:00,88,Male,Emergency,Emergency,4,125,1.2,1,2592.5,Aetna,Discharged Home,DOC-110
ADM-12227,PAT-1972,2025-08-26 15:55:00,2025-08-27 20:43:00,86,Male,Emergency,Emergency,4,65,1.2,0,3315.5,UnitedHealth,Discharged Home,DOC-104
ADM-12228,PAT-2290,2026-01-09 17:19:00,2026-01-20 07:43:00,82,Male,Emergency,Elective,1,4,10.6,0,20150.0,Medicaid,Discharged Home,DOC-110
ADM-12229,PAT-2302,2024-01-10 21:27:00,2024-01-14 19:03:00,62,Female,General Medicine,Emergency,2,5,3.9,0,5862.5,Aetna,Discharged Home,DOC-115
ADM-12230,PAT-1697,2024-01-24 16:07:00,2024-01-29 04:07:00,28,Male,Oncology,Elective,3,21,4.5,0,19074.5,Medicare,Discharged Home,DOC-115
ADM-12231,PAT-2070,2026-01-02 07:44:00,2026-01-09 12:32:00,33,Male,General Medicine,Elective,3,11,7.2,0,19072.5,Aetna,Discharged Home,DOC-114
ADM-12232,PAT-1056,2026-05-04 05:16:00,2026-05-04 14:52:00,70,Female,Emergency,Elective,5,477,0.4,0,1952.5,Medicare,Discharged Home,DOC-125
ADM-12233,PAT-2204,2025-07-02 06:45:00,2025-07-07 11:33:00,13,Male,General Medicine,Elective,3,5,5.2,0,15172.5,BlueCross,Discharged Home,DOC-115
ADM-12234,PAT-1858,2025-11-20 18:44:00,2025-11-21 11:32:00,18,Male,Emergency,Elective,5,233,0.7,0,1912.5,Medicaid,Transferred,DOC-117
ADM-12235,PAT-1064,2024-07-17 04:36:00,2024-07-19 23:48:00,23,Female,Emergency,Urgent,3,17,2.8,0,5362.5,Medicare,Discharged Home,DOC-106
ADM-12236,PAT-1332,2025-09-08 22:49:00,2025-09-12 03:37:00,64,Female,Cardiology,Emergency,3,39,3.2,0,14074.5,Medicaid,Transferred,DOC-115
ADM-12237,PAT-1531,2026-03-31 15:06:00,2026-04-03 22:18:00,61,Female,Emergency,Emergency,3,43,3.3,1,9797.5,UnitedHealth,Discharged Home,DOC-120
ADM-12238,PAT-2413,2024-04-01 10:59:00,2024-04-01 18:11:00,25,Male,Emergency,Emergency,4,3,0.3,0,577.5,Medicaid,Discharged Home,DOC-110
ADM-12239,PAT-1297,2024-08-10 06:44:00,2024-08-11 23:32:00,20,Male,General Medicine,Elective,4,36,1.7,0,2640.0,BlueCross,Discharged Home,DOC-121
ADM-12240,PAT-2070,2025-12-20 23:43:00,2025-12-23 21:19:00,43,Male,Pediatrics,Elective,4,45,2.9,0,4752.5,BlueCross,Discharged Home,DOC-108
ADM-12241,PAT-2183,2024-08-13 00:48:00,2024-08-13 20:00:00,27,Male,General Medicine,Urgent,4,32,0.8,0,1280.0,Aetna,Discharged Home,DOC-124
ADM-12242,PAT-1870,2024-02-17 05:01:00,2024-02-20 00:13:00,46,Male,Pediatrics,Emergency,3,2,2.8,0,4485.0,Aetna,Discharged Home,DOC-113
ADM-12243,PAT-1975,2025-12-16 09:55:00,2025-12-24 00:19:00,68,Female,Emergency,Elective,2,2,7.6,0,21450.0,Medicare,Discharged Home,DOC-122
ADM-12244,PAT-2258,2024-04-05 00:06:00,2024-04-12 16:54:00,55,Male,Emergency,Elective,2,2,7.7,0,14635.0,Self-Pay,Discharged Home,DOC-125
ADM-12245,PAT-1565,2025-06-01 19:58:00,2025-06-06 05:34:00,54,Female,Orthopedics,Elective,2,14,4.4,0,18103.0,Medicaid,Discharged Home,DOC-111
ADM-12246,PAT-1967,2024-05-20 18:38:00,2024-05-22 04:14:00,35,Male,Cardiology,Emergency,5,15,1.4,0,11877.5,Medicare,Discharged Home,DOC-116
ADM-12247,PAT-1674,2026-02-22 19:12:00,2026-02-25 07:12:00,22,Female,Emergency,Emergency,3,73,2.5,0,6238.5,BlueCross,Discharged Home,DOC-109
ADM-12248,PAT-1316,2024-06-13 07:45:00,2024-06-14 12:33:00,45,Female,General Medicine,Emergency,4,56,1.2,0,2594.0,Aetna,Discharged Home,DOC-110
ADM-12249,PAT-1891,2025-04-24 04:49:00,2025-05-06 00:01:00,42,Female,Oncology,Emergency,1,4,11.8,1,36590.0,Self-Pay,Discharged Home,DOC-104
ADM-12250,PAT-1055,2024-05-05 12:20:00,2024-05-08 14:44:00,15,Female,Orthopedics,Emergency,3,30,3.1,0,7515.0,BlueCross,Discharged Home,DOC-121
ADM-12251,PAT-1984,2024-04-10 16:36:00,2024-04-12 23:48:00,33,Male,Emergency,Emergency,2,19,2.3,0,4417.5,BlueCross,Discharged Home,DOC-117
ADM-12252,PAT-1032,2025-05-30 11:04:00,2025-05-31 13:28:00,32,Female,Emergency,Urgent,5,82,1.1,1,5935.0,Medicare,Discharged Home,DOC-119
ADM-12253,PAT-1353,2024-05-31 15:23:00,2024-06-01 10:35:00,26,Female,General Medicine,Elective,2,67,0.8,0,1367.5,Medicaid,Discharged Home,DOC-110
ADM-12254,PAT-1093,2024-01-11 15:12:00,2024-01-14 17:36:00,31,Male,Neurology,Emergency,3,2,3.1,0,11655.0,BlueCross,Discharged Home,DOC-105
ADM-12255,PAT-1979,2024-08-01 18:43:00,2024-08-03 06:43:00,77,Female,Emergency,Elective,4,131,1.5,0,7097.5,Medicare,Referred to Rehab,DOC-112
ADM-12256,PAT-2236,2025-09-13 01:46:00,2025-09-28 23:22:00,84,Female,Orthopedics,Emergency,1,4,15.9,0,44173.0,BlueCross,Discharged Home,DOC-109
ADM-12257,PAT-2058,2024-06-29 01:57:00,2024-07-01 04:21:00,30,Male,Emergency,Emergency,3,71,2.1,0,11058.5,BlueCross,Discharged Home,DOC-108
ADM-12258,PAT-1531,2025-04-30 06:49:00,2025-05-02 02:01:00,29,Male,Cardiology,Emergency,4,14,1.8,1,11655.0,BlueCross,Discharged Home,DOC-111
ADM-12259,PAT-2220,2024-07-15 23:16:00,2024-07-17 11:16:00,54,Female,Cardiology,Elective,4,21,1.5,0,7387.5,Medicare,Discharged Home,DOC-102
ADM-12260,PAT-1970,2024-12-18 08:41:00,2024-12-18 18:17:00,86,Female,Emergency,Emergency,4,61,0.4,0,6218.5,BlueCross,Transferred,DOC-101
ADM-12261,PAT-1494,2024-08-03 13:44:00,2024-08-09 23:20:00,50,Female,Neurology,Emergency,2,9,6.4,0,18228.5,UnitedHealth,Discharged Home,DOC-107
ADM-12262,PAT-1369,2025-05-08 03:31:00,2025-05-09 20:19:00,76,Male,Neurology,Emergency,4,2,1.7,1,4425.0,Aetna,Discharged Home,DOC-115
ADM-12263,PAT-1759,2024-04-19 14:26:00,2024-04-22 00:02:00,31,Female,Orthopedics,Urgent,3,22,2.4,0,5815.0,Medicaid,Discharged Home,DOC-106
ADM-12264,PAT-2263,2025-08-13 18:53:00,2025-08-15 14:05:00,55,Female,General Medicine,Elective,3,22,1.8,0,2755.0,UnitedHealth,Referred to Rehab,DOC-104
ADM-12265,PAT-1870,2024-01-31 06:09:00,2024-02-01 13:21:00,76,Male,Pediatrics,Elective,3,83,1.3,0,10660.5,Self-Pay,Discharged Home,DOC-118
ADM-12266,PAT-1028,2024-10-02 16:54:00,2024-10-06 14:30:00,92,Female,Emergency,Emergency,3,2,3.9,0,8411.0,Medicare,Transferred,DOC-101
ADM-12267,PAT-1146,2026-04-05 02:44:00,2026-04-06 00:20:00,15,Male,Emergency,Emergency,3,43,0.9,0,3906.5,Aetna,Discharged Home,DOC-125
ADM-12268,PAT-1080,2025-08-20 06:46:00,2025-08-31 16:22:00,39,Female,Cardiology,Emergency,2,23,11.4,0,31977.5,Medicare,Discharged Home,DOC-115
ADM-12269,PAT-1375,2026-05-23 03:51:00,2026-05-24 23:03:00,89,Male,General Medicine,Urgent,3,43,1.8,0,6916.5,BlueCross,Discharged Home,DOC-109
ADM-12270,PAT-1908,2025-07-30 01:06:00,2025-08-02 17:54:00,71,Male,Emergency,Emergency,2,9,3.7,0,13747.5,Medicare,Discharged Home,DOC-109
ADM-12271,PAT-1124,2024-04-21 23:51:00,2024-04-27 23:51:00,65,Female,Orthopedics,Emergency,3,32,6.0,0,21027.0,Medicaid,Referred to Rehab,DOC-105
ADM-12272,PAT-1946,2024-06-12 19:32:00,2024-06-14 21:56:00,76,Male,Oncology,Elective,3,14,2.1,0,6545.0,Self-Pay,Discharged Home,DOC-112
ADM-12273,PAT-2335,2024-03-01 04:16:00,2024-03-02 11:28:00,89,Female,Emergency,Emergency,5,169,1.3,0,7099.5,Self-Pay,Discharged Home,DOC-111
ADM-12274,PAT-1351,2024-12-30 07:00:00,2025-01-04 11:48:00,51,Female,Orthopedics,Urgent,3,13,5.2,0,15181.5,Aetna,Discharged Home,DOC-121
ADM-12275,PAT-2200,2024-11-04 00:05:00,2024-11-06 07:17:00,18,Female,General Medicine,Emergency,4,35,2.3,0,8093.5,Self-Pay,Discharged Home,DOC-125
ADM-12276,PAT-1845,2025-11-12 03:31:00,2025-11-16 20:19:00,88,Male,Orthopedics,Emergency,3,18,4.7,0,18725.0,Medicaid,Discharged Home,DOC-120
ADM-12277,PAT-1095,2026-03-06 10:12:00,2026-03-09 22:12:00,23,Female,Emergency,Urgent,3,64,3.5,0,9261.0,Medicaid,Discharged Home,DOC-109
ADM-12278,PAT-1530,2024-12-22 06:34:00,2024-12-26 11:22:00,36,Male,Cardiology,Urgent,3,15,4.2,0,11797.5,BlueCross,Discharged Home,DOC-106
ADM-12279,PAT-1501,2025-10-29 11:18:00,2025-11-01 11:18:00,47,Female,Pediatrics,Elective,3,21,3.0,0,4852.5,Medicaid,Discharged Home,DOC-104
ADM-12280,PAT-2266,2024-08-19 13:49:00,2024-08-21 13:49:00,81,Male,General Medicine,Elective,2,2,2.0,0,10166.0,BlueCross,Discharged Home,DOC-118
ADM-12281,PAT-1583,2026-06-15 05:32:00,2026-06-20 19:56:00,78,Male,Oncology,Emergency,3,55,5.6,0,17497.5,BlueCross,Discharged Home,DOC-106
ADM-12282,PAT-2212,2024-12-21 19:15:00,2024-12-25 12:03:00,22,Male,General Medicine,Emergency,4,81,3.7,0,10662.5,Aetna,Discharged Home,DOC-108
ADM-12283,PAT-1250,2024-06-14 19:47:00,2024-06-18 19:47:00,79,Male,Cardiology,Elective,3,33,4.0,0,11282.5,UnitedHealth,Discharged Home,DOC-125
ADM-12284,PAT-2225,2024-02-27 04:01:00,2024-02-27 16:01:00,65,Male,General Medicine,Emergency,3,2,0.5,0,755.0,Medicare,Discharged Home,DOC-113
ADM-12285,PAT-1405,2024-10-11 05:27:00,2024-10-29 12:39:00,60,Female,Emergency,Emergency,2,46,18.3,1,34885.0,Self-Pay,Discharged Home,DOC-106
ADM-12286,PAT-2219,2025-04-03 11:40:00,2025-04-07 06:52:00,48,Male,Oncology,Urgent,3,208,3.8,0,19327.0,Medicare,Discharged Home,DOC-105
ADM-12287,PAT-1370,2025-05-08 12:42:00,2025-05-10 19:54:00,32,Male,Emergency,Elective,3,2,2.3,0,4375.0,Self-Pay,Referred to Rehab,DOC-114
ADM-12288,PAT-1561,2024-09-14 13:04:00,2024-09-21 15:28:00,92,Female,Emergency,Emergency,2,5,7.1,0,13502.5,Medicare,Expired,DOC-123
ADM-12289,PAT-1052,2024-01-05 19:29:00,2024-01-06 21:53:00,78,Male,Cardiology,Emergency,3,96,1.1,0,9225.0,Medicaid,Referred to Rehab,DOC-118
ADM-12290,PAT-1550,2024-07-14 05:40:00,2024-07-15 08:04:00,45,Male,Emergency,Urgent,4,174,1.1,0,2525.0,BlueCross,Discharged Home,DOC-111
ADM-12291,PAT-1726,2026-01-07 04:45:00,2026-01-19 07:09:00,49,Male,Emergency,Elective,1,2,12.1,0,22995.0,Medicaid,Referred to Rehab,DOC-110
ADM-12292,PAT-1486,2025-10-15 04:46:00,2025-10-15 16:46:00,34,Female,Emergency,Elective,4,59,0.5,0,2636.5,UnitedHealth,Discharged Home,DOC-124
ADM-12293,PAT-1514,2025-12-26 08:40:00,2025-12-27 15:52:00,87,Male,Emergency,Urgent,3,80,1.3,0,8702.0,Medicare,Discharged Home,DOC-118
ADM-12294,PAT-1224,2025-05-19 01:24:00,2025-05-23 15:48:00,80,Female,Emergency,Emergency,3,79,4.6,0,14631.5,BlueCross,Discharged Home,DOC-119
ADM-12295,PAT-1406,2024-12-28 03:15:00,2025-01-01 05:39:00,76,Female,Pediatrics,Elective,3,25,4.1,0,6622.5,Aetna,Discharged Home,DOC-102
ADM-12296,PAT-1339,2025-03-19 09:23:00,2025-03-20 09:23:00,68,Female,Orthopedics,Elective,4,69,1.0,0,2572.5,UnitedHealth,Discharged Home,DOC-121
ADM-12297,PAT-2031,2026-04-29 18:28:00,2026-04-30 04:04:00,41,Male,Emergency,Urgent,4,44,0.4,0,7100.0,Medicare,Discharged Home,DOC-116
ADM-12298,PAT-1276,2025-02-11 16:27:00,2025-02-12 23:39:00,43,Female,Orthopedics,Elective,3,56,1.3,0,3260.0,BlueCross,Discharged Home,DOC-106
ADM-12299,PAT-1742,2026-01-24 12:44:00,2026-01-25 19:56:00,70,Female,General Medicine,Elective,4,26,1.3,0,2015.0,Medicare,Discharged Home,DOC-106
ADM-12300,PAT-2137,2026-02-12 03:37:00,2026-02-14 15:37:00,23,Male,Oncology,Urgent,4,84,2.5,0,11349.0,UnitedHealth,Discharged Home,DOC-122
ADM-12301,PAT-2301,2024-06-25 18:51:00,2024-06-26 18:51:00,23,Female,General Medicine,Emergency,5,84,1.0,0,7034.0,Medicaid,Discharged Home,DOC-106
ADM-12302,PAT-2323,2024-10-07 02:58:00,2024-10-08 10:10:00,51,Male,Orthopedics,Emergency,5,141,1.3,0,3472.5,Medicaid,Discharged Home,DOC-120
ADM-12303,PAT-1023,2025-02-07 05:48:00,2025-02-08 13:00:00,91,Female,Emergency,Emergency,5,196,1.3,0,4560.0,Medicare,Discharged Home,DOC-101
ADM-12304,PAT-1537,2025-03-16 06:37:00,2025-03-18 23:25:00,89,Female,Emergency,Elective,3,49,2.7,0,5252.5,BlueCross,Discharged Home,DOC-110
ADM-12305,PAT-2325,2024-02-21 02:52:00,2024-02-24 00:28:00,68,Male,Emergency,Emergency,2,31,2.9,0,8099.5,Aetna,Discharged Home,DOC-107
ADM-12306,PAT-2103,2024-04-05 02:57:00,2024-04-05 14:57:00,51,Female,Emergency,Emergency,3,132,0.5,0,3600.0,Medicare,Discharged Home,DOC-101
ADM-12307,PAT-2423,2025-04-17 16:35:00,2025-04-29 14:11:00,46,Male,Cardiology,Elective,1,2,11.9,0,36449.0,Medicare,Referred to Rehab,DOC-113
ADM-12308,PAT-1227,2026-06-10 04:25:00,2026-06-11 04:25:00,44,Female,Neurology,Emergency,2,33,1.0,1,2682.5,Medicaid,Discharged Home,DOC-117
ADM-12309,PAT-2460,2024-08-21 15:48:00,2024-08-23 11:00:00,18,Female,Neurology,Emergency,4,20,1.8,0,4730.0,Aetna,Discharged Home,DOC-103
ADM-12310,PAT-1910,2024-07-29 06:45:00,2024-07-29 18:45:00,50,Male,Orthopedics,Urgent,5,244,0.5,1,3249.0,Medicaid,Discharged Home,DOC-120
ADM-12311,PAT-1530,2024-05-20 06:49:00,2024-06-08 04:25:00,84,Female,Emergency,Emergency,2,14,18.9,0,39632.0,Self-Pay,Discharged Home,DOC-110
ADM-12312,PAT-1238,2025-11-05 13:15:00,2025-11-06 18:03:00,85,Female,Emergency,Emergency,3,14,1.2,0,6719.0,BlueCross,Discharged Home,DOC-125
ADM-12313,PAT-1064,2025-09-10 09:58:00,2025-09-13 09:58:00,68,Female,Cardiology,Emergency,3,6,3.0,0,8415.0,Medicare,Discharged Home,DOC-109
ADM-12314,PAT-1877,2025-06-07 18:47:00,2025-06-09 09:11:00,3,Male,Cardiology,Urgent,4,30,1.6,0,5763.0,Medicaid,Discharged Home,DOC-116
ADM-12315,PAT-2269,2026-06-22 05:45:00,2026-06-24 05:45:00,76,Male,General Medicine,Emergency,3,50,2.0,0,3125.0,UnitedHealth,Discharged Home,DOC-110
ADM-12316,PAT-1546,2024-08-12 09:10:00,2024-08-14 09:10:00,70,Male,Emergency,Emergency,3,52,2.0,0,3930.0,Medicaid,Discharged Home,DOC-107
ADM-12317,PAT-2026,2024-06-18 12:15:00,2024-06-24 07:27:00,13,Male,Emergency,Elective,3,7,5.8,0,17867.5,BlueCross,Discharged Home,DOC-124
ADM-12318,PAT-1461,2025-07-26 19:22:00,2025-07-27 02:34:00,13,Female,Emergency,Emergency,4,28,0.3,0,2556.0,BlueCross,Discharged Home,DOC-114
ADM-12319,PAT-2446,2025-09-01 11:34:00,2025-09-03 09:10:00,20,Male,Orthopedics,Elective,4,159,1.9,0,4957.5,Aetna,Discharged Home,DOC-121
ADM-12320,PAT-1640,2025-02-04 09:30:00,2025-02-05 21:30:00,54,Male,Pediatrics,Emergency,3,46,1.5,0,2515.0,BlueCross,Discharged Home,DOC-120
ADM-12321,PAT-1032,2025-06-30 02:39:00,2025-07-06 14:39:00,2,Female,General Medicine,Emergency,2,15,6.5,0,9787.5,BlueCross,Discharged Home,DOC-110
ADM-12322,PAT-2000,2025-04-11 17:14:00,2025-04-15 12:26:00,49,Male,Oncology,Emergency,4,224,3.8,0,17120.0,BlueCross,Discharged Home,DOC-107
ADM-12323,PAT-1936,2025-07-09 15:24:00,2025-07-23 08:12:00,69,Male,Oncology,Emergency,1,2,13.7,0,50864.0,Medicare,Discharged Home,DOC-114
ADM-12324,PAT-1525,2026-02-12 07:58:00,2026-02-14 05:34:00,45,Female,Cardiology,Emergency,4,74,1.9,0,13579.0,Medicare,AMA (Against Medical Advice),DOC-103
ADM-12325,PAT-1753,2026-04-16 17:39:00,2026-04-21 17:39:00,48,Female,Emergency,Elective,3,16,5.0,1,14719.0,Aetna,Discharged Home,DOC-102
ADM-12326,PAT-1305,2024-01-12 17:38:00,2024-01-16 22:26:00,33,Male,Emergency,Emergency,3,2,4.2,1,7985.0,Medicaid,Discharged Home,DOC-115
ADM-12327,PAT-2330,2025-02-25 14:37:00,2025-02-27 02:37:00,55,Female,General Medicine,Emergency,4,120,1.5,0,2550.0,Medicare,Discharged Home,DOC-108
ADM-12328,PAT-2445,2024-08-04 00:55:00,2024-08-13 00:55:00,54,Male,General Medicine,Elective,2,2,9.0,0,13505.0,Medicare,Discharged Home,DOC-122
ADM-12329,PAT-1432,2025-07-15 04:37:00,2025-07-21 09:25:00,58,Male,Neurology,Elective,3,5,6.2,0,16132.5,Self-Pay,Referred to Rehab,DOC-114
ADM-12330,PAT-1973,2026-02-28 17:28:00,2026-03-01 12:40:00,90,Male,Emergency,Elective,4,96,0.8,0,5789.0,Medicare,Referred to Rehab,DOC-117
ADM-12331,PAT-1674,2024-07-28 10:23:00,2024-08-01 05:35:00,61,Female,Emergency,Emergency,3,25,3.8,0,9167.5,Aetna,Discharged Home,DOC-123
ADM-12332,PAT-2265,2026-01-29 10:44:00,2026-01-31 15:32:00,61,Male,Emergency,Emergency,3,81,2.2,0,10105.5,Medicare,Discharged Home,DOC-101
ADM-12333,PAT-2373,2025-12-12 15:32:00,2025-12-18 15:32:00,50,Male,Pediatrics,Urgent,2,3,6.0,0,9607.5,Medicare,Discharged Home,DOC-118
ADM-12334,PAT-1865,2024-01-31 13:53:00,2024-02-03 09:05:00,35,Female,Emergency,Emergency,2,12,2.8,0,5350.0,Medicare,Discharged Home,DOC-102
ADM-12335,PAT-1142,2025-04-30 06:32:00,2025-05-03 04:08:00,89,Male,General Medicine,Emergency,3,4,2.9,0,9613.0,BlueCross,Discharged Home,DOC-125
ADM-12336,PAT-2042,2025-05-17 04:05:00,2025-06-05 13:41:00,64,Male,Emergency,Emergency,3,10,19.4,0,40814.0,Medicare,Discharged Home,DOC-125
ADM-12337,PAT-1417,2025-06-30 14:26:00,2025-07-01 02:26:00,48,Male,General Medicine,Emergency,5,163,0.5,0,4179.5,Self-Pay,Discharged Home,DOC-106
ADM-12338,PAT-1829,2026-06-24 02:58:00,2026-06-27 19:46:00,23,Male,Emergency,Elective,2,7,3.7,0,9491.5,Medicaid,Discharged Home,DOC-110
ADM-12339,PAT-2407,2025-04-05 00:54:00,2025-04-06 10:30:00,55,Female,General Medicine,Elective,4,9,1.4,0,7527.5,UnitedHealth,Discharged Home,DOC-120
ADM-12340,PAT-1696,2025-09-13 18:06:00,2025-09-17 13:18:00,46,Female,General Medicine,Urgent,3,42,3.8,0,5805.0,Medicare,Discharged Home,DOC-108
ADM-12341,PAT-2149,2026-04-11 01:51:00,2026-04-15 16:15:00,70,Male,Emergency,Emergency,3,19,4.6,0,15699.5,BlueCross,Referred to Rehab,DOC-122
ADM-12342,PAT-1154,2025-04-27 17:08:00,2025-04-30 21:56:00,41,Female,Emergency,Emergency,3,31,3.2,0,6702.5,BlueCross,Discharged Home,DOC-113
ADM-12343,PAT-2312,2024-12-17 22:01:00,2024-12-18 12:25:00,9,Male,Orthopedics,Emergency,3,36,0.6,0,9105.0,Aetna,AMA (Against Medical Advice),DOC-102
ADM-12344,PAT-1210,2026-05-20 22:19:00,2026-05-26 05:31:00,89,Male,Orthopedics,Emergency,3,124,5.3,1,16221.0,Medicare,Discharged Home,DOC-115
ADM-12345,PAT-1094,2025-02-26 21:31:00,2025-02-27 11:55:00,47,Male,Cardiology,Emergency,4,69,0.6,0,1852.5,Medicaid,Discharged Home,DOC-102
ADM-12346,PAT-1416,2025-06-14 21:51:00,2025-06-16 05:03:00,66,Male,General Medicine,Elective,2,13,1.3,0,10354.5,Medicare,Discharged Home,DOC-115
ADM-12347,PAT-1326,2025-07-17 05:56:00,2025-07-18 15:32:00,62,Female,Orthopedics,Emergency,4,88,1.4,0,10391.0,BlueCross,Discharged Home,DOC-110
ADM-12348,PAT-2078,2025-04-13 05:01:00,2025-04-18 02:37:00,92,Male,Emergency,Emergency,2,24,4.9,0,15274.0,Aetna,Transferred,DOC-111
ADM-12349,PAT-2157,2024-03-31 02:34:00,2024-04-07 14:34:00,85,Female,Emergency,Elective,1,9,7.5,0,14789.5,Medicare,Discharged Home,DOC-119
ADM-12350,PAT-2403,2024-06-24 16:07:00,2024-06-30 01:43:00,41,Male,Oncology,Urgent,4,230,5.4,1,18899.0,UnitedHealth,Discharged Home,DOC-102
ADM-12351,PAT-2086,2025-04-12 01:56:00,2025-04-20 06:44:00,46,Male,Neurology,Emergency,3,2,8.2,0,28415.0,Medicaid,Discharged Home,DOC-114
ADM-12352,PAT-1398,2026-04-02 20:18:00,2026-04-07 22:42:00,26,Female,General Medicine,Emergency,2,14,5.1,0,7685.0,UnitedHealth,Transferred,DOC-121
ADM-12353,PAT-1518,2024-03-24 06:05:00,2024-03-26 20:29:00,67,Male,Cardiology,Emergency,2,14,2.6,0,7315.0,Medicaid,Discharged Home,DOC-122
ADM-12354,PAT-2347,2024-08-08 13:55:00,2024-08-14 18:43:00,51,Female,Orthopedics,Emergency,3,105,6.2,0,20438.5,UnitedHealth,Discharged Home,DOC-105
ADM-12355,PAT-1456,2025-07-18 09:05:00,2025-07-22 21:05:00,71,Male,Neurology,Emergency,4,97,4.5,0,15760.5,Aetna,Discharged Home,DOC-123
ADM-12356,PAT-1120,2024-01-01 04:30:00,2024-01-03 09:18:00,58,Female,Orthopedics,Emergency,5,2,2.2,0,8190.0,Aetna,Discharged Home,DOC-111
ADM-12357,PAT-1272,2025-12-16 14:30:00,2025-12-17 02:30:00,10,Male,Emergency,Elective,5,96,0.5,0,7423.0,BlueCross,Discharged Home,DOC-115
ADM-12358,PAT-1752,2026-04-26 23:57:00,2026-04-30 19:09:00,39,Female,Emergency,Emergency,3,9,3.8,0,7242.5,UnitedHealth,Discharged Home,DOC-117
ADM-12359,PAT-2119,2025-05-25 08:29:00,2025-05-27 13:17:00,5,Female,Neurology,Emergency,3,68,2.2,0,8654.0,Self-Pay,Discharged Home,DOC-113
ADM-12360,PAT-1841,2024-02-09 13:00:00,2024-02-11 17:48:00,50,Female,Emergency,Urgent,2,42,2.2,0,8582.0,Medicare,Transferred,DOC-120
ADM-12361,PAT-2083,2025-01-16 19:50:00,2025-01-19 03:02:00,27,Male,General Medicine,Elective,3,20,2.3,0,3500.0,Aetna,Discharged Home,DOC-122
ADM-12362,PAT-1356,2025-09-11 17:54:00,2025-09-15 10:42:00,41,Male,Orthopedics,Emergency,2,2,3.7,0,8885.0,Medicare,Discharged Home,DOC-114
ADM-12363,PAT-2154,2024-03-15 15:29:00,2024-03-18 10:41:00,84,Female,Emergency,Elective,3,7,2.8,0,10499.5,UnitedHealth,Discharged Home,DOC-106
ADM-12364,PAT-1387,2025-08-25 20:35:00,2025-08-28 20:35:00,89,Male,Orthopedics,Emergency,3,76,3.0,0,13903.0,Medicare,Referred to Rehab,DOC-107
ADM-12365,PAT-1656,2025-12-28 16:54:00,2026-01-07 12:06:00,88,Female,Neurology,Elective,3,50,9.8,0,27639.0,Medicaid,Discharged Home,DOC-125
ADM-12366,PAT-1888,2025-06-21 05:53:00,2025-06-24 13:05:00,27,Female,Cardiology,Emergency,2,6,3.3,0,9255.0,Medicare,Discharged Home,DOC-109
ADM-12367,PAT-2245,2026-02-21 20:27:00,2026-02-28 06:03:00,21,Male,Emergency,Elective,3,10,6.4,0,12185.0,UnitedHealth,Discharged Home,DOC-113
ADM-12368,PAT-1020,2024-02-20 22:16:00,2024-02-21 10:16:00,1,Female,Neurology,Emergency,5,112,0.5,0,7801.0,Medicare,Referred to Rehab,DOC-113
ADM-12369,PAT-1300,2026-05-23 01:09:00,2026-05-24 15:33:00,55,Male,Emergency,Elective,2,2,1.6,0,9534.0,BlueCross,Discharged Home,DOC-103
ADM-12370,PAT-1445,2024-11-25 05:11:00,2024-11-30 14:47:00,21,Female,Orthopedics,Emergency,3,36,5.4,0,20460.0,Self-Pay,Expired,DOC-105
ADM-12371,PAT-1067,2024-10-31 05:27:00,2024-11-02 10:15:00,56,Female,Oncology,Urgent,4,6,2.2,0,12800.0,Aetna,Discharged Home,DOC-105
ADM-12372,PAT-1607,2024-02-26 17:42:00,2024-02-27 03:18:00,91,Male,Emergency,Emergency,4,209,0.4,0,1282.5,Medicare,Transferred,DOC-119
ADM-12373,PAT-1992,2025-07-26 21:10:00,2025-07-29 16:22:00,65,Female,Emergency,Emergency,1,2,2.8,0,13323.0,Aetna,Discharged Home,DOC-125
ADM-12374,PAT-2116,2026-06-19 00:08:00,2026-06-19 07:20:00,57,Male,Emergency,Elective,4,62,0.3,0,3240.0,UnitedHealth,Transferred,DOC-101
ADM-12375,PAT-1918,2025-08-08 11:22:00,2025-08-12 16:10:00,49,Female,Neurology,Emergency,2,2,4.2,0,12677.0,Medicare,Transferred,DOC-121
ADM-12376,PAT-2500,2026-03-25 10:29:00,2026-03-29 20:05:00,45,Male,Oncology,Elective,2,12,4.4,0,15157.0,BlueCross,Discharged Home,DOC-111
ADM-12377,PAT-1461,2026-05-20 13:48:00,2026-05-23 21:00:00,39,Female,General Medicine,Emergency,3,2,3.3,1,4955.0,Aetna,Discharged Home,DOC-116
ADM-12378,PAT-2015,2024-12-24 02:07:00,2024-12-31 04:31:00,38,Female,Emergency,Elective,1,9,7.1,1,13512.5,Medicaid,Discharged Home,DOC-119
ADM-12379,PAT-2358,2025-08-27 06:46:00,2025-08-31 13:58:00,50,Male,Neurology,Elective,3,99,4.3,0,13511.5,Medicaid,Discharged Home,DOC-102
ADM-12380,PAT-1388,2024-10-08 15:18:00,2024-10-10 17:42:00,10,Female,Neurology,Elective,3,2,2.1,0,5465.0,Self-Pay,Discharged Home,DOC-125
ADM-12381,PAT-1554,2026-06-05 04:23:00,2026-06-06 21:11:00,31,Female,Pediatrics,Elective,2,8,1.7,0,5822.0,Self-Pay,Discharged Home,DOC-101
ADM-12382,PAT-2416,2026-03-16 16:05:00,2026-03-21 20:53:00,73,Male,Emergency,Urgent,1,20,5.2,0,17957.0,Aetna,Referred to Rehab,DOC-125
ADM-12383,PAT-1731,2026-06-03 18:22:00,2026-06-06 15:58:00,33,Male,Cardiology,Urgent,4,42,2.9,0,9367.0,Medicare,Discharged Home,DOC-113
ADM-12384,PAT-1394,2025-06-05 00:02:00,2025-06-05 12:02:00,19,Female,Emergency,Emergency,3,33,0.5,0,1032.5,Aetna,Discharged Home,DOC-103
ADM-12385,PAT-2492,2026-01-05 21:08:00,2026-01-08 11:32:00,60,Female,Orthopedics,Urgent,4,3,2.6,0,6247.5,Self-Pay,Discharged Home,DOC-120
ADM-12386,PAT-2364,2026-04-20 16:08:00,2026-04-23 01:44:00,91,Female,Orthopedics,Emergency,3,48,2.4,0,5880.0,Medicare,Discharged Home,DOC-119
ADM-12387,PAT-1503,2024-04-30 18:25:00,2024-05-04 08:49:00,55,Female,Emergency,Urgent,2,10,3.6,1,6865.0,Medicare,Discharged Home,DOC-125
ADM-12388,PAT-1509,2025-11-28 07:08:00,2025-12-02 16:44:00,48,Male,General Medicine,Emergency,3,2,4.4,0,10329.0,Medicaid,Referred to Rehab,DOC-125
ADM-12389,PAT-2497,2025-12-01 09:30:00,2025-12-06 02:18:00,25,Female,Orthopedics,Emergency,3,172,4.7,0,17890.0,Aetna,Discharged Home,DOC-122
ADM-12390,PAT-1910,2025-09-14 23:49:00,2025-09-16 19:01:00,58,Male,Cardiology,Urgent,4,50,1.8,0,5165.0,BlueCross,Discharged Home,DOC-113
ADM-12391,PAT-1578,2026-01-09 08:04:00,2026-01-10 03:16:00,14,Male,Cardiology,Urgent,5,348,0.8,0,3110.0,BlueCross,Discharged Home,DOC-107
ADM-12392,PAT-1113,2026-05-20 00:42:00,2026-05-25 07:54:00,60,Female,Neurology,Emergency,3,5,5.3,0,18447.5,BlueCross,Discharged Home,DOC-125
ADM-12393,PAT-1884,2024-02-13 20:21:00,2024-02-15 22:45:00,90,Female,Neurology,Emergency,3,25,2.1,0,5522.5,UnitedHealth,Discharged Home,DOC-123
ADM-12394,PAT-1240,2026-06-05 07:35:00,2026-06-09 05:11:00,35,Female,Emergency,Emergency,2,4,3.9,0,7420.0,BlueCross,Discharged Home,DOC-105
ADM-12395,PAT-1798,2025-07-20 11:33:00,2025-07-26 11:33:00,49,Female,Oncology,Urgent,1,7,6.0,0,21926.5,Medicare,Discharged Home,DOC-113
ADM-12396,PAT-1493,2024-02-03 10:04:00,2024-02-04 00:28:00,39,Female,Orthopedics,Elective,4,23,0.6,0,8540.5,Self-Pay,Discharged Home,DOC-106
ADM-12397,PAT-1300,2025-11-25 00:14:00,2025-11-26 05:02:00,90,Female,Neurology,Emergency,3,30,1.2,0,11493.0,Aetna,Discharged Home,DOC-123
ADM-12398,PAT-1570,2025-10-17 06:42:00,2025-10-20 13:54:00,33,Male,General Medicine,Urgent,3,49,3.3,0,5072.5,Medicare,Discharged Home,DOC-110
ADM-12399,PAT-1799,2026-01-16 08:19:00,2026-01-18 17:55:00,44,Female,Neurology,Urgent,2,23,2.4,0,10247.5,Medicare,Discharged Home,DOC-116
ADM-12400,PAT-1793,2024-11-30 23:59:00,2024-12-02 07:11:00,59,Male,Orthopedics,Urgent,3,209,1.3,0,7221.5,Medicare,Discharged Home,DOC-112
ADM-12401,PAT-1475,2026-01-27 18:14:00,2026-01-30 23:02:00,69,Male,Cardiology,Emergency,3,3,3.2,1,8967.5,Aetna,Expired,DOC-116
ADM-12402,PAT-2137,2024-02-19 11:17:00,2024-02-20 08:53:00,18,Female,Orthopedics,Elective,5,118,0.9,0,3379.0,BlueCross,Transferred,DOC-102
ADM-12403,PAT-1811,2024-02-15 04:24:00,2024-02-15 16:24:00,25,Female,Oncology,Emergency,5,234,0.5,0,9902.0,Aetna,Discharged Home,DOC-121
ADM-12404,PAT-2296,2024-01-12 07:23:00,2024-01-15 02:35:00,14,Male,Emergency,Emergency,3,10,2.8,0,10697.0,BlueCross,Discharged Home,DOC-106
ADM-12405,PAT-1120,2024-05-18 00:47:00,2024-05-24 19:59:00,38,Female,Emergency,Elective,3,13,6.8,0,16228.5,Medicare,Discharged Home,DOC-107
ADM-12406,PAT-1942,2024-08-24 03:49:00,2024-08-26 11:01:00,60,Female,Neurology,Urgent,4,49,2.3,0,13355.5,Medicare,Discharged Home,DOC-113
ADM-12407,PAT-1085,2024-02-14 04:32:00,2024-02-16 11:44:00,37,Female,Emergency,Urgent,3,14,2.3,0,8701.0,UnitedHealth,Discharged Home,DOC-116
ADM-12408,PAT-1604,2024-02-14 10:53:00,2024-02-19 10:53:00,54,Male,General Medicine,Emergency,3,4,5.0,0,7510.0,Aetna,Discharged Home,DOC-120
ADM-12409,PAT-1576,2024-05-07 19:01:00,2024-05-09 04:37:00,28,Male,Neurology,Emergency,5,95,1.4,0,3877.5,BlueCross,Discharged Home,DOC-123
ADM-12410,PAT-2122,2024-10-17 09:39:00,2024-10-21 04:51:00,82,Male,Orthopedics,Urgent,3,8,3.8,0,12901.0,Self-Pay,Discharged Home,DOC-106
ADM-12411,PAT-1343,2024-02-23 10:44:00,2024-02-24 13:08:00,22,Female,Emergency,Elective,4,288,1.1,0,2810.0,Medicaid,Discharged Home,DOC-114
ADM-12412,PAT-1210,2024-02-01 15:16:00,2024-02-06 10:28:00,80,Female,Neurology,Emergency,3,157,4.8,0,12872.5,BlueCross,Transferred,DOC-121
ADM-12413,PAT-1315,2024-12-27 02:08:00,2025-01-09 14:08:00,30,Male,Emergency,Urgent,2,3,13.5,0,25657.5,Medicare,Referred to Rehab,DOC-103
ADM-12414,PAT-1766,2024-08-23 23:11:00,2024-08-24 11:11:00,73,Female,Cardiology,Emergency,4,92,0.5,1,9921.0,Medicaid,Discharged Home,DOC-116
ADM-12415,PAT-1192,2025-08-08 02:06:00,2025-08-12 06:54:00,31,Female,Cardiology,Elective,4,128,4.2,0,12080.0,Medicaid,Discharged Home,DOC-110
ADM-12416,PAT-1153,2025-03-28 19:21:00,2025-03-29 09:45:00,64,Female,Cardiology,Elective,5,100,0.6,0,1930.0,Self-Pay,Discharged Home,DOC-109
ADM-12417,PAT-2498,2025-12-12 15:57:00,2025-12-17 08:45:00,49,Female,Emergency,Emergency,3,71,4.7,0,12222.5,Aetna,Discharged Home,DOC-104
ADM-12418,PAT-2172,2025-03-21 10:15:00,2025-03-25 12:39:00,66,Female,General Medicine,Emergency,2,13,4.1,0,9996.5,Aetna,Expired,DOC-114
ADM-12419,PAT-1676,2026-06-21 11:00:00,2026-06-22 15:48:00,13,Male,Orthopedics,Elective,5,342,1.2,0,8289.0,Medicaid,Discharged Home,DOC-122
ADM-12420,PAT-2145,2025-12-04 15:59:00,2025-12-14 18:23:00,63,Female,Orthopedics,Elective,3,58,10.1,0,24385.0,Medicare,Discharged Home,DOC-108
ADM-12421,PAT-2421,2024-09-07 00:12:00,2024-09-11 21:48:00,73,Female,Emergency,Elective,2,11,4.9,0,10658.5,Medicare,Referred to Rehab,DOC-106
ADM-12422,PAT-1052,2024-07-13 04:54:00,2024-07-18 16:54:00,31,Male,Orthopedics,Emergency,3,11,5.5,0,18672.5,BlueCross,Discharged Home,DOC-107
ADM-12423,PAT-2397,2024-09-22 01:21:00,2024-09-25 08:33:00,64,Female,General Medicine,Urgent,2,6,3.3,0,4965.0,UnitedHealth,Discharged Home,DOC-105
ADM-12424,PAT-1659,2025-01-20 21:04:00,2025-01-25 01:52:00,42,Female,Cardiology,Elective,3,100,4.2,0,17857.0,BlueCross,Discharged Home,DOC-106
ADM-12425,PAT-1899,2026-01-08 18:15:00,2026-01-10 01:27:00,25,Male,Orthopedics,Emergency,5,81,1.3,0,9160.5,Medicare,Transferred,DOC-105
ADM-12426,PAT-1488,2025-12-06 00:00:00,2025-12-08 07:12:00,64,Female,Orthopedics,Elective,4,31,2.3,0,5597.5,Medicaid,Discharged Home,DOC-108
ADM-12427,PAT-1358,2024-10-31 16:53:00,2024-11-02 12:05:00,55,Male,Neurology,Emergency,3,119,1.8,0,10430.5,Aetna,Referred to Rehab,DOC-105
ADM-12428,PAT-2245,2026-04-19 10:57:00,2026-04-20 08:33:00,86,Female,General Medicine,Emergency,5,200,0.9,0,5039.0,Self-Pay,Discharged Home,DOC-123
ADM-12429,PAT-1700,2025-03-22 19:24:00,2025-03-26 05:00:00,30,Female,General Medicine,Emergency,3,21,3.4,1,10750.5,Medicaid,Discharged Home,DOC-118
ADM-12430,PAT-1452,2024-09-08 07:17:00,2024-09-12 07:17:00,18,Female,Orthopedics,Urgent,3,15,4.0,0,11646.5,Medicaid,Discharged Home,DOC-114
ADM-12431,PAT-2280,2025-04-23 07:27:00,2025-04-25 17:03:00,61,Female,General Medicine,Emergency,3,56,2.4,1,3740.0,Medicare,AMA (Against Medical Advice),DOC-124
ADM-12432,PAT-2036,2024-01-29 15:07:00,2024-01-30 22:19:00,30,Female,Neurology,Elective,3,53,1.3,0,3512.5,BlueCross,Discharged Home,DOC-102
ADM-12433,PAT-1487,2024-06-22 21:17:00,2024-06-26 09:17:00,81,Female,Emergency,Emergency,2,13,3.5,1,9674.5,Medicaid,Discharged Home,DOC-110
ADM-12434,PAT-1173,2024-05-15 16:55:00,2024-05-18 12:07:00,2,Male,General Medicine,Elective,3,2,2.8,0,4205.0,Medicaid,Discharged Home,DOC-114
ADM-12435,PAT-1969,2025-03-06 04:42:00,2025-03-09 19:06:00,51,Female,General Medicine,Emergency,3,25,3.6,0,5462.5,BlueCross,Discharged Home,DOC-114
ADM-12436,PAT-1327,2024-07-14 17:21:00,2024-07-18 05:21:00,44,Female,Emergency,Emergency,2,19,3.5,0,10120.5,Medicare,Discharged Home,DOC-113
ADM-12437,PAT-1537,2024-09-30 10:45:00,2024-10-01 20:21:00,41,Female,Emergency,Elective,3,3,1.4,0,8456.5,Medicare,Discharged Home,DOC-104
ADM-12438,PAT-2070,2026-02-05 19:36:00,2026-02-13 17:12:00,68,Female,Cardiology,Emergency,2,24,7.9,1,28480.0,BlueCross,Discharged Home,DOC-120
ADM-12439,PAT-1158,2024-02-05 20:06:00,2024-02-07 08:06:00,68,Female,General Medicine,Emergency,3,5,1.5,0,10042.5,Medicaid,Discharged Home,DOC-111
ADM-12440,PAT-1029,2024-05-26 14:13:00,2024-05-27 19:01:00,92,Male,Emergency,Elective,4,206,1.2,1,5068.0,Aetna,Discharged Home,DOC-124
ADM-12441,PAT-1455,2024-06-09 18:42:00,2024-06-10 18:42:00,75,Male,Emergency,Urgent,4,130,1.0,0,7096.0,Medicare,Discharged Home,DOC-103
ADM-12442,PAT-2352,2024-08-21 08:35:00,2024-08-24 01:23:00,80,Female,General Medicine,Emergency,5,5,2.7,0,4062.5,Medicare,Discharged Home,DOC-106
ADM-12443,PAT-2402,2024-07-16 20:11:00,2024-07-18 08:11:00,31,Male,Emergency,Elective,4,75,1.5,0,6028.5,Medicare,Discharged Home,DOC-110
ADM-12444,PAT-1353,2024-03-06 17:31:00,2024-03-10 00:43:00,58,Female,Orthopedics,Elective,4,48,3.3,0,12851.0,UnitedHealth,Discharged Home,DOC-105
ADM-12445,PAT-1419,2024-02-29 11:15:00,2024-03-08 06:27:00,66,Female,Pediatrics,Urgent,3,15,7.8,0,20983.5,UnitedHealth,Discharged Home,DOC-103
ADM-12446,PAT-1794,2025-12-15 08:43:00,2025-12-15 20:43:00,73,Male,General Medicine,Elective,4,164,0.5,0,4691.0,Medicare,Transferred,DOC-115
ADM-12447,PAT-2177,2025-06-11 14:37:00,2025-06-13 12:13:00,46,Female,Emergency,Emergency,2,25,1.9,0,9279.5,Medicare,Discharged Home,DOC-125
ADM-12448,PAT-1792,2026-05-26 21:11:00,2026-05-31 23:35:00,63,Male,Neurology,Emergency,3,82,5.1,0,17608.0,Self-Pay,Discharged Home,DOC-113
ADM-12449,PAT-1244,2025-03-03 02:51:00,2025-03-08 14:51:00,63,Male,Orthopedics,Emergency,3,189,5.5,0,13672.5,BlueCross,Discharged Home,DOC-104
ADM-12450,PAT-1857,2024-10-11 11:16:00,2024-10-12 20:52:00,56,Female,Oncology,Emergency,3,38,1.4,0,12527.0,BlueCross,Discharged Home,DOC-113
ADM-12451,PAT-1660,2024-12-26 03:24:00,2024-12-29 13:00:00,11,Female,Pediatrics,Elective,2,9,3.4,0,7372.5,Medicaid,Discharged Home,DOC-114
ADM-12452,PAT-1562,2024-12-11 17:47:00,2024-12-17 17:47:00,18,Female,Emergency,Emergency,3,14,6.0,0,15334.0,Medicare,Referred to Rehab,DOC-105
ADM-12453,PAT-1596,2024-12-27 08:42:00,2025-01-04 11:06:00,84,Female,Pediatrics,Elective,2,10,8.1,1,12985.0,UnitedHealth,Discharged Home,DOC-109
ADM-12454,PAT-1619,2024-10-30 00:10:00,2024-10-30 16:58:00,70,Female,Cardiology,Elective,2,38,0.7,0,2055.0,Medicare,Referred to Rehab,DOC-107
ADM-12455,PAT-1412,2025-06-08 07:57:00,2025-06-10 22:21:00,63,Male,General Medicine,Urgent,4,5,2.6,0,11134.5,Medicaid,Discharged Home,DOC-102
ADM-12456,PAT-2495,2024-07-17 01:33:00,2024-07-20 08:45:00,32,Female,Oncology,Emergency,2,19,3.3,0,13220.5,UnitedHealth,Discharged Home,DOC-109
ADM-12457,PAT-1315,2024-06-26 01:32:00,2024-07-04 06:20:00,7,Male,Orthopedics,Emergency,2,12,8.2,0,22936.0,Self-Pay,Discharged Home,DOC-118
ADM-12458,PAT-2252,2024-08-05 09:11:00,2024-08-09 01:59:00,18,Male,Emergency,Emergency,2,6,3.7,0,7644.0,BlueCross,Discharged Home,DOC-114
ADM-12459,PAT-2306,2026-06-07 19:39:00,2026-06-14 10:03:00,3,Female,Orthopedics,Elective,2,39,6.6,0,17542.5,Self-Pay,Discharged Home,DOC-111
ADM-12460,PAT-1313,2025-09-16 09:13:00,2025-09-17 11:37:00,52,Female,Orthopedics,Emergency,5,123,1.1,0,5894.5,Medicare,Discharged Home,DOC-102
ADM-12461,PAT-1950,2024-11-02 17:23:00,2024-11-05 00:35:00,70,Female,Orthopedics,Emergency,3,34,2.3,0,6221.0,Medicare,Referred to Rehab,DOC-116
ADM-12462,PAT-2311,2026-06-28 11:29:00,2026-06-30 06:41:00,54,Male,Oncology,Emergency,4,78,1.8,0,11419.0,Medicare,Discharged Home,DOC-102
ADM-12463,PAT-1287,2024-10-03 05:01:00,2024-10-04 17:01:00,90,Female,Emergency,Emergency,3,169,1.5,0,10397.5,Medicaid,Transferred,DOC-108
ADM-12464,PAT-1184,2025-06-17 09:34:00,2025-06-19 09:34:00,65,Female,Orthopedics,Emergency,5,127,2.0,1,12752.5,BlueCross,Transferred,DOC-107
ADM-12465,PAT-1639,2025-11-11 15:41:00,2025-11-17 13:17:00,74,Female,Emergency,Urgent,1,7,5.9,0,16089.5,BlueCross,Discharged Home,DOC-112
ADM-12466,PAT-2248,2025-06-09 14:31:00,2025-06-13 09:43:00,80,Male,Orthopedics,Elective,3,11,3.8,0,17093.5,BlueCross,Discharged Home,DOC-124
ADM-12467,PAT-1325,2026-05-09 20:41:00,2026-05-18 20:41:00,62,Male,Cardiology,Elective,1,5,9.0,0,25212.5,Aetna,Referred to Rehab,DOC-113
ADM-12468,PAT-2426,2024-06-11 08:21:00,2024-06-12 08:21:00,54,Female,Emergency,Urgent,4,46,1.0,0,2015.0,BlueCross,Transferred,DOC-114
ADM-12469,PAT-1063,2024-06-18 15:40:00,2024-06-22 06:04:00,83,Female,Oncology,Emergency,3,5,3.6,0,15608.5,UnitedHealth,Discharged Home,DOC-117
ADM-12470,PAT-1429,2025-01-28 13:45:00,2025-01-30 18:33:00,60,Male,Neurology,Elective,2,6,2.2,0,5735.0,Medicaid,Transferred,DOC-122
ADM-12471,PAT-2315,2025-04-24 18:27:00,2025-04-26 04:03:00,29,Male,General Medicine,Emergency,4,51,1.4,0,5142.5,Aetna,Discharged Home,DOC-113
ADM-12472,PAT-1740,2025-03-06 05:12:00,2025-03-07 07:36:00,55,Male,Neurology,Elective,4,16,1.1,0,2900.0,UnitedHealth,Discharged Home,DOC-105
ADM-12473,PAT-1450,2024-06-04 05:50:00,2024-06-05 17:50:00,60,Male,Neurology,Emergency,4,210,1.5,0,4425.0,Aetna,Transferred,DOC-119
ADM-12474,PAT-1115,2026-04-23 09:18:00,2026-04-24 02:06:00,84,Female,Cardiology,Elective,3,19,0.7,0,8359.5,Aetna,Discharged Home,DOC-121
ADM-12475,PAT-1917,2025-04-02 19:49:00,2025-04-10 10:13:00,79,Female,Neurology,Emergency,3,25,7.6,0,19822.5,UnitedHealth,Discharged Home,DOC-121
ADM-12476,PAT-1911,2025-08-30 17:54:00,2025-09-05 03:30:00,56,Male,General Medicine,Emergency,1,2,5.4,0,8105.0,Medicare,AMA (Against Medical Advice),DOC-118
ADM-12477,PAT-2107,2025-06-10 02:15:00,2025-06-12 16:39:00,60,Female,Neurology,Emergency,3,18,2.6,1,6805.0,BlueCross,Discharged Home,DOC-116
ADM-12478,PAT-2233,2025-06-06 20:46:00,2025-06-17 08:46:00,35,Female,General Medicine,Elective,3,17,10.5,0,21429.5,Medicare,Expired,DOC-113
ADM-12479,PAT-2126,2025-02-24 07:00:00,2025-03-02 21:24:00,54,Female,Oncology,Emergency,2,12,6.6,1,28045.0,BlueCross,AMA (Against Medical Advice),DOC-101
ADM-12480,PAT-2403,2025-08-30 13:37:00,2025-08-31 01:37:00,30,Male,General Medicine,Elective,5,211,0.5,0,3254.5,BlueCross,Discharged Home,DOC-121
ADM-12481,PAT-2367,2024-06-07 19:21:00,2024-06-10 02:33:00,1,Male,Orthopedics,Emergency,4,14,2.3,0,10478.0,Medicare,Discharged Home,DOC-113
ADM-12482,PAT-2342,2025-10-26 16:40:00,2025-10-28 09:28:00,75,Male,Emergency,Emergency,1,3,1.7,0,3237.5,Medicare,Transferred,DOC-123
ADM-12483,PAT-2220,2025-08-23 04:30:00,2025-08-30 02:06:00,72,Female,Oncology,Urgent,3,22,6.9,0,21445.0,Medicare,Discharged Home,DOC-119
ADM-12484,PAT-2136,2024-08-17 09:22:00,2024-08-19 16:34:00,30,Male,Cardiology,Elective,2,2,2.3,0,11134.0,Medicaid,Discharged Home,DOC-114
ADM-12485,PAT-2354,2025-12-31 10:47:00,2026-01-14 17:59:00,72,Male,Neurology,Emergency,2,6,14.3,0,37195.0,Medicaid,AMA (Against Medical Advice),DOC-115
ADM-12486,PAT-2046,2024-12-12 12:05:00,2024-12-15 00:05:00,62,Male,Neurology,Elective,4,20,2.5,0,7158.0,Medicaid,Expired,DOC-115
ADM-12487,PAT-1483,2024-04-12 11:01:00,2024-04-16 11:01:00,51,Male,Emergency,Elective,3,30,4.0,0,7675.0,Medicare,Discharged Home,DOC-122
ADM-12488,PAT-1651,2025-10-21 03:11:00,2025-10-24 10:23:00,47,Male,General Medicine,Emergency,4,24,3.3,0,10571.0,Medicare,Discharged Home,DOC-124
ADM-12489,PAT-1455,2024-02-15 10:37:00,2024-02-16 22:37:00,68,Female,General Medicine,Urgent,4,178,1.5,0,2695.0,UnitedHealth,Discharged Home,DOC-107
ADM-12490,PAT-1214,2024-02-22 22:14:00,2024-02-26 17:26:00,80,Female,Cardiology,Urgent,1,6,3.8,0,11993.0,Medicaid,Discharged Home,DOC-108
ADM-12491,PAT-2327,2025-07-02 15:09:00,2025-07-02 22:21:00,45,Female,Emergency,Emergency,5,292,0.3,0,5023.0,Medicare,Discharged Home,DOC-125
ADM-12492,PAT-2093,2026-06-18 15:22:00,2026-06-26 08:10:00,41,Female,Emergency,Emergency,3,39,7.7,1,19632.5,BlueCross,Discharged Home,DOC-105
ADM-12493,PAT-1475,2024-12-31 14:33:00,2025-01-04 14:33:00,70,Female,General Medicine,Emergency,2,6,4.0,0,8672.0,Medicaid,Discharged Home,DOC-116
ADM-12494,PAT-2176,2026-01-13 14:35:00,2026-01-15 04:59:00,70,Female,Emergency,Elective,2,2,1.6,1,10216.0,BlueCross,Discharged Home,DOC-114
ADM-12495,PAT-1446,2026-02-15 17:01:00,2026-02-17 17:01:00,56,Male,Orthopedics,Emergency,3,98,2.0,0,7251.0,Aetna,Referred to Rehab,DOC-112
ADM-12496,PAT-2192,2025-11-09 14:59:00,2025-11-13 17:23:00,76,Male,General Medicine,Urgent,3,62,4.1,0,6305.0,Aetna,Referred to Rehab,DOC-118
ADM-12497,PAT-1426,2025-07-26 12:34:00,2025-07-30 05:22:00,64,Female,Emergency,Emergency,3,25,3.7,0,13014.5,Medicaid,Referred to Rehab,DOC-106
ADM-12498,PAT-1464,2026-05-25 12:43:00,2026-05-31 00:43:00,23,Female,General Medicine,Urgent,3,26,5.5,0,8315.0,Medicare,Discharged Home,DOC-124
ADM-12499,PAT-1520,2025-04-22 07:04:00,2025-04-28 14:16:00,36,Male,Emergency,Emergency,3,139,6.3,0,12317.5,UnitedHealth,Discharged Home,DOC-116
ADM-12500,PAT-2452,2026-01-30 21:34:00,2026-02-01 09:34:00,51,Female,Cardiology,Emergency,4,200,1.5,0,9662.0,Medicare,Discharged Home,DOC-103
ADM-12501,PAT-2284,2025-03-10 02:10:00,2025-03-11 02:10:00,90,Male,Orthopedics,Elective,5,93,1.0,1,5890.5,Medicare,Discharged Home,DOC-106
ADM-12502,PAT-1339,2025-08-01 18:50:00,2025-08-17 16:26:00,67,Female,Cardiology,Emergency,2,11,15.9,0,44547.5,Medicare,Discharged Home,DOC-110
ADM-12503,PAT-1202,2025-11-14 16:22:00,2025-11-16 18:46:00,80,Female,Emergency,Elective,3,62,2.1,0,4145.0,UnitedHealth,Discharged Home,DOC-123
ADM-12504,PAT-2209,2026-04-10 15:21:00,2026-04-11 05:45:00,77,Female,Emergency,Elective,4,43,0.6,0,2799.5,Medicaid,Discharged Home,DOC-124
ADM-12505,PAT-1256,2024-07-25 00:58:00,2024-07-30 12:58:00,27,Male,Neurology,Emergency,2,19,5.5,0,18326.5,UnitedHealth,Discharged Home,DOC-121
ADM-12506,PAT-1712,2025-12-25 06:23:00,2025-12-31 08:47:00,91,Female,Emergency,Emergency,3,56,6.1,0,11730.0,Medicare,Discharged Home,DOC-114
ADM-12507,PAT-1772,2025-03-01 14:07:00,2025-03-03 16:31:00,32,Female,General Medicine,Elective,2,2,2.1,1,4293.0,Medicaid,Discharged Home,DOC-111
ADM-12508,PAT-1807,2026-03-23 04:22:00,2026-04-03 21:10:00,26,Male,Orthopedics,Elective,3,78,11.7,0,28275.0,Medicaid,Discharged Home,DOC-108
ADM-12509,PAT-1550,2025-07-21 07:32:00,2025-07-28 00:20:00,52,Female,Neurology,Elective,3,4,6.7,0,21929.0,BlueCross,Discharged Home,DOC-124
ADM-12510,PAT-1033,2024-12-01 05:06:00,2024-12-04 14:42:00,60,Male,General Medicine,Urgent,4,80,3.4,0,8061.0,Aetna,Discharged Home,DOC-104
ADM-12511,PAT-1561,2024-09-08 11:57:00,2024-09-15 23:57:00,65,Male,Emergency,Elective,2,25,7.5,0,14312.5,Medicare,Discharged Home,DOC-113
ADM-12512,PAT-1738,2024-04-22 18:45:00,2024-04-23 06:45:00,27,Male,Neurology,Urgent,5,32,0.5,0,1380.0,Medicaid,Referred to Rehab,DOC-105
ADM-12513,PAT-1777,2026-01-22 21:56:00,2026-02-01 07:32:00,64,Female,Emergency,Emergency,3,69,9.4,0,18032.5,Self-Pay,Referred to Rehab,DOC-111
ADM-12514,PAT-1729,2025-01-19 08:58:00,2025-01-20 06:34:00,38,Female,Neurology,Elective,4,5,0.9,0,5298.5,Medicaid,Discharged Home,DOC-101
ADM-12515,PAT-1443,2024-03-06 07:06:00,2024-03-09 21:30:00,18,Female,Cardiology,Elective,3,49,3.6,0,17106.5,Medicare,Discharged Home,DOC-125
ADM-12516,PAT-1590,2024-07-03 18:12:00,2024-07-08 15:48:00,35,Male,Cardiology,Emergency,3,16,4.9,0,16133.0,Medicaid,Transferred,DOC-110
ADM-12517,PAT-1960,2024-10-09 12:54:00,2024-10-10 17:42:00,48,Female,Emergency,Emergency,4,41,1.2,0,5944.5,BlueCross,Discharged Home,DOC-110
ADM-12518,PAT-2188,2024-09-23 23:46:00,2024-09-27 18:58:00,22,Male,Emergency,Emergency,2,6,3.8,0,11486.0,Self-Pay,Discharged Home,DOC-115
ADM-12519,PAT-2207,2024-10-23 00:28:00,2024-10-24 00:28:00,48,Male,Emergency,Emergency,4,83,1.0,0,2107.5,Medicare,Discharged Home,DOC-121
ADM-12520,PAT-1891,2025-12-16 18:02:00,2025-12-19 01:14:00,62,Male,General Medicine,Emergency,3,56,2.3,1,8202.0,Aetna,Discharged Home,DOC-104
ADM-12521,PAT-2480,2025-08-19 02:52:00,2025-08-20 02:52:00,48,Male,General Medicine,Elective,4,198,1.0,0,1995.0,Medicaid,Discharged Home,DOC-109
ADM-12522,PAT-1468,2025-10-08 03:32:00,2025-10-15 15:32:00,33,Male,Neurology,Emergency,2,7,7.5,0,20138.5,Aetna,Transferred,DOC-118
ADM-12523,PAT-1158,2025-10-08 17:54:00,2025-10-21 20:18:00,47,Female,Emergency,Emergency,2,5,13.1,0,24902.5,Medicare,Referred to Rehab,DOC-111
ADM-12524,PAT-1930,2024-05-26 14:36:00,2024-05-30 02:36:00,31,Male,Pediatrics,Urgent,3,15,3.5,0,11515.5,Medicare,Discharged Home,DOC-124
ADM-12525,PAT-1147,2025-02-17 01:08:00,2025-02-19 08:20:00,51,Male,Cardiology,Emergency,3,59,2.3,0,6587.5,Medicaid,Discharged Home,DOC-106
ADM-12526,PAT-2028,2025-12-13 00:38:00,2025-12-15 12:38:00,56,Female,Neurology,Emergency,2,4,2.5,0,14509.0,Medicare,Discharged Home,DOC-106
ADM-12527,PAT-1590,2025-02-17 13:57:00,2025-02-22 13:57:00,4,Male,General Medicine,Elective,3,4,5.0,0,8854.0,BlueCross,Discharged Home,DOC-109
ADM-12528,PAT-1654,2024-09-12 07:01:00,2024-09-12 19:01:00,49,Female,Orthopedics,Emergency,5,163,0.5,0,6361.5,BlueCross,Discharged Home,DOC-105
ADM-12529,PAT-1279,2026-06-08 20:02:00,2026-06-12 03:14:00,19,Male,Cardiology,Urgent,3,11,3.3,0,9267.5,Medicaid,Discharged Home,DOC-102
ADM-12530,PAT-1762,2025-11-10 20:57:00,2025-11-13 06:33:00,13,Male,Emergency,Emergency,1,10,2.4,1,12050.0,BlueCross,Discharged Home,DOC-125
ADM-12531,PAT-1425,2025-08-12 03:26:00,2025-08-16 15:26:00,35,Male,General Medicine,Emergency,4,59,4.5,0,6897.5,BlueCross,Discharged Home,DOC-112
ADM-12532,PAT-1371,2024-09-06 20:24:00,2024-09-13 03:36:00,77,Male,Cardiology,Elective,2,7,6.3,0,17657.5,Aetna,Discharged Home,DOC-114
ADM-12533,PAT-2391,2024-07-09 17:05:00,2024-07-10 09:53:00,50,Female,Emergency,Emergency,5,30,0.7,0,4345.0,Medicare,Discharged Home,DOC-114
ADM-12534,PAT-1010,2025-03-15 06:35:00,2025-03-17 04:11:00,64,Female,Cardiology,Emergency,3,13,1.9,0,5352.5,BlueCross,Transferred,DOC-124
ADM-12535,PAT-2194,2025-10-02 08:16:00,2025-10-08 10:40:00,59,Female,Neurology,Emergency,2,4,6.1,0,15870.0,UnitedHealth,Referred to Rehab,DOC-121
ADM-12536,PAT-2280,2024-12-30 13:48:00,2024-12-31 13:48:00,12,Male,Orthopedics,Elective,4,87,1.0,0,3871.5,Medicare,Discharged Home,DOC-106
ADM-12537,PAT-1785,2024-09-30 16:39:00,2024-10-07 23:51:00,29,Male,Emergency,Emergency,3,101,7.3,0,17817.5,Medicare,Discharged Home,DOC-112
ADM-12538,PAT-1504,2024-11-03 03:35:00,2024-11-10 22:47:00,19,Female,Oncology,Emergency,2,33,7.8,0,24262.5,Medicaid,Discharged Home,DOC-112
ADM-12539,PAT-1448,2024-10-22 15:04:00,2024-10-26 05:28:00,82,Male,General Medicine,Elective,2,9,3.6,0,13695.5,BlueCross,Discharged Home,DOC-125
ADM-12540,PAT-1806,2024-12-12 07:06:00,2024-12-16 09:30:00,56,Male,Orthopedics,Emergency,4,162,4.1,0,16469.0,UnitedHealth,Discharged Home,DOC-114
ADM-12541,PAT-1260,2024-07-26 13:15:00,2024-07-28 22:51:00,75,Female,Neurology,Elective,5,117,2.4,1,11884.5,Aetna,Discharged Home,DOC-104
ADM-12542,PAT-1693,2026-06-03 22:00:00,2026-06-08 19:36:00,91,Female,Emergency,Elective,3,60,4.9,0,13387.0,BlueCross,Discharged Home,DOC-124
ADM-12543,PAT-2280,2025-02-24 18:43:00,2025-03-06 01:55:00,28,Female,Emergency,Emergency,3,84,9.3,0,17880.0,Medicare,Discharged Home,DOC-108
ADM-12544,PAT-2369,2024-10-30 19:18:00,2024-10-31 14:30:00,31,Male,Emergency,Emergency,4,80,0.8,0,7265.0,Medicare,Discharged Home,DOC-125
ADM-12545,PAT-2118,2025-11-20 17:04:00,2025-11-22 02:40:00,49,Male,Pediatrics,Emergency,4,111,1.4,0,2517.5,UnitedHealth,Discharged Home,DOC-117
ADM-12546,PAT-2343,2024-09-07 00:47:00,2024-09-07 12:47:00,60,Male,Emergency,Emergency,3,17,0.5,0,3197.5,Medicaid,Discharged Home,DOC-113
ADM-12547,PAT-1120,2024-10-07 18:18:00,2024-10-12 01:30:00,51,Male,Cardiology,Emergency,2,4,4.3,0,19222.0,UnitedHealth,Discharged Home,DOC-118
ADM-12548,PAT-2457,2025-08-10 07:05:00,2025-08-13 09:29:00,1,Female,Emergency,Emergency,3,9,3.1,0,5912.5,Medicaid,Discharged Home,DOC-110
ADM-12549,PAT-1815,2025-02-10 06:16:00,2025-02-13 13:28:00,70,Female,General Medicine,Elective,3,31,3.3,0,5027.5,Medicare,Discharged Home,DOC-105
ADM-12550,PAT-2184,2026-02-07 13:50:00,2026-02-12 13:50:00,80,Female,Emergency,Urgent,2,41,5.0,0,9602.5,Medicare,Transferred,DOC-120
ADM-12551,PAT-1222,2024-01-12 07:20:00,2024-01-15 04:56:00,22,Female,Emergency,Emergency,3,171,2.9,0,5937.5,Aetna,Discharged Home,DOC-117
ADM-12552,PAT-2361,2025-12-20 13:04:00,2025-12-21 15:28:00,39,Female,Emergency,Elective,4,60,1.1,0,3464.0,Medicare,Discharged Home,DOC-115
ADM-12553,PAT-2376,2024-08-11 11:13:00,2024-08-13 06:25:00,67,Male,Emergency,Emergency,2,24,1.8,1,3480.0,BlueCross,Discharged Home,DOC-104
ADM-12554,PAT-1797,2024-04-26 13:41:00,2024-04-27 11:17:00,23,Male,Oncology,Emergency,5,104,0.9,0,5572.0,Medicaid,Transferred,DOC-109
ADM-12555,PAT-2497,2024-08-19 07:54:00,2024-08-19 19:54:00,42,Male,Orthopedics,Elective,5,79,0.5,0,1397.5,Medicare,Discharged Home,DOC-116
ADM-12556,PAT-2363,2025-12-03 09:20:00,2025-12-04 23:44:00,44,Male,Emergency,Emergency,3,155,1.6,0,4749.5,Medicare,Discharged Home,DOC-119
ADM-12557,PAT-2117,2026-06-04 14:49:00,2026-06-18 10:01:00,69,Male,Emergency,Elective,2,2,13.8,1,28498.0,UnitedHealth,Discharged Home,DOC-109
ADM-12558,PAT-2114,2025-08-15 22:20:00,2025-08-20 07:56:00,58,Female,Orthopedics,Emergency,3,23,4.4,0,16547.5,Medicare,Discharged Home,DOC-125
ADM-12559,PAT-1051,2024-02-09 05:08:00,2024-02-10 17:08:00,55,Male,Orthopedics,Emergency,3,52,1.5,0,11035.0,BlueCross,Expired,DOC-114
ADM-12560,PAT-1243,2024-09-09 09:57:00,2024-09-12 19:33:00,73,Male,Cardiology,Elective,3,32,3.4,0,9600.0,Aetna,Discharged Home,DOC-125
ADM-12561,PAT-1410,2025-07-20 08:54:00,2025-07-22 06:30:00,34,Female,Cardiology,Emergency,3,38,1.9,0,6405.0,BlueCross,Discharged Home,DOC-107
ADM-12562,PAT-1152,2025-05-12 20:11:00,2025-05-20 12:59:00,19,Male,Emergency,Urgent,1,2,7.7,0,14635.0,Medicare,Discharged Home,DOC-113
ADM-12563,PAT-1120,2026-03-20 16:54:00,2026-03-31 04:54:00,61,Male,Emergency,Urgent,2,22,10.5,0,20005.0,BlueCross,Discharged Home,DOC-123
ADM-12564,PAT-1200,2025-04-20 22:50:00,2025-04-21 10:50:00,46,Female,Orthopedics,Emergency,4,67,0.5,0,3190.5,Medicare,Discharged Home,DOC-117
ADM-12565,PAT-2137,2026-05-10 18:12:00,2026-05-13 18:12:00,74,Male,General Medicine,Emergency,3,23,3.0,0,10234.5,Medicare,Discharged Home,DOC-105
ADM-12566,PAT-1992,2025-05-02 17:24:00,2025-05-09 10:12:00,65,Female,Orthopedics,Elective,3,11,6.7,0,16107.5,BlueCross,Discharged Home,DOC-114
ADM-12567,PAT-1384,2025-10-14 17:02:00,2025-10-19 14:38:00,25,Male,Pediatrics,Urgent,3,54,4.9,0,7975.0,Self-Pay,Discharged Home,DOC-122
ADM-12568,PAT-1776,2024-09-12 21:53:00,2024-09-16 09:53:00,64,Male,Cardiology,Emergency,3,70,3.5,0,9975.0,BlueCross,Discharged Home,DOC-102
ADM-12569,PAT-1155,2024-02-22 14:01:00,2024-02-24 11:37:00,20,Female,Pediatrics,Emergency,4,5,1.9,0,7101.5,BlueCross,Discharged Home,DOC-106
ADM-12570,PAT-1795,2024-12-11 05:42:00,2024-12-12 17:42:00,31,Female,Emergency,Elective,5,210,1.5,0,3375.0,Self-Pay,Transferred,DOC-124
ADM-12571,PAT-1638,2024-10-16 16:36:00,2024-10-23 21:24:00,91,Female,Orthopedics,Emergency,3,76,7.2,0,18502.0,Medicare,Discharged Home,DOC-115
ADM-12572,PAT-2195,2025-02-03 20:38:00,2025-02-05 13:26:00,82,Female,Emergency,Emergency,2,4,1.7,0,3240.0,Aetna,Discharged Home,DOC-120
ADM-12573,PAT-1452,2025-03-19 15:24:00,2025-03-24 01:00:00,74,Female,Emergency,Emergency,3,94,4.4,0,8595.0,Medicare,Discharged Home,DOC-113
ADM-12574,PAT-1426,2026-06-26 04:58:00,2026-06-27 12:10:00,70,Female,Emergency,Elective,3,118,1.3,0,4774.0,Medicaid,Discharged Home,DOC-124
ADM-12575,PAT-1176,2026-02-17 22:18:00,2026-02-18 10:18:00,58,Male,General Medicine,Elective,5,67,0.5,0,917.5,Medicare,Discharged Home,DOC-109
ADM-12576,PAT-1783,2024-03-25 10:02:00,2024-03-28 14:50:00,46,Male,General Medicine,Emergency,4,226,3.2,0,11221.0,Medicare,Expired,DOC-104
ADM-12577,PAT-1455,2026-05-31 06:08:00,2026-06-10 18:08:00,58,Female,Orthopedics,Emergency,1,2,10.5,0,25205.0,Medicare,Discharged Home,DOC-117
ADM-12578,PAT-1911,2025-02-22 18:28:00,2025-03-01 16:04:00,46,Female,Orthopedics,Emergency,3,103,6.9,0,22824.5,Medicare,Discharged Home,DOC-125
ADM-12579,PAT-1205,2025-04-28 13:54:00,2025-05-01 13:54:00,63,Male,Orthopedics,Emergency,3,46,3.0,0,7315.0,Self-Pay,Discharged Home,DOC-104
ADM-12580,PAT-1249,2024-08-22 04:52:00,2024-08-27 21:40:00,76,Male,Emergency,Emergency,2,100,5.7,1,13062.0,Self-Pay,Transferred,DOC-105
ADM-12581,PAT-1581,2026-06-06 05:18:00,2026-06-08 00:30:00,54,Female,Orthopedics,Urgent,5,71,1.8,0,7929.5,Medicaid,Discharged Home,DOC-119
ADM-12582,PAT-2219,2024-02-09 18:55:00,2024-02-10 16:31:00,19,Male,Emergency,Elective,3,11,0.9,0,1737.5,Medicaid,Referred to Rehab,DOC-104
ADM-12583,PAT-1467,2024-12-21 22:46:00,2024-12-23 03:34:00,43,Male,Neurology,Urgent,3,51,1.2,0,3247.5,Self-Pay,Discharged Home,DOC-125
ADM-12584,PAT-1643,2024-06-17 21:57:00,2024-06-19 07:33:00,85,Male,Pediatrics,Emergency,3,46,1.4,0,3930.0,Medicare,AMA (Against Medical Advice),DOC-101
ADM-12585,PAT-1894,2025-05-16 18:59:00,2025-05-22 14:11:00,66,Female,Cardiology,Elective,2,12,5.8,0,21675.0,Medicaid,Discharged Home,DOC-117
ADM-12586,PAT-1492,2024-01-25 10:14:00,2024-01-25 22:14:00,63,Male,Orthopedics,Emergency,2,4,0.5,0,1210.0,BlueCross,Discharged Home,DOC-123
ADM-12587,PAT-1674,2026-06-11 04:18:00,2026-06-19 09:06:00,27,Female,General Medicine,Emergency,3,137,8.2,0,17324.5,Medicare,Discharged Home,DOC-104
ADM-12588,PAT-2343,2026-03-30 15:30:00,2026-03-31 05:54:00,61,Female,Emergency,Emergency,5,27,0.6,0,2762.5,Medicaid,Discharged Home,DOC-106
ADM-12589,PAT-1174,2024-01-24 13:09:00,2024-01-30 05:57:00,90,Male,General Medicine,Elective,3,3,5.7,0,8557.5,BlueCross,Discharged Home,DOC-118
ADM-12590,PAT-2315,2025-11-14 04:58:00,2025-11-14 16:58:00,85,Male,Cardiology,Elective,3,7,0.5,0,1417.5,Self-Pay,Discharged Home,DOC-120
ADM-12591,PAT-2485,2024-11-22 11:19:00,2024-11-26 06:31:00,26,Male,Emergency,Emergency,3,2,3.8,0,15571.0,Aetna,Discharged Home,DOC-116
ADM-12592,PAT-1762,2024-07-10 19:39:00,2024-07-15 00:27:00,70,Female,Emergency,Urgent,2,11,4.2,0,8512.5,BlueCross,Transferred,DOC-120
ADM-12593,PAT-1880,2025-06-16 20:44:00,2025-06-20 06:20:00,40,Male,Cardiology,Elective,3,23,3.4,1,13592.5,BlueCross,Discharged Home,DOC-103
ADM-12594,PAT-2490,2024-09-03 07:58:00,2024-09-05 12:46:00,2,Female,Neurology,Emergency,4,100,2.2,0,8709.0,BlueCross,Discharged Home,DOC-102
ADM-12595,PAT-1169,2024-04-05 07:36:00,2024-04-07 12:24:00,28,Female,Cardiology,Urgent,1,19,2.2,1,11295.5,Medicare,Discharged Home,DOC-119
ADM-12596,PAT-2130,2025-06-08 09:34:00,2025-06-10 19:10:00,2,Male,Neurology,Emergency,2,14,2.4,0,6275.0,BlueCross,Discharged Home,DOC-120
ADM-12597,PAT-2257,2024-10-02 10:17:00,2024-10-07 22:17:00,65,Female,Neurology,Urgent,2,35,5.5,0,21746.5,UnitedHealth,Expired,DOC-106
ADM-12598,PAT-1661,2024-09-03 04:48:00,2024-09-07 02:24:00,35,Male,Oncology,Emergency,2,10,3.9,0,14041.0,Medicaid,Discharged Home,DOC-117
ADM-12599,PAT-1009,2024-11-11 03:46:00,2024-11-16 10:58:00,48,Male,Oncology,Elective,2,6,5.3,0,19746.0,Medicare,Transferred,DOC-113
ADM-12600,PAT-2229,2025-04-14 09:37:00,2025-04-17 16:49:00,28,Female,Orthopedics,Emergency,1,2,3.3,0,13216.0,UnitedHealth,Discharged Home,DOC-113
ADM-12601,PAT-1356,2024-10-11 05:36:00,2024-10-12 10:24:00,36,Male,General Medicine,Elective,4,261,1.2,1,2452.5,BlueCross,Discharged Home,DOC-125
ADM-12602,PAT-1436,2025-11-22 20:28:00,2025-12-03 08:28:00,39,Female,Emergency,Emergency,2,2,10.5,0,19955.0,UnitedHealth,Discharged Home,DOC-108
ADM-12603,PAT-1169,2024-08-19 01:34:00,2024-08-21 06:22:00,75,Female,Emergency,Urgent,3,3,2.2,0,4187.5,Medicaid,Discharged Home,DOC-105
ADM-12604,PAT-2239,2025-03-29 05:23:00,2025-03-31 10:11:00,30,Male,Emergency,Urgent,2,4,2.2,0,4190.0,UnitedHealth,Discharged Home,DOC-106
ADM-12605,PAT-2229,2024-03-30 13:54:00,2024-04-07 18:42:00,71,Female,Emergency,Emergency,3,42,8.2,0,23783.0,BlueCross,Discharged Home,DOC-104
ADM-12606,PAT-1735,2025-09-10 07:09:00,2025-09-11 21:33:00,51,Female,Orthopedics,Elective,2,32,1.6,1,11253.0,Medicare,Expired,DOC-108
ADM-12607,PAT-1258,2026-05-09 07:52:00,2026-05-09 19:52:00,47,Male,Cardiology,Emergency,3,8,0.5,1,6016.0,Medicare,Transferred,DOC-118
ADM-12608,PAT-1733,2024-04-07 22:55:00,2024-04-08 15:43:00,23,Female,Cardiology,Elective,3,16,0.7,0,3370.0,Medicaid,Discharged Home,DOC-121
ADM-12609,PAT-1498,2025-09-10 16:37:00,2025-09-13 11:49:00,29,Female,Neurology,Elective,2,6,2.8,1,7295.0,BlueCross,Discharged Home,DOC-102
ADM-12610,PAT-2323,2025-03-16 03:23:00,2025-03-17 00:59:00,23,Female,Pediatrics,Emergency,3,52,0.9,0,1570.0,Medicaid,Discharged Home,DOC-111
ADM-12611,PAT-1771,2024-12-28 20:28:00,2025-01-01 15:40:00,73,Female,General Medicine,Emergency,4,126,3.8,0,6015.0,Medicaid,Discharged Home,DOC-119
ADM-12612,PAT-2273,2026-01-14 07:24:00,2026-01-19 17:00:00,46,Female,Emergency,Emergency,3,16,5.4,0,10300.0,Aetna,Discharged Home,DOC-113
ADM-12613,PAT-2333,2024-12-05 12:51:00,2024-12-06 03:15:00,73,Female,Emergency,Elective,4,33,0.6,0,8585.5,Medicare,Discharged Home,DOC-101
ADM-12614,PAT-1242,2024-03-23 22:52:00,2024-03-27 06:04:00,77,Male,General Medicine,Emergency,3,6,3.3,0,9552.0,UnitedHealth,Transferred,DOC-114
ADM-12615,PAT-2457,2025-11-05 16:04:00,2025-11-11 20:52:00,82,Male,Emergency,Emergency,1,6,6.2,0,18518.0,Medicare,Discharged Home,DOC-105
ADM-12616,PAT-1054,2025-05-03 18:41:00,2025-05-12 11:29:00,35,Female,Emergency,Emergency,2,5,8.7,0,16542.5,Medicaid,Discharged Home,DOC-124
ADM-12617,PAT-2279,2025-11-22 03:53:00,2025-11-24 11:05:00,50,Male,Emergency,Elective,3,43,2.3,0,4477.5,BlueCross,Discharged Home,DOC-122
ADM-12618,PAT-1904,2024-07-28 11:26:00,2024-07-29 01:50:00,86,Female,Emergency,Urgent,3,6,0.6,0,1155.0,Medicaid,Discharged Home,DOC-122
ADM-12619,PAT-1995,2024-03-14 04:42:00,2024-03-21 21:30:00,35,Male,Emergency,Emergency,3,48,7.7,0,14750.0,Self-Pay,Discharged Home,DOC-124
ADM-12620,PAT-1582,2024-03-26 02:50:00,2024-04-05 22:02:00,78,Female,Emergency,Emergency,3,6,10.8,0,20535.0,Aetna,Expired,DOC-110
ADM-12621,PAT-1394,2026-04-30 11:29:00,2026-05-21 09:05:00,78,Female,Emergency,Emergency,2,3,20.9,0,42229.5,BlueCross,Discharged Home,DOC-118
ADM-12622,PAT-2156,2024-05-26 08:51:00,2024-05-26 20:51:00,53,Male,Neurology,Emergency,3,99,0.5,0,6957.5,Medicare,Discharged Home,DOC-117
ADM-12623,PAT-1778,2026-02-12 18:16:00,2026-02-20 11:04:00,75,Female,Emergency,Emergency,1,7,7.7,0,15993.5,Medicaid,Discharged Home,DOC-118
ADM-12624,PAT-1413,2026-06-22 11:38:00,2026-06-23 21:14:00,31,Male,Emergency,Emergency,4,310,1.4,1,5077.0,Medicaid,Discharged Home,DOC-104
ADM-12625,PAT-1562,2025-12-18 14:36:00,2025-12-20 05:00:00,1,Male,General Medicine,Elective,4,101,1.6,0,2652.5,BlueCross,Discharged Home,DOC-115
ADM-12626,PAT-1451,2024-10-13 10:47:00,2024-10-21 17:59:00,50,Male,Emergency,Elective,3,43,8.3,0,18184.5,Medicaid,Discharged Home,DOC-108
ADM-12627,PAT-2001,2025-09-20 16:01:00,2025-09-21 13:37:00,81,Female,Cardiology,Emergency,1,5,0.9,0,5163.5,Medicare,Transferred,DOC-117
ADM-12628,PAT-1601,2025-12-26 12:32:00,2025-12-28 17:20:00,23,Female,Oncology,Elective,4,6,2.2,0,7512.0,Aetna,Discharged Home,DOC-121
ADM-12629,PAT-1282,2025-08-04 14:17:00,2025-08-05 21:29:00,18,Male,Cardiology,Emergency,3,19,1.3,0,3687.5,Medicare,Expired,DOC-111
ADM-12630,PAT-1224,2026-02-23 04:18:00,2026-02-24 23:30:00,44,Female,Pediatrics,Emergency,3,11,1.8,0,10581.5,BlueCross,Discharged Home,DOC-116
ADM-12631,PAT-1367,2025-08-21 07:21:00,2025-08-21 19:21:00,8,Female,Pediatrics,Urgent,3,42,0.5,0,905.0,Medicaid,Discharged Home,DOC-105
ADM-12632,PAT-1149,2026-06-08 22:25:00,2026-06-11 17:37:00,5,Female,Orthopedics,Urgent,2,3,2.8,1,6727.5,Medicare,Discharged Home,DOC-105
ADM-12633,PAT-1401,2024-10-20 11:46:00,2024-10-25 09:22:00,33,Male,Cardiology,Urgent,3,23,4.9,0,20200.5,Medicare,Expired,DOC-105
ADM-12634,PAT-1765,2025-04-14 00:49:00,2025-04-17 08:01:00,80,Male,Emergency,Emergency,3,2,3.3,0,6275.0,Medicare,Discharged Home,DOC-117
ADM-12635,PAT-1274,2026-03-03 08:17:00,2026-03-03 20:17:00,60,Male,Oncology,Emergency,3,278,0.5,0,2245.0,Medicare,Discharged Home,DOC-105
ADM-12636,PAT-2420,2024-03-06 13:28:00,2024-03-11 08:40:00,68,Female,Emergency,Emergency,3,31,4.8,0,15971.5,Medicare,Referred to Rehab,DOC-101
ADM-12637,PAT-1809,2026-05-19 17:45:00,2026-05-30 10:33:00,66,Male,Emergency,Elective,1,6,10.7,1,20880.0,Medicare,Discharged Home,DOC-105
ADM-12638,PAT-1310,2025-05-30 09:09:00,2025-06-06 18:45:00,44,Female,Emergency,Urgent,3,154,7.4,0,14445.0,Medicaid,Discharged Home,DOC-125
ADM-12639,PAT-2112,2026-05-19 15:24:00,2026-05-24 22:36:00,70,Female,Emergency,Emergency,2,24,5.3,1,13751.0,Medicare,Discharged Home,DOC-117
ADM-12640,PAT-1340,2025-12-15 07:03:00,2025-12-15 23:51:00,91,Male,Emergency,Emergency,4,31,0.7,0,7150.5,BlueCross,Discharged Home,DOC-120
ADM-12641,PAT-1585,2025-03-05 09:33:00,2025-03-06 07:09:00,50,Female,Emergency,Emergency,4,122,0.9,0,3446.0,BlueCross,Referred to Rehab,DOC-105
ADM-12642,PAT-1535,2025-01-18 01:42:00,2025-01-20 16:06:00,42,Male,Emergency,Elective,3,2,2.6,0,13384.0,Medicaid,Discharged Home,DOC-101
ADM-12643,PAT-1158,2025-05-01 11:46:00,2025-05-04 02:10:00,83,Male,Orthopedics,Emergency,3,62,2.6,0,11241.0,Medicare,Discharged Home,DOC-123
ADM-12644,PAT-2315,2024-10-19 08:42:00,2024-10-19 23:06:00,35,Male,Orthopedics,Urgent,3,16,0.6,0,2481.0,BlueCross,Discharged Home,DOC-109
ADM-12645,PAT-1495,2024-03-18 23:27:00,2024-03-22 21:03:00,29,Female,Orthopedics,Emergency,1,3,3.9,0,9367.5,BlueCross,Discharged Home,DOC-117
ADM-12646,PAT-2299,2025-05-03 10:35:00,2025-05-04 17:47:00,62,Male,Orthopedics,Elective,5,72,1.3,0,6685.0,Medicare,Discharged Home,DOC-107
ADM-12647,PAT-1086,2025-01-25 09:37:00,2025-01-27 21:37:00,58,Female,Emergency,Emergency,2,15,2.5,0,9276.5,Aetna,Discharged Home,DOC-115
ADM-12648,PAT-2124,2024-06-07 15:47:00,2024-06-09 18:11:00,48,Male,Emergency,Urgent,3,269,2.1,0,10544.5,Aetna,Discharged Home,DOC-120
ADM-12649,PAT-2079,2024-04-05 03:38:00,2024-04-05 20:26:00,68,Female,Emergency,Urgent,4,304,0.7,0,6065.0,BlueCross,Discharged Home,DOC-117
ADM-12650,PAT-1865,2026-04-26 13:09:00,2026-05-03 01:09:00,64,Female,Cardiology,Emergency,3,121,6.5,0,23746.5,BlueCross,Discharged Home,DOC-117
ADM-12651,PAT-1413,2026-06-09 01:25:00,2026-06-12 23:01:00,59,Female,Cardiology,Emergency,3,230,3.9,1,19079.0,BlueCross,Transferred,DOC-118
ADM-12652,PAT-1424,2025-08-25 11:52:00,2025-08-28 11:52:00,54,Male,Orthopedics,Elective,3,4,3.0,0,11312.0,BlueCross,Discharged Home,DOC-118
ADM-12653,PAT-1756,2024-10-16 05:26:00,2024-10-17 17:26:00,78,Male,General Medicine,Emergency,5,160,1.5,0,2650.0,BlueCross,Discharged Home,DOC-104
ADM-12654,PAT-1958,2025-11-28 11:16:00,2025-11-29 20:52:00,63,Male,Emergency,Emergency,3,93,1.4,0,5584.5,BlueCross,Discharged Home,DOC-114
ADM-12655,PAT-2122,2024-01-07 05:10:00,2024-01-10 09:58:00,37,Male,General Medicine,Urgent,4,240,3.2,0,8693.0,UnitedHealth,Discharged Home,DOC-115
ADM-12656,PAT-1366,2024-09-18 10:48:00,2024-09-21 10:48:00,42,Male,Neurology,Elective,2,2,3.0,0,7805.0,Medicare,Discharged Home,DOC-124
ADM-12657,PAT-2454,2024-11-03 14:33:00,2024-11-04 02:33:00,75,Female,General Medicine,Emergency,5,124,0.5,0,1060.0,Medicaid,Discharged Home,DOC-118
ADM-12658,PAT-1956,2024-05-08 00:16:00,2024-05-15 19:28:00,18,Female,Cardiology,Emergency,3,64,7.8,0,28771.0,Self-Pay,Discharged Home,DOC-118
ADM-12659,PAT-2464,2026-02-03 03:57:00,2026-02-04 15:57:00,86,Female,General Medicine,Elective,3,3,1.5,0,2257.5,Medicare,Discharged Home,DOC-110
ADM-12660,PAT-1287,2024-07-22 00:02:00,2024-07-23 00:02:00,22,Female,Cardiology,Elective,5,73,1.0,1,3985.5,Medicare,Discharged Home,DOC-103
ADM-12661,PAT-1299,2024-07-17 10:04:00,2024-07-21 00:28:00,3,Male,Cardiology,Emergency,3,62,3.6,0,14739.0,Medicare,Discharged Home,DOC-122
ADM-12662,PAT-1106,2025-04-25 03:12:00,2025-04-25 20:00:00,41,Female,Emergency,Elective,3,2,0.7,0,8668.0,BlueCross,Discharged Home,DOC-123
ADM-12663,PAT-1874,2024-04-20 12:50:00,2024-04-21 00:50:00,39,Female,General Medicine,Emergency,3,31,0.5,0,827.5,Aetna,Discharged Home,DOC-112
ADM-12664,PAT-1816,2024-02-11 20:43:00,2024-02-12 08:43:00,60,Female,Neurology,Elective,5,119,0.5,0,7677.5,BlueCross,Discharged Home,DOC-108
ADM-12665,PAT-1398,2025-09-21 12:30:00,2025-09-25 02:54:00,42,Male,Neurology,Emergency,3,15,3.6,0,9397.5,Medicaid,Discharged Home,DOC-110
ADM-12666,PAT-1283,2026-03-10 15:39:00,2026-03-13 03:39:00,39,Male,Emergency,Elective,3,25,2.5,0,13153.5,UnitedHealth,Discharged Home,DOC-105
ADM-12667,PAT-1180,2025-04-14 00:43:00,2025-04-15 03:07:00,3,Male,Neurology,Emergency,3,9,1.1,0,2882.5,BlueCross,Discharged Home,DOC-122
ADM-12668,PAT-1498,2025-05-19 21:51:00,2025-05-21 17:03:00,70,Female,Emergency,Emergency,3,45,1.8,0,4708.5,Medicaid,Discharged Home,DOC-111
ADM-12669,PAT-1076,2025-03-05 00:18:00,2025-03-11 00:18:00,48,Male,Pediatrics,Emergency,3,38,6.0,1,9695.0,Medicare,Discharged Home,DOC-113
ADM-12670,PAT-1714,2025-09-04 15:33:00,2025-09-05 22:45:00,39,Female,Emergency,Urgent,4,24,1.3,0,4695.0,BlueCross,Discharged Home,DOC-110
ADM-12671,PAT-2039,2024-04-01 20:29:00,2024-04-11 08:29:00,82,Female,Neurology,Elective,2,18,9.5,1,24745.0,Medicare,Discharged Home,DOC-113
ADM-12672,PAT-1966,2025-12-28 17:14:00,2026-01-03 00:26:00,83,Male,Neurology,Elective,2,2,5.3,0,19475.0,Medicare,Transferred,DOC-110
ADM-12673,PAT-2390,2024-04-03 16:53:00,2024-04-07 04:53:00,50,Male,Orthopedics,Elective,4,87,3.5,0,15812.5,Medicare,Discharged Home,DOC-114
ADM-12674,PAT-1747,2025-02-06 18:23:00,2025-02-09 01:35:00,42,Female,Cardiology,Emergency,5,196,2.3,0,6930.0,Medicare,Discharged Home,DOC-119
ADM-12675,PAT-1340,2024-02-10 01:10:00,2024-02-11 20:22:00,80,Male,Pediatrics,Urgent,5,63,1.8,0,9555.5,Aetna,Discharged Home,DOC-105
ADM-12676,PAT-1042,2025-11-13 12:52:00,2025-11-15 03:16:00,47,Female,Emergency,Emergency,3,128,1.6,0,6478.0,UnitedHealth,Discharged Home,DOC-101
ADM-12677,PAT-2145,2026-06-17 03:54:00,2026-06-22 23:06:00,52,Female,General Medicine,Elective,2,3,5.8,0,14545.5,BlueCross,Discharged Home,DOC-102
ADM-12678,PAT-2320,2025-01-25 20:25:00,2025-02-01 20:25:00,25,Male,Orthopedics,Emergency,2,11,7.0,0,24147.5,Medicare,Discharged Home,DOC-101
ADM-12679,PAT-1183,2025-06-22 20:18:00,2025-06-26 08:18:00,19,Male,Emergency,Emergency,2,3,3.5,0,7697.5,Medicare,Discharged Home,DOC-117
ADM-12680,PAT-1233,2024-06-26 17:58:00,2024-07-04 13:10:00,55,Male,Cardiology,Emergency,3,36,7.8,0,30198.0,BlueCross,Discharged Home,DOC-123
ADM-12681,PAT-1570,2025-10-01 23:18:00,2025-10-02 11:18:00,3,Male,Neurology,Elective,3,18,0.5,0,1345.0,BlueCross,Discharged Home,DOC-102
ADM-12682,PAT-1537,2024-03-31 08:16:00,2024-04-03 01:04:00,60,Female,Neurology,Emergency,4,157,2.7,0,11138.5,UnitedHealth,Discharged Home,DOC-121
ADM-12683,PAT-1050,2025-11-21 21:40:00,2025-11-23 12:04:00,48,Male,General Medicine,Emergency,3,111,1.6,0,3724.5,UnitedHealth,Referred to Rehab,DOC-125
ADM-12684,PAT-2171,2026-05-17 00:07:00,2026-05-17 12:07:00,42,Female,General Medicine,Emergency,5,109,0.5,0,8987.5,Medicare,Discharged Home,DOC-103
ADM-12685,PAT-1180,2025-11-21 08:20:00,2025-11-21 20:20:00,29,Male,General Medicine,Emergency,5,121,0.5,0,1052.5,BlueCross,Transferred,DOC-116
ADM-12686,PAT-1415,2024-04-06 19:02:00,2024-04-07 19:02:00,80,Male,Emergency,Emergency,4,170,1.0,0,2325.0,BlueCross,Discharged Home,DOC-122
ADM-12687,PAT-1864,2026-02-14 03:32:00,2026-02-19 08:20:00,59,Male,Emergency,Emergency,3,10,5.2,0,14384.0,Self-Pay,Transferred,DOC-123
ADM-12688,PAT-1201,2025-11-04 18:07:00,2025-11-06 15:43:00,83,Male,General Medicine,Emergency,4,217,1.9,0,11741.5,Medicare,Discharged Home,DOC-108
ADM-12689,PAT-1885,2024-03-30 22:20:00,2024-04-04 00:44:00,82,Male,Cardiology,Urgent,3,48,4.1,0,11600.0,Medicare,Discharged Home,DOC-121
ADM-12690,PAT-1330,2024-07-07 14:30:00,2024-07-11 12:06:00,51,Male,Emergency,Elective,3,76,3.9,0,11736.0,Aetna,Discharged Home,DOC-123
ADM-12691,PAT-2054,2025-10-21 13:33:00,2025-10-25 03:57:00,68,Female,Pediatrics,Emergency,1,7,3.6,0,5777.5,Medicare,Discharged Home,DOC-111
ADM-12692,PAT-1346,2025-04-19 09:56:00,2025-04-20 09:56:00,6,Male,Emergency,Emergency,4,55,1.0,0,2037.5,BlueCross,Transferred,DOC-118
ADM-12693,PAT-1217,2025-05-06 15:52:00,2025-05-09 01:28:00,28,Female,Neurology,Urgent,2,7,2.4,0,6257.5,BlueCross,Transferred,DOC-120
ADM-12694,PAT-2015,2025-07-24 12:36:00,2025-07-25 22:12:00,27,Male,General Medicine,Emergency,1,3,1.4,1,6966.5,Medicaid,Transferred,DOC-101
ADM-12695,PAT-1148,2026-03-10 13:13:00,2026-03-15 08:25:00,21,Male,Neurology,Emergency,1,4,4.8,0,12490.0,UnitedHealth,Discharged Home,DOC-107
ADM-12696,PAT-2170,2026-06-07 13:31:00,2026-06-11 11:07:00,44,Female,Neurology,Emergency,4,57,3.9,1,10282.5,BlueCross,Discharged Home,DOC-118
ADM-12697,PAT-1903,2024-02-10 01:54:00,2024-02-21 21:06:00,49,Female,General Medicine,Urgent,3,27,11.8,0,21224.5,Medicare,Discharged Home,DOC-101
ADM-12698,PAT-2471,2025-06-19 15:15:00,2025-06-21 17:39:00,54,Male,Orthopedics,Elective,2,2,2.1,0,12827.0,Aetna,Discharged Home,DOC-121
ADM-12699,PAT-1948,2026-03-03 04:49:00,2026-03-06 07:13:00,91,Male,Emergency,Emergency,3,9,3.1,1,6559.5,Medicaid,Discharged Home,DOC-124
ADM-12700,PAT-1307,2026-05-05 21:21:00,2026-05-08 16:33:00,38,Female,Cardiology,Emergency,3,81,2.8,0,8042.5,Medicare,Discharged Home,DOC-119
ADM-12701,PAT-1047,2024-06-01 06:11:00,2024-06-03 08:35:00,39,Female,Orthopedics,Emergency,4,107,2.1,0,5307.5,Medicare,Discharged Home,DOC-114
ADM-12702,PAT-2238,2025-01-28 05:44:00,2025-01-30 10:32:00,44,Male,Orthopedics,Elective,2,83,2.2,0,6098.5,Medicare,Discharged Home,DOC-116
ADM-12703,PAT-2308,2025-01-29 22:13:00,2025-01-30 22:13:00,50,Male,Oncology,Elective,5,70,1.0,0,4912.0,Medicaid,Transferred,DOC-119
ADM-12704,PAT-1924,2024-01-26 23:48:00,2024-02-06 21:24:00,12,Female,Cardiology,Emergency,3,14,10.9,0,35108.0,Aetna,Discharged Home,DOC-123
ADM-12705,PAT-1188,2025-02-21 23:09:00,2025-02-25 18:21:00,92,Female,General Medicine,Emergency,2,6,3.8,0,10278.0,UnitedHealth,Discharged Home,DOC-124
ADM-12706,PAT-1779,2024-09-16 12:43:00,2024-09-18 15:07:00,82,Female,Emergency,Elective,2,2,2.1,0,3995.0,BlueCross,Discharged Home,DOC-103
ADM-12707,PAT-1574,2024-12-28 17:32:00,2024-12-31 03:08:00,38,Female,General Medicine,Urgent,4,118,2.4,0,3895.0,Medicaid,Discharged Home,DOC-109
ADM-12708,PAT-2037,2025-11-08 12:03:00,2025-11-09 02:27:00,55,Male,Orthopedics,Elective,3,5,0.6,0,9690.5,Medicare,Discharged Home,DOC-106
ADM-12709,PAT-1852,2025-06-14 10:41:00,2025-06-18 17:53:00,83,Female,Orthopedics,Emergency,3,15,4.3,1,10357.5,Medicaid,Referred to Rehab,DOC-122
ADM-12710,PAT-1943,2025-06-04 20:47:00,2025-06-05 11:11:00,16,Male,Neurology,Urgent,5,23,0.6,0,1617.5,Medicare,Transferred,DOC-121
ADM-12711,PAT-1836,2024-09-06 14:41:00,2024-09-07 14:41:00,39,Female,Orthopedics,Emergency,5,127,1.0,0,8873.5,Medicare,Discharged Home,DOC-118
ADM-12712,PAT-1064,2026-03-29 02:02:00,2026-04-06 02:02:00,70,Female,Neurology,Elective,1,7,8.0,0,20817.5,Medicaid,Discharged Home,DOC-120
ADM-12713,PAT-1358,2024-02-22 15:37:00,2024-02-27 08:25:00,30,Male,Neurology,Elective,2,3,4.7,1,12227.5,UnitedHealth,Discharged Home,DOC-125
ADM-12714,PAT-2235,2024-08-20 16:43:00,2024-08-22 02:19:00,36,Female,Emergency,Emergency,4,173,1.4,0,8427.5,Medicare,Discharged Home,DOC-121
ADM-12715,PAT-1707,2025-03-07 04:42:00,2025-03-20 04:42:00,25,Male,Oncology,Emergency,1,3,13.0,0,40307.5,BlueCross,Discharged Home,DOC-104
ADM-12716,PAT-1725,2024-11-03 11:43:00,2024-11-11 16:31:00,50,Male,Orthopedics,Elective,2,5,8.2,0,19692.5,Medicaid,Discharged Home,DOC-118
ADM-12717,PAT-1192,2024-05-22 15:50:00,2024-06-05 13:26:00,24,Male,Emergency,Emergency,2,23,13.9,0,33289.5,UnitedHealth,AMA (Against Medical Advice),DOC-122
ADM-12718,PAT-2401,2024-07-11 02:41:00,2024-07-11 21:53:00,53,Female,General Medicine,Emergency,5,213,0.8,0,8170.5,BlueCross,Discharged Home,DOC-104
ADM-12719,PAT-1291,2024-10-08 05:41:00,2024-10-08 22:29:00,57,Male,Emergency,Emergency,4,4,0.7,0,1340.0,BlueCross,Discharged Home,DOC-109
ADM-12720,PAT-1305,2026-04-05 22:47:00,2026-04-06 10:47:00,44,Male,General Medicine,Urgent,3,14,0.5,0,785.0,Medicare,Discharged Home,DOC-117
ADM-12721,PAT-1744,2024-12-22 09:59:00,2024-12-24 05:11:00,25,Female,Neurology,Emergency,3,2,1.8,1,4685.0,BlueCross,Discharged Home,DOC-121
ADM-12722,PAT-1883,2025-08-21 07:55:00,2025-08-25 05:31:00,65,Male,General Medicine,Elective,4,12,3.9,1,5880.0,UnitedHealth,Discharged Home,DOC-122
ADM-12723,PAT-1623,2025-12-06 15:29:00,2025-12-16 22:41:00,44,Male,General Medicine,Elective,1,2,10.3,0,23522.0,Medicare,Discharged Home,DOC-105
ADM-12724,PAT-1970,2024-07-23 08:26:00,2024-07-24 10:50:00,35,Female,Pediatrics,Urgent,3,36,1.1,0,5506.0,Medicare,Discharged Home,DOC-105
ADM-12725,PAT-1177,2026-01-06 05:41:00,2026-01-07 20:05:00,61,Female,Emergency,Emergency,3,61,1.6,0,5800.5,Medicare,Discharged Home,DOC-106
ADM-12726,PAT-1868,2025-06-07 22:21:00,2025-06-08 17:33:00,87,Male,Emergency,Urgent,4,148,0.8,0,1890.0,Medicare,Discharged Home,DOC-102
ADM-12727,PAT-1868,2024-01-21 08:01:00,2024-01-24 15:13:00,8,Male,Cardiology,Urgent,2,14,3.3,0,14671.0,Aetna,Discharged Home,DOC-103
ADM-12728,PAT-1892,2025-12-30 11:15:00,2026-01-02 01:39:00,19,Male,Emergency,Urgent,3,57,2.6,0,12311.5,Medicare,Discharged Home,DOC-105
ADM-12729,PAT-1256,2024-06-26 07:20:00,2024-06-28 14:32:00,32,Male,Cardiology,Elective,3,5,2.3,0,6452.5,UnitedHealth,Discharged Home,DOC-125
ADM-12730,PAT-2087,2026-05-20 03:05:00,2026-05-25 05:29:00,87,Female,Emergency,Emergency,2,17,5.1,1,15558.5,Medicare,Discharged Home,DOC-105
ADM-12731,PAT-1756,2026-05-29 23:11:00,2026-06-01 03:59:00,55,Male,Cardiology,Elective,4,114,2.2,0,6445.0,Medicare,AMA (Against Medical Advice),DOC-124
ADM-12732,PAT-1486,2025-01-05 12:39:00,2025-01-08 15:03:00,4,Female,Orthopedics,Emergency,3,36,3.1,0,11852.0,BlueCross,Discharged Home,DOC-120
ADM-12733,PAT-1130,2026-02-05 09:44:00,2026-02-07 00:08:00,40,Male,Cardiology,Emergency,4,109,1.6,0,6841.5,Medicare,Discharged Home,DOC-117
ADM-12734,PAT-2448,2026-06-23 20:59:00,2026-06-24 23:23:00,55,Female,Oncology,Emergency,5,4,1.1,0,3420.0,Medicare,Referred to Rehab,DOC-103
ADM-12735,PAT-1078,2024-05-01 23:08:00,2024-05-10 13:32:00,6,Female,Pediatrics,Emergency,3,30,8.6,1,16962.0,BlueCross,Discharged Home,DOC-105
ADM-12736,PAT-2399,2025-02-03 11:35:00,2025-02-04 01:59:00,39,Male,Orthopedics,Emergency,4,41,0.6,0,9494.5,Medicare,Discharged Home,DOC-106
ADM-12737,PAT-2042,2026-01-31 01:49:00,2026-02-06 21:01:00,44,Male,Emergency,Emergency,1,9,6.8,0,17449.5,BlueCross,Discharged Home,DOC-120
ADM-12738,PAT-1318,2025-02-10 19:21:00,2025-02-20 02:33:00,64,Male,Orthopedics,Emergency,4,110,9.3,0,29540.0,Aetna,Referred to Rehab,DOC-107
ADM-12739,PAT-2391,2026-03-02 00:55:00,2026-03-11 17:43:00,70,Male,Emergency,Urgent,2,2,9.7,0,18435.0,BlueCross,Referred to Rehab,DOC-122
ADM-12740,PAT-1924,2024-12-20 20:18:00,2024-12-22 01:06:00,18,Female,Emergency,Elective,5,83,1.2,0,3650.5,Medicare,Discharged Home,DOC-107
ADM-12741,PAT-1115,2026-04-08 06:03:00,2026-04-08 10:51:00,26,Male,Emergency,Emergency,5,86,0.2,0,4185.0,BlueCross,Discharged Home,DOC-117
ADM-12742,PAT-1499,2026-02-01 10:34:00,2026-02-02 20:10:00,16,Male,Orthopedics,Urgent,3,94,1.4,1,11308.0,Medicare,Discharged Home,DOC-120
ADM-12743,PAT-1647,2024-08-31 22:08:00,2024-09-04 22:08:00,60,Male,Cardiology,Emergency,3,26,4.0,1,13994.0,BlueCross,Referred to Rehab,DOC-125
ADM-12744,PAT-2472,2025-11-26 11:52:00,2025-11-26 23:52:00,59,Female,Orthopedics,Emergency,3,53,0.5,1,1332.5,Self-Pay,Discharged Home,DOC-123
ADM-12745,PAT-2481,2024-02-15 02:34:00,2024-02-15 21:46:00,59,Male,Emergency,Emergency,2,2,0.8,0,8825.0,BlueCross,Discharged Home,DOC-105
ADM-12746,PAT-1914,2024-09-06 08:20:00,2024-09-08 01:08:00,47,Male,Emergency,Urgent,2,50,1.7,1,3355.0,BlueCross,Discharged Home,DOC-118
ADM-12747,PAT-1635,2025-07-02 22:26:00,2025-07-05 05:38:00,6,Male,Cardiology,Elective,2,14,2.3,0,9937.0,UnitedHealth,Discharged Home,DOC-106
ADM-12748,PAT-1064,2025-06-19 04:08:00,2025-06-20 04:08:00,39,Female,Emergency,Urgent,2,29,1.0,0,7691.5,Self-Pay,Discharged Home,DOC-114
ADM-12749,PAT-1018,2025-10-26 23:56:00,2025-10-28 07:08:00,35,Male,Orthopedics,Urgent,5,147,1.3,0,5998.5,UnitedHealth,Discharged Home,DOC-120
ADM-12750,PAT-1025,2025-10-25 16:35:00,2025-10-30 11:47:00,62,Female,Orthopedics,Elective,4,37,4.8,1,13620.5,Medicaid,Discharged Home,DOC-101
ADM-12751,PAT-1724,2025-04-30 00:18:00,2025-05-02 02:42:00,54,Male,Pediatrics,Elective,4,15,2.1,0,7449.5,BlueCross,Referred to Rehab,DOC-118
ADM-12752,PAT-1747,2024-04-16 06:09:00,2024-04-27 13:21:00,1,Female,Orthopedics,Urgent,1,4,11.3,1,27130.0,Medicaid,Discharged Home,DOC-112
ADM-12753,PAT-1165,2026-03-28 21:56:00,2026-03-29 14:44:00,4,Female,General Medicine,Emergency,3,31,0.7,0,1127.5,UnitedHealth,Transferred,DOC-112
ADM-12754,PAT-1860,2024-12-12 13:17:00,2024-12-13 22:53:00,65,Female,General Medicine,Urgent,3,14,1.4,0,7550.0,Medicaid,Referred to Rehab,DOC-114
ADM-12755,PAT-2020,2025-12-05 23:03:00,2025-12-09 20:39:00,60,Male,Neurology,Emergency,2,11,3.9,0,14068.5,Medicare,Discharged Home,DOC-114
ADM-12756,PAT-1492,2026-02-22 13:01:00,2026-02-28 15:25:00,49,Female,General Medicine,Emergency,2,4,6.1,0,13269.0,Medicare,Discharged Home,DOC-101
ADM-12757,PAT-1762,2024-07-19 18:35:00,2024-07-20 20:59:00,52,Male,Orthopedics,Elective,5,92,1.1,0,7668.0,UnitedHealth,Discharged Home,DOC-110
ADM-12758,PAT-1095,2025-11-14 12:59:00,2025-11-19 22:35:00,41,Female,Neurology,Emergency,2,22,5.4,0,17068.0,Aetna,Discharged Home,DOC-113
ADM-12759,PAT-1780,2024-01-01 10:07:00,2024-01-14 10:07:00,77,Male,Emergency,Emergency,2,2,13.0,1,26109.0,Self-Pay,Discharged Home,DOC-115
ADM-12760,PAT-1852,2025-01-18 06:20:00,2025-01-19 03:56:00,55,Male,Neurology,Elective,3,69,0.9,0,2512.5,Medicaid,Discharged Home,DOC-120
ADM-12761,PAT-1812,2024-01-28 08:32:00,2024-02-02 03:44:00,59,Female,Neurology,Emergency,3,108,4.8,0,12750.0,Medicare,Discharged Home,DOC-119
ADM-12762,PAT-1793,2025-07-18 19:04:00,2025-07-20 02:16:00,77,Female,General Medicine,Emergency,3,38,1.3,1,4440.0,BlueCross,Discharged Home,DOC-109
ADM-12763,PAT-2108,2025-02-15 07:44:00,2025-02-17 05:20:00,67,Male,Emergency,Elective,3,21,1.9,0,4807.5,BlueCross,Discharged Home,DOC-119
ADM-12764,PAT-1370,2025-11-08 21:58:00,2025-11-10 02:46:00,42,Male,Cardiology,Urgent,5,44,1.2,0,3470.0,BlueCross,Expired,DOC-113
ADM-12765,PAT-1675,2024-02-21 12:52:00,2024-02-23 12:52:00,48,Female,General Medicine,Elective,3,71,2.0,0,9293.5,UnitedHealth,Discharged Home,DOC-104
ADM-12766,PAT-1167,2024-10-14 16:22:00,2024-10-17 01:58:00,50,Male,Orthopedics,Emergency,3,55,2.4,0,5897.5,Medicare,Discharged Home,DOC-103
ADM-12767,PAT-2098,2025-10-29 01:49:00,2025-11-03 09:01:00,32,Female,Emergency,Emergency,3,11,5.3,0,14532.5,Medicaid,Discharged Home,DOC-115
ADM-12768,PAT-2076,2024-10-18 19:51:00,2024-10-19 19:51:00,38,Female,Pediatrics,Elective,4,4,1.0,0,7224.0,BlueCross,Discharged Home,DOC-111
ADM-12769,PAT-1330,2024-10-12 18:38:00,2024-10-17 23:26:00,21,Male,Orthopedics,Elective,1,4,5.2,0,19466.0,Medicaid,Discharged Home,DOC-114
ADM-12770,PAT-1728,2024-01-10 14:46:00,2024-01-11 09:58:00,41,Male,Orthopedics,Emergency,5,52,0.8,0,2050.0,Medicare,Discharged Home,DOC-122
ADM-12771,PAT-2447,2024-07-23 03:12:00,2024-07-30 05:36:00,53,Female,Emergency,Emergency,2,2,7.1,0,13495.0,Medicare,Discharged Home,DOC-112
ADM-12772,PAT-1721,2025-03-04 20:22:00,2025-03-06 03:34:00,15,Male,Emergency,Elective,3,10,1.3,0,2495.0,Aetna,Discharged Home,DOC-116
ADM-12773,PAT-2148,2025-06-22 23:32:00,2025-06-28 06:44:00,20,Male,Neurology,Elective,3,103,5.3,0,19847.5,BlueCross,Transferred,DOC-119
ADM-12774,PAT-1109,2026-02-20 07:04:00,2026-02-22 09:28:00,51,Male,Neurology,Elective,2,22,2.1,0,6121.0,BlueCross,Discharged Home,DOC-114
ADM-12775,PAT-2011,2025-02-02 07:34:00,2025-02-04 17:10:00,24,Male,Emergency,Emergency,3,3,2.4,0,10728.5,BlueCross,Discharged Home,DOC-104
ADM-12776,PAT-1495,2024-10-01 19:44:00,2024-10-02 14:56:00,3,Female,Emergency,Emergency,3,2,0.8,0,1525.0,Medicare,Referred to Rehab,DOC-110
ADM-12777,PAT-2411,2025-09-07 12:11:00,2025-09-09 02:35:00,61,Male,Cardiology,Elective,4,79,1.6,0,8220.5,Medicaid,Transferred,DOC-111
ADM-12778,PAT-2031,2025-11-27 20:24:00,2025-12-04 22:48:00,28,Male,Emergency,Elective,2,4,7.1,0,18490.0,BlueCross,Transferred,DOC-104
ADM-12779,PAT-1313,2024-05-28 10:59:00,2024-05-29 06:11:00,54,Male,General Medicine,Emergency,1,2,0.8,0,9012.0,Medicaid,Discharged Home,DOC-115
ADM-12780,PAT-1557,2025-07-25 02:16:00,2025-07-27 19:04:00,44,Female,General Medicine,Elective,4,358,2.7,0,12351.0,BlueCross,Transferred,DOC-109
ADM-12781,PAT-2010,2025-02-19 01:16:00,2025-02-23 06:04:00,49,Male,General Medicine,Emergency,3,2,4.2,0,6305.0,Medicare,Transferred,DOC-108
ADM-12782,PAT-2170,2026-01-10 18:56:00,2026-01-16 04:32:00,29,Male,Emergency,Elective,3,47,5.4,0,10377.5,BlueCross,Transferred,DOC-111
ADM-12783,PAT-1797,2024-01-09 16:03:00,2024-01-10 16:03:00,42,Male,Emergency,Emergency,5,54,1.0,0,8571.0,Medicaid,Discharged Home,DOC-120
ADM-12784,PAT-1094,2026-06-22 19:46:00,2026-06-26 07:46:00,40,Female,Oncology,Urgent,3,46,3.5,0,12575.0,Medicaid,Discharged Home,DOC-124
ADM-12785,PAT-1065,2025-10-13 06:25:00,2025-10-18 01:37:00,85,Female,Cardiology,Elective,1,2,4.8,0,13445.0,Medicaid,Discharged Home,DOC-103
ADM-12786,PAT-1857,2024-08-08 21:13:00,2024-08-16 02:01:00,34,Male,Cardiology,Urgent,3,104,7.2,0,28573.0,Medicare,Discharged Home,DOC-101
ADM-12787,PAT-1979,2025-12-24 10:01:00,2025-12-25 10:01:00,61,Male,General Medicine,Emergency,2,5,1.0,0,7798.5,BlueCross,Discharged Home,DOC-110
ADM-12788,PAT-1271,2025-12-05 21:03:00,2025-12-07 09:03:00,38,Male,Cardiology,Emergency,5,31,1.5,0,11264.5,Self-Pay,Discharged Home,DOC-108
ADM-12789,PAT-1125,2025-03-20 10:40:00,2025-03-28 10:40:00,53,Male,Cardiology,Elective,2,2,8.0,1,22405.0,UnitedHealth,Discharged Home,DOC-118
ADM-12790,PAT-1204,2026-02-18 18:52:00,2026-02-23 18:52:00,54,Female,Neurology,Emergency,3,24,5.0,0,15777.0,BlueCross,Discharged Home,DOC-122
ADM-12791,PAT-1063,2024-01-08 23:48:00,2024-01-09 23:48:00,54,Female,Emergency,Emergency,4,32,1.0,0,5355.0,Medicaid,Discharged Home,DOC-103
ADM-12792,PAT-1241,2025-03-02 09:21:00,2025-03-11 06:57:00,31,Female,General Medicine,Emergency,1,2,8.9,0,13355.0,Medicare,Discharged Home,DOC-110
ADM-12793,PAT-1211,2024-07-16 15:57:00,2024-07-18 20:45:00,33,Male,Pediatrics,Emergency,3,25,2.2,0,3582.5,UnitedHealth,Discharged Home,DOC-121
ADM-12794,PAT-1274,2025-06-04 06:06:00,2025-06-18 08:30:00,10,Male,Orthopedics,Elective,2,29,14.1,1,33912.5,BlueCross,Discharged Home,DOC-125
ADM-12795,PAT-1144,2024-11-23 21:02:00,2024-11-26 09:02:00,81,Female,Emergency,Elective,3,61,2.5,0,4902.5,BlueCross,Discharged Home,DOC-119
ADM-12796,PAT-1359,2025-01-26 13:01:00,2025-02-03 03:25:00,38,Female,Emergency,Urgent,3,22,7.6,0,20434.0,BlueCross,Discharged Home,DOC-114
ADM-12797,PAT-2228,2024-08-27 07:54:00,2024-08-29 07:54:00,42,Female,Cardiology,Urgent,1,2,2.0,0,6869.0,Medicaid,Discharged Home,DOC-103
ADM-12798,PAT-1133,2026-03-13 10:25:00,2026-03-18 05:37:00,67,Male,Neurology,Elective,3,31,4.8,0,12557.5,BlueCross,Discharged Home,DOC-105
ADM-12799,PAT-1602,2025-06-08 06:24:00,2025-06-13 01:36:00,59,Male,Orthopedics,Emergency,2,5,4.8,0,11532.5,Medicare,Discharged Home,DOC-110
ADM-12800,PAT-2381,2024-09-20 07:07:00,2024-09-22 07:07:00,78,Male,General Medicine,Emergency,4,50,2.0,0,4464.0,Aetna,Discharged Home,DOC-124
ADM-12801,PAT-2078,2025-06-03 14:50:00,2025-06-04 02:50:00,65,Male,Emergency,Emergency,3,18,0.5,0,4460.0,Medicaid,Discharged Home,DOC-106
ADM-12802,PAT-1582,2025-09-27 04:33:00,2025-09-30 09:21:00,63,Female,Neurology,Emergency,3,2,3.2,1,11639.0,Medicare,Discharged Home,DOC-109
ADM-12803,PAT-1418,2024-06-16 19:05:00,2024-06-20 14:17:00,46,Female,Oncology,Emergency,4,10,3.8,0,19972.0,Medicare,Discharged Home,DOC-120
ADM-12804,PAT-1764,2025-08-05 14:34:00,2025-08-10 00:10:00,33,Male,Cardiology,Urgent,4,109,4.4,0,18048.5,UnitedHealth,Discharged Home,DOC-114
ADM-12805,PAT-1580,2026-05-09 16:03:00,2026-05-26 13:39:00,24,Male,General Medicine,Emergency,1,2,16.9,0,26222.0,Aetna,Discharged Home,DOC-104
ADM-12806,PAT-2125,2024-10-07 04:39:00,2024-10-11 23:51:00,72,Female,Orthopedics,Elective,4,25,4.8,0,19860.5,Medicaid,Discharged Home,DOC-109
ADM-12807,PAT-1583,2025-03-16 15:21:00,2025-03-24 00:57:00,39,Female,Cardiology,Emergency,2,11,7.4,0,26254.5,Medicaid,Discharged Home,DOC-115
ADM-12808,PAT-1033,2026-06-12 14:47:00,2026-06-17 05:11:00,40,Male,Emergency,Elective,3,70,4.6,0,10111.0,Medicare,Discharged Home,DOC-120
ADM-12809,PAT-1901,2026-03-26 15:17:00,2026-03-27 08:05:00,46,Female,Cardiology,Emergency,5,201,0.7,0,2462.5,BlueCross,Referred to Rehab,DOC-112
ADM-12810,PAT-1857,2024-03-19 18:31:00,2024-03-20 08:55:00,71,Female,Emergency,Urgent,3,27,0.6,0,5167.5,Medicare,Transferred,DOC-122
ADM-12811,PAT-1196,2025-07-30 23:18:00,2025-08-02 01:42:00,67,Female,General Medicine,Urgent,3,4,2.1,0,3160.0,Aetna,Discharged Home,DOC-107
ADM-12812,PAT-1753,2026-06-23 09:29:00,2026-06-24 19:05:00,81,Male,Neurology,Emergency,3,28,1.4,0,3710.0,BlueCross,Discharged Home,DOC-121
ADM-12813,PAT-1686,2025-05-11 11:42:00,2025-05-13 09:18:00,68,Male,Cardiology,Elective,4,22,1.9,1,5375.0,Medicaid,Discharged Home,DOC-123
ADM-12814,PAT-1541,2025-04-27 23:59:00,2025-04-30 16:47:00,43,Male,Emergency,Emergency,3,47,2.7,0,7121.5,Medicare,Discharged Home,DOC-115
ADM-12815,PAT-1254,2026-06-01 23:17:00,2026-06-06 20:53:00,81,Male,Cardiology,Urgent,3,14,4.9,0,18669.0,BlueCross,Discharged Home,DOC-123
ADM-12816,PAT-2004,2025-06-10 02:26:00,2025-06-11 12:02:00,51,Female,Emergency,Elective,3,22,1.4,0,9445.0,BlueCross,Discharged Home,DOC-117
ADM-12817,PAT-2324,2025-11-18 13:09:00,2025-11-21 15:33:00,36,Male,Emergency,Emergency,2,3,3.1,0,5897.5,Medicare,Discharged Home,DOC-108
ADM-12818,PAT-1038,2025-03-25 18:44:00,2025-03-27 09:08:00,18,Male,General Medicine,Emergency,2,4,1.6,0,7834.0,Medicare,Discharged Home,DOC-120
ADM-12819,PAT-2328,2024-05-30 16:42:00,2024-06-03 09:30:00,70,Female,Cardiology,Elective,3,36,3.7,0,15244.0,Medicaid,Discharged Home,DOC-116
ADM-12820,PAT-1099,2024-02-22 06:37:00,2024-02-25 21:01:00,30,Male,Orthopedics,Urgent,2,40,3.6,0,11006.0,BlueCross,Discharged Home,DOC-122
ADM-12821,PAT-1576,2025-06-04 20:24:00,2025-06-05 20:24:00,65,Female,Oncology,Emergency,4,69,1.0,0,3272.5,Medicare,Discharged Home,DOC-108
ADM-12822,PAT-1476,2024-07-19 07:35:00,2024-07-23 12:23:00,4,Male,General Medicine,Elective,3,9,4.2,0,6322.5,Medicaid,Transferred,DOC-103
ADM-12823,PAT-1976,2024-11-04 09:33:00,2024-11-11 14:21:00,32,Female,Emergency,Urgent,3,19,7.2,0,18003.5,UnitedHealth,Discharged Home,DOC-114
ADM-12824,PAT-1354,2025-03-31 18:22:00,2025-04-01 08:46:00,58,Female,General Medicine,Emergency,4,44,0.6,1,1010.0,Medicare,Discharged Home,DOC-120
ADM-12825,PAT-2135,2026-03-02 12:46:00,2026-03-13 22:22:00,79,Female,Emergency,Elective,2,8,11.4,0,27784.0,Medicare,Transferred,DOC-108
ADM-12826,PAT-1584,2026-05-18 06:29:00,2026-05-19 16:05:00,56,Female,Cardiology,Elective,3,19,1.4,0,8232.5,Aetna,Discharged Home,DOC-101
ADM-12827,PAT-1491,2024-10-15 00:51:00,2024-10-18 22:27:00,60,Female,Orthopedics,Elective,3,24,3.9,0,9420.0,BlueCross,Transferred,DOC-116
ADM-12828,PAT-1862,2024-12-25 06:49:00,2024-12-26 11:37:00,29,Female,Emergency,Urgent,3,55,1.2,1,2417.5,Aetna,Discharged Home,DOC-125
ADM-12829,PAT-1964,2025-09-28 20:04:00,2025-09-30 05:40:00,38,Male,Cardiology,Elective,1,5,1.4,1,3932.5,Medicaid,Discharged Home,DOC-123
ADM-12830,PAT-1095,2025-02-11 12:11:00,2025-02-16 14:35:00,47,Female,Neurology,Urgent,2,9,5.1,0,15010.5,Aetna,Discharged Home,DOC-110
ADM-12831,PAT-2479,2025-11-01 22:25:00,2025-11-05 03:13:00,53,Female,Emergency,Elective,3,129,3.2,0,8917.5,BlueCross,Discharged Home,DOC-106
ADM-12832,PAT-1410,2026-06-01 01:15:00,2026-06-02 13:15:00,72,Male,Emergency,Emergency,3,35,1.5,1,2937.5,Medicaid,Discharged Home,DOC-119
ADM-12833,PAT-1161,2025-08-21 22:43:00,2025-08-23 05:55:00,69,Female,Cardiology,Urgent,4,51,1.3,0,3767.5,Medicare,Discharged Home,DOC-103
ADM-12834,PAT-2228,2024-03-23 02:57:00,2024-03-25 05:21:00,64,Female,Oncology,Emergency,3,170,2.1,0,13028.0,Aetna,Discharged Home,DOC-117
ADM-12835,PAT-1440,2024-03-19 10:38:00,2024-03-25 08:14:00,54,Female,Emergency,Emergency,3,42,5.9,0,15668.0,Medicaid,Discharged Home,DOC-103
ADM-12836,PAT-2045,2024-10-14 15:45:00,2024-10-21 22:57:00,34,Male,Emergency,Emergency,3,194,7.3,0,18226.0,BlueCross,Discharged Home,DOC-121
ADM-12837,PAT-1785,2025-12-30 04:32:00,2025-12-31 09:20:00,5,Female,Pediatrics,Emergency,4,3,1.2,0,1927.5,Aetna,Discharged Home,DOC-120
ADM-12838,PAT-2200,2024-10-09 05:36:00,2024-10-10 08:00:00,62,Male,Emergency,Elective,4,58,1.1,0,2764.0,Medicare,Discharged Home,DOC-119
ADM-12839,PAT-2442,2024-11-19 09:29:00,2024-11-20 16:41:00,33,Male,Emergency,Elective,5,266,1.3,0,8739.0,BlueCross,Discharged Home,DOC-106
ADM-12840,PAT-1318,2024-08-09 03:00:00,2024-08-09 15:00:00,82,Male,Orthopedics,Emergency,5,32,0.5,1,4860.0,BlueCross,Discharged Home,DOC-116
ADM-12841,PAT-1629,2024-09-16 15:29:00,2024-09-17 03:29:00,45,Male,Cardiology,Emergency,5,29,0.5,0,6070.5,Aetna,Discharged Home,DOC-109
ADM-12842,PAT-1932,2024-07-11 11:10:00,2024-07-14 18:22:00,45,Male,Orthopedics,Emergency,2,9,3.3,1,10752.5,Self-Pay,Transferred,DOC-124
ADM-12843,PAT-2376,2025-10-22 07:42:00,2025-10-25 05:18:00,53,Female,General Medicine,Elective,5,6,2.9,0,5537.0,Medicare,Discharged Home,DOC-124
ADM-12844,PAT-2396,2024-11-05 03:15:00,2024-11-07 15:15:00,31,Female,Emergency,Emergency,3,86,2.5,0,4965.0,Aetna,Transferred,DOC-112
ADM-12845,PAT-1156,2024-12-29 17:32:00,2024-12-30 10:20:00,39,Male,Emergency,Emergency,5,8,0.7,0,1350.0,Aetna,Discharged Home,DOC-114
ADM-12846,PAT-1651,2025-10-15 05:43:00,2025-10-22 12:55:00,90,Female,Cardiology,Elective,2,6,7.3,0,24960.0,Aetna,Discharged Home,DOC-111
ADM-12847,PAT-1703,2025-12-23 23:07:00,2025-12-25 03:55:00,43,Female,Emergency,Urgent,5,164,1.2,0,2690.0,Medicare,Discharged Home,DOC-118
ADM-12848,PAT-1768,2025-04-16 11:46:00,2025-04-19 16:34:00,74,Female,Emergency,Elective,3,24,3.2,0,8096.0,Medicare,Discharged Home,DOC-107
ADM-12849,PAT-1198,2025-07-14 01:24:00,2025-07-15 18:12:00,89,Male,Neurology,Elective,4,5,1.7,0,6538.5,Medicaid,Discharged Home,DOC-103
ADM-12850,PAT-1528,2024-11-15 05:21:00,2024-11-16 17:21:00,13,Male,Neurology,Emergency,1,2,1.5,0,3905.0,Medicare,Discharged Home,DOC-112
ADM-12851,PAT-2176,2024-06-26 02:09:00,2024-06-26 23:45:00,53,Male,Emergency,Emergency,5,86,0.9,0,1925.0,Medicare,Discharged Home,DOC-110
ADM-12852,PAT-1185,2024-07-20 08:30:00,2024-07-23 18:06:00,69,Male,Emergency,Emergency,2,2,3.4,0,6465.0,UnitedHealth,Discharged Home,DOC-112
ADM-12853,PAT-1742,2024-08-16 01:19:00,2024-08-16 15:43:00,73,Female,Orthopedics,Emergency,3,77,0.6,0,1632.5,Medicare,Discharged Home,DOC-110
ADM-12854,PAT-1021,2024-02-18 21:02:00,2024-03-01 18:38:00,32,Male,Emergency,Emergency,2,20,11.9,0,29225.0,BlueCross,Discharged Home,DOC-120
ADM-12855,PAT-2124,2025-04-12 13:53:00,2025-04-13 11:29:00,70,Female,Emergency,Emergency,3,9,0.9,0,8031.5,Medicare,Discharged Home,DOC-124
ADM-12856,PAT-1625,2025-09-03 20:10:00,2025-09-08 05:46:00,27,Male,Oncology,Emergency,3,47,4.4,0,13757.5,Aetna,Referred to Rehab,DOC-120
ADM-12857,PAT-2224,2024-11-10 23:21:00,2024-11-14 11:21:00,28,Female,Orthopedics,Urgent,3,170,3.5,0,8825.0,Medicaid,Expired,DOC-124
ADM-12858,PAT-1210,2025-12-07 21:01:00,2025-12-10 11:25:00,31,Female,Neurology,Emergency,3,122,2.6,1,7065.0,UnitedHealth,Discharged Home,DOC-125
ADM-12859,PAT-2438,2024-05-17 04:12:00,2024-05-17 21:00:00,38,Female,Emergency,Elective,4,10,0.7,0,1355.0,Medicaid,Discharged Home,DOC-105
ADM-12860,PAT-1311,2024-06-23 22:11:00,2024-06-26 22:11:00,61,Female,Oncology,Emergency,3,32,3.0,0,16725.0,Medicaid,Discharged Home,DOC-125
ADM-12861,PAT-1781,2025-05-23 19:33:00,2025-05-29 02:45:00,18,Female,General Medicine,Emergency,3,35,5.3,0,14340.5,Aetna,Referred to Rehab,DOC-101
ADM-12862,PAT-1022,2025-05-19 04:25:00,2025-05-20 14:01:00,36,Female,Neurology,Emergency,1,2,1.4,0,8660.0,Medicare,Discharged Home,DOC-102
ADM-12863,PAT-2440,2025-10-22 22:33:00,2025-10-26 12:57:00,50,Male,Cardiology,Elective,3,8,3.6,0,17524.0,Medicaid,Discharged Home,DOC-111
ADM-12864,PAT-2260,2025-07-23 15:48:00,2025-07-25 15:48:00,79,Male,Emergency,Emergency,3,46,2.0,0,5600.0,BlueCross,Discharged Home,DOC-103
ADM-12865,PAT-1604,2025-11-24 17:28:00,2025-11-26 00:40:00,23,Female,Emergency,Elective,4,28,1.3,0,3228.0,Medicare,Discharged Home,DOC-105
ADM-12866,PAT-2293,2024-10-21 18:51:00,2024-10-21 23:39:00,30,Male,Emergency,Emergency,5,61,0.2,0,7845.5,Medicare,Discharged Home,DOC-101
ADM-12867,PAT-1857,2025-04-06 13:37:00,2025-05-07 04:01:00,45,Female,Emergency,Elective,1,29,30.6,0,63684.5,BlueCross,Discharged Home,DOC-102
ADM-12868,PAT-2470,2025-03-22 13:23:00,2025-04-02 08:35:00,26,Female,Emergency,Urgent,2,10,10.8,0,23171.0,Medicare,Discharged Home,DOC-104
ADM-12869,PAT-1796,2024-08-13 17:34:00,2024-08-15 19:58:00,38,Male,Neurology,Emergency,4,104,2.1,0,10568.0,BlueCross,Discharged Home,DOC-117
ADM-12870,PAT-1906,2024-03-16 07:01:00,2024-03-17 11:49:00,59,Male,Emergency,Elective,2,15,1.2,0,2317.5,Aetna,Discharged Home,DOC-114
ADM-12871,PAT-2325,2024-04-10 06:36:00,2024-04-12 13:48:00,64,Male,General Medicine,Urgent,4,13,2.3,0,4056.5,UnitedHealth,Discharged Home,DOC-116
ADM-12872,PAT-2206,2026-02-10 19:42:00,2026-02-17 05:18:00,39,Male,Orthopedics,Elective,3,45,6.4,0,17727.5,BlueCross,Transferred,DOC-107
ADM-12873,PAT-1674,2026-01-17 08:23:00,2026-01-18 10:47:00,42,Female,Neurology,Elective,3,17,1.1,0,11190.5,Medicaid,Discharged Home,DOC-110
ADM-12874,PAT-1630,2025-04-15 19:13:00,2025-04-16 07:13:00,68,Female,Cardiology,Elective,4,29,0.5,0,9812.5,UnitedHealth,Discharged Home,DOC-110
ADM-12875,PAT-1902,2026-06-22 03:10:00,2026-06-24 07:58:00,53,Female,Emergency,Elective,3,84,2.2,0,8239.0,Medicare,Discharged Home,DOC-121
ADM-12876,PAT-1115,2025-05-20 00:16:00,2025-05-25 07:28:00,41,Female,Cardiology,Elective,3,2,5.3,0,17440.0,Medicare,Discharged Home,DOC-125
ADM-12877,PAT-2058,2026-05-04 11:19:00,2026-05-08 11:19:00,87,Female,Neurology,Emergency,3,169,4.0,0,10822.5,Aetna,Transferred,DOC-119
ADM-12878,PAT-1341,2026-06-12 05:25:00,2026-06-13 05:25:00,42,Male,Neurology,Emergency,2,5,1.0,0,4461.5,Medicare,Discharged Home,DOC-101
ADM-12879,PAT-1226,2024-08-02 01:25:00,2024-08-13 23:01:00,17,Female,Emergency,Emergency,2,11,11.9,0,27314.5,Aetna,Discharged Home,DOC-114
ADM-12880,PAT-2096,2025-10-16 16:54:00,2025-10-18 09:42:00,86,Female,Cardiology,Emergency,3,14,1.7,0,10298.0,Medicaid,Discharged Home,DOC-109
ADM-12881,PAT-1663,2026-04-30 19:37:00,2026-05-07 05:13:00,33,Female,General Medicine,Elective,2,20,6.4,1,11350.0,BlueCross,Discharged Home,DOC-112
ADM-12882,PAT-2302,2025-12-01 11:15:00,2025-12-06 20:51:00,61,Female,Cardiology,Emergency,4,2,5.4,0,16924.0,Medicare,Discharged Home,DOC-123
ADM-12883,PAT-2275,2024-03-30 23:24:00,2024-04-03 16:12:00,26,Female,Oncology,Emergency,3,5,3.7,0,11482.5,Aetna,AMA (Against Medical Advice),DOC-117
ADM-12884,PAT-1790,2026-05-09 22:15:00,2026-05-10 07:51:00,60,Male,Emergency,Elective,4,15,0.4,0,5335.5,Medicaid,Discharged Home,DOC-111
ADM-12885,PAT-1458,2024-03-14 12:13:00,2024-03-17 19:25:00,37,Female,General Medicine,Emergency,3,41,3.3,0,9122.5,Medicare,Discharged Home,DOC-104
ADM-12886,PAT-2252,2024-08-31 00:16:00,2024-09-02 05:04:00,32,Female,Emergency,Emergency,3,76,2.2,0,5278.0,UnitedHealth,Discharged Home,DOC-107
ADM-12887,PAT-1718,2025-02-09 06:32:00,2025-02-15 20:56:00,72,Male,Pediatrics,Emergency,2,3,6.6,0,11770.5,UnitedHealth,Referred to Rehab,DOC-111
ADM-12888,PAT-2178,2024-10-14 04:56:00,2024-10-15 00:08:00,16,Male,Orthopedics,Elective,3,44,0.8,0,2030.0,BlueCross,Discharged Home,DOC-118
ADM-12889,PAT-1440,2025-05-06 13:01:00,2025-05-07 05:49:00,42,Male,Emergency,Elective,4,22,0.7,0,1385.0,Medicaid,Transferred,DOC-125
ADM-12890,PAT-1520,2026-04-03 21:37:00,2026-04-05 07:13:00,14,Male,Emergency,Emergency,2,3,1.4,1,11120.5,Aetna,Transferred,DOC-101
ADM-12891,PAT-1417,2026-05-08 11:23:00,2026-05-09 18:35:00,71,Male,Emergency,Emergency,4,66,1.3,0,5117.0,Medicaid,Discharged Home,DOC-117
ADM-12892,PAT-1817,2024-11-30 08:54:00,2024-12-03 04:06:00,41,Female,Cardiology,Emergency,5,13,2.8,0,7872.5,Medicare,Discharged Home,DOC-112
ADM-12893,PAT-1501,2025-05-11 09:07:00,2025-05-13 11:31:00,47,Female,Orthopedics,Emergency,3,26,2.1,0,12360.0,Medicaid,Discharged Home,DOC-121
ADM-12894,PAT-2434,2026-02-06 07:02:00,2026-02-08 14:14:00,72,Female,Orthopedics,Elective,3,46,2.3,0,5635.0,Medicare,Discharged Home,DOC-110
ADM-12895,PAT-2278,2025-02-22 15:10:00,2025-02-25 22:22:00,21,Female,Emergency,Elective,3,72,3.3,0,14531.0,Medicare,Discharged Home,DOC-117
ADM-12896,PAT-1746,2026-01-09 22:09:00,2026-01-13 00:33:00,48,Female,General Medicine,Emergency,3,163,3.1,0,7338.5,Medicare,Discharged Home,DOC-101
ADM-12897,PAT-2379,2024-04-01 05:25:00,2024-04-01 22:13:00,16,Male,General Medicine,Elective,4,62,0.7,0,1205.0,BlueCross,Referred to Rehab,DOC-107
ADM-12898,PAT-2243,2024-10-22 13:29:00,2024-10-22 18:17:00,30,Female,Emergency,Elective,5,474,0.2,0,8428.0,BlueCross,Discharged Home,DOC-116
ADM-12899,PAT-1703,2025-09-13 17:13:00,2025-09-19 02:49:00,39,Male,Pediatrics,Emergency,2,48,5.4,0,8760.0,Medicare,Discharged Home,DOC-112
ADM-12900,PAT-1140,2024-04-08 10:28:00,2024-04-12 12:52:00,36,Female,Orthopedics,Emergency,1,18,4.1,0,11738.0,Medicare,Discharged Home,DOC-122
ADM-12901,PAT-1205,2025-06-16 22:58:00,2025-06-17 20:34:00,26,Male,Oncology,Emergency,3,92,0.9,0,7758.0,Aetna,Discharged Home,DOC-111
ADM-12902,PAT-2357,2024-12-24 12:56:00,2024-12-29 00:56:00,60,Female,Pediatrics,Emergency,4,301,4.5,0,13222.5,Medicare,Discharged Home,DOC-116
ADM-12903,PAT-1038,2025-10-26 07:10:00,2025-10-30 02:22:00,55,Female,Emergency,Urgent,3,27,3.8,0,10293.5,Medicare,Discharged Home,DOC-125
ADM-12904,PAT-1884,2026-05-30 14:00:00,2026-06-13 18:48:00,74,Female,Neurology,Emergency,2,30,14.2,0,38926.0,Medicaid,Discharged Home,DOC-124
ADM-12905,PAT-1005,2025-02-18 23:41:00,2025-02-21 11:41:00,42,Female,Orthopedics,Elective,2,13,2.5,0,6032.5,Medicare,Discharged Home,DOC-112
ADM-12906,PAT-1431,2024-02-22 22:39:00,2024-02-23 13:03:00,36,Male,Neurology,Emergency,4,88,0.6,1,1780.0,UnitedHealth,Discharged Home,DOC-111
ADM-12907,PAT-2317,2025-09-21 08:58:00,2025-10-02 11:22:00,9,Female,Neurology,Elective,1,2,11.1,1,28865.0,Medicare,Discharged Home,DOC-122
ADM-12908,PAT-1537,2025-04-24 17:04:00,2025-04-26 17:04:00,16,Female,Cardiology,Elective,4,58,2.0,0,5745.0,Medicaid,Referred to Rehab,DOC-108
ADM-12909,PAT-1701,2024-11-12 03:15:00,2024-11-12 20:03:00,38,Female,Emergency,Elective,4,206,0.7,0,1845.0,Medicaid,Discharged Home,DOC-115
ADM-12910,PAT-1438,2025-01-16 11:55:00,2025-01-17 21:31:00,53,Female,Pediatrics,Elective,4,12,1.4,0,9602.0,Medicare,Discharged Home,DOC-124
ADM-12911,PAT-2192,2026-05-02 16:39:00,2026-05-18 09:27:00,33,Female,General Medicine,Elective,1,5,15.7,0,23562.5,Medicaid,Discharged Home,DOC-121
ADM-12912,PAT-1837,2025-10-05 21:51:00,2025-10-11 17:03:00,87,Female,Cardiology,Elective,4,45,5.8,1,16352.5,UnitedHealth,Discharged Home,DOC-106
ADM-12913,PAT-1488,2025-03-30 00:03:00,2025-03-31 00:03:00,41,Female,Oncology,Emergency,5,47,1.0,0,3217.5,Medicaid,Discharged Home,DOC-109
ADM-12914,PAT-1820,2026-01-17 16:49:00,2026-01-18 19:13:00,38,Female,Emergency,Emergency,4,29,1.1,0,9292.5,BlueCross,Transferred,DOC-123
ADM-12915,PAT-1502,2025-08-08 11:36:00,2025-08-12 16:24:00,82,Female,Emergency,Urgent,2,24,4.2,0,12785.0,UnitedHealth,Discharged Home,DOC-116
ADM-12916,PAT-1580,2024-05-05 15:45:00,2024-05-06 03:45:00,83,Male,Cardiology,Urgent,4,150,0.5,0,1775.0,BlueCross,Discharged Home,DOC-113
ADM-12917,PAT-1206,2025-11-05 01:20:00,2025-11-08 06:08:00,20,Male,Orthopedics,Elective,1,3,3.2,0,11777.5,BlueCross,Discharged Home,DOC-113
ADM-12918,PAT-1942,2025-12-18 20:23:00,2025-12-23 15:35:00,47,Female,Orthopedics,Elective,2,32,4.8,0,11600.0,Medicaid,Discharged Home,DOC-111
ADM-12919,PAT-2392,2026-02-06 12:27:00,2026-02-14 17:15:00,75,Male,Neurology,Emergency,1,2,8.2,1,28219.0,UnitedHealth,Referred to Rehab,DOC-118
ADM-12920,PAT-2198,2024-12-27 06:45:00,2024-12-28 13:57:00,58,Male,Emergency,Emergency,3,31,1.3,0,7034.5,Self-Pay,Transferred,DOC-112
ADM-12921,PAT-2379,2024-02-16 16:41:00,2024-02-16 23:53:00,40,Female,Emergency,Elective,4,27,0.3,0,637.5,Aetna,Discharged Home,DOC-107
ADM-12922,PAT-1553,2026-02-10 06:37:00,2026-02-16 16:13:00,53,Male,Emergency,Urgent,3,8,6.4,0,13289.0,Medicare,AMA (Against Medical Advice),DOC-102
ADM-12923,PAT-2236,2025-10-12 10:34:00,2025-10-18 05:46:00,45,Female,Orthopedics,Elective,3,28,5.8,0,16347.0,BlueCross,Discharged Home,DOC-122
ADM-12924,PAT-1460,2025-03-28 02:08:00,2025-03-29 11:44:00,33,Female,Emergency,Emergency,5,173,1.4,0,3092.5,Self-Pay,Discharged Home,DOC-107
ADM-12925,PAT-2440,2026-04-03 12:25:00,2026-04-04 02:49:00,47,Male,Emergency,Elective,3,4,0.6,0,5229.0,BlueCross,Discharged Home,DOC-118
ADM-12926,PAT-1314,2026-05-20 11:41:00,2026-05-23 02:05:00,87,Male,Cardiology,Emergency,4,73,2.6,0,7462.5,Aetna,Discharged Home,DOC-114
ADM-12927,PAT-1485,2024-05-24 17:17:00,2024-05-26 00:29:00,43,Male,Emergency,Emergency,1,2,1.3,0,7260.0,BlueCross,Discharged Home,DOC-119
ADM-12928,PAT-1212,2024-07-19 05:40:00,2024-07-21 12:52:00,3,Male,Cardiology,Emergency,3,26,2.3,0,6505.0,BlueCross,Referred to Rehab,DOC-106
ADM-12929,PAT-1660,2025-08-22 16:41:00,2025-08-24 02:17:00,58,Male,Cardiology,Emergency,4,12,1.4,0,8927.0,UnitedHealth,Discharged Home,DOC-105
ADM-12930,PAT-1682,2024-09-27 21:28:00,2024-10-02 02:16:00,30,Female,General Medicine,Emergency,3,55,4.2,0,10029.5,Medicaid,Discharged Home,DOC-123
ADM-12931,PAT-1439,2024-10-20 02:36:00,2024-10-21 05:00:00,81,Female,Orthopedics,Elective,5,115,1.1,1,2927.5,BlueCross,Discharged Home,DOC-125
ADM-12932,PAT-2408,2024-07-11 17:26:00,2024-07-15 19:50:00,11,Female,Cardiology,Elective,3,68,4.1,0,17779.0,Medicare,Discharged Home,DOC-102
ADM-12933,PAT-1422,2026-05-07 14:38:00,2026-05-10 17:02:00,64,Female,Emergency,Emergency,3,21,3.1,0,12834.5,Aetna,Discharged Home,DOC-125
ADM-12934,PAT-1572,2024-06-18 00:57:00,2024-06-19 00:57:00,20,Male,Orthopedics,Emergency,4,179,1.0,0,5485.5,Medicaid,Discharged Home,DOC-108
ADM-12935,PAT-1406,2024-04-23 06:18:00,2024-04-24 01:30:00,54,Male,Emergency,Elective,5,126,0.8,0,9801.0,Medicare,Discharged Home,DOC-107
ADM-12936,PAT-1003,2025-04-24 16:28:00,2025-04-27 06:52:00,70,Female,General Medicine,Emergency,3,41,2.6,0,4002.5,BlueCross,Discharged Home,DOC-114
ADM-12937,PAT-2354,2026-03-05 15:52:00,2026-03-12 11:04:00,49,Male,Emergency,Emergency,3,7,6.8,0,12937.5,Medicare,Discharged Home,DOC-112
ADM-12938,PAT-1005,2025-10-13 14:12:00,2025-10-15 07:00:00,31,Male,Emergency,Emergency,2,91,1.7,1,3457.5,Aetna,Transferred,DOC-105
ADM-12939,PAT-1085,2025-07-28 01:41:00,2025-07-28 13:41:00,87,Female,Cardiology,Urgent,5,22,0.5,0,2798.0,BlueCross,Discharged Home,DOC-119
ADM-12940,PAT-1455,2026-05-15 10:09:00,2026-05-21 12:33:00,67,Female,Emergency,Elective,1,5,6.1,0,18621.5,Medicare,Discharged Home,DOC-120
ADM-12941,PAT-1879,2025-02-14 01:15:00,2025-02-28 13:15:00,27,Male,Orthopedics,Urgent,1,8,14.5,0,34820.0,Medicare,Discharged Home,DOC-125
ADM-12942,PAT-1472,2025-08-01 16:36:00,2025-08-08 07:00:00,54,Male,General Medicine,Emergency,2,45,6.6,0,12391.5,Aetna,Discharged Home,DOC-111
ADM-12943,PAT-2355,2024-05-06 18:51:00,2024-05-10 06:51:00,85,Male,Pediatrics,Emergency,1,3,3.5,0,5607.5,Medicare,Discharged Home,DOC-118
ADM-12944,PAT-2175,2025-08-16 13:21:00,2025-08-17 03:45:00,58,Male,Orthopedics,Emergency,3,65,0.6,0,2190.5,Medicare,Discharged Home,DOC-106
ADM-12945,PAT-1241,2025-10-14 13:35:00,2025-10-19 01:35:00,90,Male,General Medicine,Elective,1,4,4.5,0,13657.0,BlueCross,Transferred,DOC-106
ADM-12946,PAT-1822,2025-08-08 00:51:00,2025-08-15 00:51:00,1,Female,Orthopedics,Elective,3,47,7.0,0,21595.5,Medicare,Discharged Home,DOC-109
ADM-12947,PAT-2053,2026-03-02 12:33:00,2026-03-08 02:57:00,65,Male,Emergency,Elective,3,12,5.6,0,17363.0,Medicaid,Referred to Rehab,DOC-110
ADM-12948,PAT-1393,2024-09-02 11:08:00,2024-09-28 15:56:00,18,Female,Orthopedics,Emergency,1,2,26.2,0,67317.0,Medicaid,Discharged Home,DOC-109
ADM-12949,PAT-1772,2024-01-27 05:33:00,2024-01-27 17:33:00,68,Male,Emergency,Emergency,3,18,0.5,1,3987.0,UnitedHealth,Transferred,DOC-125
ADM-12950,PAT-1181,2025-08-08 11:16:00,2025-08-14 13:40:00,77,Male,General Medicine,Elective,3,36,6.1,0,9240.0,BlueCross,Discharged Home,DOC-119
ADM-12951,PAT-2446,2024-12-13 20:34:00,2024-12-18 10:58:00,71,Male,General Medicine,Elective,2,5,4.6,0,11448.5,Medicaid,Discharged Home,DOC-103
ADM-12952,PAT-1995,2025-05-27 15:25:00,2025-05-28 10:37:00,24,Female,Neurology,Urgent,1,4,0.8,0,9907.0,Medicare,Discharged Home,DOC-103
ADM-12953,PAT-1265,2024-04-05 13:23:00,2024-04-06 15:47:00,58,Female,General Medicine,Emergency,4,15,1.1,0,1687.5,Medicare,Discharged Home,DOC-125
ADM-12954,PAT-2299,2025-07-26 08:50:00,2025-07-29 11:14:00,53,Female,Emergency,Emergency,2,2,3.1,0,5895.0,BlueCross,Discharged Home,DOC-125
ADM-12955,PAT-1826,2024-01-10 13:14:00,2024-01-11 18:02:00,32,Male,General Medicine,Emergency,3,27,1.2,0,1867.5,Medicaid,Discharged Home,DOC-121
ADM-12956,PAT-2463,2026-05-12 02:43:00,2026-05-15 19:31:00,92,Male,General Medicine,Emergency,3,64,3.7,0,10080.0,BlueCross,Discharged Home,DOC-102
ADM-12957,PAT-1466,2026-02-05 15:24:00,2026-02-06 13:00:00,54,Female,Neurology,Elective,5,51,0.9,0,2467.5,Medicare,Transferred,DOC-116
ADM-12958,PAT-1540,2025-07-09 09:35:00,2025-07-10 19:11:00,70,Female,Emergency,Elective,4,91,1.4,0,8192.5,Medicare,Transferred,DOC-115
ADM-12959,PAT-2485,2024-12-18 13:12:00,2024-12-21 15:36:00,49,Male,Cardiology,Emergency,3,90,3.1,0,8905.0,Medicare,Transferred,DOC-110
ADM-12960,PAT-1332,2026-04-17 19:47:00,2026-04-21 14:59:00,16,Female,Pediatrics,Emergency,3,6,3.8,0,9043.0,BlueCross,Discharged Home,DOC-114
ADM-12961,PAT-1240,2025-02-05 10:28:00,2025-02-06 17:40:00,21,Female,Cardiology,Elective,5,58,1.3,0,7250.0,Self-Pay,Discharged Home,DOC-124
ADM-12962,PAT-1719,2024-06-04 05:40:00,2024-06-16 10:28:00,75,Female,Cardiology,Elective,2,7,12.2,0,34177.5,Medicaid,Discharged Home,DOC-110
ADM-12963,PAT-2038,2025-08-16 00:21:00,2025-08-17 17:09:00,26,Male,Emergency,Urgent,2,4,1.7,0,5852.0,BlueCross,Discharged Home,DOC-113
ADM-12964,PAT-2082,2025-01-23 20:08:00,2025-01-24 22:32:00,59,Female,Emergency,Emergency,4,199,1.1,0,2587.5,BlueCross,Discharged Home,DOC-121
ADM-12965,PAT-2470,2025-02-23 18:42:00,2025-02-26 04:18:00,20,Male,Emergency,Elective,1,2,2.4,0,10183.0,Medicaid,Discharged Home,DOC-115
ADM-12966,PAT-1902,2024-02-11 22:19:00,2024-02-12 10:19:00,32,Female,Orthopedics,Emergency,3,42,0.5,0,1305.0,Aetna,Discharged Home,DOC-114
ADM-12967,PAT-1295,2026-06-19 15:09:00,2026-06-28 05:33:00,85,Male,Cardiology,Emergency,3,11,8.6,0,24107.5,Medicaid,Discharged Home,DOC-102
ADM-12968,PAT-1896,2024-06-25 06:23:00,2024-06-26 01:35:00,75,Female,General Medicine,Emergency,3,2,0.8,0,1971.0,Aetna,Discharged Home,DOC-121
ADM-12969,PAT-1343,2025-12-01 08:15:00,2025-12-02 10:39:00,24,Male,Pediatrics,Elective,4,169,1.1,0,2182.5,Medicaid,Discharged Home,DOC-120
ADM-12970,PAT-2207,2026-03-17 13:41:00,2026-03-23 04:05:00,83,Male,Cardiology,Emergency,2,4,5.6,1,23477.0,BlueCross,Discharged Home,DOC-113
ADM-12971,PAT-2159,2025-02-12 20:53:00,2025-02-17 11:17:00,53,Male,Neurology,Elective,3,125,4.6,1,12272.5,UnitedHealth,Referred to Rehab,DOC-111
ADM-12972,PAT-1896,2024-04-02 04:39:00,2024-04-07 04:39:00,75,Female,General Medicine,Emergency,2,7,5.0,0,10003.5,Medicare,Discharged Home,DOC-102
ADM-12973,PAT-1067,2024-10-21 18:08:00,2024-10-28 20:32:00,54,Female,Orthopedics,Urgent,3,69,7.1,0,25470.5,Medicare,Referred to Rehab,DOC-104
ADM-12974,PAT-1238,2025-01-05 11:56:00,2025-01-09 09:32:00,46,Male,Neurology,Emergency,3,36,3.9,0,18139.0,Medicaid,Discharged Home,DOC-101
ADM-12975,PAT-1663,2025-01-08 11:22:00,2025-01-19 20:58:00,59,Male,Orthopedics,Urgent,3,96,11.4,0,32029.0,Medicare,Discharged Home,DOC-114
ADM-12976,PAT-2127,2024-01-29 23:10:00,2024-02-02 06:22:00,38,Female,General Medicine,Emergency,4,304,3.3,0,5710.0,Medicaid,Discharged Home,DOC-119
ADM-12977,PAT-1266,2024-02-05 03:10:00,2024-02-06 03:10:00,21,Female,Emergency,Elective,5,178,1.0,0,5515.0,BlueCross,Discharged Home,DOC-114
ADM-12978,PAT-1427,2024-06-12 17:43:00,2024-06-20 08:07:00,61,Female,Cardiology,Emergency,2,42,7.6,0,28654.0,Medicare,Discharged Home,DOC-103
ADM-12979,PAT-1515,2026-03-27 13:57:00,2026-04-09 23:33:00,89,Female,Oncology,Elective,1,7,13.4,0,41557.5,BlueCross,Discharged Home,DOC-116
ADM-12980,PAT-2365,2024-01-09 08:00:00,2024-01-09 22:24:00,74,Female,Cardiology,Urgent,2,8,0.6,1,1700.0,Medicare,Discharged Home,DOC-118
ADM-12981,PAT-2037,2024-03-21 23:56:00,2024-03-26 04:44:00,46,Female,Cardiology,Emergency,4,59,4.2,0,11907.5,BlueCross,Referred to Rehab,DOC-110
ADM-12982,PAT-1693,2026-01-18 22:23:00,2026-02-04 03:11:00,22,Male,Orthopedics,Elective,1,2,16.2,0,40058.0,Aetna,Discharged Home,DOC-116
ADM-12983,PAT-1739,2024-10-09 18:05:00,2024-10-13 13:17:00,29,Female,Orthopedics,Urgent,2,12,3.8,0,10776.0,Medicare,Discharged Home,DOC-123
ADM-12984,PAT-1139,2024-05-14 15:55:00,2024-05-15 06:19:00,2,Female,Emergency,Emergency,4,503,0.6,0,9286.5,Medicare,Discharged Home,DOC-106
ADM-12985,PAT-1830,2024-08-23 13:35:00,2024-08-26 13:35:00,15,Male,Emergency,Emergency,3,126,3.0,0,6015.0,Medicare,Transferred,DOC-125
ADM-12986,PAT-1699,2024-01-14 19:33:00,2024-01-15 07:33:00,41,Male,Oncology,Emergency,3,334,0.5,0,7043.0,Medicaid,Discharged Home,DOC-105
ADM-12987,PAT-1487,2025-03-12 01:40:00,2025-03-16 18:28:00,7,Male,Neurology,Emergency,2,3,4.7,0,19808.5,Medicaid,Discharged Home,DOC-115
ADM-12988,PAT-2217,2024-03-18 09:08:00,2024-03-21 04:20:00,50,Female,Orthopedics,Emergency,2,16,2.8,0,11614.0,Medicaid,Discharged Home,DOC-123
ADM-12989,PAT-1204,2026-01-09 03:38:00,2026-01-14 13:14:00,18,Male,Neurology,Urgent,1,2,5.4,0,18611.0,UnitedHealth,Discharged Home,DOC-116
ADM-12990,PAT-2370,2024-03-16 19:30:00,2024-03-19 00:18:00,65,Female,Cardiology,Elective,3,2,2.2,1,6165.0,Medicare,Discharged Home,DOC-118
ADM-12991,PAT-1316,2025-08-01 15:21:00,2025-08-02 22:33:00,78,Male,Emergency,Elective,4,364,1.3,0,8593.0,Aetna,Discharged Home,DOC-107
ADM-12992,PAT-1976,2024-12-17 18:16:00,2024-12-19 23:04:00,51,Male,Neurology,Elective,4,7,2.2,0,11411.5,Medicaid,Expired,DOC-111
ADM-12993,PAT-1255,2024-03-26 09:38:00,2024-03-27 07:14:00,90,Female,Pediatrics,Urgent,4,145,0.9,1,10277.5,Medicare,Discharged Home,DOC-115
ADM-12994,PAT-1684,2024-07-06 10:12:00,2024-07-07 07:48:00,27,Female,Emergency,Emergency,5,130,0.9,0,4486.0,Medicaid,Discharged Home,DOC-106
ADM-12995,PAT-1789,2025-12-10 02:23:00,2025-12-13 07:11:00,65,Male,Emergency,Urgent,3,54,3.2,0,6215.0,Medicare,Expired,DOC-116
ADM-12996,PAT-2490,2025-12-26 15:44:00,2025-12-27 03:44:00,15,Female,Orthopedics,Urgent,5,31,0.5,0,9001.5,Aetna,Discharged Home,DOC-110
ADM-12997,PAT-1391,2025-09-29 15:47:00,2025-10-04 15:47:00,66,Female,General Medicine,Elective,2,12,5.0,0,9379.0,Medicaid,Discharged Home,DOC-113
ADM-12998,PAT-1741,2024-08-16 17:41:00,2024-08-21 22:29:00,21,Female,Orthopedics,Emergency,3,55,5.2,1,18422.5,Medicare,Discharged Home,DOC-106
ADM-12999,PAT-2256,2025-10-18 10:07:00,2025-10-22 02:55:00,53,Male,Emergency,Emergency,3,21,3.7,0,7082.5,BlueCross,Discharged Home,DOC-114
ADM-13000,PAT-1103,2024-01-10 20:31:00,2024-01-20 13:19:00,41,Female,Orthopedics,Emergency,3,2,9.7,0,23285.0,Medicare,Discharged Home,DOC-116
ADM-13001,PAT-1467,2025-02-19 13:02:00,2025-02-23 01:02:00,80,Male,Cardiology,Elective,3,32,3.5,0,18318.0,BlueCross,Discharged Home,DOC-105
ADM-13002,PAT-1257,2024-08-14 14:04:00,2024-08-15 18:52:00,65,Male,Emergency,Emergency,4,154,1.2,0,2665.0,UnitedHealth,Discharged Home,DOC-103
ADM-13003,PAT-2470,2025-11-26 11:20:00,2025-11-29 11:20:00,44,Male,Emergency,Urgent,3,23,3.0,0,5757.5,BlueCross,Discharged Home,DOC-123
ADM-13004,PAT-1232,2024-03-08 08:49:00,2024-03-11 08:49:00,23,Female,Cardiology,Urgent,3,13,3.0,0,16028.5,Medicare,Discharged Home,DOC-119
ADM-13005,PAT-1026,2024-05-08 20:50:00,2024-05-10 08:50:00,48,Female,General Medicine,Emergency,4,62,1.5,0,4686.0,Self-Pay,Discharged Home,DOC-120
ADM-13006,PAT-2080,2025-08-12 18:23:00,2025-08-19 20:47:00,55,Male,Emergency,Emergency,3,4,7.1,0,20832.0,Medicare,Discharged Home,DOC-125
ADM-13007,PAT-2325,2025-12-11 16:25:00,2025-12-27 16:25:00,59,Female,Emergency,Elective,1,2,16.0,0,37436.0,Aetna,Discharged Home,DOC-112
ADM-13008,PAT-1510,2026-02-26 05:34:00,2026-02-26 17:34:00,76,Female,Neurology,Emergency,5,142,0.5,0,5964.0,Medicare,Discharged Home,DOC-108
ADM-13009,PAT-1824,2025-09-11 19:12:00,2025-09-12 00:00:00,18,Male,Emergency,Emergency,4,89,0.2,0,602.5,Medicare,Discharged Home,DOC-102
ADM-13010,PAT-1885,2026-06-04 22:00:00,2026-06-10 02:48:00,60,Male,Orthopedics,Emergency,4,32,5.2,0,12560.0,Medicaid,Discharged Home,DOC-117
ADM-13011,PAT-2001,2024-09-23 22:28:00,2024-09-30 08:04:00,69,Female,Emergency,Emergency,3,50,6.4,0,18637.0,Medicare,Discharged Home,DOC-106
ADM-13012,PAT-2313,2025-09-05 04:54:00,2025-09-08 07:18:00,8,Female,Neurology,Emergency,2,25,3.1,1,14765.5,Medicare,Discharged Home,DOC-114
ADM-13013,PAT-1907,2025-09-28 06:42:00,2025-10-01 18:42:00,43,Male,Orthopedics,Elective,3,39,3.5,0,8497.5,BlueCross,Transferred,DOC-119
ADM-13014,PAT-1819,2026-03-21 23:30:00,2026-03-22 16:18:00,26,Male,Emergency,Emergency,4,45,0.7,0,6512.5,Medicaid,AMA (Against Medical Advice),DOC-111
ADM-13015,PAT-1935,2024-09-09 00:40:00,2024-09-13 12:40:00,74,Male,Oncology,Emergency,4,33,4.5,0,16436.5,Medicaid,Discharged Home,DOC-108
ADM-13016,PAT-2288,2024-11-13 03:27:00,2024-11-17 22:39:00,19,Female,Orthopedics,Elective,3,19,4.8,0,13316.5,Medicaid,Discharged Home,DOC-116
ADM-13017,PAT-1519,2024-07-14 15:39:00,2024-07-17 06:03:00,88,Female,Emergency,Emergency,3,98,2.6,0,5185.0,BlueCross,Discharged Home,DOC-112
ADM-13018,PAT-1091,2024-09-11 04:30:00,2024-09-15 16:30:00,72,Male,Orthopedics,Elective,3,18,4.5,0,10845.0,Medicaid,Transferred,DOC-116
ADM-13019,PAT-2451,2024-02-25 20:03:00,2024-02-26 17:39:00,29,Female,Pediatrics,Emergency,3,27,0.9,0,4192.5,BlueCross,Discharged Home,DOC-123
ADM-13020,PAT-1107,2024-12-15 13:25:00,2024-12-25 06:13:00,50,Female,Emergency,Emergency,3,36,9.7,1,18520.0,Medicare,Discharged Home,DOC-120
ADM-13021,PAT-1320,2024-11-24 07:56:00,2024-11-26 19:56:00,12,Male,Neurology,Emergency,4,63,2.5,1,13814.5,BlueCross,Discharged Home,DOC-116
ADM-13022,PAT-2058,2024-01-22 11:55:00,2024-02-04 11:55:00,36,Female,Orthopedics,Elective,3,13,13.0,0,33560.5,UnitedHealth,Discharged Home,DOC-110
ADM-13023,PAT-2251,2024-04-22 11:22:00,2024-04-26 13:46:00,9,Female,Emergency,Emergency,3,11,4.1,0,15348.5,Medicaid,Discharged Home,DOC-112
ADM-13024,PAT-2016,2025-06-11 21:33:00,2025-06-21 07:09:00,4,Male,General Medicine,Elective,2,48,9.4,0,16994.0,Aetna,Referred to Rehab,DOC-101
ADM-13025,PAT-1881,2025-11-18 22:51:00,2025-11-20 03:39:00,75,Male,Oncology,Emergency,3,45,1.2,0,9715.5,BlueCross,Discharged Home,DOC-123
ADM-13026,PAT-1885,2025-04-14 14:52:00,2025-04-22 02:52:00,71,Male,Oncology,Emergency,2,2,7.5,1,26316.0,Medicare,Discharged Home,DOC-105
ADM-13027,PAT-1112,2025-05-27 12:14:00,2025-05-28 14:38:00,63,Female,Emergency,Elective,4,154,1.1,0,6623.0,Medicaid,Discharged Home,DOC-103
ADM-13028,PAT-1626,2025-06-01 01:26:00,2025-06-02 08:38:00,39,Male,Emergency,Emergency,3,2,1.3,1,7831.0,BlueCross,Discharged Home,DOC-102
ADM-13029,PAT-1161,2026-05-19 01:42:00,2026-05-20 18:30:00,10,Male,Emergency,Elective,3,24,1.7,0,8704.0,Self-Pay,Discharged Home,DOC-117
ADM-13030,PAT-2074,2024-02-09 09:35:00,2024-02-12 09:35:00,49,Male,Neurology,Emergency,2,32,3.0,0,15718.0,Medicaid,Discharged Home,DOC-104
ADM-13031,PAT-1790,2025-06-04 16:08:00,2025-06-08 20:56:00,62,Female,Emergency,Emergency,2,8,4.2,0,14511.0,BlueCross,Discharged Home,DOC-117
ADM-13032,PAT-2402,2025-10-04 01:12:00,2025-10-07 15:36:00,65,Female,Neurology,Emergency,1,2,3.6,0,12992.0,UnitedHealth,Discharged Home,DOC-113
ADM-13033,PAT-2140,2024-01-13 16:21:00,2024-01-16 13:57:00,30,Male,Neurology,Emergency,2,4,2.9,0,13903.0,Medicare,Discharged Home,DOC-101
ADM-13034,PAT-2482,2024-06-07 21:34:00,2024-06-11 09:34:00,67,Female,General Medicine,Elective,3,111,3.5,0,5527.5,Medicare,Discharged Home,DOC-114
ADM-13035,PAT-1579,2025-06-30 07:34:00,2025-07-04 02:46:00,32,Male,Cardiology,Emergency,2,12,3.8,0,10670.0,BlueCross,Discharged Home,DOC-115
ADM-13036,PAT-2065,2024-10-17 20:44:00,2024-10-18 18:20:00,21,Female,Emergency,Elective,4,75,0.9,1,9701.5,Medicaid,Discharged Home,DOC-113
ADM-13037,PAT-1984,2025-06-23 17:34:00,2025-07-03 22:22:00,36,Female,Pediatrics,Elective,1,5,10.2,0,20513.5,Self-Pay,Discharged Home,DOC-118
ADM-13038,PAT-1691,2024-12-28 14:42:00,2024-12-31 12:18:00,21,Female,Neurology,Emergency,2,21,2.9,0,7592.5,BlueCross,Discharged Home,DOC-112
ADM-13039,PAT-1823,2025-10-02 22:23:00,2025-10-04 17:35:00,27,Male,Orthopedics,Emergency,4,2,1.8,0,9646.0,Medicare,Discharged Home,DOC-101
ADM-13040,PAT-2474,2025-03-14 11:18:00,2025-03-15 11:18:00,57,Female,Cardiology,Emergency,4,6,1.0,0,5067.0,Medicare,Discharged Home,DOC-116
ADM-13041,PAT-2440,2024-04-11 12:55:00,2024-04-13 00:55:00,53,Male,Emergency,Emergency,3,6,1.5,0,7929.0,BlueCross,Transferred,DOC-119
ADM-13042,PAT-1329,2025-11-20 05:14:00,2025-11-24 19:38:00,80,Female,Emergency,Emergency,2,31,4.6,1,8817.5,Medicare,Discharged Home,DOC-109
ADM-13043,PAT-2361,2024-11-24 00:48:00,2024-11-30 20:00:00,80,Female,Emergency,Emergency,3,2,6.8,0,16227.0,Medicaid,Discharged Home,DOC-102
ADM-13044,PAT-2038,2025-08-04 16:55:00,2025-08-05 09:43:00,39,Male,Emergency,Emergency,4,101,0.7,0,6345.5,Medicaid,Discharged Home,DOC-105
ADM-13045,PAT-1634,2024-07-26 09:37:00,2024-07-29 14:25:00,13,Male,Emergency,Elective,3,25,3.2,0,6142.5,Medicare,Transferred,DOC-122
ADM-13046,PAT-1121,2024-08-16 10:40:00,2024-08-23 22:40:00,64,Female,Emergency,Elective,3,75,7.5,0,14437.5,BlueCross,Discharged Home,DOC-108
ADM-13047,PAT-1036,2025-03-24 19:23:00,2025-03-28 16:59:00,16,Male,Orthopedics,Elective,3,40,3.9,0,15234.0,UnitedHealth,Discharged Home,DOC-109
ADM-13048,PAT-1846,2025-12-10 06:38:00,2025-12-11 06:38:00,90,Female,Neurology,Emergency,4,16,1.0,0,2640.0,Medicaid,Discharged Home,DOC-113
ADM-13049,PAT-1321,2025-10-09 13:47:00,2025-10-18 16:11:00,28,Female,Emergency,Emergency,1,3,9.1,0,17297.5,Medicaid,Discharged Home,DOC-108
ADM-13050,PAT-1076,2025-01-26 15:58:00,2025-01-30 20:46:00,25,Female,Emergency,Elective,3,72,4.2,0,15606.0,Medicare,Transferred,DOC-104
ADM-13051,PAT-1377,2026-04-25 08:57:00,2026-04-28 20:57:00,67,Male,General Medicine,Elective,2,2,3.5,0,5255.0,UnitedHealth,Discharged Home,DOC-121
ADM-13052,PAT-1339,2025-02-16 14:43:00,2025-02-17 12:19:00,17,Female,Emergency,Elective,2,29,0.9,0,1782.5,Medicaid,Discharged Home,DOC-104
ADM-13053,PAT-1368,2026-02-28 09:24:00,2026-03-08 14:12:00,36,Female,Neurology,Emergency,2,22,8.2,1,26906.0,BlueCross,Discharged Home,DOC-118
ADM-13054,PAT-1781,2025-04-30 13:20:00,2025-05-08 08:32:00,81,Male,General Medicine,Elective,3,38,7.8,0,19087.0,Medicare,Transferred,DOC-110
ADM-13055,PAT-1620,2026-03-29 08:51:00,2026-04-02 13:39:00,75,Male,Orthopedics,Emergency,1,2,4.2,0,11807.0,Medicare,Discharged Home,DOC-118
ADM-13056,PAT-1804,2024-08-28 15:46:00,2024-08-29 03:46:00,41,Female,Oncology,Urgent,3,364,0.5,0,2460.0,Medicare,Discharged Home,DOC-108
ADM-13057,PAT-1150,2025-11-26 12:59:00,2025-11-27 20:11:00,35,Female,Orthopedics,Urgent,4,27,1.3,0,10340.5,Medicare,Discharged Home,DOC-109
ADM-13058,PAT-1248,2025-01-27 02:54:00,2025-01-29 19:42:00,64,Male,General Medicine,Emergency,3,15,2.7,0,4087.5,Medicaid,Discharged Home,DOC-103
ADM-13059,PAT-2026,2026-01-21 10:45:00,2026-01-23 03:33:00,49,Male,General Medicine,Emergency,4,13,1.7,0,6181.5,BlueCross,AMA (Against Medical Advice),DOC-122
ADM-13060,PAT-2227,2025-07-27 18:50:00,2025-07-30 21:14:00,69,Female,Cardiology,Elective,3,77,3.1,0,11103.5,BlueCross,Discharged Home,DOC-102
ADM-13061,PAT-1451,2026-02-12 02:22:00,2026-02-16 02:22:00,54,Male,Emergency,Emergency,3,85,4.0,0,9220.5,Medicaid,Discharged Home,DOC-118
ADM-13062,PAT-2297,2025-12-15 07:54:00,2025-12-19 10:18:00,81,Male,Emergency,Emergency,2,13,4.1,0,7822.5,Medicaid,Discharged Home,DOC-115
ADM-13063,PAT-2202,2025-05-29 12:19:00,2025-06-10 14:43:00,85,Male,Emergency,Elective,2,3,12.1,0,28187.5,Medicare,Referred to Rehab,DOC-102
ADM-13064,PAT-1791,2025-06-23 07:15:00,2025-07-04 02:27:00,55,Female,Emergency,Emergency,1,2,10.8,0,20525.0,BlueCross,Discharged Home,DOC-109
ADM-13065,PAT-1724,2026-02-21 05:12:00,2026-02-27 17:12:00,56,Male,Emergency,Elective,2,9,6.5,0,18290.5,Medicare,Discharged Home,DOC-120
ADM-13066,PAT-1550,2024-08-15 07:19:00,2024-08-16 07:19:00,69,Male,Emergency,Elective,3,47,1.0,0,10195.5,BlueCross,Discharged Home,DOC-109
ADM-13067,PAT-2266,2024-09-09 20:46:00,2024-09-10 15:58:00,46,Male,Pediatrics,Emergency,4,200,0.8,0,1780.0,Medicaid,Discharged Home,DOC-124
ADM-13068,PAT-2259,2024-11-03 02:25:00,2024-11-10 19:13:00,20,Female,Emergency,Emergency,3,78,7.7,0,14825.0,BlueCross,Discharged Home,DOC-108
ADM-13069,PAT-1343,2024-03-07 23:59:00,2024-03-09 11:59:00,42,Male,General Medicine,Emergency,4,28,1.5,0,3192.0,Medicare,Discharged Home,DOC-113
ADM-13070,PAT-1494,2025-06-30 20:34:00,2025-07-05 15:46:00,39,Male,Neurology,Elective,3,28,4.8,0,15772.0,Medicare,Discharged Home,DOC-104
ADM-13071,PAT-1339,2024-10-22 00:43:00,2024-10-23 15:07:00,58,Female,Neurology,Urgent,4,28,1.6,0,4230.0,Aetna,Referred to Rehab,DOC-117
ADM-13072,PAT-1819,2026-03-04 21:41:00,2026-03-06 12:05:00,37,Female,Cardiology,Urgent,3,29,1.6,0,11739.5,UnitedHealth,AMA (Against Medical Advice),DOC-109
ADM-13073,PAT-2041,2025-10-27 08:24:00,2025-10-28 10:48:00,48,Male,Cardiology,Emergency,3,22,1.1,1,4507.0,BlueCross,Discharged Home,DOC-102
ADM-13074,PAT-1933,2025-05-12 07:34:00,2025-05-13 19:34:00,73,Female,Emergency,Elective,3,56,1.5,0,6055.0,Aetna,Discharged Home,DOC-110
ADM-13075,PAT-2219,2025-06-24 03:31:00,2025-06-24 10:43:00,52,Female,Emergency,Elective,4,34,0.3,0,4778.0,BlueCross,Transferred,DOC-123
ADM-13076,PAT-1866,2024-06-23 03:10:00,2024-06-25 17:34:00,19,Male,Neurology,Emergency,2,14,2.6,0,6795.0,Aetna,Discharged Home,DOC-112
ADM-13077,PAT-1684,2024-08-26 22:43:00,2024-08-31 22:43:00,32,Male,Orthopedics,Elective,4,25,5.0,0,15044.5,Medicare,Discharged Home,DOC-124
ADM-13078,PAT-1833,2025-05-06 23:12:00,2025-05-10 04:00:00,29,Male,Oncology,Emergency,3,15,3.2,0,9957.5,Medicare,Discharged Home,DOC-108
ADM-13079,PAT-1737,2025-09-24 23:42:00,2025-09-29 09:18:00,18,Female,General Medicine,Elective,3,3,4.4,0,11887.5,Medicare,Discharged Home,DOC-121
ADM-13080,PAT-1827,2026-01-27 20:56:00,2026-01-30 06:32:00,24,Male,Emergency,Elective,3,6,2.4,0,11886.0,Medicaid,Discharged Home,DOC-104
ADM-13081,PAT-1930,2024-10-06 17:17:00,2024-10-13 19:41:00,36,Male,Orthopedics,Emergency,3,11,7.1,0,23487.5,BlueCross,Discharged Home,DOC-107
ADM-13082,PAT-2147,2025-11-08 08:18:00,2025-11-09 10:42:00,45,Female,Pediatrics,Elective,3,24,1.1,0,3576.0,BlueCross,Discharged Home,DOC-122
ADM-13083,PAT-1794,2024-09-04 09:20:00,2024-09-04 21:20:00,48,Male,Cardiology,Emergency,4,11,0.5,1,8407.5,Medicaid,AMA (Against Medical Advice),DOC-125
ADM-13084,PAT-1986,2025-01-09 12:25:00,2025-01-14 07:37:00,32,Male,Emergency,Elective,2,2,4.8,0,10454.0,Medicare,Discharged Home,DOC-108
ADM-13085,PAT-1654,2025-02-01 04:39:00,2025-02-04 07:03:00,37,Male,Emergency,Elective,2,44,3.1,0,6000.0,Medicaid,Discharged Home,DOC-119
ADM-13086,PAT-2141,2024-11-05 13:40:00,2024-11-10 04:04:00,29,Female,Neurology,Emergency,2,2,4.6,0,11965.0,Medicare,Discharged Home,DOC-123
ADM-13087,PAT-2220,2025-01-04 16:35:00,2025-01-10 06:59:00,49,Female,General Medicine,Emergency,2,32,5.6,0,8480.0,Aetna,Discharged Home,DOC-120
ADM-13088,PAT-2469,2025-12-13 03:22:00,2025-12-14 05:46:00,26,Female,Emergency,Urgent,5,32,1.1,0,5926.0,BlueCross,Transferred,DOC-119
ADM-13089,PAT-1309,2024-12-03 00:48:00,2024-12-04 05:36:00,28,Male,Emergency,Emergency,3,103,1.2,0,4459.5,Medicare,Discharged Home,DOC-102
ADM-13090,PAT-1014,2024-03-26 11:09:00,2024-03-29 11:09:00,39,Male,General Medicine,Elective,3,40,3.0,1,8501.0,Medicare,Discharged Home,DOC-119
ADM-13091,PAT-1941,2024-05-22 02:59:00,2024-05-23 12:35:00,35,Male,Orthopedics,Elective,3,86,1.4,1,4084.0,BlueCross,Discharged Home,DOC-124
ADM-13092,PAT-2138,2025-11-12 12:48:00,2025-11-14 22:24:00,66,Female,Emergency,Elective,2,2,2.4,1,10180.0,Medicaid,Discharged Home,DOC-122
ADM-13093,PAT-2406,2024-03-16 02:05:00,2024-03-19 09:17:00,50,Male,Emergency,Emergency,2,10,3.3,0,6295.0,Medicare,Discharged Home,DOC-104
ADM-13094,PAT-2011,2026-05-26 12:23:00,2026-05-28 14:47:00,38,Female,Emergency,Elective,3,44,2.1,0,10536.0,BlueCross,Discharged Home,DOC-120
ADM-13095,PAT-1283,2026-06-18 04:46:00,2026-06-18 16:46:00,20,Male,General Medicine,Emergency,5,14,0.5,0,785.0,Medicaid,Transferred,DOC-103
ADM-13096,PAT-2077,2025-01-28 02:09:00,2025-01-29 11:45:00,13,Female,Cardiology,Emergency,5,508,1.4,0,10829.0,Medicare,Discharged Home,DOC-108
ADM-13097,PAT-1059,2025-12-07 21:25:00,2025-12-09 09:25:00,79,Male,Cardiology,Emergency,2,5,1.5,0,6667.5,Medicaid,Discharged Home,DOC-107
ADM-13098,PAT-1648,2024-01-16 08:19:00,2024-01-16 17:55:00,31,Female,Emergency,Emergency,4,18,0.4,1,6764.0,Aetna,Discharged Home,DOC-119
ADM-13099,PAT-1467,2026-06-25 21:40:00,2026-06-27 02:28:00,50,Male,Emergency,Elective,4,28,1.2,0,10317.0,Medicare,Discharged Home,DOC-113
ADM-13100,PAT-2233,2026-05-15 05:38:00,2026-05-19 05:38:00,32,Female,Orthopedics,Emergency,3,32,4.0,0,12744.0,Medicare,Discharged Home,DOC-120
ADM-13101,PAT-1848,2026-02-17 08:28:00,2026-02-18 22:52:00,55,Female,Emergency,Urgent,3,4,1.6,0,9669.0,Medicaid,Discharged Home,DOC-125
ADM-13102,PAT-2440,2024-11-12 07:35:00,2024-11-14 02:47:00,34,Male,Neurology,Elective,3,12,1.8,0,4710.0,Medicaid,Discharged Home,DOC-101
ADM-13103,PAT-2239,2025-05-05 02:54:00,2025-05-06 10:06:00,88,Female,Emergency,Emergency,4,188,1.3,0,2940.0,Medicaid,Discharged Home,DOC-122
ADM-13104,PAT-2351,2026-03-09 16:26:00,2026-03-10 11:38:00,66,Male,General Medicine,Emergency,3,39,0.8,0,9407.5,Aetna,Discharged Home,DOC-106
ADM-13105,PAT-1729,2025-02-03 08:02:00,2025-02-06 08:02:00,50,Female,Orthopedics,Emergency,3,60,3.0,0,8802.0,Self-Pay,Discharged Home,DOC-124
ADM-13106,PAT-1812,2024-07-13 11:03:00,2024-07-18 20:39:00,77,Male,Emergency,Emergency,2,32,5.4,0,11433.0,BlueCross,Discharged Home,DOC-101
ADM-13107,PAT-1358,2025-04-24 07:45:00,2025-04-26 19:45:00,29,Female,Orthopedics,Emergency,3,16,2.5,0,14487.0,Medicaid,Referred to Rehab,DOC-119
ADM-13108,PAT-1400,2024-03-10 19:15:00,2024-03-11 19:15:00,64,Female,Cardiology,Emergency,5,2,1.0,0,9990.0,UnitedHealth,Discharged Home,DOC-124
ADM-13109,PAT-1924,2025-05-05 23:03:00,2025-05-09 01:27:00,48,Male,Emergency,Elective,2,5,3.1,0,5902.5,BlueCross,Discharged Home,DOC-115
ADM-13110,PAT-1024,2024-12-29 13:24:00,2024-12-31 20:36:00,84,Male,Emergency,Emergency,3,31,2.3,0,8740.5,Medicare,Discharged Home,DOC-104
ADM-13111,PAT-1211,2024-07-29 07:05:00,2024-08-01 19:05:00,29,Male,Emergency,Emergency,3,19,3.5,1,6697.5,Self-Pay,Discharged Home,DOC-102
ADM-13112,PAT-1740,2025-08-14 05:40:00,2025-08-21 10:28:00,47,Male,Oncology,Elective,2,21,7.2,0,28094.5,Medicaid,Discharged Home,DOC-117
ADM-13113,PAT-1955,2026-06-28 16:06:00,2026-07-03 08:54:00,44,Male,Emergency,Urgent,2,2,4.7,0,13708.0,Medicare,Discharged Home,DOC-103
ADM-13114,PAT-1351,2026-02-19 09:55:00,2026-02-20 21:55:00,68,Female,Orthopedics,Emergency,3,24,1.5,0,5383.0,UnitedHealth,Discharged Home,DOC-116
ADM-13115,PAT-1273,2025-07-17 10:04:00,2025-07-19 00:28:00,20,Male,General Medicine,Elective,2,65,1.6,0,2562.5,Medicare,Discharged Home,DOC-122
ADM-13116,PAT-1142,2025-09-19 23:49:00,2025-09-25 23:49:00,39,Female,Orthopedics,Elective,3,19,6.0,0,22221.5,BlueCross,Discharged Home,DOC-113
ADM-13117,PAT-1668,2024-12-05 03:07:00,2024-12-06 07:55:00,23,Female,Orthopedics,Emergency,4,15,1.2,1,3576.5,BlueCross,Expired,DOC-112
ADM-13118,PAT-1165,2025-12-06 18:21:00,2025-12-07 11:09:00,34,Female,Cardiology,Emergency,3,75,0.7,1,8463.5,BlueCross,Discharged Home,DOC-114
ADM-13119,PAT-1354,2025-03-04 00:21:00,2025-03-04 12:21:00,71,Male,Cardiology,Elective,5,81,0.5,1,3204.5,BlueCross,Discharged Home,DOC-111
ADM-13120,PAT-1078,2024-01-03 06:29:00,2024-01-19 06:29:00,66,Male,General Medicine,Emergency,1,4,16.0,1,30103.0,Medicaid,Discharged Home,DOC-121
ADM-13121,PAT-1562,2025-03-21 19:33:00,2025-03-26 05:09:00,32,Male,Emergency,Urgent,2,9,4.4,0,8382.5,BlueCross,Discharged Home,DOC-101
ADM-13122,PAT-2241,2024-05-06 14:24:00,2024-05-07 21:36:00,59,Male,Emergency,Emergency,3,42,1.3,0,9502.0,Medicare,Expired,DOC-113
ADM-13123,PAT-2143,2024-09-11 07:02:00,2024-09-25 07:02:00,41,Male,Emergency,Elective,3,9,14.0,0,29204.5,UnitedHealth,Discharged Home,DOC-109
ADM-13124,PAT-1131,2024-09-27 19:48:00,2024-09-28 15:00:00,49,Female,Emergency,Emergency,4,21,0.8,0,1572.5,BlueCross,Discharged Home,DOC-110
ADM-13125,PAT-1678,2025-05-16 13:53:00,2025-05-18 01:53:00,21,Male,Orthopedics,Elective,2,44,1.5,0,3710.0,Medicare,Discharged Home,DOC-114
ADM-13126,PAT-2419,2024-10-29 03:16:00,2024-10-31 22:28:00,34,Male,Emergency,Elective,3,22,2.8,1,5375.0,Medicare,Discharged Home,DOC-101
ADM-13127,PAT-2339,2026-01-18 06:39:00,2026-01-22 18:39:00,64,Male,Emergency,Emergency,3,67,4.5,0,8717.5,Medicare,Discharged Home,DOC-123
ADM-13128,PAT-1678,2024-05-16 22:33:00,2024-05-18 12:57:00,68,Male,Emergency,Emergency,3,17,1.6,0,8109.5,Aetna,Discharged Home,DOC-111
ADM-13129,PAT-2030,2024-08-28 11:56:00,2024-09-04 04:44:00,66,Female,Orthopedics,Elective,3,29,6.7,1,22715.5,Medicare,Referred to Rehab,DOC-123
ADM-13130,PAT-2460,2026-02-03 23:05:00,2026-02-04 11:05:00,33,Female,Emergency,Emergency,4,75,0.5,0,1137.5,Aetna,Discharged Home,DOC-103
ADM-13131,PAT-1237,2025-06-02 23:24:00,2025-06-10 23:24:00,81,Female,Orthopedics,Emergency,2,15,8.0,0,21224.5,BlueCross,Discharged Home,DOC-123
ADM-13132,PAT-2112,2025-03-31 09:25:00,2025-04-02 21:25:00,6,Male,Neurology,Emergency,3,35,2.5,0,7240.5,Medicare,Discharged Home,DOC-101
ADM-13133,PAT-1521,2025-12-24 20:14:00,2026-01-03 10:38:00,63,Male,Orthopedics,Emergency,2,29,9.6,0,30466.5,Aetna,Discharged Home,DOC-103
ADM-13134,PAT-1633,2025-12-20 11:12:00,2025-12-21 20:48:00,23,Female,Emergency,Emergency,4,144,1.4,0,8932.0,BlueCross,Discharged Home,DOC-120
ADM-13135,PAT-1370,2025-03-29 10:57:00,2025-03-30 18:09:00,69,Female,Cardiology,Elective,3,82,1.3,0,9256.0,Medicaid,Discharged Home,DOC-103
ADM-13136,PAT-1219,2024-01-19 10:25:00,2024-01-23 10:25:00,7,Male,Neurology,Urgent,4,90,4.0,0,14956.0,Medicare,Discharged Home,DOC-105
ADM-13137,PAT-1905,2024-03-30 13:16:00,2024-04-01 08:28:00,92,Male,Oncology,Emergency,4,72,1.8,0,5760.0,Medicare,Transferred,DOC-112
ADM-13138,PAT-2086,2025-11-06 05:43:00,2025-11-06 15:19:00,19,Female,Emergency,Emergency,4,45,0.4,0,3022.5,Aetna,Discharged Home,DOC-117
ADM-13139,PAT-2218,2024-10-05 15:39:00,2024-10-06 20:27:00,46,Male,General Medicine,Emergency,4,9,1.2,1,8452.5,BlueCross,Transferred,DOC-122
ADM-13140,PAT-2039,2025-12-04 16:55:00,2025-12-08 02:31:00,36,Male,Orthopedics,Emergency,3,5,3.4,0,8172.5,Medicaid,Transferred,DOC-124
ADM-13141,PAT-1239,2025-08-14 20:17:00,2025-08-16 10:41:00,41,Female,Orthopedics,Urgent,4,39,1.6,0,3937.5,Medicaid,Transferred,DOC-111
ADM-13142,PAT-2425,2026-02-05 18:27:00,2026-02-14 11:15:00,53,Female,General Medicine,Emergency,3,35,8.7,0,19179.5,Aetna,Discharged Home,DOC-105
ADM-13143,PAT-2051,2025-06-08 22:15:00,2025-06-09 05:27:00,88,Female,Emergency,Elective,4,9,0.3,0,3207.5,Aetna,Discharged Home,DOC-119
ADM-13144,PAT-1957,2025-10-22 00:08:00,2025-10-22 19:20:00,53,Male,Emergency,Emergency,5,27,0.8,0,4418.5,BlueCross,Discharged Home,DOC-120
ADM-13145,PAT-2490,2025-12-01 21:55:00,2025-12-03 17:07:00,43,Female,General Medicine,Emergency,5,83,1.8,0,10530.5,Medicare,Referred to Rehab,DOC-109
ADM-13146,PAT-1225,2026-01-31 14:32:00,2026-02-02 00:08:00,32,Male,Orthopedics,Emergency,3,46,1.4,0,3475.0,Aetna,Discharged Home,DOC-111
ADM-13147,PAT-1583,2025-08-04 03:43:00,2025-08-10 03:43:00,27,Female,Emergency,Emergency,2,8,6.0,0,12173.0,Medicare,Discharged Home,DOC-124
ADM-13148,PAT-1530,2025-09-17 17:36:00,2025-09-22 20:00:00,91,Male,Oncology,Elective,2,2,5.1,0,15815.0,Aetna,Discharged Home,DOC-123
ADM-13149,PAT-2162,2025-01-07 17:16:00,2025-01-08 05:16:00,65,Female,General Medicine,Emergency,4,37,0.5,0,5032.5,Medicare,Discharged Home,DOC-108
ADM-13150,PAT-2376,2025-01-22 16:16:00,2025-01-30 18:40:00,92,Male,Emergency,Emergency,2,10,8.1,1,22663.0,Medicaid,Discharged Home,DOC-110
ADM-13151,PAT-2386,2025-03-29 22:15:00,2025-03-30 22:15:00,33,Male,Cardiology,Elective,4,2,1.0,0,9910.0,Medicare,Discharged Home,DOC-115
ADM-13152,PAT-1953,2024-11-19 22:26:00,2024-11-24 15:14:00,21,Male,Neurology,Elective,2,14,4.7,0,12255.0,UnitedHealth,Discharged Home,DOC-116
ADM-13153,PAT-2040,2024-07-14 06:44:00,2024-07-14 18:44:00,30,Male,Orthopedics,Emergency,2,2,0.5,0,5809.0,Medicaid,AMA (Against Medical Advice),DOC-101
ADM-13154,PAT-1483,2024-05-13 18:55:00,2024-05-15 09:19:00,31,Female,Emergency,Elective,2,12,1.6,0,3070.0,UnitedHealth,Discharged Home,DOC-124
ADM-13155,PAT-1383,2024-11-18 06:40:00,2024-11-20 18:40:00,20,Female,Emergency,Emergency,3,36,2.5,0,4840.0,Medicare,Transferred,DOC-123
ADM-13156,PAT-2374,2024-06-08 08:57:00,2024-06-09 08:57:00,49,Female,Emergency,Urgent,4,119,1.0,0,2197.5,Aetna,Discharged Home,DOC-105
ADM-13157,PAT-1503,2025-03-10 20:54:00,2025-03-12 23:18:00,61,Female,Cardiology,Emergency,3,99,2.1,1,6127.5,UnitedHealth,Discharged Home,DOC-108
ADM-13158,PAT-2454,2024-02-12 05:04:00,2024-02-15 07:28:00,57,Female,Orthopedics,Elective,3,11,3.1,0,7467.5,Medicaid,Discharged Home,DOC-116
ADM-13159,PAT-1515,2026-03-22 12:18:00,2026-03-24 09:54:00,59,Female,Pediatrics,Emergency,3,100,1.9,0,10338.0,Self-Pay,Discharged Home,DOC-113
ADM-13160,PAT-1227,2025-11-09 20:22:00,2025-11-10 03:34:00,21,Male,Emergency,Elective,4,116,0.3,0,5272.0,Medicare,Discharged Home,DOC-125
ADM-13161,PAT-1029,2024-04-15 05:15:00,2024-04-15 17:15:00,28,Female,Cardiology,Emergency,5,32,0.5,0,1480.0,BlueCross,Referred to Rehab,DOC-118
ADM-13162,PAT-2329,2025-01-08 13:10:00,2025-01-15 01:10:00,38,Male,Emergency,Elective,3,8,6.5,0,12370.0,BlueCross,Discharged Home,DOC-123
ADM-13163,PAT-1722,2025-01-13 11:03:00,2025-01-15 13:27:00,39,Female,General Medicine,Emergency,1,2,2.1,0,6441.0,BlueCross,Discharged Home,DOC-102
ADM-13164,PAT-1258,2024-01-07 17:03:00,2024-01-12 09:51:00,81,Female,Cardiology,Emergency,3,38,4.7,0,20047.0,Medicaid,Discharged Home,DOC-122
ADM-13165,PAT-1638,2025-02-23 06:32:00,2025-02-24 01:44:00,25,Female,Neurology,Elective,3,22,0.8,1,7555.0,Medicare,Discharged Home,DOC-122
ADM-13166,PAT-1841,2025-02-13 19:18:00,2025-02-14 07:18:00,62,Male,General Medicine,Emergency,5,210,0.5,0,1275.0,UnitedHealth,Discharged Home,DOC-105
ADM-13167,PAT-1868,2024-03-04 19:15:00,2024-03-06 19:15:00,67,Male,Emergency,Elective,3,31,2.0,0,12150.5,Medicaid,Discharged Home,DOC-101
ADM-13168,PAT-1820,2025-03-18 21:57:00,2025-04-07 21:57:00,90,Male,General Medicine,Elective,1,12,20.0,1,34316.0,UnitedHealth,Discharged Home,DOC-124
ADM-13169,PAT-1137,2024-02-27 07:04:00,2024-02-27 19:04:00,49,Male,Neurology,Elective,3,51,0.5,0,3637.5,Medicare,Discharged Home,DOC-120
ADM-13170,PAT-1067,2024-04-27 13:03:00,2024-05-01 17:51:00,15,Male,Orthopedics,Emergency,3,32,4.2,1,10160.0,Self-Pay,Transferred,DOC-121
ADM-13171,PAT-1396,2026-01-28 20:21:00,2026-02-02 13:09:00,67,Male,Cardiology,Emergency,1,2,4.7,0,13165.0,Medicare,Discharged Home,DOC-121
ADM-13172,PAT-2248,2024-01-26 16:23:00,2024-02-02 04:23:00,5,Male,Orthopedics,Emergency,3,35,6.5,0,15687.5,Aetna,Discharged Home,DOC-114
ADM-13173,PAT-1086,2025-10-30 15:48:00,2025-11-19 18:12:00,50,Male,Cardiology,Urgent,1,2,20.1,1,59076.0,BlueCross,Discharged Home,DOC-125
ADM-13174,PAT-1110,2025-05-17 18:28:00,2025-05-19 01:40:00,65,Female,Cardiology,Emergency,2,2,1.3,0,7789.0,BlueCross,Discharged Home,DOC-118
ADM-13175,PAT-1297,2025-12-10 22:32:00,2025-12-14 15:20:00,52,Male,Orthopedics,Elective,3,4,3.7,0,15072.0,Medicaid,Discharged Home,DOC-101
ADM-13176,PAT-1162,2024-10-25 08:49:00,2024-10-31 04:01:00,64,Male,Emergency,Urgent,3,6,5.8,0,14968.0,Aetna,Discharged Home,DOC-119
ADM-13177,PAT-1663,2024-01-14 19:22:00,2024-01-19 21:46:00,54,Female,Pediatrics,Emergency,3,43,5.1,0,14440.5,Medicare,Discharged Home,DOC-121
ADM-13178,PAT-1873,2026-04-16 11:41:00,2026-04-18 21:17:00,9,Female,Orthopedics,Elective,5,75,2.4,0,5947.5,Medicare,Discharged Home,DOC-115
ADM-13179,PAT-2126,2025-07-14 18:18:00,2025-07-19 06:18:00,54,Female,General Medicine,Urgent,3,2,4.5,0,6755.0,Medicare,Discharged Home,DOC-123
ADM-13180,PAT-2431,2025-04-14 01:48:00,2025-04-14 13:48:00,56,Female,Neurology,Emergency,4,11,0.5,0,2534.5,Medicare,Discharged Home,DOC-120
ADM-13181,PAT-2052,2024-06-07 13:36:00,2024-06-08 13:36:00,37,Female,Emergency,Emergency,3,30,1.0,0,8992.0,Self-Pay,Discharged Home,DOC-117
ADM-13182,PAT-1300,2024-09-20 04:04:00,2024-10-01 06:28:00,13,Female,Cardiology,Elective,2,15,11.1,0,31627.5,Medicare,Discharged Home,DOC-116
ADM-13183,PAT-1152,2026-01-16 13:34:00,2026-01-17 11:10:00,47,Female,Emergency,Emergency,4,113,0.9,0,1992.5,Medicare,Transferred,DOC-123
ADM-13184,PAT-2313,2025-10-13 02:11:00,2025-10-13 11:47:00,55,Female,Emergency,Emergency,4,20,0.4,0,2873.0,Medicaid,Discharged Home,DOC-106
ADM-13185,PAT-1537,2025-01-17 22:56:00,2025-01-29 13:20:00,67,Male,Orthopedics,Emergency,2,9,11.6,0,29043.5,Medicaid,Expired,DOC-101
ADM-13186,PAT-1173,2025-07-23 00:40:00,2025-07-27 22:16:00,37,Female,Emergency,Emergency,2,17,4.9,0,9874.5,Medicare,Discharged Home,DOC-104
ADM-13187,PAT-1965,2025-05-12 03:30:00,2025-05-15 20:18:00,62,Female,General Medicine,Elective,2,15,3.7,1,5587.5,Medicaid,Discharged Home,DOC-115
ADM-13188,PAT-2328,2024-02-29 09:43:00,2024-03-02 21:43:00,41,Female,Cardiology,Emergency,5,99,2.5,0,7247.5,Aetna,Discharged Home,DOC-118
ADM-13189,PAT-2185,2025-04-08 23:52:00,2025-04-18 04:40:00,60,Female,Emergency,Elective,3,5,9.2,0,17492.5,Medicaid,Discharged Home,DOC-114
ADM-13190,PAT-1170,2026-04-28 19:28:00,2026-05-02 00:16:00,73,Male,Emergency,Emergency,2,41,3.2,0,7101.5,Medicaid,Discharged Home,DOC-102
ADM-13191,PAT-1217,2026-01-13 06:01:00,2026-01-13 18:01:00,82,Male,Pediatrics,Emergency,5,21,0.5,1,852.5,Aetna,Transferred,DOC-112
ADM-13192,PAT-2362,2025-12-21 23:18:00,2025-12-25 06:30:00,76,Male,Orthopedics,Urgent,3,42,3.3,1,8793.0,Medicaid,Discharged Home,DOC-122
ADM-13193,PAT-1352,2024-10-02 22:07:00,2024-10-05 14:55:00,29,Female,Orthopedics,Emergency,2,6,2.7,0,12670.0,Aetna,Discharged Home,DOC-111
ADM-13194,PAT-2310,2025-09-01 15:24:00,2025-09-02 08:12:00,45,Female,Pediatrics,Emergency,5,38,0.7,0,3799.0,Medicare,Discharged Home,DOC-106
ADM-13195,PAT-1709,2025-11-16 22:08:00,2025-11-20 10:08:00,92,Female,Oncology,Urgent,4,159,3.5,0,11247.5,Medicaid,Discharged Home,DOC-113
ADM-13196,PAT-1582,2024-10-25 01:20:00,2024-10-29 15:44:00,77,Female,Neurology,Elective,3,56,4.6,0,19046.0,Medicare,Referred to Rehab,DOC-112
ADM-13197,PAT-1190,2026-06-08 15:09:00,2026-06-10 22:21:00,60,Male,Orthopedics,Urgent,3,24,2.3,0,12602.0,Medicare,Referred to Rehab,DOC-124
ADM-13198,PAT-2174,2026-02-24 00:09:00,2026-02-25 00:09:00,30,Female,Cardiology,Urgent,5,145,1.0,0,6285.5,Medicare,Discharged Home,DOC-125
ADM-13199,PAT-1181,2026-03-30 12:23:00,2026-04-12 21:59:00,27,Male,General Medicine,Emergency,3,19,13.4,0,25688.5,Medicare,Discharged Home,DOC-117
ADM-13200,PAT-2042,2025-06-11 01:59:00,2025-06-11 23:35:00,26,Male,Emergency,Elective,2,2,0.9,0,1715.0,BlueCross,Discharged Home,DOC-111
ADM-13201,PAT-2030,2025-03-30 08:43:00,2025-04-03 13:31:00,13,Female,Emergency,Emergency,3,46,4.2,1,8095.0,Medicaid,Discharged Home,DOC-120
ADM-13202,PAT-2182,2026-02-22 08:18:00,2026-02-24 03:30:00,24,Female,Emergency,Urgent,2,6,1.8,0,3435.0,BlueCross,Discharged Home,DOC-124
ADM-13203,PAT-2210,2025-12-18 17:41:00,2025-12-21 15:17:00,21,Male,Cardiology,Emergency,3,15,2.9,0,8157.5,UnitedHealth,AMA (Against Medical Advice),DOC-103
ADM-13204,PAT-2094,2025-09-02 07:35:00,2025-09-04 02:47:00,31,Female,Emergency,Emergency,3,6,1.8,0,4560.0,Medicare,Discharged Home,DOC-119
ADM-13205,PAT-1843,2026-04-18 22:29:00,2026-04-21 00:53:00,34,Male,Emergency,Emergency,3,34,2.1,0,10263.0,Medicare,Discharged Home,DOC-109
ADM-13206,PAT-2419,2025-11-03 14:17:00,2025-11-09 02:17:00,47,Male,Oncology,Elective,2,13,5.5,0,17082.5,Medicaid,Discharged Home,DOC-116
ADM-13207,PAT-2357,2025-07-13 05:35:00,2025-07-17 00:47:00,56,Female,Emergency,Elective,3,3,3.8,0,11962.5,Medicare,Discharged Home,DOC-116
ADM-13208,PAT-2122,2026-05-24 09:37:00,2026-06-04 21:37:00,40,Male,Pediatrics,Emergency,1,14,11.5,0,24530.0,Medicare,Discharged Home,DOC-124
ADM-13209,PAT-2105,2024-10-28 05:57:00,2024-11-01 08:21:00,32,Male,Neurology,Urgent,2,4,4.1,0,18833.0,Medicaid,Discharged Home,DOC-104
ADM-13210,PAT-1986,2024-09-25 14:40:00,2024-09-26 02:40:00,9,Male,Orthopedics,Emergency,4,25,0.5,0,1262.5,BlueCross,Discharged Home,DOC-111
ADM-13211,PAT-2096,2025-09-28 06:10:00,2025-10-12 06:10:00,43,Male,Emergency,Urgent,1,2,14.0,0,34185.0,BlueCross,Discharged Home,DOC-114
ADM-13212,PAT-2269,2025-08-26 18:29:00,2025-08-28 04:05:00,17,Female,Orthopedics,Elective,5,3,1.4,0,11573.5,Medicaid,Discharged Home,DOC-110
ADM-13213,PAT-1570,2024-03-11 08:02:00,2024-03-11 20:02:00,54,Female,Emergency,Emergency,2,8,0.5,1,970.0,Medicare,Discharged Home,DOC-120
ADM-13214,PAT-1278,2024-07-05 23:44:00,2024-07-08 21:20:00,81,Female,Emergency,Emergency,3,37,2.9,0,11537.5,BlueCross,Discharged Home,DOC-123
ADM-13215,PAT-2190,2024-04-23 05:13:00,2024-04-25 10:01:00,26,Male,Orthopedics,Emergency,3,47,2.2,0,12790.5,BlueCross,Discharged Home,DOC-110
ADM-13216,PAT-1603,2025-02-20 04:03:00,2025-02-24 04:03:00,37,Female,Orthopedics,Urgent,3,48,4.0,0,10792.0,Medicaid,Discharged Home,DOC-114
ADM-13217,PAT-2135,2026-06-07 02:07:00,2026-06-08 14:07:00,68,Male,Cardiology,Emergency,3,86,1.5,0,11561.0,Medicare,Discharged Home,DOC-122
ADM-13218,PAT-1857,2026-06-06 10:47:00,2026-06-13 15:35:00,37,Male,Emergency,Emergency,3,41,7.2,0,15118.5,BlueCross,Discharged Home,DOC-105
ADM-13219,PAT-2447,2024-09-11 01:48:00,2024-09-12 04:12:00,32,Male,Orthopedics,Elective,5,31,1.1,0,2717.5,Medicare,Discharged Home,DOC-122
ADM-13220,PAT-1360,2024-10-18 10:10:00,2024-10-22 14:58:00,16,Male,Oncology,Emergency,1,2,4.2,0,20687.0,Medicare,Discharged Home,DOC-107
ADM-13221,PAT-1128,2025-07-10 23:50:00,2025-07-13 14:14:00,73,Male,Emergency,Elective,1,2,2.6,0,4945.0,Medicare,Transferred,DOC-106
ADM-13222,PAT-2141,2025-03-02 02:38:00,2025-03-02 14:38:00,70,Female,Neurology,Urgent,5,96,0.5,0,1540.0,Medicaid,Discharged Home,DOC-112
ADM-13223,PAT-2275,2024-08-25 12:04:00,2024-08-26 00:04:00,62,Female,Pediatrics,Emergency,3,17,0.5,0,7147.5,Medicaid,Discharged Home,DOC-103
ADM-13224,PAT-2070,2024-12-12 04:45:00,2024-12-12 16:45:00,1,Male,Orthopedics,Urgent,5,91,0.5,0,1427.5,Medicare,AMA (Against Medical Advice),DOC-122
ADM-13225,PAT-2071,2026-05-04 20:56:00,2026-05-09 04:08:00,31,Female,Cardiology,Emergency,3,3,4.3,0,12047.5,Medicare,Discharged Home,DOC-123
ADM-13226,PAT-2240,2025-12-10 18:10:00,2025-12-12 06:10:00,17,Male,Emergency,Elective,5,32,1.5,0,3724.0,BlueCross,Discharged Home,DOC-102
ADM-13227,PAT-1496,2026-04-14 21:03:00,2026-04-27 04:15:00,92,Male,Emergency,Emergency,2,2,12.3,0,30977.0,Self-Pay,Discharged Home,DOC-103
ADM-13228,PAT-1343,2026-06-07 14:45:00,2026-06-08 02:45:00,71,Male,Emergency,Urgent,3,5,0.5,0,5746.5,Medicaid,Discharged Home,DOC-110
ADM-13229,PAT-1259,2024-05-19 14:35:00,2024-05-21 07:23:00,69,Female,General Medicine,Emergency,5,334,1.7,0,9639.0,Medicare,Discharged Home,DOC-111
ADM-13230,PAT-1381,2024-01-30 08:18:00,2024-01-31 13:06:00,62,Female,Emergency,Emergency,3,41,1.2,0,2382.5,Medicare,Discharged Home,DOC-116
ADM-13231,PAT-1919,2026-01-31 00:14:00,2026-02-11 00:14:00,44,Male,Emergency,Emergency,2,18,11.0,0,26899.0,Medicare,Discharged Home,DOC-108
ADM-13232,PAT-1544,2025-05-06 08:17:00,2025-05-10 22:41:00,70,Female,Emergency,Emergency,3,76,4.6,0,8930.0,Aetna,Discharged Home,DOC-107
ADM-13233,PAT-2331,2024-02-27 08:41:00,2024-03-09 01:29:00,45,Male,Orthopedics,Elective,1,2,10.7,0,25685.0,UnitedHealth,Discharged Home,DOC-112
ADM-13234,PAT-2445,2024-08-13 21:42:00,2024-08-16 07:18:00,24,Female,General Medicine,Elective,3,17,2.4,0,5178.5,Medicaid,Discharged Home,DOC-112
ADM-13235,PAT-1917,2024-02-12 05:12:00,2024-02-13 02:48:00,27,Female,General Medicine,Emergency,3,61,0.9,0,1502.5,Medicaid,Discharged Home,DOC-114
ADM-13236,PAT-2067,2024-10-27 03:33:00,2024-10-31 20:21:00,85,Male,Oncology,Elective,4,2,4.7,0,14575.0,Medicare,Transferred,DOC-118
ADM-13237,PAT-2100,2025-02-13 22:00:00,2025-02-16 07:36:00,64,Female,Orthopedics,Elective,4,111,2.4,0,10859.5,Medicaid,AMA (Against Medical Advice),DOC-111
ADM-13238,PAT-1778,2026-02-03 22:54:00,2026-02-10 06:06:00,54,Female,Pediatrics,Elective,3,19,6.3,0,16739.5,Aetna,Discharged Home,DOC-106
ADM-13239,PAT-2457,2025-07-11 20:33:00,2025-07-12 18:09:00,37,Female,Neurology,Emergency,3,23,0.9,0,2397.5,Medicaid,Discharged Home,DOC-123
ADM-13240,PAT-1896,2024-09-01 23:07:00,2024-09-08 03:55:00,18,Male,Emergency,Emergency,2,30,6.2,0,20055.0,Self-Pay,Discharged Home,DOC-119
ADM-13241,PAT-2387,2025-05-14 14:04:00,2025-05-15 02:04:00,79,Male,General Medicine,Elective,4,8,0.5,0,770.0,Medicare,Discharged Home,DOC-111
ADM-13242,PAT-1422,2026-05-30 08:21:00,2026-06-10 03:33:00,72,Male,Pediatrics,Emergency,3,20,10.8,0,18067.0,BlueCross,Referred to Rehab,DOC-108
ADM-13243,PAT-2477,2025-07-11 07:38:00,2025-07-11 19:38:00,48,Male,Emergency,Emergency,5,58,0.5,1,6711.0,BlueCross,Discharged Home,DOC-118
ADM-13244,PAT-1155,2025-01-09 07:27:00,2025-01-16 02:39:00,35,Male,General Medicine,Emergency,3,22,6.8,0,10255.0,Medicare,Discharged Home,DOC-107
ADM-13245,PAT-1667,2025-05-17 05:39:00,2025-05-21 12:51:00,32,Female,General Medicine,Urgent,3,6,4.3,1,10739.0,Medicare,Discharged Home,DOC-111
ADM-13246,PAT-1780,2025-04-18 23:47:00,2025-04-20 09:23:00,37,Female,Emergency,Urgent,4,45,1.4,0,5695.5,BlueCross,Discharged Home,DOC-116
ADM-13247,PAT-1697,2024-01-27 11:41:00,2024-01-29 09:17:00,64,Female,Orthopedics,Emergency,3,54,1.9,0,4695.0,Medicaid,Discharged Home,DOC-123
ADM-13248,PAT-2288,2025-03-29 03:54:00,2025-04-01 15:54:00,64,Male,Cardiology,Emergency,3,81,3.5,0,10002.5,Medicaid,Discharged Home,DOC-110
ADM-13249,PAT-1152,2024-05-14 22:37:00,2024-05-16 08:13:00,76,Female,Emergency,Urgent,4,89,1.4,0,2882.5,Aetna,Discharged Home,DOC-115
ADM-13250,PAT-2369,2025-02-07 22:11:00,2025-02-10 05:23:00,62,Male,Oncology,Emergency,2,6,2.3,0,7145.0,Medicare,Referred to Rehab,DOC-120
ADM-13251,PAT-2288,2024-10-29 10:05:00,2024-11-01 10:05:00,20,Female,General Medicine,Emergency,3,2,3.0,1,4505.0,Medicaid,Discharged Home,DOC-107
ADM-13252,PAT-1082,2025-04-19 06:54:00,2025-04-20 09:18:00,33,Female,Emergency,Emergency,1,10,1.1,0,2115.0,Medicaid,Discharged Home,DOC-118
ADM-13253,PAT-1289,2024-06-25 03:07:00,2024-06-27 03:07:00,19,Male,Neurology,Elective,4,28,2.0,0,11814.0,UnitedHealth,Discharged Home,DOC-110
ADM-13254,PAT-1019,2024-10-23 21:58:00,2024-10-24 09:58:00,52,Male,Pediatrics,Emergency,4,26,0.5,1,7803.0,Medicare,Discharged Home,DOC-109
ADM-13255,PAT-1184,2025-01-05 22:31:00,2025-01-18 12:55:00,73,Male,Orthopedics,Emergency,2,14,12.6,0,30275.0,Aetna,Referred to Rehab,DOC-111
ADM-13256,PAT-2193,2025-09-14 08:37:00,2025-09-24 06:13:00,46,Female,Neurology,Urgent,3,50,9.9,0,25865.0,Medicare,Discharged Home,DOC-121
ADM-13257,PAT-1484,2024-03-29 18:53:00,2024-03-30 16:29:00,84,Male,Emergency,Urgent,3,24,0.9,0,2982.0,Medicaid,Referred to Rehab,DOC-104
ADM-13258,PAT-1417,2026-03-31 17:08:00,2026-04-13 12:20:00,69,Female,Neurology,Urgent,2,24,12.8,1,37714.0,Aetna,Discharged Home,DOC-107
ADM-13259,PAT-2230,2025-07-13 14:11:00,2025-07-14 21:23:00,85,Female,General Medicine,Emergency,2,16,1.3,0,1990.0,BlueCross,Discharged Home,DOC-110
ADM-13260,PAT-1263,2026-03-02 05:38:00,2026-03-08 20:02:00,75,Male,General Medicine,Elective,1,2,6.6,0,17637.0,Self-Pay,Discharged Home,DOC-107
ADM-13261,PAT-2029,2025-08-29 10:25:00,2025-09-09 17:37:00,25,Female,Emergency,Elective,3,4,11.3,0,23313.0,BlueCross,Discharged Home,DOC-120
ADM-13262,PAT-1103,2025-11-24 14:04:00,2025-11-25 06:52:00,48,Female,Orthopedics,Urgent,5,59,0.7,0,1827.5,Aetna,Discharged Home,DOC-107
ADM-13263,PAT-1239,2025-06-09 05:15:00,2025-06-10 22:03:00,89,Male,Emergency,Urgent,3,67,1.7,0,3397.5,UnitedHealth,Discharged Home,DOC-111
ADM-13264,PAT-1803,2026-02-17 14:42:00,2026-02-19 02:42:00,60,Male,Neurology,Urgent,3,37,1.5,0,9620.5,Aetna,Discharged Home,DOC-102
ADM-13265,PAT-1615,2025-12-08 18:42:00,2025-12-11 16:18:00,33,Male,Emergency,Emergency,3,43,2.9,0,6872.5,BlueCross,Discharged Home,DOC-117
ADM-13266,PAT-1981,2024-09-01 07:01:00,2024-09-05 04:37:00,56,Male,Oncology,Emergency,3,2,3.9,0,12782.0,BlueCross,Transferred,DOC-108
ADM-13267,PAT-1557,2025-05-19 02:36:00,2025-05-25 05:00:00,57,Male,Cardiology,Urgent,3,63,6.1,0,17237.5,UnitedHealth,Discharged Home,DOC-125
ADM-13268,PAT-1800,2024-12-21 05:14:00,2024-12-24 05:14:00,68,Female,Neurology,Elective,3,2,3.0,0,7805.0,Medicaid,Transferred,DOC-115
ADM-13269,PAT-1311,2025-02-07 00:53:00,2025-02-13 03:17:00,77,Male,Emergency,Urgent,2,9,6.1,0,17536.5,Medicaid,Discharged Home,DOC-121
ADM-13270,PAT-2031,2024-11-19 23:33:00,2024-11-23 04:21:00,20,Male,Cardiology,Emergency,2,37,3.2,0,17551.5,Medicare,Discharged Home,DOC-101
ADM-13271,PAT-1384,2025-03-10 13:37:00,2025-03-12 16:01:00,13,Male,Emergency,Emergency,2,21,2.1,1,4728.5,Medicaid,Discharged Home,DOC-120
ADM-13272,PAT-2244,2025-12-03 20:38:00,2025-12-04 08:38:00,30,Female,Emergency,Emergency,4,123,0.5,0,8030.5,BlueCross,Discharged Home,DOC-123
ADM-13273,PAT-1944,2025-06-19 00:18:00,2025-06-20 14:42:00,61,Female,Emergency,Emergency,3,30,1.6,0,8366.0,Medicare,Discharged Home,DOC-103
ADM-13274,PAT-1561,2024-07-05 07:22:00,2024-07-07 00:10:00,35,Male,Emergency,Emergency,1,6,1.7,0,3245.0,Medicaid,Discharged Home,DOC-125
ADM-13275,PAT-1831,2024-10-19 23:45:00,2024-10-20 21:21:00,35,Female,Emergency,Urgent,4,2,0.9,0,3793.0,BlueCross,Discharged Home,DOC-121
ADM-13276,PAT-1350,2026-05-10 19:43:00,2026-05-15 00:31:00,32,Male,Neurology,Emergency,3,45,4.2,0,12696.5,Aetna,Discharged Home,DOC-111
ADM-13277,PAT-2109,2026-01-30 09:21:00,2026-02-02 16:33:00,5,Female,Neurology,Urgent,3,190,3.3,0,9055.0,Medicare,Discharged Home,DOC-104
ADM-13278,PAT-1433,2024-11-14 17:43:00,2024-11-17 08:07:00,59,Male,General Medicine,Emergency,5,94,2.6,0,11010.0,Aetna,Discharged Home,DOC-114
ADM-13279,PAT-2015,2025-02-09 19:12:00,2025-02-12 14:24:00,35,Male,Orthopedics,Urgent,3,47,2.8,0,8914.5,Medicare,Transferred,DOC-108
ADM-13280,PAT-2089,2024-09-18 14:59:00,2024-09-20 17:23:00,19,Female,Emergency,Emergency,2,4,2.1,0,4000.0,BlueCross,Discharged Home,DOC-114
ADM-13281,PAT-1560,2024-04-10 13:24:00,2024-04-12 13:24:00,31,Female,General Medicine,Emergency,3,14,2.0,0,3035.0,Medicaid,Discharged Home,DOC-105
ADM-13282,PAT-1079,2024-12-19 05:45:00,2024-12-26 05:45:00,85,Female,Neurology,Emergency,2,45,7.0,0,22750.5,Self-Pay,Referred to Rehab,DOC-104
ADM-13283,PAT-1532,2024-04-23 09:11:00,2024-04-23 21:11:00,55,Male,Emergency,Emergency,5,259,0.5,0,1597.5,Medicare,Discharged Home,DOC-118
ADM-13284,PAT-1230,2024-03-15 14:08:00,2024-03-17 04:32:00,83,Male,Orthopedics,Elective,4,202,1.6,1,5813.0,Medicare,Discharged Home,DOC-113
ADM-13285,PAT-1063,2025-02-13 00:45:00,2025-02-17 22:21:00,73,Male,Cardiology,Emergency,3,19,4.9,0,17066.5,Medicare,Referred to Rehab,DOC-121
ADM-13286,PAT-1552,2025-05-27 08:25:00,2025-06-03 22:49:00,29,Female,Orthopedics,Emergency,2,2,7.6,0,18245.0,BlueCross,Discharged Home,DOC-125
ADM-13287,PAT-1474,2024-07-22 09:54:00,2024-07-25 07:30:00,32,Male,General Medicine,Emergency,2,9,2.9,0,10415.5,Medicaid,Discharged Home,DOC-122
ADM-13288,PAT-1644,2026-03-17 14:28:00,2026-03-22 16:52:00,28,Female,Neurology,Emergency,3,11,5.1,0,13287.5,UnitedHealth,Discharged Home,DOC-101
ADM-13289,PAT-1176,2024-06-04 16:56:00,2024-06-08 07:20:00,37,Male,Orthopedics,Elective,2,11,3.6,0,17002.5,Medicare,Discharged Home,DOC-117
ADM-13290,PAT-1770,2025-10-29 15:11:00,2025-10-30 17:35:00,26,Male,Oncology,Elective,1,2,1.1,0,10492.0,BlueCross,Discharged Home,DOC-117
ADM-13291,PAT-1474,2026-05-07 23:10:00,2026-05-08 23:10:00,89,Female,Emergency,Elective,4,148,1.0,0,2270.0,Medicaid,Discharged Home,DOC-107
ADM-13292,PAT-1529,2025-02-20 23:18:00,2025-02-23 04:06:00,42,Male,Cardiology,Urgent,5,152,2.2,1,9994.0,Medicare,Discharged Home,DOC-104
ADM-13293,PAT-1142,2024-09-03 09:23:00,2024-09-05 14:11:00,31,Male,Oncology,Emergency,3,51,2.2,0,12594.5,Medicaid,Discharged Home,DOC-109
ADM-13294,PAT-1386,2025-12-08 14:20:00,2025-12-11 23:56:00,60,Male,Emergency,Emergency,3,4,3.4,0,6470.0,Medicaid,Expired,DOC-119
ADM-13295,PAT-1677,2025-08-31 12:07:00,2025-09-04 09:43:00,40,Male,Emergency,Emergency,3,3,3.9,0,7417.5,Medicaid,Discharged Home,DOC-113
ADM-13296,PAT-1876,2026-05-12 23:44:00,2026-05-17 06:56:00,50,Female,Emergency,Elective,3,110,4.3,0,11842.0,Aetna,Discharged Home,DOC-105
ADM-13297,PAT-1972,2024-04-24 14:09:00,2024-04-27 21:21:00,11,Male,Orthopedics,Elective,3,2,3.3,0,14507.0,Medicare,Discharged Home,DOC-123
ADM-13298,PAT-1136,2025-08-16 22:36:00,2025-08-23 13:00:00,15,Female,Emergency,Emergency,3,168,6.6,0,19170.0,Medicaid,Discharged Home,DOC-119
ADM-13299,PAT-1377,2025-12-29 07:15:00,2025-12-30 12:03:00,28,Female,Cardiology,Emergency,4,219,1.2,0,11151.5,Medicaid,Discharged Home,DOC-109
ADM-13300,PAT-2499,2024-02-24 03:05:00,2024-02-25 19:53:00,37,Male,Neurology,Elective,5,26,1.7,0,8795.0,BlueCross,Referred to Rehab,DOC-104
ADM-13301,PAT-1256,2025-02-18 02:33:00,2025-02-21 19:21:00,81,Female,Neurology,Emergency,4,91,3.7,1,12308.5,Medicare,Discharged Home,DOC-109
ADM-13302,PAT-2159,2024-06-26 21:21:00,2024-06-28 18:57:00,10,Female,General Medicine,Emergency,1,2,1.9,0,8574.0,Medicare,Discharged Home,DOC-108
ADM-13303,PAT-1641,2025-10-17 07:16:00,2025-10-21 09:40:00,42,Male,Orthopedics,Emergency,2,8,4.1,0,15885.0,Medicare,Discharged Home,DOC-116
ADM-13304,PAT-2460,2025-08-10 18:56:00,2025-08-11 16:32:00,45,Female,Neurology,Emergency,4,143,0.9,0,2697.5,Medicare,Discharged Home,DOC-105
ADM-13305,PAT-1849,2025-12-29 16:07:00,2025-12-31 18:31:00,11,Female,Pediatrics,Emergency,5,38,2.1,0,3455.0,UnitedHealth,Referred to Rehab,DOC-117
ADM-13306,PAT-2147,2024-02-08 23:02:00,2024-02-10 06:14:00,69,Female,General Medicine,Urgent,3,24,1.3,0,8984.0,Medicare,Discharged Home,DOC-103
ADM-13307,PAT-2477,2024-04-28 14:13:00,2024-04-28 23:49:00,33,Male,Emergency,Emergency,4,18,0.4,0,805.0,Aetna,Discharged Home,DOC-109
ADM-13308,PAT-1781,2024-03-02 19:40:00,2024-03-09 10:04:00,64,Male,Emergency,Emergency,3,2,6.6,0,19600.0,Self-Pay,Discharged Home,DOC-124
ADM-13309,PAT-1618,2025-12-28 06:18:00,2025-12-31 01:30:00,69,Female,Oncology,Urgent,4,146,2.8,0,9045.0,Medicaid,Discharged Home,DOC-122
ADM-13310,PAT-1988,2024-01-05 01:55:00,2024-01-07 11:31:00,35,Female,Emergency,Emergency,3,37,2.4,0,9743.5,Medicare,Discharged Home,DOC-121
ADM-13311,PAT-1301,2024-06-09 02:57:00,2024-06-16 07:45:00,25,Male,Emergency,Elective,3,2,7.2,0,20141.0,Medicaid,Discharged Home,DOC-101
ADM-13312,PAT-2127,2025-08-08 19:59:00,2025-08-09 19:59:00,51,Female,General Medicine,Elective,4,62,1.0,0,1655.0,UnitedHealth,Discharged Home,DOC-113
ADM-13313,PAT-1843,2026-01-06 06:56:00,2026-01-09 16:32:00,84,Female,Cardiology,Urgent,3,91,3.4,0,12008.5,Medicare,Discharged Home,DOC-121
ADM-13314,PAT-1739,2026-02-15 22:49:00,2026-02-18 10:49:00,80,Female,Emergency,Emergency,3,32,2.5,1,13317.0,Medicare,Discharged Home,DOC-123
ADM-13315,PAT-1002,2026-05-01 20:15:00,2026-05-04 22:39:00,24,Male,Emergency,Elective,3,64,3.1,0,6723.0,Aetna,Discharged Home,DOC-108
ADM-13316,PAT-1998,2025-12-31 14:50:00,2026-01-02 05:14:00,87,Female,Emergency,Elective,3,78,1.6,0,11429.0,BlueCross,Discharged Home,DOC-106
ADM-13317,PAT-1074,2024-10-06 17:13:00,2024-10-18 05:13:00,70,Male,Emergency,Emergency,1,15,11.5,1,21887.5,UnitedHealth,Transferred,DOC-123
ADM-13318,PAT-2416,2026-06-04 13:58:00,2026-06-06 21:10:00,80,Female,Emergency,Emergency,3,30,2.3,0,6386.0,BlueCross,Discharged Home,DOC-112
ADM-13319,PAT-1121,2026-04-11 11:36:00,2026-04-22 11:36:00,92,Female,Orthopedics,Elective,3,27,11.0,0,26467.5,Medicare,Discharged Home,DOC-114
ADM-13320,PAT-1964,2026-03-02 20:24:00,2026-03-04 15:36:00,29,Male,Emergency,Urgent,3,12,1.8,0,8063.0,Medicare,Referred to Rehab,DOC-119
ADM-13321,PAT-1555,2026-05-29 01:22:00,2026-05-29 13:22:00,33,Male,Oncology,Emergency,4,25,0.5,0,1612.5,Aetna,Discharged Home,DOC-105
ADM-13322,PAT-1305,2025-09-18 07:42:00,2025-09-21 14:54:00,23,Female,General Medicine,Emergency,4,39,3.3,0,5047.5,Medicare,Referred to Rehab,DOC-124
ADM-13323,PAT-1796,2024-08-16 08:14:00,2024-08-20 10:38:00,82,Female,Oncology,Emergency,4,45,4.1,0,12822.5,Medicare,Discharged Home,DOC-125
ADM-13324,PAT-1067,2026-01-20 13:00:00,2026-01-21 10:36:00,70,Male,Cardiology,Emergency,5,58,0.9,1,2665.0,BlueCross,Discharged Home,DOC-117
ADM-13325,PAT-1702,2025-02-13 16:20:00,2025-02-16 01:56:00,5,Female,Orthopedics,Emergency,3,13,2.4,0,5792.5,BlueCross,Referred to Rehab,DOC-123
ADM-13326,PAT-2142,2024-03-04 12:13:00,2024-03-05 19:25:00,70,Male,Emergency,Emergency,5,123,1.3,0,6549.5,Self-Pay,Discharged Home,DOC-125
ADM-13327,PAT-1835,2024-08-24 07:24:00,2024-08-24 21:48:00,24,Female,Cardiology,Emergency,2,10,0.6,1,3266.0,Medicaid,Discharged Home,DOC-112
ADM-13328,PAT-2427,2025-04-21 04:46:00,2025-04-26 16:46:00,70,Male,Cardiology,Elective,3,99,5.5,0,22970.5,Medicare,Discharged Home,DOC-108
ADM-13329,PAT-2018,2024-04-14 01:12:00,2024-04-18 18:00:00,56,Male,Orthopedics,Elective,2,19,4.7,0,11327.5,BlueCross,Discharged Home,DOC-116
ADM-13330,PAT-2431,2024-05-25 22:21:00,2024-05-26 17:33:00,89,Female,Cardiology,Emergency,4,20,0.8,0,2290.0,Medicare,Discharged Home,DOC-102
ADM-13331,PAT-1418,2024-08-26 06:42:00,2024-08-27 09:06:00,18,Male,Emergency,Elective,4,144,1.1,0,7352.0,Aetna,Discharged Home,DOC-117
ADM-13332,PAT-1431,2024-05-10 12:17:00,2024-05-13 02:41:00,91,Male,Orthopedics,Emergency,4,20,2.6,0,14087.0,Medicaid,Discharged Home,DOC-101
ADM-13333,PAT-1551,2026-02-09 23:27:00,2026-02-11 01:51:00,25,Female,Emergency,Urgent,5,52,1.1,0,6168.0,Medicare,Discharged Home,DOC-113
ADM-13334,PAT-2106,2025-01-13 12:10:00,2025-01-23 16:58:00,83,Female,Emergency,Urgent,3,102,10.2,0,19635.0,Aetna,Transferred,DOC-123
ADM-13335,PAT-1295,2025-04-19 21:11:00,2025-04-21 09:11:00,61,Male,Orthopedics,Urgent,5,130,1.5,0,7989.0,Medicare,Transferred,DOC-111
ADM-13336,PAT-1422,2025-06-18 18:04:00,2025-06-20 03:40:00,38,Female,Emergency,Emergency,3,38,1.4,0,2755.0,UnitedHealth,Discharged Home,DOC-124
ADM-13337,PAT-1271,2024-08-14 20:35:00,2024-08-15 20:35:00,35,Male,Orthopedics,Elective,4,108,1.0,0,10626.0,Medicare,Discharged Home,DOC-122
ADM-13338,PAT-2376,2024-03-23 23:40:00,2024-03-24 18:52:00,52,Male,General Medicine,Elective,5,190,0.8,0,1675.0,Aetna,Discharged Home,DOC-104
ADM-13339,PAT-2216,2024-12-19 12:23:00,2024-12-24 09:59:00,17,Female,Pediatrics,Urgent,2,27,4.9,0,13985.5,Medicare,Discharged Home,DOC-101
ADM-13340,PAT-1261,2026-06-16 22:09:00,2026-06-18 19:45:00,58,Female,Emergency,Emergency,2,120,1.9,0,9635.0,BlueCross,Discharged Home,DOC-102
ADM-13341,PAT-1825,2025-04-27 03:11:00,2025-05-06 12:47:00,86,Female,Emergency,Urgent,3,15,9.4,0,25186.5,BlueCross,Referred to Rehab,DOC-122
ADM-13342,PAT-2089,2026-01-11 21:00:00,2026-01-20 01:48:00,50,Female,Orthopedics,Emergency,2,12,8.2,0,19710.0,Medicare,Discharged Home,DOC-108
ADM-13343,PAT-2080,2025-01-25 05:45:00,2025-01-30 22:33:00,75,Female,Orthopedics,Emergency,3,6,5.7,0,13695.0,Aetna,Expired,DOC-119
ADM-13344,PAT-1820,2025-08-09 23:05:00,2025-08-11 11:05:00,60,Male,Emergency,Elective,4,6,1.5,0,2865.0,UnitedHealth,Transferred,DOC-120
ADM-13345,PAT-1689,2024-11-24 09:45:00,2024-11-26 19:21:00,52,Female,Orthopedics,Elective,3,2,2.4,0,9832.0,Aetna,Discharged Home,DOC-121
ADM-13346,PAT-1753,2024-08-10 01:04:00,2024-08-18 20:16:00,61,Female,Cardiology,Emergency,3,150,8.8,0,25015.0,Medicare,Referred to Rehab,DOC-103
ADM-13347,PAT-1032,2025-11-18 12:50:00,2025-11-19 08:02:00,60,Female,Emergency,Emergency,3,44,0.8,0,1630.0,Medicare,Discharged Home,DOC-106
ADM-13348,PAT-1718,2024-06-23 06:58:00,2024-06-23 21:22:00,60,Male,Emergency,Emergency,5,18,0.6,0,3879.0,Medicare,Discharged Home,DOC-120
ADM-13349,PAT-1133,2025-08-17 04:13:00,2025-08-22 13:49:00,58,Male,Neurology,Elective,3,19,5.4,1,14087.5,Medicaid,Discharged Home,DOC-118
ADM-13350,PAT-2063,2024-07-31 05:15:00,2024-08-03 19:39:00,30,Female,General Medicine,Elective,2,12,3.6,0,8422.0,Medicare,Referred to Rehab,DOC-115
ADM-13351,PAT-2142,2025-09-20 12:23:00,2025-09-21 00:23:00,61,Female,General Medicine,Emergency,4,40,0.5,0,3638.0,UnitedHealth,Discharged Home,DOC-114
ADM-13352,PAT-1119,2025-02-28 09:59:00,2025-03-03 14:47:00,86,Male,Cardiology,Urgent,3,63,3.2,0,15934.5,Aetna,Discharged Home,DOC-122
ADM-13353,PAT-1749,2026-04-14 08:25:00,2026-04-16 22:49:00,18,Female,Cardiology,Emergency,3,74,2.6,0,11393.0,Medicaid,Expired,DOC-119
ADM-13354,PAT-1614,2026-02-25 18:44:00,2026-02-27 06:44:00,9,Female,Orthopedics,Elective,4,106,1.5,0,10461.0,Aetna,Discharged Home,DOC-123
ADM-13355,PAT-1666,2025-02-02 14:54:00,2025-02-06 00:30:00,5,Female,General Medicine,Elective,3,126,3.4,0,5415.0,Self-Pay,Referred to Rehab,DOC-118
ADM-13356,PAT-1391,2024-04-02 20:15:00,2024-04-04 01:03:00,55,Female,General Medicine,Elective,4,131,1.2,0,8800.5,Aetna,Discharged Home,DOC-108
ADM-13357,PAT-1911,2025-09-12 13:45:00,2025-09-14 11:21:00,54,Male,Orthopedics,Elective,3,2,1.9,0,10135.0,UnitedHealth,Discharged Home,DOC-102
ADM-13358,PAT-1809,2024-09-02 01:32:00,2024-09-02 23:08:00,41,Male,Emergency,Elective,4,92,0.9,0,7287.0,Medicaid,Discharged Home,DOC-113
ADM-13359,PAT-1574,2024-09-28 07:35:00,2024-09-28 21:59:00,91,Male,Emergency,Emergency,4,337,0.6,0,5417.5,BlueCross,Discharged Home,DOC-113
ADM-13360,PAT-2218,2025-12-03 12:08:00,2025-12-06 09:44:00,23,Male,Emergency,Emergency,3,7,2.9,0,5527.5,BlueCross,Discharged Home,DOC-117
ADM-13361,PAT-1925,2024-08-02 11:16:00,2024-08-04 11:16:00,18,Male,General Medicine,Emergency,4,85,2.0,0,7149.5,BlueCross,Discharged Home,DOC-113
ADM-13362,PAT-1874,2025-05-03 13:44:00,2025-05-12 06:32:00,72,Male,General Medicine,Emergency,2,6,8.7,0,13065.0,Medicare,Discharged Home,DOC-114
ADM-13363,PAT-2193,2024-03-24 06:21:00,2024-04-05 13:33:00,69,Female,Emergency,Emergency,2,15,12.3,0,23407.5,Medicare,Discharged Home,DOC-102
ADM-13364,PAT-1486,2025-12-28 17:09:00,2026-01-02 14:45:00,40,Female,Cardiology,Emergency,3,5,4.9,1,19982.5,Medicare,Discharged Home,DOC-119
ADM-13365,PAT-2308,2025-06-17 20:33:00,2025-06-25 10:57:00,19,Female,Emergency,Elective,1,2,7.6,0,14445.0,BlueCross,AMA (Against Medical Advice),DOC-105
ADM-13366,PAT-2113,2024-01-02 03:25:00,2024-01-03 17:49:00,68,Female,Cardiology,Emergency,4,6,1.6,0,9218.0,Self-Pay,Referred to Rehab,DOC-124
ADM-13367,PAT-1000,2024-07-16 17:42:00,2024-07-21 08:06:00,64,Female,Emergency,Elective,3,22,4.6,0,8795.0,BlueCross,Discharged Home,DOC-101
ADM-13368,PAT-1140,2024-04-06 18:29:00,2024-04-10 04:05:00,45,Female,Pediatrics,Emergency,1,5,3.4,0,5452.5,UnitedHealth,Discharged Home,DOC-102
ADM-13369,PAT-1788,2024-07-13 13:41:00,2024-07-15 04:05:00,55,Male,Orthopedics,Emergency,5,7,1.6,0,10288.5,Medicare,Discharged Home,DOC-112
ADM-13370,PAT-1688,2026-05-03 19:40:00,2026-05-04 12:28:00,49,Male,Emergency,Emergency,5,171,0.7,0,6366.5,BlueCross,Discharged Home,DOC-122
ADM-13371,PAT-2008,2025-10-19 10:37:00,2025-10-20 10:37:00,33,Male,General Medicine,Elective,2,19,1.0,0,3256.5,Aetna,Discharged Home,DOC-107
ADM-13372,PAT-2448,2025-05-17 23:57:00,2025-05-21 21:33:00,63,Male,Neurology,Elective,3,13,3.9,0,10172.5,Medicare,Discharged Home,DOC-105
ADM-13373,PAT-2210,2024-10-13 19:40:00,2024-10-14 12:28:00,50,Male,Emergency,Elective,5,10,0.7,0,2199.0,Medicare,Transferred,DOC-125
ADM-13374,PAT-1543,2026-06-12 23:04:00,2026-06-18 18:16:00,39,Female,Emergency,Emergency,3,37,5.8,0,11112.5,Self-Pay,Discharged Home,DOC-116
ADM-13375,PAT-1743,2026-01-03 15:19:00,2026-01-05 10:31:00,35,Male,Oncology,Emergency,4,2,1.8,1,5585.0,UnitedHealth,Discharged Home,DOC-113
ADM-13376,PAT-1217,2026-01-08 01:07:00,2026-01-09 03:31:00,40,Male,Emergency,Emergency,2,20,1.1,1,10150.0,BlueCross,Discharged Home,DOC-113
ADM-13377,PAT-2212,2025-11-20 03:11:00,2025-11-21 17:35:00,59,Female,General Medicine,Emergency,2,25,1.6,1,2462.5,Medicare,Discharged Home,DOC-114
ADM-13378,PAT-1098,2026-06-03 22:48:00,2026-06-09 22:48:00,35,Male,Emergency,Urgent,2,42,6.0,0,18394.0,Medicare,Discharged Home,DOC-122
ADM-13379,PAT-2258,2024-12-31 19:55:00,2025-01-03 00:43:00,76,Female,Emergency,Elective,3,63,2.2,0,8998.5,Medicare,Discharged Home,DOC-119
ADM-13380,PAT-2475,2024-04-27 09:42:00,2024-05-02 19:18:00,59,Male,Pediatrics,Emergency,3,2,5.4,0,11937.0,UnitedHealth,Discharged Home,DOC-118
ADM-13381,PAT-2347,2026-06-21 19:53:00,2026-06-26 15:05:00,40,Male,Oncology,Emergency,4,109,4.8,0,20839.5,Medicare,Discharged Home,DOC-125
ADM-13382,PAT-1828,2024-06-16 03:02:00,2024-06-19 22:14:00,57,Female,Emergency,Elective,3,21,3.8,0,7272.5,BlueCross,Referred to Rehab,DOC-107
ADM-13383,PAT-1864,2026-03-05 03:31:00,2026-03-06 17:55:00,49,Female,Oncology,Emergency,4,34,1.6,0,12835.0,UnitedHealth,Discharged Home,DOC-101
ADM-13384,PAT-1518,2025-12-09 20:51:00,2025-12-11 08:51:00,41,Male,Neurology,Emergency,4,9,1.5,0,5259.5,Medicare,Discharged Home,DOC-125
ADM-13385,PAT-2130,2024-09-26 09:34:00,2024-09-28 19:10:00,26,Female,Cardiology,Emergency,4,2,2.4,1,10111.0,Medicaid,Discharged Home,DOC-113
ADM-13386,PAT-1023,2026-04-27 04:29:00,2026-04-28 16:29:00,44,Female,Orthopedics,Emergency,2,4,1.5,0,7851.0,Medicare,Discharged Home,DOC-113
ADM-13387,PAT-1885,2025-08-08 22:19:00,2025-08-15 19:55:00,39,Female,Neurology,Elective,3,14,6.9,0,17975.0,Medicare,Referred to Rehab,DOC-120
ADM-13388,PAT-1561,2024-10-24 21:10:00,2024-10-28 06:46:00,50,Male,Cardiology,Urgent,3,17,3.4,0,9562.5,UnitedHealth,Discharged Home,DOC-121
ADM-13389,PAT-1907,2025-04-10 13:51:00,2025-04-11 23:27:00,23,Female,Neurology,Elective,3,29,1.4,1,9166.5,UnitedHealth,Discharged Home,DOC-120
ADM-13390,PAT-1707,2025-05-22 04:44:00,2025-05-23 02:20:00,7,Female,Emergency,Urgent,4,41,0.9,0,3323.5,BlueCross,Referred to Rehab,DOC-110
ADM-13391,PAT-2376,2024-05-17 23:25:00,2024-05-21 16:13:00,89,Male,General Medicine,Emergency,4,9,3.7,0,5572.5,BlueCross,Discharged Home,DOC-115
ADM-13392,PAT-1794,2024-05-20 18:26:00,2024-05-23 13:38:00,70,Female,Cardiology,Emergency,5,107,2.8,1,8107.5,BlueCross,Discharged Home,DOC-107
ADM-13393,PAT-1631,2025-05-09 22:12:00,2025-05-12 00:36:00,54,Female,Neurology,Urgent,3,55,2.1,0,5597.5,Self-Pay,Discharged Home,DOC-113
ADM-13394,PAT-1322,2024-02-15 05:23:00,2024-02-19 05:23:00,41,Female,Cardiology,Emergency,4,28,4.0,0,11270.0,Aetna,Discharged Home,DOC-116
ADM-13395,PAT-1270,2024-05-31 09:20:00,2024-06-01 21:20:00,68,Female,General Medicine,Elective,4,7,1.5,0,2267.5,BlueCross,Discharged Home,DOC-105
ADM-13396,PAT-1699,2026-02-02 17:50:00,2026-02-04 20:14:00,47,Female,Emergency,Emergency,3,9,2.1,0,7042.5,BlueCross,Transferred,DOC-103
ADM-13397,PAT-1926,2026-03-02 05:07:00,2026-03-06 02:43:00,72,Female,Neurology,Elective,1,2,3.9,0,10145.0,Medicare,Discharged Home,DOC-124
ADM-13398,PAT-1466,2026-01-06 04:03:00,2026-01-13 04:03:00,70,Male,Emergency,Emergency,2,20,7.0,0,16893.0,Medicaid,Discharged Home,DOC-101
ADM-13399,PAT-1674,2024-06-02 04:19:00,2024-06-02 23:31:00,27,Male,Neurology,Elective,5,31,0.8,1,8482.5,Medicare,Discharged Home,DOC-120
ADM-13400,PAT-1174,2026-01-12 03:43:00,2026-01-12 20:31:00,36,Male,Pediatrics,Emergency,5,199,0.7,0,4387.5,UnitedHealth,Discharged Home,DOC-121
ADM-13401,PAT-1153,2025-06-08 07:35:00,2025-06-10 17:11:00,46,Female,Cardiology,Emergency,5,57,2.4,0,6862.5,BlueCross,Discharged Home,DOC-107
ADM-13402,PAT-2394,2025-12-06 10:22:00,2025-12-11 19:58:00,89,Male,Emergency,Elective,2,2,5.4,1,10265.0,Medicaid,Discharged Home,DOC-104
ADM-13403,PAT-1874,2025-05-18 21:15:00,2025-05-23 02:03:00,22,Male,Cardiology,Emergency,4,3,4.2,0,19357.5,UnitedHealth,Transferred,DOC-124
ADM-13404,PAT-2058,2024-02-13 23:14:00,2024-02-14 11:14:00,3,Male,General Medicine,Elective,5,44,0.5,0,2593.0,Medicaid,Discharged Home,DOC-106
ADM-13405,PAT-1836,2026-04-10 07:24:00,2026-04-18 09:48:00,32,Female,Cardiology,Emergency,3,70,8.1,0,26317.0,Self-Pay,Discharged Home,DOC-115
ADM-13406,PAT-1578,2026-02-24 23:58:00,2026-03-09 11:58:00,45,Male,General Medicine,Emergency,1,3,12.5,0,18757.5,Medicare,Discharged Home,DOC-118
ADM-13407,PAT-1294,2024-11-18 10:36:00,2024-11-19 01:00:00,86,Male,Emergency,Emergency,5,43,0.6,0,1247.5,BlueCross,Discharged Home,DOC-107
ADM-13408,PAT-1669,2025-07-20 00:51:00,2025-07-27 22:27:00,60,Male,Cardiology,Urgent,3,39,7.9,0,22217.5,Medicaid,Discharged Home,DOC-109
ADM-13409,PAT-1688,2025-06-07 16:06:00,2025-06-08 06:30:00,63,Male,Orthopedics,Emergency,3,162,0.6,0,1845.0,Medicaid,Referred to Rehab,DOC-115
ADM-13410,PAT-1812,2025-06-29 04:23:00,2025-07-03 04:23:00,58,Male,Emergency,Emergency,2,26,4.0,0,16110.0,Medicaid,Discharged Home,DOC-111
ADM-13411,PAT-2447,2024-02-26 21:21:00,2024-02-29 02:09:00,48,Male,Orthopedics,Emergency,4,17,2.2,1,7522.5,Medicaid,Discharged Home,DOC-107
ADM-13412,PAT-2467,2024-04-15 12:40:00,2024-04-20 19:52:00,13,Male,Emergency,Elective,3,105,5.3,0,16642.5,Medicaid,Discharged Home,DOC-105
ADM-13413,PAT-1195,2026-03-20 08:59:00,2026-03-23 20:59:00,73,Female,Emergency,Urgent,3,58,3.5,0,6795.0,Aetna,Discharged Home,DOC-104
ADM-13414,PAT-1031,2024-05-25 20:10:00,2024-05-28 00:58:00,80,Female,Orthopedics,Emergency,5,173,2.2,0,11106.5,Medicare,Discharged Home,DOC-110
ADM-13415,PAT-1721,2024-03-11 20:18:00,2024-03-24 01:06:00,77,Male,Cardiology,Urgent,2,107,12.2,0,41891.5,Aetna,Discharged Home,DOC-104
ADM-13416,PAT-2399,2026-03-15 19:49:00,2026-03-19 19:49:00,78,Female,Orthopedics,Elective,2,17,4.0,0,11490.5,Medicare,Referred to Rehab,DOC-120
ADM-13417,PAT-1957,2026-03-21 21:36:00,2026-03-25 09:36:00,72,Male,Cardiology,Emergency,3,2,3.5,0,9805.0,Medicare,Discharged Home,DOC-120
ADM-13418,PAT-2228,2026-04-13 18:49:00,2026-04-18 21:13:00,16,Female,Emergency,Emergency,3,36,5.1,1,15415.0,Medicare,Transferred,DOC-117
ADM-13419,PAT-2072,2024-02-24 04:27:00,2024-02-25 04:27:00,61,Female,Emergency,Emergency,3,59,1.0,0,2047.5,Self-Pay,Discharged Home,DOC-105
ADM-13420,PAT-2022,2025-06-11 04:21:00,2025-06-16 16:21:00,24,Male,Emergency,Emergency,3,30,5.5,0,13388.0,BlueCross,Discharged Home,DOC-102
ADM-13421,PAT-1431,2024-08-22 20:33:00,2024-08-26 03:45:00,21,Male,General Medicine,Emergency,4,317,3.3,0,5742.5,Medicare,Discharged Home,DOC-115
ADM-13422,PAT-1028,2024-11-15 17:55:00,2024-11-20 01:07:00,10,Male,Orthopedics,Elective,3,69,4.3,0,10492.5,UnitedHealth,Discharged Home,DOC-115
ADM-13423,PAT-1634,2024-01-07 15:40:00,2024-01-11 20:28:00,33,Female,Oncology,Urgent,3,83,4.2,0,13227.5,Medicaid,Discharged Home,DOC-114
ADM-13424,PAT-1723,2025-01-21 04:45:00,2025-01-23 23:57:00,46,Female,Cardiology,Emergency,3,5,2.8,0,7852.5,Medicaid,Discharged Home,DOC-105
ADM-13425,PAT-1246,2024-05-03 19:49:00,2024-05-05 03:01:00,43,Male,Emergency,Emergency,5,30,1.3,0,2545.0,BlueCross,Discharged Home,DOC-114
ADM-13426,PAT-2100,2024-05-16 14:33:00,2024-05-18 12:09:00,33,Female,Emergency,Urgent,3,52,1.9,0,3740.0,Medicare,Referred to Rehab,DOC-120
ADM-13427,PAT-1421,2025-10-21 20:00:00,2025-10-22 12:48:00,45,Female,Emergency,Emergency,3,4,0.7,0,5369.0,Medicare,AMA (Against Medical Advice),DOC-122
ADM-13428,PAT-1075,2026-06-27 09:19:00,2026-07-07 02:07:00,30,Male,Neurology,Elective,2,2,9.7,1,27622.0,Medicare,Discharged Home,DOC-107
ADM-13429,PAT-1516,2025-08-15 19:11:00,2025-08-20 02:23:00,56,Female,Cardiology,Emergency,1,9,4.3,0,12062.5,Medicare,Discharged Home,DOC-122
ADM-13430,PAT-1633,2024-07-04 04:02:00,2024-07-04 16:02:00,49,Female,Neurology,Elective,5,84,0.5,0,1510.0,Medicare,Discharged Home,DOC-108
ADM-13431,PAT-1957,2025-07-26 07:41:00,2025-07-28 12:29:00,70,Female,Emergency,Emergency,2,32,2.2,0,6827.0,BlueCross,Discharged Home,DOC-117
ADM-13432,PAT-1194,2025-01-05 18:51:00,2025-01-13 02:03:00,40,Female,General Medicine,Emergency,2,14,7.3,0,17299.0,Self-Pay,Discharged Home,DOC-109
ADM-13433,PAT-1341,2024-04-16 07:07:00,2024-04-18 11:55:00,3,Male,Emergency,Emergency,2,8,2.2,0,8059.0,BlueCross,Discharged Home,DOC-123
ADM-13434,PAT-1806,2025-02-13 15:44:00,2025-02-16 01:20:00,36,Female,Cardiology,Emergency,3,42,2.4,0,11358.0,Aetna,Referred to Rehab,DOC-112
ADM-13435,PAT-2163,2024-08-01 10:32:00,2024-08-01 17:44:00,63,Male,Emergency,Urgent,4,86,0.3,0,785.0,Aetna,Discharged Home,DOC-119
ADM-13436,PAT-1708,2024-07-02 14:45:00,2024-07-06 09:57:00,8,Female,Emergency,Emergency,3,7,3.8,0,14740.5,Medicare,Discharged Home,DOC-107
ADM-13437,PAT-2244,2025-01-07 00:56:00,2025-01-13 17:44:00,39,Male,Neurology,Elective,3,7,6.7,1,17437.5,Medicaid,Discharged Home,DOC-108
ADM-13438,PAT-2248,2024-11-11 09:39:00,2024-11-12 14:27:00,55,Male,Pediatrics,Emergency,5,6,1.2,0,1935.0,Medicaid,Discharged Home,DOC-109
ADM-13439,PAT-2022,2024-03-30 00:05:00,2024-03-31 07:17:00,42,Male,Emergency,Elective,4,263,1.3,0,6852.5,Aetna,Discharged Home,DOC-113
ADM-13440,PAT-1512,2026-05-09 21:27:00,2026-05-11 23:51:00,65,Female,General Medicine,Emergency,3,60,2.1,0,9195.0,UnitedHealth,Discharged Home,DOC-103
ADM-13441,PAT-1701,2025-01-25 15:30:00,2025-01-26 03:30:00,25,Male,General Medicine,Emergency,5,488,0.5,0,7158.0,BlueCross,Transferred,DOC-122
ADM-13442,PAT-1473,2024-05-01 01:32:00,2024-05-05 01:32:00,32,Female,Emergency,Emergency,3,97,4.0,0,14581.5,Medicare,Discharged Home,DOC-106
ADM-13443,PAT-1885,2025-01-07 17:22:00,2025-01-19 17:22:00,76,Male,General Medicine,Elective,2,9,12.0,0,23171.5,Medicaid,Discharged Home,DOC-106
ADM-13444,PAT-1546,2025-01-05 23:16:00,2025-01-08 23:16:00,61,Female,Oncology,Elective,4,46,3.0,0,11516.0,Medicare,AMA (Against Medical Advice),DOC-116
ADM-13445,PAT-1956,2024-11-11 23:08:00,2024-11-13 08:44:00,49,Female,Emergency,Urgent,3,81,1.4,0,10190.5,Self-Pay,Discharged Home,DOC-122
ADM-13446,PAT-2022,2026-04-16 20:00:00,2026-04-20 08:00:00,84,Male,Emergency,Emergency,3,103,3.5,0,10194.5,Medicaid,Discharged Home,DOC-118
ADM-13447,PAT-2408,2025-11-20 20:38:00,2025-11-24 01:26:00,14,Female,Emergency,Emergency,3,33,3.2,0,14376.5,Aetna,Discharged Home,DOC-113
ADM-13448,PAT-1980,2024-10-07 09:16:00,2024-10-13 23:40:00,77,Female,Emergency,Emergency,3,2,6.6,0,13463.0,Medicaid,Discharged Home,DOC-107
ADM-13449,PAT-1307,2026-06-25 11:58:00,2026-07-04 19:10:00,16,Female,Emergency,Emergency,3,6,9.3,0,24808.0,Medicaid,Discharged Home,DOC-109
ADM-13450,PAT-1685,2025-09-25 08:51:00,2025-10-02 04:03:00,66,Female,General Medicine,Emergency,2,2,6.8,0,15890.0,Aetna,Discharged Home,DOC-115
ADM-13451,PAT-1160,2026-05-24 15:07:00,2026-05-26 17:31:00,29,Female,General Medicine,Emergency,3,56,2.1,0,10864.0,UnitedHealth,Discharged Home,DOC-102
ADM-13452,PAT-2468,2025-03-29 16:54:00,2025-03-30 14:30:00,82,Male,Orthopedics,Urgent,5,79,0.9,0,2357.5,BlueCross,Discharged Home,DOC-118
ADM-13453,PAT-2484,2024-11-18 07:44:00,2024-11-20 14:56:00,69,Female,General Medicine,Emergency,3,52,2.3,0,6199.0,BlueCross,Referred to Rehab,DOC-101
ADM-13454,PAT-1485,2026-03-02 16:27:00,2026-03-03 14:03:00,57,Male,Neurology,Elective,2,13,0.9,0,5940.5,Self-Pay,Discharged Home,DOC-107
ADM-13455,PAT-1406,2026-01-08 20:43:00,2026-01-14 18:19:00,30,Male,Orthopedics,Emergency,1,2,5.9,0,14165.0,Medicaid,Discharged Home,DOC-113
ADM-13456,PAT-1620,2025-05-01 07:33:00,2025-05-16 19:33:00,19,Male,Oncology,Emergency,1,17,15.5,0,49045.5,Medicare,Discharged Home,DOC-109
ADM-13457,PAT-1178,2024-06-29 08:47:00,2024-07-01 13:35:00,83,Male,Cardiology,Elective,3,23,2.2,1,9291.5,Aetna,Discharged Home,DOC-124
ADM-13458,PAT-1289,2025-10-08 19:50:00,2025-10-21 00:38:00,62,Female,Orthopedics,Elective,3,59,12.2,0,31582.5,BlueCross,Transferred,DOC-113
ADM-13459,PAT-1956,2026-06-03 14:44:00,2026-06-04 17:08:00,79,Female,Orthopedics,Emergency,2,7,1.1,1,5185.5,UnitedHealth,Discharged Home,DOC-105
ADM-13460,PAT-1994,2024-09-27 03:48:00,2024-09-30 18:12:00,64,Female,General Medicine,Emergency,3,23,3.6,0,5457.5,BlueCross,AMA (Against Medical Advice),DOC-102
ADM-13461,PAT-2451,2024-01-22 06:06:00,2024-01-22 20:30:00,44,Male,Orthopedics,Emergency,4,169,0.6,1,5935.5,BlueCross,Discharged Home,DOC-118
ADM-13462,PAT-1225,2025-08-29 15:45:00,2025-09-16 01:21:00,21,Female,Cardiology,Emergency,1,2,17.4,0,54417.0,UnitedHealth,Discharged Home,DOC-117
ADM-13463,PAT-1402,2024-09-26 08:35:00,2024-10-03 01:23:00,45,Male,Neurology,Urgent,2,34,6.7,0,17505.0,Self-Pay,Discharged Home,DOC-121
ADM-13464,PAT-1760,2026-05-25 11:39:00,2026-05-27 06:51:00,87,Male,Cardiology,Emergency,4,109,1.8,0,5312.5,Medicaid,Discharged Home,DOC-112
ADM-13465,PAT-2369,2024-01-30 13:46:00,2024-01-31 20:58:00,76,Female,Emergency,Elective,4,89,1.3,0,6736.5,Aetna,Transferred,DOC-102
ADM-13466,PAT-1984,2024-06-12 20:28:00,2024-06-14 08:28:00,68,Male,Neurology,Urgent,4,143,1.5,0,4257.5,BlueCross,Discharged Home,DOC-113
ADM-13467,PAT-1194,2025-05-18 15:45:00,2025-05-19 03:45:00,36,Male,Emergency,Elective,4,207,0.5,0,6785.5,Medicaid,Discharged Home,DOC-110
ADM-13468,PAT-2376,2025-05-25 14:02:00,2025-05-28 04:26:00,40,Male,Cardiology,Elective,3,2,2.6,1,11437.0,Medicare,Discharged Home,DOC-123
ADM-13469,PAT-2034,2025-10-05 13:48:00,2025-10-09 23:24:00,64,Male,Emergency,Emergency,2,16,4.4,1,11876.0,UnitedHealth,Discharged Home,DOC-101
ADM-13470,PAT-1875,2025-06-24 06:59:00,2025-06-28 02:11:00,19,Female,Emergency,Emergency,3,2,3.8,0,13301.0,Medicare,Referred to Rehab,DOC-115
ADM-13471,PAT-2087,2024-09-17 17:39:00,2024-09-22 15:15:00,71,Male,Oncology,Elective,2,22,4.9,0,18622.0,Medicaid,Referred to Rehab,DOC-114
ADM-13472,PAT-1672,2026-06-17 08:57:00,2026-06-18 08:57:00,10,Female,Emergency,Emergency,4,88,1.0,1,6831.0,BlueCross,Transferred,DOC-101
ADM-13473,PAT-1387,2026-03-21 22:38:00,2026-03-24 20:14:00,45,Male,Orthopedics,Elective,3,26,2.9,0,14107.0,Medicare,Discharged Home,DOC-108
ADM-13474,PAT-1169,2026-02-03 21:18:00,2026-02-07 06:54:00,33,Female,Emergency,Emergency,2,27,3.4,0,9214.5,Self-Pay,Discharged Home,DOC-109
ADM-13475,PAT-1085,2024-07-23 06:21:00,2024-07-29 11:09:00,77,Male,Emergency,Urgent,3,2,6.2,0,12560.0,Self-Pay,Discharged Home,DOC-112
ADM-13476,PAT-1892,2025-03-09 21:08:00,2025-03-12 13:56:00,81,Male,Emergency,Elective,2,5,2.7,1,6085.5,Medicaid,Discharged Home,DOC-112
ADM-13477,PAT-1325,2025-09-13 20:24:00,2025-09-24 01:12:00,66,Male,Emergency,Elective,2,8,10.2,0,23194.0,BlueCross,Discharged Home,DOC-108
ADM-13478,PAT-1043,2024-09-28 00:06:00,2024-10-03 14:30:00,57,Female,Emergency,Urgent,1,8,5.6,0,11400.0,Self-Pay,Discharged Home,DOC-121
ADM-13479,PAT-2214,2026-04-03 06:08:00,2026-04-06 03:44:00,57,Male,Cardiology,Emergency,3,101,2.9,0,10579.5,Aetna,Discharged Home,DOC-101
ADM-13480,PAT-1240,2024-08-08 03:11:00,2024-08-16 03:11:00,45,Female,Cardiology,Emergency,2,2,8.0,0,30452.0,Aetna,Discharged Home,DOC-101
ADM-13481,PAT-1598,2025-12-17 01:19:00,2025-12-17 15:43:00,92,Male,Cardiology,Emergency,5,23,0.6,0,7912.5,BlueCross,Discharged Home,DOC-117
ADM-13482,PAT-1258,2025-08-03 08:06:00,2025-08-04 12:54:00,74,Male,General Medicine,Elective,5,73,1.2,0,2940.5,Medicare,Discharged Home,DOC-112
ADM-13483,PAT-1608,2025-06-12 12:15:00,2025-06-15 00:15:00,85,Male,Emergency,Elective,3,6,2.5,0,12019.0,Self-Pay,Discharged Home,DOC-115
ADM-13484,PAT-1418,2025-10-15 23:12:00,2025-10-19 06:24:00,41,Female,Cardiology,Elective,1,2,3.3,0,9245.0,UnitedHealth,Referred to Rehab,DOC-104
ADM-13485,PAT-1767,2026-05-30 23:09:00,2026-05-31 08:45:00,86,Male,Emergency,Urgent,4,14,0.4,0,2426.0,BlueCross,Discharged Home,DOC-109
ADM-13486,PAT-1269,2024-07-08 12:22:00,2024-07-20 19:34:00,49,Female,Neurology,Elective,2,17,12.3,0,32022.5,UnitedHealth,Discharged Home,DOC-114
ADM-13487,PAT-2081,2024-12-12 20:11:00,2024-12-18 20:11:00,39,Female,Emergency,Elective,3,59,6.0,1,11547.5,BlueCross,Referred to Rehab,DOC-117
ADM-13488,PAT-1253,2026-05-15 10:21:00,2026-05-16 17:33:00,69,Female,Emergency,Urgent,2,22,1.3,0,2525.0,Medicare,Discharged Home,DOC-113
ADM-13489,PAT-1211,2025-08-22 03:55:00,2025-08-25 06:19:00,18,Female,General Medicine,Urgent,3,4,3.1,0,12084.0,Medicaid,Discharged Home,DOC-101
ADM-13490,PAT-2045,2025-12-29 09:54:00,2026-01-01 21:54:00,54,Female,Orthopedics,Emergency,4,32,3.5,0,8480.0,Medicare,Discharged Home,DOC-101
ADM-13491,PAT-1908,2025-09-07 23:49:00,2025-09-12 09:25:00,37,Female,Emergency,Elective,2,17,4.4,0,16554.5,Medicaid,Transferred,DOC-111
ADM-13492,PAT-2041,2025-11-10 05:12:00,2025-11-14 17:12:00,20,Male,Neurology,Elective,3,68,4.5,0,18726.0,BlueCross,Discharged Home,DOC-115
ADM-13493,PAT-1925,2025-01-13 09:41:00,2025-01-16 09:41:00,33,Male,Emergency,Elective,3,30,3.0,0,7237.0,Aetna,Discharged Home,DOC-117
ADM-13494,PAT-1916,2025-05-09 20:20:00,2025-05-21 01:08:00,45,Male,Neurology,Urgent,2,13,11.2,1,29967.5,Medicare,Discharged Home,DOC-102
ADM-13495,PAT-2455,2025-07-14 10:35:00,2025-07-15 15:23:00,10,Female,Neurology,Urgent,5,29,1.2,0,9731.5,Medicaid,Referred to Rehab,DOC-109
ADM-13496,PAT-2473,2025-11-25 19:14:00,2025-11-30 12:02:00,31,Male,Pediatrics,Emergency,2,10,4.7,0,7545.0,Medicare,Discharged Home,DOC-116
ADM-13497,PAT-1240,2024-12-17 01:01:00,2024-12-19 10:37:00,57,Male,Cardiology,Emergency,4,55,2.4,0,13718.5,Medicare,Referred to Rehab,DOC-115
ADM-13498,PAT-1539,2026-03-05 05:13:00,2026-03-13 17:13:00,55,Male,Emergency,Elective,1,2,8.5,0,22221.0,Medicare,Expired,DOC-112
ADM-13499,PAT-1404,2024-10-09 03:31:00,2024-10-10 03:31:00,74,Male,Orthopedics,Emergency,3,20,1.0,0,10559.0,Medicaid,Referred to Rehab,DOC-102
ADM-13500,PAT-1114,2026-03-20 09:53:00,2026-03-24 12:17:00,81,Male,Orthopedics,Elective,2,4,4.1,0,9850.0,BlueCross,Discharged Home,DOC-111
ADM-13501,PAT-1744,2025-07-25 22:38:00,2025-07-26 10:38:00,51,Female,Pediatrics,Emergency,2,51,0.5,0,927.5,UnitedHealth,Transferred,DOC-122
ADM-13502,PAT-1990,2026-02-15 00:15:00,2026-02-16 14:39:00,31,Female,Emergency,Emergency,2,2,1.6,0,3045.0,Medicare,Referred to Rehab,DOC-119
ADM-13503,PAT-1187,2024-07-24 02:42:00,2024-08-01 14:42:00,1,Female,Cardiology,Emergency,3,3,8.5,0,27342.5,BlueCross,Discharged Home,DOC-122
ADM-13504,PAT-1965,2025-08-20 07:54:00,2025-08-24 03:06:00,42,Female,Neurology,Emergency,3,169,3.8,0,10302.5,Aetna,Transferred,DOC-102
ADM-13505,PAT-2261,2024-02-06 17:52:00,2024-02-07 05:52:00,48,Female,Neurology,Emergency,5,39,0.5,0,9790.5,BlueCross,Discharged Home,DOC-117
ADM-13506,PAT-2118,2024-02-04 12:34:00,2024-02-11 12:34:00,67,Male,Orthopedics,Emergency,2,10,7.0,0,16825.0,Medicaid,Discharged Home,DOC-107
ADM-13507,PAT-2223,2024-06-26 01:29:00,2024-07-02 08:41:00,49,Male,General Medicine,Elective,2,36,6.3,0,9540.0,Aetna,Discharged Home,DOC-102
ADM-13508,PAT-2251,2025-08-07 14:47:00,2025-08-12 17:11:00,67,Male,General Medicine,Urgent,3,88,5.1,0,7870.0,Medicare,Discharged Home,DOC-106
ADM-13509,PAT-1004,2025-06-15 05:47:00,2025-06-21 05:47:00,63,Female,Emergency,Emergency,2,16,6.0,1,19739.0,Self-Pay,Discharged Home,DOC-118
ADM-13510,PAT-2259,2025-06-16 03:23:00,2025-06-18 22:35:00,80,Female,Neurology,Urgent,4,62,2.8,0,11311.0,BlueCross,Discharged Home,DOC-114
ADM-13511,PAT-1827,2025-07-10 07:56:00,2025-07-12 12:44:00,54,Male,Emergency,Emergency,3,82,2.2,0,4385.0,Medicare,Discharged Home,DOC-106
ADM-13512,PAT-1602,2024-10-26 16:24:00,2024-10-30 16:24:00,41,Female,General Medicine,Urgent,3,37,4.0,0,6092.5,Self-Pay,Referred to Rehab,DOC-114
ADM-13513,PAT-1628,2025-10-25 19:04:00,2025-10-31 09:28:00,9,Female,Emergency,Emergency,3,55,5.6,0,10777.5,Self-Pay,Discharged Home,DOC-106
ADM-13514,PAT-2013,2025-06-14 03:10:00,2025-06-15 05:34:00,31,Female,Emergency,Emergency,4,4,1.1,0,6234.0,Aetna,Discharged Home,DOC-110
ADM-13515,PAT-1558,2025-11-10 03:00:00,2025-11-12 07:48:00,27,Female,General Medicine,Urgent,3,157,2.2,0,3692.5,Medicaid,Discharged Home,DOC-113
ADM-13516,PAT-2248,2024-09-12 03:08:00,2024-09-13 15:08:00,43,Female,Emergency,Elective,3,6,1.5,0,6070.0,Medicaid,Discharged Home,DOC-113
ADM-13517,PAT-1636,2024-06-05 21:23:00,2024-06-15 11:47:00,79,Male,General Medicine,Emergency,3,24,9.6,0,14460.0,Medicare,Discharged Home,DOC-125
ADM-13518,PAT-1022,2025-02-03 14:16:00,2025-02-04 16:40:00,26,Female,Emergency,Elective,4,2,1.1,0,3118.0,Medicare,Discharged Home,DOC-104
ADM-13519,PAT-2354,2024-09-05 22:41:00,2024-09-08 20:17:00,50,Male,Emergency,Emergency,3,76,2.9,0,11362.0,Medicare,Discharged Home,DOC-121
ADM-13520,PAT-1279,2024-07-09 01:47:00,2024-07-11 13:47:00,63,Male,Oncology,Emergency,3,22,2.5,0,7805.0,Medicare,Discharged Home,DOC-116
ADM-13521,PAT-2447,2024-07-27 17:34:00,2024-08-03 15:10:00,92,Male,Oncology,Elective,3,23,6.9,0,29482.5,Aetna,Discharged Home,DOC-117
ADM-13522,PAT-1669,2026-03-17 11:15:00,2026-03-17 23:15:00,53,Female,Pediatrics,Urgent,4,86,0.5,0,1015.0,Medicare,Discharged Home,DOC-111
ADM-13523,PAT-2383,2026-04-25 15:42:00,2026-04-28 08:30:00,58,Female,Emergency,Elective,3,33,2.7,0,10312.5,BlueCross,Discharged Home,DOC-102
ADM-13524,PAT-1722,2025-10-14 16:20:00,2025-10-17 13:56:00,75,Female,General Medicine,Emergency,3,27,2.9,0,7056.5,Aetna,Discharged Home,DOC-120
ADM-13525,PAT-1540,2024-02-07 12:32:00,2024-02-09 14:56:00,31,Female,Cardiology,Emergency,4,20,2.1,0,8521.0,Medicare,Discharged Home,DOC-112
ADM-13526,PAT-1395,2024-03-03 09:57:00,2024-03-05 12:21:00,43,Male,Cardiology,Emergency,2,14,2.1,0,5915.0,Self-Pay,Discharged Home,DOC-117
ADM-13527,PAT-1883,2024-05-20 01:43:00,2024-05-21 01:43:00,60,Female,General Medicine,Emergency,4,151,1.0,0,1877.5,UnitedHealth,Referred to Rehab,DOC-119
ADM-13528,PAT-1189,2026-04-03 11:36:00,2026-04-10 02:00:00,67,Male,Oncology,Emergency,2,12,6.6,1,26129.0,Medicaid,Discharged Home,DOC-108
ADM-13529,PAT-1648,2024-07-11 06:20:00,2024-07-12 23:08:00,19,Female,Orthopedics,Urgent,3,13,1.7,0,10424.5,Medicare,Discharged Home,DOC-116
ADM-13530,PAT-1866,2025-11-18 20:10:00,2025-11-25 22:34:00,40,Female,Emergency,Elective,3,92,7.1,0,14610.0,Medicare,Discharged Home,DOC-105
ADM-13531,PAT-1424,2024-02-11 17:15:00,2024-02-13 22:03:00,49,Female,General Medicine,Elective,2,19,2.2,0,4481.5,Medicaid,Discharged Home,DOC-116
ADM-13532,PAT-1088,2025-06-25 09:07:00,2025-06-25 21:07:00,29,Male,Emergency,Emergency,3,23,0.5,0,1007.5,Aetna,Discharged Home,DOC-121
ADM-13533,PAT-1605,2024-12-07 04:31:00,2024-12-09 02:07:00,29,Male,General Medicine,Urgent,3,98,1.9,0,9356.0,UnitedHealth,Discharged Home,DOC-120
ADM-13534,PAT-2270,2024-11-20 17:11:00,2024-11-22 00:23:00,14,Male,Emergency,Emergency,4,60,1.3,0,2620.0,Medicaid,Discharged Home,DOC-101
ADM-13535,PAT-2285,2024-08-14 01:22:00,2024-08-14 20:34:00,82,Male,Emergency,Elective,5,28,0.8,0,1590.0,Aetna,Discharged Home,DOC-105
ADM-13536,PAT-1222,2024-12-13 06:51:00,2024-12-15 02:03:00,13,Female,Emergency,Elective,3,33,1.8,0,4905.5,BlueCross,Discharged Home,DOC-115
ADM-13537,PAT-1489,2025-09-16 04:18:00,2025-09-19 21:06:00,19,Male,Cardiology,Elective,2,4,3.7,0,12909.0,BlueCross,Discharged Home,DOC-106
ADM-13538,PAT-1847,2024-06-28 07:33:00,2024-06-29 05:09:00,57,Male,Cardiology,Emergency,5,22,0.9,1,2575.0,UnitedHealth,Discharged Home,DOC-114
ADM-13539,PAT-1728,2024-09-13 15:29:00,2024-09-18 10:41:00,34,Male,Emergency,Emergency,3,42,4.8,0,9225.0,Medicaid,Discharged Home,DOC-114
ADM-13540,PAT-1935,2025-10-06 16:08:00,2025-10-07 20:56:00,67,Female,Emergency,Emergency,4,14,1.2,0,2315.0,Medicare,Transferred,DOC-104
ADM-13541,PAT-1015,2025-07-17 16:38:00,2025-07-23 02:14:00,69,Female,Orthopedics,Emergency,3,41,5.4,0,13062.5,Medicare,Discharged Home,DOC-111
ADM-13542,PAT-1946,2025-12-15 17:50:00,2025-12-18 13:02:00,3,Male,Neurology,Emergency,2,8,2.8,0,7300.0,BlueCross,Discharged Home,DOC-123
ADM-13543,PAT-2226,2026-03-29 06:24:00,2026-03-30 13:36:00,43,Female,Emergency,Elective,3,230,1.3,0,5426.0,BlueCross,Discharged Home,DOC-108
ADM-13544,PAT-1034,2024-03-24 14:17:00,2024-03-26 14:17:00,62,Female,Emergency,Emergency,3,27,2.0,0,3867.5,Medicare,Referred to Rehab,DOC-115
ADM-13545,PAT-2191,2024-02-02 05:02:00,2024-02-04 02:38:00,50,Male,Neurology,Elective,3,180,1.9,0,5390.0,BlueCross,Discharged Home,DOC-109
ADM-13546,PAT-1844,2026-01-26 03:46:00,2026-01-31 18:10:00,91,Female,General Medicine,Urgent,1,2,5.6,0,10073.0,Medicare,Discharged Home,DOC-110
ADM-13547,PAT-1140,2026-03-08 10:47:00,2026-03-09 15:35:00,28,Male,General Medicine,Emergency,3,43,1.2,0,1907.5,Medicare,Transferred,DOC-107
ADM-13548,PAT-1582,2025-03-02 06:55:00,2025-03-06 06:55:00,57,Male,General Medicine,Urgent,3,108,4.0,0,6823.0,Medicare,Referred to Rehab,DOC-123
ADM-13549,PAT-1754,2025-08-14 18:26:00,2025-08-18 20:50:00,60,Male,Emergency,Emergency,3,29,4.1,0,9341.5,Medicare,Discharged Home,DOC-109
ADM-13550,PAT-1477,2024-04-08 15:47:00,2024-04-10 15:47:00,32,Male,Orthopedics,Elective,4,15,2.0,0,4837.5,Medicare,Discharged Home,DOC-109
ADM-13551,PAT-1902,2025-07-19 23:12:00,2025-07-22 20:48:00,81,Male,Pediatrics,Emergency,1,2,2.9,0,6979.0,Medicare,Discharged Home,DOC-121
ADM-13552,PAT-2157,2025-01-24 18:03:00,2025-01-27 10:51:00,60,Female,Emergency,Urgent,3,40,2.7,0,5230.0,BlueCross,Discharged Home,DOC-115
ADM-13553,PAT-1767,2026-01-27 08:04:00,2026-01-31 12:52:00,29,Female,Neurology,Emergency,3,27,4.2,0,17829.5,Medicaid,Expired,DOC-101
ADM-13554,PAT-2436,2026-04-25 20:07:00,2026-04-30 10:31:00,19,Female,Oncology,Emergency,3,27,4.6,0,14327.5,Medicare,Transferred,DOC-125
ADM-13555,PAT-2122,2025-05-14 20:05:00,2025-05-19 15:17:00,25,Male,Emergency,Emergency,3,60,4.8,0,9270.0,Medicare,Discharged Home,DOC-110
ADM-13556,PAT-2318,2026-01-10 10:14:00,2026-01-13 17:26:00,90,Female,Orthopedics,Elective,3,68,3.3,0,8090.0,UnitedHealth,Expired,DOC-123
ADM-13557,PAT-2289,2025-08-07 06:54:00,2025-08-11 14:06:00,45,Female,Orthopedics,Elective,3,23,4.3,0,13896.5,Medicare,Discharged Home,DOC-122
ADM-13558,PAT-2018,2025-02-05 06:08:00,2025-02-06 10:56:00,71,Female,Orthopedics,Urgent,4,89,1.2,0,7443.5,BlueCross,Discharged Home,DOC-121
ADM-13559,PAT-1656,2024-04-23 19:49:00,2024-04-29 07:49:00,22,Female,Emergency,Emergency,3,161,5.5,0,12663.5,Medicare,Discharged Home,DOC-125
ADM-13560,PAT-1263,2025-07-28 14:53:00,2025-07-29 02:53:00,13,Male,Cardiology,Elective,5,32,0.5,1,9067.0,Aetna,Discharged Home,DOC-104
ADM-13561,PAT-1054,2025-08-26 09:30:00,2025-08-28 16:42:00,46,Male,Orthopedics,Emergency,2,2,2.3,0,6053.0,Aetna,Discharged Home,DOC-103
ADM-13562,PAT-2338,2025-05-26 23:33:00,2025-06-06 13:57:00,15,Male,General Medicine,Emergency,2,10,10.6,0,17801.0,Medicare,Discharged Home,DOC-112
ADM-13563,PAT-2368,2026-03-14 01:41:00,2026-03-14 08:53:00,32,Female,Emergency,Emergency,4,23,0.3,0,4929.5,Aetna,Discharged Home,DOC-113
ADM-13564,PAT-2037,2025-03-13 22:06:00,2025-03-16 19:42:00,21,Female,Cardiology,Elective,3,2,2.9,0,14648.0,Medicare,Referred to Rehab,DOC-113
ADM-13565,PAT-1626,2025-10-12 10:51:00,2025-10-17 20:27:00,14,Male,General Medicine,Emergency,3,3,5.4,0,11572.5,BlueCross,Discharged Home,DOC-119
ADM-13566,PAT-2404,2024-12-28 04:06:00,2024-12-31 13:42:00,4,Male,Neurology,Emergency,1,5,3.4,0,12369.5,Medicare,Discharged Home,DOC-124
ADM-13567,PAT-2165,2024-12-26 01:31:00,2024-12-29 15:55:00,55,Male,Emergency,Urgent,3,4,3.6,0,6850.0,Medicaid,Discharged Home,DOC-114
ADM-13568,PAT-1956,2025-10-16 16:08:00,2025-10-25 16:08:00,69,Female,Cardiology,Elective,3,47,9.0,0,25317.5,BlueCross,Discharged Home,DOC-118
ADM-13569,PAT-1267,2025-06-05 15:20:00,2025-06-07 00:56:00,33,Female,Emergency,Elective,4,24,1.4,0,2720.0,UnitedHealth,Discharged Home,DOC-108
ADM-13570,PAT-1765,2025-07-03 08:01:00,2025-07-07 00:49:00,63,Male,Emergency,Emergency,3,4,3.7,0,7040.0,BlueCross,Discharged Home,DOC-119
ADM-13571,PAT-1961,2026-05-12 02:44:00,2026-05-15 05:08:00,4,Male,Oncology,Urgent,3,4,3.1,0,10624.0,Medicare,Discharged Home,DOC-109
ADM-13572,PAT-1872,2025-08-14 03:02:00,2025-08-22 22:14:00,22,Male,Neurology,Emergency,1,6,8.8,0,31277.0,Medicaid,Discharged Home,DOC-107
ADM-13573,PAT-1431,2025-10-04 02:36:00,2025-10-07 02:36:00,72,Male,Orthopedics,Emergency,2,21,3.0,0,7252.5,Self-Pay,Referred to Rehab,DOC-118
ADM-13574,PAT-1443,2025-06-11 16:17:00,2025-06-14 06:41:00,66,Male,Oncology,Emergency,2,5,2.6,0,8072.5,Medicare,Discharged Home,DOC-111
ADM-13575,PAT-1364,2025-09-04 23:03:00,2025-09-09 03:51:00,51,Male,Cardiology,Elective,4,40,4.2,0,11860.0,Aetna,Discharged Home,DOC-116
ADM-13576,PAT-1519,2025-07-25 05:22:00,2025-07-25 17:22:00,34,Male,General Medicine,Urgent,5,17,0.5,0,8292.5,Medicare,Discharged Home,DOC-107
ADM-13577,PAT-1594,2026-03-30 04:21:00,2026-04-03 13:57:00,78,Male,Oncology,Elective,2,11,4.4,1,13667.5,BlueCross,Discharged Home,DOC-115
ADM-13578,PAT-2320,2026-03-23 08:20:00,2026-03-25 17:56:00,34,Male,General Medicine,Emergency,4,39,2.4,0,6465.5,BlueCross,Discharged Home,DOC-115
ADM-13579,PAT-1764,2026-01-12 16:28:00,2026-01-15 21:16:00,28,Female,General Medicine,Elective,3,7,3.2,1,9925.5,UnitedHealth,Discharged Home,DOC-110
ADM-13580,PAT-1417,2024-11-05 21:52:00,2024-11-06 12:16:00,80,Male,Emergency,Urgent,5,5,0.6,0,1152.5,Aetna,Discharged Home,DOC-123
ADM-13581,PAT-1156,2024-02-02 20:03:00,2024-02-07 22:27:00,40,Female,Cardiology,Elective,3,38,5.1,0,14375.0,BlueCross,Transferred,DOC-106
ADM-13582,PAT-1102,2025-08-28 23:57:00,2025-09-13 09:33:00,47,Female,Emergency,Elective,3,33,15.4,0,33534.5,Medicaid,Discharged Home,DOC-114
ADM-13583,PAT-1381,2025-02-20 18:17:00,2025-02-23 01:29:00,52,Male,Emergency,Emergency,3,29,2.3,0,4442.5,BlueCross,Discharged Home,DOC-115
ADM-13584,PAT-1009,2025-02-13 19:32:00,2025-02-17 05:08:00,35,Male,Emergency,Elective,3,11,3.4,0,8853.5,BlueCross,Discharged Home,DOC-119
ADM-13585,PAT-2317,2024-01-17 10:14:00,2024-01-29 19:50:00,49,Male,General Medicine,Emergency,3,4,12.4,0,18610.0,Medicaid,Transferred,DOC-124
ADM-13586,PAT-2214,2024-10-12 19:57:00,2024-10-20 05:33:00,26,Female,Cardiology,Urgent,3,58,7.4,0,20865.0,Medicare,Discharged Home,DOC-101
ADM-13587,PAT-1218,2025-09-17 21:14:00,2025-09-20 09:14:00,48,Female,General Medicine,Emergency,3,22,2.5,0,6059.0,Self-Pay,Discharged Home,DOC-125
ADM-13588,PAT-2285,2025-06-25 10:28:00,2025-07-02 15:16:00,60,Male,Cardiology,Emergency,3,20,7.2,0,27982.0,BlueCross,Discharged Home,DOC-104
ADM-13589,PAT-1182,2024-11-02 15:38:00,2024-11-04 13:14:00,61,Male,Cardiology,Emergency,3,135,1.9,1,5657.5,UnitedHealth,Discharged Home,DOC-103
ADM-13590,PAT-1843,2024-07-10 10:18:00,2024-07-15 07:54:00,44,Female,Emergency,Elective,3,3,4.9,0,12555.5,Medicare,Discharged Home,DOC-110
ADM-13591,PAT-1852,2024-12-15 08:33:00,2024-12-24 18:09:00,51,Male,Cardiology,Emergency,3,25,9.4,0,31985.5,Medicare,Discharged Home,DOC-106
ADM-13592,PAT-1295,2026-05-06 02:50:00,2026-05-06 14:50:00,36,Female,Neurology,Elective,4,114,0.5,0,4101.0,Medicaid,Discharged Home,DOC-108
ADM-13593,PAT-1565,2026-05-03 08:50:00,2026-05-04 13:38:00,90,Female,Emergency,Emergency,2,44,1.2,0,3296.0,Medicare,Referred to Rehab,DOC-102
ADM-13594,PAT-1854,2024-02-22 15:04:00,2024-02-23 19:52:00,43,Male,Neurology,Emergency,4,193,1.2,0,10440.5,Aetna,Discharged Home,DOC-113
ADM-13595,PAT-1388,2026-01-27 06:03:00,2026-01-28 20:27:00,79,Male,Orthopedics,Urgent,3,10,1.6,0,3865.0,Medicaid,Discharged Home,DOC-110
ADM-13596,PAT-2296,2025-01-27 17:33:00,2025-01-29 19:57:00,83,Male,Pediatrics,Urgent,4,100,2.1,0,3610.0,Medicare,Referred to Rehab,DOC-114
ADM-13597,PAT-1518,2024-05-04 06:32:00,2024-05-07 08:56:00,81,Female,Neurology,Urgent,3,26,3.1,1,8125.0,Medicaid,Discharged Home,DOC-113
ADM-13598,PAT-1736,2024-12-02 14:42:00,2024-12-07 05:06:00,62,Male,Orthopedics,Emergency,3,46,4.6,0,18857.0,Medicare,Discharged Home,DOC-104
ADM-13599,PAT-1899,2025-08-02 02:01:00,2025-08-04 16:25:00,39,Male,Pediatrics,Elective,5,104,2.6,0,6375.0,Medicaid,Discharged Home,DOC-110
ADM-13600,PAT-2213,2025-10-20 23:24:00,2025-10-24 16:12:00,23,Male,Cardiology,Emergency,2,7,3.7,0,10377.5,Medicare,Discharged Home,DOC-119
ADM-13601,PAT-2193,2024-10-18 00:14:00,2024-10-19 00:14:00,9,Male,Orthopedics,Elective,4,145,1.0,0,5034.5,Self-Pay,Discharged Home,DOC-112
ADM-13602,PAT-2420,2024-10-18 05:44:00,2024-10-21 08:08:00,13,Male,Emergency,Emergency,2,29,3.1,1,7722.5,BlueCross,Discharged Home,DOC-104
ADM-13603,PAT-1332,2024-06-04 01:45:00,2024-06-06 18:33:00,21,Male,Orthopedics,Elective,3,31,2.7,0,11202.5,Medicaid,Discharged Home,DOC-123
ADM-13604,PAT-1629,2025-02-16 12:25:00,2025-02-23 19:37:00,14,Female,Neurology,Emergency,1,6,7.3,1,23949.0,UnitedHealth,Discharged Home,DOC-118
ADM-13605,PAT-1300,2025-11-08 13:09:00,2025-11-11 20:21:00,65,Male,Neurology,Emergency,1,2,3.3,0,14557.0,Aetna,Referred to Rehab,DOC-120
ADM-13606,PAT-1208,2024-11-16 06:31:00,2024-11-17 08:55:00,91,Male,Cardiology,Emergency,3,95,1.1,1,9709.5,BlueCross,Discharged Home,DOC-121
ADM-13607,PAT-1052,2026-06-22 04:41:00,2026-06-23 23:53:00,21,Female,Cardiology,Emergency,4,5,1.8,0,5052.5,Medicare,Discharged Home,DOC-118
ADM-13608,PAT-1349,2026-01-02 00:25:00,2026-01-07 02:49:00,88,Female,Emergency,Emergency,3,7,5.1,0,11415.5,BlueCross,Discharged Home,DOC-124
ADM-13609,PAT-1515,2025-10-06 08:17:00,2025-10-07 03:29:00,58,Male,General Medicine,Elective,2,15,0.8,1,3032.5,UnitedHealth,Discharged Home,DOC-105
ADM-13610,PAT-1641,2024-09-04 18:19:00,2024-09-05 06:19:00,44,Male,Cardiology,Emergency,5,458,0.5,1,9597.0,Medicaid,Discharged Home,DOC-115
ADM-13611,PAT-1970,2025-10-29 21:39:00,2025-11-07 09:39:00,55,Male,Emergency,Elective,3,47,8.5,0,22179.5,BlueCross,Discharged Home,DOC-118
ADM-13612,PAT-2010,2024-02-23 18:24:00,2024-02-25 18:24:00,58,Female,Emergency,Emergency,2,2,2.0,0,11642.0,Medicaid,Discharged Home,DOC-116
ADM-13613,PAT-1274,2024-07-01 09:58:00,2024-07-10 02:46:00,91,Female,Neurology,Emergency,2,2,8.7,1,23549.0,BlueCross,Expired,DOC-107
ADM-13614,PAT-2431,2025-12-05 22:58:00,2025-12-07 13:22:00,57,Male,Cardiology,Elective,4,75,1.6,0,11346.5,BlueCross,Transferred,DOC-116
ADM-13615,PAT-1296,2024-10-10 06:14:00,2024-10-16 01:26:00,75,Female,Orthopedics,Elective,3,68,5.8,0,16960.0,BlueCross,Discharged Home,DOC-114
ADM-13616,PAT-2364,2026-02-09 07:59:00,2026-02-16 12:47:00,51,Female,General Medicine,Urgent,2,15,7.2,0,13950.5,Aetna,Discharged Home,DOC-108
ADM-13617,PAT-2137,2025-01-25 22:07:00,2025-01-27 19:43:00,4,Male,Neurology,Elective,4,123,1.9,0,5247.5,BlueCross,Referred to Rehab,DOC-106
ADM-13618,PAT-1940,2024-10-07 06:09:00,2024-10-10 08:33:00,86,Male,General Medicine,Elective,3,17,3.1,0,7094.5,BlueCross,Discharged Home,DOC-115
ADM-13619,PAT-2332,2025-08-15 08:01:00,2025-08-21 22:25:00,20,Female,Pediatrics,Elective,3,25,6.6,0,10622.5,BlueCross,Discharged Home,DOC-114
ADM-13620,PAT-2396,2024-11-22 08:30:00,2024-11-22 22:54:00,39,Male,Emergency,Emergency,4,48,0.6,0,2227.0,Medicare,Discharged Home,DOC-116
ADM-13621,PAT-2342,2026-01-10 19:03:00,2026-01-11 14:15:00,61,Male,Cardiology,Emergency,3,10,0.8,0,9108.0,Medicaid,Referred to Rehab,DOC-119
ADM-13622,PAT-1578,2025-05-31 14:12:00,2025-06-02 07:00:00,24,Female,Cardiology,Urgent,3,46,1.7,1,8771.0,UnitedHealth,Discharged Home,DOC-103
ADM-13623,PAT-1486,2024-03-15 20:51:00,2024-03-18 06:27:00,56,Female,Orthopedics,Emergency,3,13,2.4,0,8399.5,Medicaid,Transferred,DOC-124
ADM-13624,PAT-1735,2025-08-19 11:21:00,2025-08-23 01:45:00,41,Female,Orthopedics,Emergency,2,18,3.6,0,8685.0,UnitedHealth,Discharged Home,DOC-107
ADM-13625,PAT-2449,2024-12-25 10:02:00,2024-12-28 05:14:00,56,Male,Neurology,Elective,5,156,2.8,0,7670.0,Medicaid,Discharged Home,DOC-122
ADM-13626,PAT-2410,2025-09-02 14:01:00,2025-09-06 04:25:00,12,Male,Pediatrics,Emergency,3,58,3.6,0,9211.0,Medicaid,Discharged Home,DOC-108
ADM-13627,PAT-1878,2026-05-23 11:26:00,2026-05-30 13:50:00,30,Male,Pediatrics,Emergency,3,31,7.1,1,13999.5,Aetna,Discharged Home,DOC-108
ADM-13628,PAT-2017,2025-03-05 23:57:00,2025-03-07 11:57:00,22,Male,Emergency,Emergency,3,25,1.5,0,7527.5,Medicare,Discharged Home,DOC-115
ADM-13629,PAT-1080,2025-10-10 18:36:00,2025-10-20 23:24:00,67,Male,Emergency,Emergency,3,8,10.2,0,19400.0,Medicaid,Discharged Home,DOC-115
ADM-13630,PAT-1129,2024-12-27 10:29:00,2025-01-01 20:05:00,65,Male,Cardiology,Emergency,2,18,5.4,0,21741.0,Medicare,Discharged Home,DOC-124
ADM-13631,PAT-1655,2025-03-27 10:49:00,2025-03-29 08:25:00,49,Male,Orthopedics,Emergency,4,98,1.9,0,8771.0,Medicare,Discharged Home,DOC-116
ADM-13632,PAT-1445,2024-09-01 03:35:00,2024-09-02 05:59:00,20,Male,Emergency,Urgent,3,36,1.1,0,7063.0,Medicaid,Discharged Home,DOC-106
ADM-13633,PAT-1493,2025-11-20 00:53:00,2025-11-23 03:17:00,81,Female,Orthopedics,Emergency,1,9,3.1,0,7462.5,UnitedHealth,Discharged Home,DOC-118
ADM-13634,PAT-1195,2024-10-31 18:40:00,2024-11-04 13:52:00,43,Female,Cardiology,Urgent,3,14,3.8,1,17034.0,Aetna,Referred to Rehab,DOC-102
ADM-13635,PAT-1091,2024-03-18 08:37:00,2024-03-20 06:13:00,75,Female,Emergency,Elective,2,15,1.9,1,3647.5,BlueCross,Transferred,DOC-102
ADM-13636,PAT-1275,2025-10-11 18:46:00,2025-10-30 13:58:00,73,Female,Emergency,Elective,1,2,18.8,0,39875.0,Aetna,Discharged Home,DOC-121
ADM-13637,PAT-1392,2026-06-01 00:22:00,2026-06-02 05:10:00,42,Female,Neurology,Emergency,3,2,1.2,1,3125.0,UnitedHealth,Discharged Home,DOC-101
ADM-13638,PAT-1573,2024-09-18 07:16:00,2024-09-21 21:40:00,55,Female,Emergency,Emergency,2,14,3.6,0,9888.0,BlueCross,Discharged Home,DOC-104
ADM-13639,PAT-1088,2024-10-28 13:29:00,2024-11-02 08:41:00,72,Male,Cardiology,Emergency,3,68,4.8,1,13610.0,Medicare,Discharged Home,DOC-110
ADM-13640,PAT-1226,2024-12-07 15:32:00,2024-12-09 01:08:00,81,Female,General Medicine,Emergency,4,75,1.4,1,3877.5,Medicare,Discharged Home,DOC-116
ADM-13641,PAT-1300,2025-03-09 23:38:00,2025-03-14 09:14:00,5,Female,General Medicine,Emergency,2,5,4.4,1,12493.5,Medicaid,Discharged Home,DOC-113
ADM-13642,PAT-1157,2026-01-02 18:54:00,2026-01-08 09:18:00,90,Female,Orthopedics,Elective,2,9,5.6,0,20705.5,Aetna,Discharged Home,DOC-114
ADM-13643,PAT-1975,2025-04-20 22:24:00,2025-04-23 00:48:00,77,Female,Emergency,Emergency,3,137,2.1,0,4332.5,Medicare,Discharged Home,DOC-120
ADM-13644,PAT-2099,2025-10-20 21:42:00,2025-10-22 02:30:00,78,Female,Emergency,Emergency,4,190,1.2,0,2755.0,BlueCross,AMA (Against Medical Advice),DOC-108
ADM-13645,PAT-1079,2024-11-22 11:39:00,2024-11-23 23:39:00,29,Female,Orthopedics,Elective,4,134,1.5,0,7792.0,Medicaid,Discharged Home,DOC-103
ADM-13646,PAT-2321,2024-04-26 18:22:00,2024-05-06 20:46:00,44,Female,General Medicine,Emergency,1,3,10.1,1,21273.5,Medicaid,Discharged Home,DOC-119
ADM-13647,PAT-2346,2024-09-10 21:22:00,2024-09-11 21:22:00,55,Male,Emergency,Emergency,4,41,1.0,0,2002.5,UnitedHealth,Discharged Home,DOC-111
ADM-13648,PAT-2044,2026-02-24 18:24:00,2026-02-26 18:24:00,37,Male,Emergency,Emergency,3,39,2.0,0,6350.5,Medicare,Discharged Home,DOC-124
ADM-13649,PAT-1287,2026-02-24 08:02:00,2026-02-27 00:50:00,29,Male,Oncology,Elective,4,33,2.7,0,12622.5,Medicare,Discharged Home,DOC-119
ADM-13650,PAT-1647,2026-05-17 14:21:00,2026-05-18 23:57:00,59,Female,Emergency,Urgent,5,50,1.4,0,2785.0,BlueCross,Discharged Home,DOC-124
ADM-13651,PAT-1958,2025-07-26 22:24:00,2025-07-27 20:00:00,42,Female,Pediatrics,Emergency,4,36,0.9,1,1530.0,Medicare,Discharged Home,DOC-112
ADM-13652,PAT-1735,2024-09-30 09:38:00,2024-10-01 19:14:00,41,Female,Emergency,Elective,4,163,1.4,0,7254.5,Aetna,Referred to Rehab,DOC-117
ADM-13653,PAT-2450,2025-10-21 04:37:00,2025-10-21 16:37:00,60,Male,Pediatrics,Emergency,3,229,0.5,0,8417.5,UnitedHealth,Discharged Home,DOC-102
ADM-13654,PAT-1079,2024-10-10 00:44:00,2024-10-17 12:44:00,92,Male,Neurology,Emergency,1,2,7.5,0,25072.0,Medicaid,Referred to Rehab,DOC-125
ADM-13655,PAT-1139,2024-04-18 23:29:00,2024-04-19 18:41:00,51,Female,Emergency,Emergency,5,48,0.8,0,6542.0,Medicare,Discharged Home,DOC-109
ADM-13656,PAT-1194,2025-02-22 16:30:00,2025-02-27 14:06:00,40,Female,General Medicine,Emergency,3,115,4.9,0,7637.5,Aetna,Discharged Home,DOC-109
ADM-13657,PAT-1305,2026-04-23 16:59:00,2026-04-24 09:47:00,80,Female,Emergency,Elective,3,9,0.7,0,1352.5,BlueCross,AMA (Against Medical Advice),DOC-118
ADM-13658,PAT-1848,2025-05-29 15:48:00,2025-05-31 13:24:00,49,Male,Orthopedics,Emergency,2,12,1.9,0,5202.0,UnitedHealth,Discharged Home,DOC-106
ADM-13659,PAT-1668,2024-08-17 00:59:00,2024-08-20 03:23:00,47,Female,Orthopedics,Elective,3,70,3.1,0,9217.0,Medicaid,Discharged Home,DOC-113
ADM-13660,PAT-2350,2025-11-04 08:45:00,2025-11-05 23:09:00,42,Female,Orthopedics,Emergency,3,17,1.6,0,11024.5,Medicare,Discharged Home,DOC-125
ADM-13661,PAT-1437,2026-04-02 15:50:00,2026-04-11 06:14:00,26,Male,Orthopedics,Emergency,3,50,8.6,0,26137.0,Medicaid,Expired,DOC-117
ADM-13662,PAT-2208,2024-10-17 15:56:00,2024-11-04 23:08:00,58,Male,Pediatrics,Elective,1,2,18.3,0,29285.0,BlueCross,Discharged Home,DOC-104
ADM-13663,PAT-1215,2026-02-25 09:50:00,2026-03-05 19:26:00,48,Female,General Medicine,Elective,2,5,8.4,0,12612.5,Medicare,Discharged Home,DOC-109
ADM-13664,PAT-1731,2024-06-19 15:49:00,2024-06-22 11:01:00,44,Male,General Medicine,Elective,2,33,2.8,1,4282.5,Medicare,Discharged Home,DOC-116
ADM-13665,PAT-1116,2024-10-04 06:45:00,2024-10-07 13:57:00,54,Female,Neurology,Elective,2,6,3.3,0,10361.0,Medicaid,Discharged Home,DOC-113
ADM-13666,PAT-2398,2025-01-24 04:42:00,2025-01-26 04:42:00,27,Male,Orthopedics,Emergency,5,330,2.0,0,5625.0,UnitedHealth,Discharged Home,DOC-122
ADM-13667,PAT-1317,2024-04-21 21:44:00,2024-04-25 00:08:00,21,Female,Emergency,Emergency,3,31,3.1,0,5967.5,BlueCross,Discharged Home,DOC-101
ADM-13668,PAT-2310,2024-04-14 08:27:00,2024-04-15 10:51:00,71,Female,Orthopedics,Emergency,5,117,1.1,0,8753.5,BlueCross,Discharged Home,DOC-102
ADM-13669,PAT-1067,2025-11-22 10:33:00,2025-11-24 20:09:00,45,Male,General Medicine,Urgent,3,51,2.4,0,3727.5,BlueCross,Discharged Home,DOC-114
ADM-13670,PAT-1896,2025-07-27 09:03:00,2025-07-30 21:03:00,70,Male,Orthopedics,Emergency,4,70,3.5,0,11663.0,Medicare,Discharged Home,DOC-104
ADM-13671,PAT-1253,2024-10-03 04:50:00,2024-10-04 12:02:00,67,Female,Oncology,Urgent,4,24,1.3,1,10338.0,Medicare,Transferred,DOC-109
ADM-13672,PAT-1674,2025-02-15 18:05:00,2025-02-19 20:29:00,24,Male,Emergency,Emergency,3,95,4.1,0,8027.5,BlueCross,Discharged Home,DOC-112
ADM-13673,PAT-1122,2024-02-02 06:14:00,2024-02-04 03:50:00,26,Female,Emergency,Emergency,3,15,1.9,0,5241.5,Medicaid,Referred to Rehab,DOC-118
ADM-13674,PAT-1758,2025-12-11 07:02:00,2025-12-17 19:02:00,57,Male,Emergency,Emergency,2,6,6.5,0,18900.0,Aetna,Discharged Home,DOC-111
ADM-13675,PAT-2320,2024-01-29 16:55:00,2024-01-30 07:19:00,34,Female,Emergency,Emergency,5,17,0.6,0,7548.5,Medicare,Discharged Home,DOC-103
ADM-13676,PAT-2199,2026-03-18 10:03:00,2026-03-23 10:03:00,52,Female,Pediatrics,Emergency,3,2,5.0,0,11438.0,Medicaid,Referred to Rehab,DOC-123
ADM-13677,PAT-2436,2024-10-19 09:20:00,2024-10-26 16:32:00,33,Female,Orthopedics,Elective,3,9,7.3,0,20209.5,Medicare,Discharged Home,DOC-108
ADM-13678,PAT-1069,2025-03-21 00:17:00,2025-03-21 17:05:00,55,Male,Emergency,Elective,4,35,0.7,0,6103.5,Medicare,Transferred,DOC-113
ADM-13679,PAT-1609,2025-01-07 12:27:00,2025-01-14 07:39:00,69,Female,Emergency,Emergency,3,38,6.8,0,17585.0,Medicaid,Discharged Home,DOC-108
ADM-13680,PAT-2151,2024-01-22 19:53:00,2024-02-06 19:53:00,91,Female,Cardiology,Elective,2,5,15.0,1,42012.5,Medicare,Discharged Home,DOC-109
ADM-13681,PAT-1049,2026-01-18 06:45:00,2026-01-24 04:21:00,57,Female,Cardiology,Elective,2,2,5.9,1,17381.0,BlueCross,Discharged Home,DOC-114
ADM-13682,PAT-1123,2024-02-01 15:01:00,2024-02-02 03:01:00,22,Female,General Medicine,Emergency,2,24,0.5,0,4563.0,Medicaid,Discharged Home,DOC-112
ADM-13683,PAT-2368,2024-05-07 23:24:00,2024-05-11 21:00:00,61,Male,Emergency,Urgent,3,44,3.9,1,7520.0,BlueCross,Discharged Home,DOC-105
ADM-13684,PAT-1761,2024-09-09 23:00:00,2024-09-15 15:48:00,92,Female,Emergency,Urgent,3,85,5.7,0,15707.5,UnitedHealth,Discharged Home,DOC-109
ADM-13685,PAT-1547,2024-06-08 23:24:00,2024-06-09 11:24:00,63,Female,Cardiology,Elective,3,8,0.5,1,5421.0,Aetna,Discharged Home,DOC-116
ADM-13686,PAT-2211,2026-03-28 10:27:00,2026-03-29 12:51:00,59,Female,Orthopedics,Emergency,5,88,1.1,0,9491.0,Medicare,Discharged Home,DOC-123
ADM-13687,PAT-2276,2024-06-26 15:18:00,2024-06-30 15:18:00,44,Male,Emergency,Emergency,3,41,4.0,0,14146.5,Self-Pay,Transferred,DOC-123
ADM-13688,PAT-1589,2024-05-15 04:57:00,2024-05-16 09:45:00,74,Male,Emergency,Emergency,3,43,1.2,0,5179.5,Medicare,Discharged Home,DOC-106
ADM-13689,PAT-1436,2025-01-31 03:29:00,2025-02-19 15:29:00,67,Female,Cardiology,Emergency,2,77,19.5,0,62813.5,BlueCross,Discharged Home,DOC-123
ADM-13690,PAT-1062,2025-11-10 12:30:00,2025-11-15 00:30:00,19,Female,Emergency,Emergency,3,22,4.5,0,8605.0,BlueCross,Discharged Home,DOC-113
ADM-13691,PAT-1473,2024-01-07 04:38:00,2024-01-13 11:50:00,71,Female,Emergency,Elective,2,8,6.3,1,19081.0,BlueCross,Discharged Home,DOC-123
ADM-13692,PAT-2235,2025-11-26 21:43:00,2025-11-27 12:07:00,61,Female,Neurology,Elective,4,23,0.6,0,1617.5,BlueCross,Discharged Home,DOC-117
ADM-13693,PAT-2470,2025-05-08 09:18:00,2025-05-10 23:42:00,70,Female,Emergency,Elective,3,130,2.6,0,5265.0,BlueCross,Discharged Home,DOC-111
ADM-13694,PAT-2431,2024-07-17 04:32:00,2024-07-21 21:20:00,78,Female,Cardiology,Emergency,3,17,4.7,0,17962.5,BlueCross,Transferred,DOC-120
ADM-13695,PAT-1856,2024-01-13 04:42:00,2024-01-14 09:30:00,20,Male,Cardiology,Urgent,5,86,1.2,0,3575.0,Medicare,Discharged Home,DOC-125
ADM-13696,PAT-1338,2025-12-14 17:48:00,2025-12-15 10:36:00,26,Female,Emergency,Elective,4,157,0.7,0,7681.5,Medicare,Discharged Home,DOC-111
ADM-13697,PAT-1443,2024-09-11 03:48:00,2024-09-11 15:48:00,82,Female,Neurology,Elective,5,239,0.5,1,5314.5,BlueCross,Discharged Home,DOC-118
ADM-13698,PAT-2162,2024-02-01 22:42:00,2024-02-09 05:54:00,63,Male,Emergency,Elective,1,3,7.3,1,17337.5,Medicare,Discharged Home,DOC-120
ADM-13699,PAT-1429,2024-05-13 20:53:00,2024-05-14 08:53:00,32,Male,General Medicine,Elective,5,249,0.5,0,3451.5,Medicaid,Discharged Home,DOC-109
ADM-13700,PAT-1175,2025-12-01 23:33:00,2025-12-06 18:45:00,56,Male,Emergency,Emergency,3,7,4.8,0,17111.5,BlueCross,Discharged Home,DOC-120
ADM-13701,PAT-2308,2024-01-01 20:44:00,2024-01-05 08:44:00,1,Male,Oncology,Emergency,3,51,3.5,0,10977.5,BlueCross,Discharged Home,DOC-101
ADM-13702,PAT-2148,2024-12-21 06:08:00,2024-12-21 18:08:00,20,Female,Emergency,Emergency,4,9,0.5,0,7203.5,Self-Pay,Discharged Home,DOC-114
ADM-13703,PAT-1077,2026-04-10 21:11:00,2026-04-11 18:47:00,52,Female,Pediatrics,Emergency,4,36,0.9,0,9350.0,Medicare,Transferred,DOC-124
ADM-13704,PAT-1951,2026-03-19 21:11:00,2026-03-26 13:59:00,21,Female,Emergency,Urgent,3,24,6.7,0,12790.0,Medicare,Discharged Home,DOC-101
ADM-13705,PAT-2128,2026-06-26 20:39:00,2026-06-29 01:27:00,47,Male,Emergency,Emergency,3,12,2.2,1,4210.0,Medicare,Discharged Home,DOC-111
ADM-13706,PAT-1024,2024-08-14 00:49:00,2024-08-25 20:01:00,69,Male,Emergency,Emergency,2,2,11.8,0,22425.0,BlueCross,AMA (Against Medical Advice),DOC-118
ADM-13707,PAT-1866,2024-11-28 11:37:00,2024-12-11 09:13:00,16,Female,Cardiology,Elective,1,7,12.9,0,39406.5,Medicare,Transferred,DOC-101
ADM-13708,PAT-2203,2024-12-09 01:28:00,2024-12-09 13:28:00,36,Female,Emergency,Emergency,1,3,0.5,0,957.5,Medicaid,Discharged Home,DOC-115
ADM-13709,PAT-1360,2025-11-24 13:25:00,2025-11-26 13:25:00,59,Female,Emergency,Elective,2,19,2.0,0,3847.5,Medicaid,Discharged Home,DOC-114
ADM-13710,PAT-1694,2024-02-10 10:31:00,2024-02-13 22:31:00,35,Male,General Medicine,Elective,3,94,3.5,0,13512.0,BlueCross,Discharged Home,DOC-118
ADM-13711,PAT-1553,2024-05-29 03:37:00,2024-06-05 15:37:00,67,Female,Orthopedics,Elective,3,51,7.5,0,21789.5,Medicare,Discharged Home,DOC-107
ADM-13712,PAT-1605,2025-03-11 12:53:00,2025-03-12 05:41:00,45,Male,General Medicine,Emergency,2,14,0.7,1,9520.0,Medicare,Discharged Home,DOC-118
ADM-13713,PAT-2390,2025-04-02 09:14:00,2025-04-06 18:50:00,36,Female,Orthopedics,Urgent,2,2,4.4,0,18910.0,UnitedHealth,Discharged Home,DOC-102
ADM-13714,PAT-1809,2024-10-23 03:07:00,2024-10-29 03:07:00,32,Female,Emergency,Emergency,3,154,6.0,0,17403.0,Medicare,Discharged Home,DOC-119
ADM-13715,PAT-1921,2024-03-15 05:27:00,2024-03-18 00:39:00,24,Male,Emergency,Elective,3,38,2.8,0,5415.0,Aetna,Discharged Home,DOC-104
ADM-13716,PAT-1883,2024-09-21 08:25:00,2024-09-23 01:13:00,67,Male,Emergency,Elective,3,9,1.7,0,7344.5,BlueCross,Discharged Home,DOC-109
ADM-13717,PAT-1901,2025-02-02 11:45:00,2025-02-03 23:45:00,47,Male,General Medicine,Emergency,3,40,1.5,0,2350.0,Medicare,Discharged Home,DOC-115
ADM-13718,PAT-1764,2025-12-14 20:07:00,2025-12-23 10:31:00,13,Female,Orthopedics,Elective,2,7,8.6,1,20657.5,BlueCross,Discharged Home,DOC-125
ADM-13719,PAT-1451,2024-04-30 04:48:00,2024-05-01 07:12:00,81,Female,Neurology,Emergency,4,115,1.1,0,3147.5,Medicare,Discharged Home,DOC-106
ADM-13720,PAT-1148,2025-07-19 11:39:00,2025-07-23 02:03:00,53,Male,Pediatrics,Elective,4,66,3.6,0,10569.0,BlueCross,Referred to Rehab,DOC-112
ADM-13721,PAT-2202,2024-07-04 11:37:00,2024-07-05 23:37:00,29,Female,Emergency,Urgent,2,21,1.5,1,6520.5,Medicaid,Transferred,DOC-119
ADM-13722,PAT-2105,2025-02-21 22:18:00,2025-03-04 19:54:00,45,Male,General Medicine,Emergency,3,50,10.9,0,22691.0,Aetna,Expired,DOC-101
ADM-13723,PAT-1414,2024-12-12 22:19:00,2024-12-13 19:55:00,53,Female,Orthopedics,Emergency,5,6,0.9,0,2175.0,Medicare,Discharged Home,DOC-111
ADM-13724,PAT-1888,2026-06-05 15:03:00,2026-06-06 03:03:00,90,Female,Cardiology,Urgent,3,86,0.5,0,2341.0,Medicaid,Discharged Home,DOC-102
ADM-13725,PAT-1872,2024-04-11 09:29:00,2024-04-15 04:41:00,18,Female,Emergency,Emergency,3,21,3.8,0,9799.5,Self-Pay,Discharged Home,DOC-102
ADM-13726,PAT-1104,2024-11-12 09:41:00,2024-11-12 21:41:00,64,Female,Emergency,Emergency,4,20,0.5,0,2175.0,Medicare,Discharged Home,DOC-121
ADM-13727,PAT-1781,2024-07-09 02:42:00,2024-07-10 00:18:00,85,Female,Orthopedics,Urgent,5,19,0.9,0,10014.5,BlueCross,Discharged Home,DOC-116
ADM-13728,PAT-1616,2026-05-03 17:07:00,2026-05-04 12:19:00,41,Female,Emergency,Urgent,5,14,0.8,0,1555.0,Medicare,Discharged Home,DOC-125
ADM-13729,PAT-2104,2025-05-15 17:16:00,2025-05-17 19:40:00,79,Male,Oncology,Emergency,3,20,2.1,0,6560.0,BlueCross,Discharged Home,DOC-103
ADM-13730,PAT-1513,2024-06-26 14:16:00,2024-06-30 19:04:00,90,Female,Emergency,Elective,3,21,4.2,0,8032.5,Aetna,Discharged Home,DOC-119
ADM-13731,PAT-1352,2025-12-31 07:28:00,2026-01-04 00:16:00,38,Male,General Medicine,Elective,3,34,3.7,0,10929.0,Aetna,Discharged Home,DOC-117
ADM-13732,PAT-1326,2025-04-17 23:50:00,2025-04-19 23:50:00,71,Male,General Medicine,Emergency,4,17,2.0,0,5275.5,Medicare,Transferred,DOC-105
ADM-13733,PAT-2355,2026-03-10 11:59:00,2026-03-11 07:11:00,68,Female,General Medicine,Elective,4,124,0.8,0,9576.0,Medicare,Discharged Home,DOC-103
ADM-13734,PAT-1744,2025-02-03 00:14:00,2025-02-10 02:38:00,21,Female,Neurology,Emergency,2,38,7.1,0,18555.0,Medicaid,Discharged Home,DOC-119
ADM-13735,PAT-1472,2025-01-14 15:01:00,2025-01-20 07:49:00,3,Female,Emergency,Emergency,2,15,5.7,0,15393.5,Medicare,Discharged Home,DOC-122
ADM-13736,PAT-1921,2025-02-14 08:35:00,2025-02-14 20:35:00,61,Female,General Medicine,Emergency,5,294,0.5,1,5213.0,BlueCross,Discharged Home,DOC-112
ADM-13737,PAT-1257,2025-08-23 14:52:00,2025-08-29 07:40:00,81,Male,Orthopedics,Urgent,4,260,5.7,0,14330.0,Medicare,Discharged Home,DOC-106
ADM-13738,PAT-1144,2025-06-25 04:35:00,2025-06-30 16:35:00,47,Female,Emergency,Elective,3,5,5.5,0,15068.5,Aetna,Discharged Home,DOC-105
ADM-13739,PAT-1958,2024-06-19 00:10:00,2024-06-22 04:58:00,69,Male,Pediatrics,Emergency,3,46,3.2,0,11362.0,Medicare,Discharged Home,DOC-112
ADM-13740,PAT-2417,2026-03-13 23:11:00,2026-03-15 23:11:00,31,Female,Cardiology,Emergency,5,63,2.0,0,5757.5,BlueCross,Discharged Home,DOC-122
ADM-13741,PAT-1564,2024-11-08 14:09:00,2024-11-12 04:33:00,19,Male,Emergency,Emergency,3,13,3.6,0,10909.5,BlueCross,Transferred,DOC-102
ADM-13742,PAT-1503,2024-02-26 06:37:00,2024-03-05 06:37:00,43,Male,Pediatrics,Elective,4,41,8.0,0,12902.5,Aetna,Discharged Home,DOC-119
ADM-13743,PAT-1489,2024-04-24 17:21:00,2024-04-27 19:45:00,73,Male,Pediatrics,Elective,2,30,3.1,1,5035.0,Aetna,Discharged Home,DOC-112
ADM-13744,PAT-1515,2024-11-23 12:40:00,2024-11-24 15:04:00,35,Female,Orthopedics,Emergency,5,42,1.1,0,2745.0,BlueCross,Discharged Home,DOC-105
ADM-13745,PAT-2166,2024-07-16 14:03:00,2024-07-17 11:39:00,56,Female,Orthopedics,Emergency,5,16,0.9,0,10371.0,Medicaid,Discharged Home,DOC-115
ADM-13746,PAT-2448,2025-08-08 18:38:00,2025-08-09 13:50:00,24,Female,Emergency,Urgent,3,18,0.8,0,1565.0,Medicare,Discharged Home,DOC-123
ADM-13747,PAT-1182,2025-09-24 14:44:00,2025-09-27 02:44:00,28,Female,Cardiology,Elective,3,2,2.5,0,9532.0,Aetna,Expired,DOC-107
ADM-13748,PAT-2111,2025-11-11 08:32:00,2025-11-12 22:56:00,40,Female,Neurology,Emergency,4,14,1.6,0,4195.0,BlueCross,Discharged Home,DOC-105
ADM-13749,PAT-1669,2026-03-04 14:45:00,2026-03-05 02:45:00,19,Male,Pediatrics,Urgent,3,38,0.5,0,895.0,Medicare,Discharged Home,DOC-120
ADM-13750,PAT-1627,2025-02-06 23:20:00,2025-02-13 04:08:00,68,Male,Neurology,Emergency,2,10,6.2,1,18971.0,Medicaid,Discharged Home,DOC-117
ADM-13751,PAT-1741,2025-03-20 16:25:00,2025-03-24 04:25:00,33,Male,Emergency,Elective,1,4,3.5,0,14028.0,Medicaid,Discharged Home,DOC-102
ADM-13752,PAT-1185,2025-09-13 01:59:00,2025-09-20 23:35:00,86,Male,Cardiology,Urgent,2,22,7.9,0,27755.0,Medicare,Discharged Home,DOC-124
ADM-13753,PAT-2384,2024-06-11 03:26:00,2024-06-16 17:50:00,77,Female,Cardiology,Urgent,2,2,5.6,0,17202.0,BlueCross,Transferred,DOC-112
ADM-13754,PAT-2304,2024-12-26 13:03:00,2024-12-28 17:51:00,36,Female,Pediatrics,Emergency,3,59,2.2,0,3667.5,Self-Pay,Discharged Home,DOC-124
ADM-13755,PAT-1554,2024-04-06 13:20:00,2024-04-07 03:44:00,51,Male,Emergency,Emergency,4,69,0.6,0,6990.5,BlueCross,Discharged Home,DOC-120
ADM-13756,PAT-1434,2024-07-12 04:29:00,2024-07-15 02:05:00,19,Female,Emergency,Elective,3,78,2.9,0,5705.0,Medicare,Discharged Home,DOC-122
ADM-13757,PAT-2102,2025-10-20 16:52:00,2025-10-22 14:28:00,46,Male,Orthopedics,Emergency,3,35,1.9,0,4647.5,Medicaid,Discharged Home,DOC-120
ADM-13758,PAT-2079,2024-03-03 04:49:00,2024-03-04 09:37:00,20,Male,Cardiology,Emergency,2,116,1.2,0,8485.0,BlueCross,Discharged Home,DOC-125
ADM-13759,PAT-1709,2026-02-17 20:29:00,2026-02-19 01:17:00,82,Male,Pediatrics,Emergency,4,24,1.2,0,1980.0,Medicaid,Discharged Home,DOC-106
ADM-13760,PAT-2055,2024-01-26 04:46:00,2024-01-29 07:10:00,45,Female,Neurology,Emergency,1,3,3.1,1,8067.5,Medicare,Discharged Home,DOC-107
ADM-13761,PAT-1176,2024-04-08 22:50:00,2024-04-14 08:26:00,46,Female,Emergency,Urgent,2,2,5.4,0,12695.0,Medicaid,Discharged Home,DOC-123
ADM-13762,PAT-2412,2025-10-06 21:57:00,2025-10-10 00:21:00,70,Female,Emergency,Elective,3,13,3.1,0,5922.5,Aetna,Discharged Home,DOC-111
ADM-13763,PAT-1526,2025-03-30 12:11:00,2025-04-08 07:23:00,85,Male,Emergency,Elective,2,6,8.8,0,19080.0,Aetna,Discharged Home,DOC-110
ADM-13764,PAT-2141,2025-02-02 13:52:00,2025-02-07 01:52:00,27,Male,General Medicine,Emergency,3,30,4.5,0,10106.0,Aetna,Discharged Home,DOC-108
ADM-13765,PAT-2188,2025-09-13 09:05:00,2025-09-15 09:05:00,7,Male,General Medicine,Elective,3,9,2.0,0,3022.5,Medicare,Discharged Home,DOC-105
ADM-13766,PAT-1141,2026-06-24 08:41:00,2026-06-28 03:53:00,12,Male,Orthopedics,Elective,3,8,3.8,0,11463.0,Medicaid,Discharged Home,DOC-119
ADM-13767,PAT-1103,2025-05-31 06:10:00,2025-06-01 15:46:00,61,Female,Emergency,Elective,4,49,1.4,0,7158.5,Medicaid,Transferred,DOC-123
ADM-13768,PAT-2157,2024-08-14 15:21:00,2024-08-15 03:21:00,50,Male,Oncology,Emergency,5,10,0.5,0,7716.0,BlueCross,Discharged Home,DOC-105
ADM-13769,PAT-1904,2024-11-18 15:46:00,2024-11-19 03:46:00,89,Female,Orthopedics,Urgent,1,4,0.5,0,2427.0,BlueCross,Discharged Home,DOC-106
ADM-13770,PAT-1172,2024-02-04 13:21:00,2024-02-05 15:45:00,31,Male,Emergency,Elective,3,11,1.1,0,8528.5,BlueCross,Discharged Home,DOC-120
ADM-13771,PAT-1181,2024-07-13 13:26:00,2024-07-15 13:26:00,68,Female,General Medicine,Emergency,3,4,2.0,0,3010.0,Aetna,Discharged Home,DOC-109
ADM-13772,PAT-1594,2025-08-25 03:10:00,2025-08-25 15:10:00,24,Female,Emergency,Urgent,4,26,0.5,0,1015.0,BlueCross,Discharged Home,DOC-123
ADM-13773,PAT-1015,2026-06-29 15:04:00,2026-07-03 07:52:00,32,Male,Emergency,Elective,2,2,3.7,0,7035.0,Medicaid,Discharged Home,DOC-111
ADM-13774,PAT-1321,2025-07-12 10:54:00,2025-07-15 03:42:00,34,Female,General Medicine,Emergency,3,11,2.7,1,5448.5,UnitedHealth,Discharged Home,DOC-107
ADM-13775,PAT-1385,2025-08-25 01:28:00,2025-08-28 23:04:00,71,Male,Emergency,Emergency,2,22,3.9,0,13417.0,Aetna,Discharged Home,DOC-121
ADM-13776,PAT-1287,2025-04-01 11:17:00,2025-04-04 13:41:00,34,Female,Emergency,Emergency,1,2,3.1,0,5895.0,Aetna,Discharged Home,DOC-114
ADM-13777,PAT-1246,2025-04-18 22:19:00,2025-04-19 19:55:00,23,Female,Orthopedics,Elective,2,34,0.9,0,2245.0,Medicaid,Discharged Home,DOC-114
ADM-13778,PAT-2306,2024-12-28 22:08:00,2025-01-07 02:56:00,25,Female,Orthopedics,Emergency,2,42,9.2,0,28916.0,Medicaid,Discharged Home,DOC-117
ADM-13779,PAT-1583,2024-12-06 04:07:00,2024-12-08 13:43:00,55,Male,Neurology,Emergency,1,12,2.4,1,10825.0,BlueCross,Discharged Home,DOC-125
ADM-13780,PAT-1139,2025-08-05 23:01:00,2025-08-09 08:37:00,86,Female,Emergency,Elective,3,61,3.4,0,6612.5,Aetna,Discharged Home,DOC-119
ADM-13781,PAT-1739,2026-03-15 21:51:00,2026-03-19 00:15:00,71,Male,General Medicine,Emergency,2,17,3.1,0,12715.5,Medicare,Discharged Home,DOC-123
ADM-13782,PAT-1448,2025-08-06 13:29:00,2025-08-07 01:29:00,41,Male,Emergency,Elective,3,41,0.5,0,5777.5,UnitedHealth,Discharged Home,DOC-105
ADM-13783,PAT-1180,2024-11-29 03:09:00,2024-11-30 07:57:00,51,Male,Emergency,Emergency,4,81,1.2,0,2482.5,Medicare,Discharged Home,DOC-119
ADM-13784,PAT-2298,2025-10-18 04:27:00,2025-10-24 14:03:00,69,Female,Emergency,Elective,1,2,6.4,0,12165.0,Medicare,Discharged Home,DOC-102
ADM-13785,PAT-1559,2024-08-07 01:57:00,2024-08-08 13:57:00,84,Female,Neurology,Emergency,2,7,1.5,0,3917.5,Medicaid,Discharged Home,DOC-102
ADM-13786,PAT-2116,2025-08-27 19:05:00,2025-08-28 04:41:00,25,Male,Emergency,Urgent,5,66,0.4,0,925.0,Aetna,Discharged Home,DOC-112
ADM-13787,PAT-2307,2024-06-19 20:43:00,2024-06-23 15:55:00,27,Male,Emergency,Emergency,3,39,3.8,0,8086.5,Aetna,Transferred,DOC-122
ADM-13788,PAT-2366,2024-01-27 15:43:00,2024-01-29 13:19:00,75,Female,General Medicine,Emergency,2,15,1.9,0,8931.5,Self-Pay,Discharged Home,DOC-119
ADM-13789,PAT-1672,2025-07-05 07:15:00,2025-07-17 04:51:00,47,Female,General Medicine,Emergency,2,33,11.9,0,23808.5,Medicaid,Transferred,DOC-116
ADM-13790,PAT-1825,2025-03-24 17:15:00,2025-03-28 19:39:00,39,Male,Orthopedics,Elective,2,6,4.1,0,9855.0,UnitedHealth,Discharged Home,DOC-114
ADM-13791,PAT-1803,2025-03-17 23:21:00,2025-03-21 11:21:00,55,Male,Emergency,Elective,3,22,3.5,0,12775.0,BlueCross,Discharged Home,DOC-121
ADM-13792,PAT-1633,2026-06-18 23:17:00,2026-06-20 04:05:00,7,Male,Emergency,Emergency,5,466,1.2,0,4079.0,Medicaid,Discharged Home,DOC-111
ADM-13793,PAT-2186,2025-08-07 16:16:00,2025-08-08 21:04:00,28,Male,Emergency,Emergency,4,171,1.2,0,2707.5,Aetna,Discharged Home,DOC-105
ADM-13794,PAT-1431,2024-09-07 21:34:00,2024-09-09 14:22:00,60,Female,Neurology,Emergency,3,14,1.7,0,10835.0,Self-Pay,Discharged Home,DOC-114
ADM-13795,PAT-2106,2025-04-23 06:02:00,2025-04-23 18:02:00,92,Female,Emergency,Elective,4,84,0.5,0,3633.0,UnitedHealth,Discharged Home,DOC-109
ADM-13796,PAT-1881,2024-04-12 10:10:00,2024-04-13 10:10:00,30,Female,Emergency,Elective,5,9,1.0,0,3134.5,BlueCross,Discharged Home,DOC-113
ADM-13797,PAT-2051,2026-02-14 17:44:00,2026-02-18 00:56:00,23,Female,Emergency,Emergency,2,3,3.3,0,14606.5,BlueCross,Discharged Home,DOC-120
ADM-13798,PAT-1346,2026-02-11 08:23:00,2026-02-12 03:35:00,65,Male,Oncology,Urgent,5,59,0.8,0,9650.5,Aetna,Discharged Home,DOC-122
ADM-13799,PAT-2275,2025-03-03 02:57:00,2025-03-09 10:09:00,20,Female,Neurology,Emergency,2,12,6.3,0,16410.0,BlueCross,Discharged Home,DOC-102
ADM-13800,PAT-2149,2025-07-11 08:27:00,2025-07-15 01:15:00,66,Male,Cardiology,Urgent,3,28,3.7,0,11923.0,Aetna,Referred to Rehab,DOC-124
ADM-13801,PAT-1390,2026-04-03 04:36:00,2026-04-04 14:12:00,33,Male,Cardiology,Elective,4,57,1.4,0,11033.5,Medicaid,Discharged Home,DOC-116
ADM-13802,PAT-2011,2024-04-03 22:59:00,2024-04-04 10:59:00,8,Male,Neurology,Urgent,5,137,0.5,0,3452.5,Medicare,Discharged Home,DOC-101
ADM-13803,PAT-1157,2024-07-03 01:03:00,2024-07-05 20:15:00,13,Female,Neurology,Urgent,4,64,2.8,0,7440.0,UnitedHealth,Discharged Home,DOC-119
ADM-13804,PAT-1203,2024-09-05 13:28:00,2024-09-08 03:52:00,22,Male,Neurology,Emergency,2,14,2.6,1,12912.0,Medicare,Transferred,DOC-103
ADM-13805,PAT-1596,2024-06-20 16:33:00,2024-06-24 04:33:00,76,Male,Orthopedics,Elective,1,2,3.5,0,8405.0,Medicaid,Discharged Home,DOC-118
ADM-13806,PAT-2218,2024-07-06 21:14:00,2024-07-11 04:26:00,51,Male,Pediatrics,Emergency,1,3,4.3,1,6887.5,Aetna,Discharged Home,DOC-108
ADM-13807,PAT-1200,2025-08-12 23:48:00,2025-08-16 04:36:00,66,Female,Cardiology,Emergency,3,2,3.2,0,9528.0,Aetna,Discharged Home,DOC-123
ADM-13808,PAT-1215,2026-04-20 05:56:00,2026-04-23 05:56:00,32,Male,Emergency,Emergency,1,2,3.0,0,13167.0,Medicaid,Discharged Home,DOC-108
ADM-13809,PAT-1526,2025-01-16 02:28:00,2025-01-24 21:40:00,86,Male,Emergency,Emergency,3,73,8.8,0,16902.5,Medicare,Discharged Home,DOC-110
ADM-13810,PAT-1891,2026-01-02 23:33:00,2026-01-05 16:21:00,21,Male,Emergency,Emergency,2,24,2.7,1,5778.0,Aetna,Discharged Home,DOC-105
ADM-13811,PAT-2091,2025-09-30 08:06:00,2025-10-10 00:54:00,6,Male,Emergency,Emergency,3,21,9.7,0,24984.5,BlueCross,Discharged Home,DOC-101
ADM-13812,PAT-2116,2024-07-02 06:59:00,2024-07-16 23:47:00,89,Male,Neurology,Emergency,3,54,14.7,0,38355.0,Aetna,Discharged Home,DOC-122
ADM-13813,PAT-1025,2024-09-28 23:49:00,2024-10-02 19:01:00,65,Male,Pediatrics,Elective,3,2,3.8,0,6085.0,Medicaid,Referred to Rehab,DOC-122
ADM-13814,PAT-1717,2025-01-04 05:02:00,2025-01-05 09:50:00,40,Male,Orthopedics,Elective,3,29,1.2,0,3803.5,UnitedHealth,Discharged Home,DOC-103
ADM-13815,PAT-1451,2026-01-12 09:54:00,2026-01-16 07:30:00,59,Female,Neurology,Emergency,4,61,3.9,0,10292.5,Medicaid,Discharged Home,DOC-124
ADM-13816,PAT-1440,2024-04-13 02:50:00,2024-04-23 07:38:00,30,Male,Neurology,Emergency,1,2,10.2,1,31166.0,Medicare,Discharged Home,DOC-114
ADM-13817,PAT-1959,2024-07-02 10:55:00,2024-07-05 20:31:00,41,Male,Neurology,Emergency,2,9,3.4,1,8862.5,Aetna,Discharged Home,DOC-113
ADM-13818,PAT-1525,2024-06-23 05:50:00,2024-07-09 03:26:00,78,Male,Cardiology,Urgent,3,2,15.9,0,44525.0,Medicare,Discharged Home,DOC-103
ADM-13819,PAT-1989,2025-11-20 00:24:00,2025-11-30 12:24:00,11,Female,Cardiology,Emergency,3,2,10.5,0,29405.0,Medicare,Discharged Home,DOC-120
ADM-13820,PAT-2068,2024-01-29 15:16:00,2024-02-03 03:16:00,48,Female,Pediatrics,Emergency,2,19,4.5,0,7247.5,Medicare,Discharged Home,DOC-117
ADM-13821,PAT-1531,2025-02-26 16:42:00,2025-02-27 11:54:00,28,Female,Emergency,Urgent,4,41,0.8,0,1622.5,Aetna,Discharged Home,DOC-109
ADM-13822,PAT-1893,2025-07-26 22:21:00,2025-07-27 10:21:00,72,Male,Emergency,Emergency,2,13,0.5,0,1676.5,Medicare,AMA (Against Medical Advice),DOC-113
ADM-13823,PAT-1558,2024-11-25 11:11:00,2024-11-27 11:11:00,81,Male,Orthopedics,Urgent,5,135,2.0,1,5700.5,Medicare,Discharged Home,DOC-106
ADM-13824,PAT-1904,2024-09-05 04:41:00,2024-09-06 23:53:00,66,Female,Pediatrics,Elective,4,120,1.8,1,8306.0,BlueCross,Discharged Home,DOC-123
ADM-13825,PAT-2120,2024-04-02 05:22:00,2024-04-03 02:58:00,22,Male,General Medicine,Elective,4,24,0.9,0,1410.0,Medicaid,Discharged Home,DOC-101
ADM-13826,PAT-1874,2024-03-15 21:05:00,2024-03-20 21:05:00,45,Male,Cardiology,Elective,3,35,5.0,1,17567.5,UnitedHealth,Referred to Rehab,DOC-110
ADM-13827,PAT-1084,2025-10-15 09:19:00,2025-10-17 16:31:00,28,Female,Cardiology,Elective,2,6,2.3,0,10843.0,Medicaid,Discharged Home,DOC-124
ADM-13828,PAT-1181,2025-07-07 12:00:00,2025-07-09 04:48:00,83,Female,General Medicine,Urgent,3,2,1.7,0,10082.0,Medicare,Discharged Home,DOC-114
ADM-13829,PAT-2044,2024-06-16 08:41:00,2024-06-16 23:05:00,92,Male,Oncology,Elective,4,75,0.6,0,6215.5,BlueCross,Discharged Home,DOC-120
ADM-13830,PAT-1051,2024-09-09 18:30:00,2024-09-17 16:06:00,88,Male,Orthopedics,Elective,1,3,7.9,1,23736.5,BlueCross,Discharged Home,DOC-102
ADM-13831,PAT-1254,2025-05-26 23:43:00,2025-05-28 11:43:00,81,Female,Neurology,Elective,5,640,1.5,0,9596.0,Medicaid,Discharged Home,DOC-103
ADM-13832,PAT-2196,2026-01-25 00:59:00,2026-01-27 00:59:00,54,Female,Cardiology,Elective,3,43,2.0,1,5707.5,Aetna,Discharged Home,DOC-105
ADM-13833,PAT-1193,2025-05-09 15:55:00,2025-05-12 01:31:00,55,Male,Oncology,Emergency,3,51,2.4,0,8395.5,Medicare,Discharged Home,DOC-105
ADM-13834,PAT-2362,2024-08-23 10:25:00,2024-08-24 05:37:00,46,Female,Neurology,Elective,4,42,0.8,0,9844.0,Aetna,Discharged Home,DOC-115
ADM-13835,PAT-2345,2025-09-24 12:03:00,2025-10-01 02:27:00,75,Male,General Medicine,Emergency,3,56,6.6,0,15818.0,BlueCross,Discharged Home,DOC-118
ADM-13836,PAT-1548,2025-01-04 17:08:00,2025-01-07 09:56:00,36,Male,Cardiology,Elective,3,4,2.7,0,11826.0,Medicaid,Discharged Home,DOC-120
ADM-13837,PAT-2244,2025-12-01 21:24:00,2025-12-04 11:48:00,66,Female,Cardiology,Emergency,2,5,2.6,0,7292.5,BlueCross,Expired,DOC-109
ADM-13838,PAT-1061,2024-07-19 20:41:00,2024-07-22 11:05:00,83,Female,Oncology,Elective,4,121,2.6,0,11387.5,Self-Pay,Discharged Home,DOC-110
ADM-13839,PAT-2093,2024-09-11 19:59:00,2024-09-12 19:59:00,26,Female,Cardiology,Elective,4,173,1.0,0,6346.5,Medicare,Discharged Home,DOC-113
ADM-13840,PAT-2386,2025-07-20 18:52:00,2025-07-23 06:52:00,22,Male,Cardiology,Emergency,2,15,2.5,0,11255.5,Aetna,Discharged Home,DOC-105
ADM-13841,PAT-1969,2024-01-04 13:19:00,2024-01-08 06:07:00,28,Female,Emergency,Emergency,3,33,3.7,0,8075.5,BlueCross,Discharged Home,DOC-114
ADM-13842,PAT-1868,2024-09-25 23:35:00,2024-09-27 18:47:00,54,Male,Cardiology,Elective,5,64,1.8,0,6452.0,BlueCross,Discharged Home,DOC-123
ADM-13843,PAT-1401,2024-08-04 13:41:00,2024-08-06 13:41:00,76,Female,Cardiology,Emergency,4,21,2.0,0,5652.5,BlueCross,Discharged Home,DOC-118
ADM-13844,PAT-1859,2024-02-02 09:40:00,2024-02-02 21:40:00,24,Female,Cardiology,Emergency,5,6,0.5,0,1415.0,UnitedHealth,AMA (Against Medical Advice),DOC-123
ADM-13845,PAT-1240,2024-03-27 02:38:00,2024-03-28 02:38:00,80,Male,Emergency,Elective,3,73,1.0,0,2082.5,Aetna,Discharged Home,DOC-119
ADM-13846,PAT-1542,2024-06-19 02:45:00,2024-06-23 07:33:00,56,Female,General Medicine,Emergency,2,12,4.2,0,11183.0,Medicare,Discharged Home,DOC-106
ADM-13847,PAT-2280,2025-01-10 02:32:00,2025-01-11 09:44:00,87,Male,Pediatrics,Emergency,2,3,1.3,1,2087.5,BlueCross,Discharged Home,DOC-114
ADM-13848,PAT-1559,2025-11-07 13:13:00,2025-11-09 13:13:00,38,Female,General Medicine,Elective,3,4,2.0,0,3010.0,BlueCross,Discharged Home,DOC-117
ADM-13849,PAT-1905,2024-08-07 22:14:00,2024-08-13 03:02:00,60,Female,Cardiology,Elective,3,29,5.2,0,20197.5,Medicare,Discharged Home,DOC-116
ADM-13850,PAT-1767,2025-04-20 10:47:00,2025-05-01 15:35:00,53,Male,Emergency,Elective,2,21,11.2,0,23970.5,Medicare,Discharged Home,DOC-121
ADM-13851,PAT-1154,2025-12-04 08:00:00,2025-12-14 05:36:00,86,Male,Emergency,Urgent,3,40,9.9,0,18910.0,BlueCross,Discharged Home,DOC-118
ADM-13852,PAT-1351,2024-01-27 17:10:00,2024-01-31 12:22:00,28,Male,Emergency,Urgent,2,8,3.8,0,7240.0,UnitedHealth,Discharged Home,DOC-110
ADM-13853,PAT-1488,2024-06-21 10:31:00,2024-06-25 10:31:00,92,Female,Neurology,Urgent,2,5,4.0,1,10412.5,Medicare,Discharged Home,DOC-121
ADM-13854,PAT-1145,2025-03-06 20:09:00,2025-03-09 03:21:00,59,Female,Emergency,Emergency,1,5,2.3,0,4382.5,BlueCross,Discharged Home,DOC-113
ADM-13855,PAT-2218,2025-09-13 03:29:00,2025-09-17 15:29:00,25,Female,General Medicine,Elective,3,44,4.5,0,8564.0,Medicare,Discharged Home,DOC-103
ADM-13856,PAT-2062,2025-01-30 11:32:00,2025-01-30 16:20:00,91,Male,Emergency,Emergency,4,2,0.2,0,385.0,UnitedHealth,Discharged Home,DOC-115
ADM-13857,PAT-1171,2024-06-17 10:52:00,2024-06-21 22:52:00,46,Male,Cardiology,Emergency,4,116,4.5,0,12890.0,Medicare,Discharged Home,DOC-107
ADM-13858,PAT-1166,2024-07-10 16:24:00,2024-07-15 09:12:00,79,Male,Neurology,Elective,2,34,4.7,0,12305.0,BlueCross,Transferred,DOC-120
ADM-13859,PAT-2108,2024-04-25 05:53:00,2024-05-04 10:41:00,62,Male,General Medicine,Emergency,3,86,9.2,0,14015.0,Medicaid,Discharged Home,DOC-103
ADM-13860,PAT-1541,2025-09-25 13:29:00,2025-10-02 13:29:00,72,Female,Emergency,Emergency,2,7,7.0,0,18878.5,BlueCross,Discharged Home,DOC-121
ADM-13861,PAT-1927,2025-10-24 02:18:00,2025-10-24 16:42:00,72,Male,Orthopedics,Emergency,3,70,0.6,0,1615.0,BlueCross,Discharged Home,DOC-109
ADM-13862,PAT-1279,2024-08-16 16:40:00,2024-08-18 23:52:00,91,Female,Emergency,Elective,3,13,2.3,0,4402.5,Medicare,Discharged Home,DOC-118
ADM-13863,PAT-1866,2024-06-22 17:42:00,2024-06-24 03:18:00,57,Female,Orthopedics,Elective,4,208,1.4,0,11286.0,BlueCross,Discharged Home,DOC-120
ADM-13864,PAT-2451,2025-12-15 14:54:00,2025-12-17 10:06:00,32,Female,Neurology,Emergency,4,47,1.8,0,4797.5,BlueCross,Transferred,DOC-116
ADM-13865,PAT-2438,2024-12-14 10:43:00,2024-12-20 17:55:00,64,Male,Oncology,Elective,3,21,6.3,0,24790.5,BlueCross,Discharged Home,DOC-120
ADM-13866,PAT-2313,2025-04-25 10:38:00,2025-05-03 22:38:00,30,Male,Orthopedics,Emergency,3,63,8.5,1,21873.5,Medicare,Transferred,DOC-119
ADM-13867,PAT-1447,2024-11-20 00:09:00,2024-11-21 04:57:00,67,Male,Emergency,Elective,3,18,1.2,0,9520.0,BlueCross,Discharged Home,DOC-119
ADM-13868,PAT-1114,2025-06-27 12:08:00,2025-06-30 16:56:00,71,Male,Emergency,Emergency,2,2,3.2,0,11767.0,BlueCross,Discharged Home,DOC-121
ADM-13869,PAT-1784,2024-08-04 12:11:00,2024-08-06 04:59:00,40,Female,Emergency,Urgent,3,39,1.7,0,3327.5,Self-Pay,Discharged Home,DOC-113
ADM-13870,PAT-1035,2024-02-28 03:01:00,2024-02-28 17:25:00,48,Male,Orthopedics,Emergency,2,4,0.6,0,3011.0,Medicare,Discharged Home,DOC-122
ADM-13871,PAT-1280,2025-06-23 00:47:00,2025-07-06 10:23:00,66,Male,Pediatrics,Urgent,1,2,13.4,0,23015.0,UnitedHealth,Discharged Home,DOC-112
ADM-13872,PAT-2192,2024-11-25 13:50:00,2024-11-29 11:26:00,19,Male,Emergency,Emergency,3,2,3.9,0,7415.0,BlueCross,Discharged Home,DOC-109
ADM-13873,PAT-2312,2024-02-08 15:15:00,2024-02-09 03:15:00,85,Female,Orthopedics,Urgent,5,26,0.5,0,5183.0,BlueCross,Referred to Rehab,DOC-112
ADM-13874,PAT-1660,2026-01-14 05:16:00,2026-01-16 14:52:00,25,Female,Neurology,Urgent,3,3,2.4,0,6247.5,Medicare,Discharged Home,DOC-111
ADM-13875,PAT-2128,2024-03-25 22:31:00,2024-03-26 12:55:00,31,Male,Emergency,Elective,3,59,0.6,0,4446.5,Medicare,Discharged Home,DOC-106
ADM-13876,PAT-1983,2024-12-01 05:31:00,2024-12-07 19:55:00,89,Female,Neurology,Elective,2,2,6.6,0,17165.0,BlueCross,Discharged Home,DOC-116
ADM-13877,PAT-1521,2024-10-02 01:17:00,2024-10-04 03:41:00,47,Female,Emergency,Urgent,1,2,2.1,0,4977.0,Aetna,Discharged Home,DOC-125
ADM-13878,PAT-1183,2024-10-16 04:53:00,2024-10-22 12:05:00,68,Male,Emergency,Emergency,3,9,6.3,0,18552.5,Medicare,Discharged Home,DOC-111
ADM-13879,PAT-1453,2025-01-19 08:27:00,2025-01-24 13:15:00,77,Female,General Medicine,Emergency,3,115,5.2,0,8087.5,Aetna,Discharged Home,DOC-114
ADM-13880,PAT-1144,2024-01-23 09:15:00,2024-02-02 14:03:00,22,Male,Emergency,Emergency,2,40,10.2,0,19480.0,Medicaid,Discharged Home,DOC-101
ADM-13881,PAT-1814,2024-03-11 17:59:00,2024-03-13 13:11:00,84,Male,Orthopedics,Emergency,5,58,1.8,0,9270.0,UnitedHealth,Discharged Home,DOC-115
ADM-13882,PAT-1294,2025-09-09 06:26:00,2025-09-24 06:26:00,23,Female,Oncology,Emergency,1,3,15.0,0,52672.5,UnitedHealth,Referred to Rehab,DOC-110
ADM-13883,PAT-1209,2024-09-08 06:54:00,2024-09-14 18:54:00,3,Male,Neurology,Emergency,2,28,6.5,0,23515.0,UnitedHealth,Discharged Home,DOC-108
ADM-13884,PAT-1125,2024-03-29 18:03:00,2024-04-04 01:15:00,80,Female,Emergency,Emergency,3,22,5.3,0,12671.0,Medicare,Discharged Home,DOC-114
ADM-13885,PAT-1111,2024-03-30 07:35:00,2024-04-03 14:47:00,39,Male,Cardiology,Elective,2,26,4.3,0,17137.0,BlueCross,Discharged Home,DOC-124
ADM-13886,PAT-1324,2025-05-12 14:06:00,2025-05-16 11:42:00,19,Female,General Medicine,Elective,3,30,3.9,0,10174.0,Medicare,Discharged Home,DOC-115
ADM-13887,PAT-1491,2024-11-14 12:11:00,2024-11-17 02:35:00,28,Female,Oncology,Emergency,4,15,2.6,0,8097.5,Self-Pay,Discharged Home,DOC-102
ADM-13888,PAT-1426,2026-04-05 23:45:00,2026-04-06 14:09:00,49,Female,Pediatrics,Urgent,4,164,0.6,0,1370.0,Self-Pay,Discharged Home,DOC-124
ADM-13889,PAT-2478,2025-10-01 06:58:00,2025-10-08 04:34:00,21,Female,Orthopedics,Elective,2,22,6.9,0,20158.0,BlueCross,Discharged Home,DOC-102
ADM-13890,PAT-2100,2025-10-30 02:48:00,2025-11-01 22:00:00,24,Male,Orthopedics,Elective,3,15,2.8,0,6757.5,Aetna,Transferred,DOC-103
ADM-13891,PAT-1637,2024-01-24 04:53:00,2024-01-24 16:53:00,56,Female,Orthopedics,Emergency,4,46,0.5,1,1315.0,Medicaid,Discharged Home,DOC-105
ADM-13892,PAT-1865,2024-11-23 21:34:00,2024-11-26 02:22:00,30,Male,General Medicine,Emergency,2,47,2.2,0,10031.5,Medicare,Discharged Home,DOC-110
ADM-13893,PAT-2038,2024-10-19 19:11:00,2024-10-25 07:11:00,51,Female,Emergency,Urgent,2,4,5.5,0,16979.0,Medicare,Transferred,DOC-122
ADM-13894,PAT-1278,2024-02-25 05:56:00,2024-02-26 01:08:00,64,Male,Emergency,Emergency,3,121,0.8,0,2761.5,BlueCross,Discharged Home,DOC-111
ADM-13895,PAT-1978,2024-06-10 07:48:00,2024-06-18 19:48:00,6,Male,Oncology,Emergency,2,21,8.5,0,33250.5,BlueCross,Discharged Home,DOC-117
ADM-13896,PAT-2269,2025-01-18 18:38:00,2025-01-24 04:14:00,60,Male,Pediatrics,Emergency,4,44,5.4,0,8750.0,Aetna,Discharged Home,DOC-125
ADM-13897,PAT-2145,2026-04-30 20:35:00,2026-05-05 01:23:00,67,Female,Neurology,Elective,3,26,4.2,1,10985.0,Aetna,Discharged Home,DOC-122
ADM-13898,PAT-2485,2024-11-17 13:26:00,2024-11-20 03:50:00,37,Female,Emergency,Elective,3,2,2.6,0,7846.0,Medicare,Discharged Home,DOC-114
ADM-13899,PAT-1514,2024-01-31 08:48:00,2024-02-05 18:24:00,22,Male,General Medicine,Emergency,3,152,5.4,0,8480.0,Medicaid,Discharged Home,DOC-110
ADM-13900,PAT-1319,2024-12-04 08:43:00,2024-12-05 23:07:00,61,Female,Orthopedics,Emergency,4,58,1.6,0,4561.0,BlueCross,Discharged Home,DOC-117
ADM-13901,PAT-2204,2026-02-21 01:32:00,2026-02-21 11:08:00,42,Female,Emergency,Elective,5,9,0.4,0,4360.5,UnitedHealth,Discharged Home,DOC-102
ADM-13902,PAT-2261,2024-02-15 04:22:00,2024-02-16 23:34:00,75,Female,Orthopedics,Urgent,4,2,1.8,1,10540.0,Medicaid,Referred to Rehab,DOC-123
ADM-13903,PAT-1634,2024-09-04 09:12:00,2024-09-06 02:00:00,32,Female,Cardiology,Emergency,3,9,1.7,1,8750.5,UnitedHealth,Discharged Home,DOC-108
ADM-13904,PAT-1216,2024-01-13 16:38:00,2024-01-15 04:38:00,53,Female,General Medicine,Emergency,4,41,1.5,0,3896.5,Medicaid,Discharged Home,DOC-124
ADM-13905,PAT-1179,2026-05-13 06:03:00,2026-05-14 18:03:00,57,Female,Cardiology,Elective,3,113,1.5,0,7346.5,BlueCross,Discharged Home,DOC-123
ADM-13906,PAT-2029,2025-05-16 23:27:00,2025-05-26 23:27:00,88,Female,Cardiology,Emergency,2,5,10.0,0,31284.5,Medicare,Discharged Home,DOC-112
ADM-13907,PAT-2392,2024-12-21 12:14:00,2024-12-24 17:02:00,31,Male,Pediatrics,Urgent,3,12,3.2,0,6549.0,Medicare,Discharged Home,DOC-112
ADM-13908,PAT-1851,2024-02-14 19:18:00,2024-02-19 00:06:00,84,Female,Orthopedics,Emergency,2,46,4.2,0,10195.0,Aetna,Discharged Home,DOC-108
ADM-13909,PAT-1794,2025-08-05 12:38:00,2025-08-09 05:26:00,31,Female,Orthopedics,Emergency,2,29,3.7,0,8952.5,Medicare,Discharged Home,DOC-104
ADM-13910,PAT-1146,2024-07-11 06:23:00,2024-07-12 06:23:00,64,Female,Neurology,Elective,3,44,1.0,0,2710.0,BlueCross,Discharged Home,DOC-103
ADM-13911,PAT-2046,2024-03-09 20:15:00,2024-03-15 17:51:00,29,Female,Cardiology,Emergency,3,56,5.9,0,16660.0,UnitedHealth,Discharged Home,DOC-121
ADM-13912,PAT-2452,2025-08-16 16:35:00,2025-08-17 14:11:00,60,Female,Emergency,Emergency,4,34,0.9,0,6973.0,Medicare,Discharged Home,DOC-117
ADM-13913,PAT-2285,2024-08-17 01:59:00,2024-08-18 21:11:00,14,Female,Orthopedics,Emergency,3,70,1.8,0,4495.0,Aetna,Discharged Home,DOC-102
ADM-13914,PAT-1532,2026-02-19 11:51:00,2026-03-06 09:27:00,30,Male,Emergency,Emergency,2,2,14.9,1,34809.0,Aetna,Discharged Home,DOC-109
ADM-13915,PAT-1272,2024-10-15 13:50:00,2024-10-19 01:50:00,18,Female,Orthopedics,Elective,3,28,3.5,0,14855.0,Medicaid,Discharged Home,DOC-104
ADM-13916,PAT-1999,2025-08-07 17:08:00,2025-08-11 07:32:00,49,Male,Orthopedics,Emergency,1,4,3.6,0,11146.0,Aetna,AMA (Against Medical Advice),DOC-122
ADM-13917,PAT-2334,2024-08-19 13:15:00,2024-08-20 10:51:00,44,Female,Emergency,Emergency,2,2,0.9,0,1715.0,Self-Pay,Discharged Home,DOC-106
ADM-13918,PAT-1394,2025-04-26 07:02:00,2025-04-27 07:02:00,31,Female,Emergency,Elective,4,11,1.0,0,1927.5,Medicare,Discharged Home,DOC-113
ADM-13919,PAT-2270,2026-03-30 02:12:00,2026-04-01 09:24:00,23,Female,Oncology,Emergency,2,35,2.3,0,7217.5,Medicare,Discharged Home,DOC-101
ADM-13920,PAT-2453,2024-07-27 00:37:00,2024-07-29 00:37:00,69,Female,Emergency,Emergency,1,8,2.0,1,3820.0,BlueCross,Discharged Home,DOC-125
ADM-13921,PAT-2072,2024-07-30 11:05:00,2024-08-01 15:53:00,40,Female,General Medicine,Emergency,2,33,2.2,0,3382.5,BlueCross,Referred to Rehab,DOC-111
ADM-13922,PAT-1846,2024-01-14 08:17:00,2024-01-16 20:17:00,63,Male,Emergency,Urgent,2,12,2.5,1,9704.0,Medicaid,Discharged Home,DOC-114
ADM-13923,PAT-2377,2025-11-08 02:17:00,2025-11-08 23:53:00,84,Male,Emergency,Elective,4,106,0.9,0,1975.0,BlueCross,Discharged Home,DOC-122
ADM-13924,PAT-1131,2025-04-22 16:32:00,2025-04-24 02:08:00,21,Male,Cardiology,Emergency,3,6,1.4,0,4680.0,Aetna,Discharged Home,DOC-107
ADM-13925,PAT-2305,2025-02-05 22:13:00,2025-02-07 17:25:00,13,Male,Neurology,Elective,5,35,1.8,0,10318.5,Aetna,Discharged Home,DOC-106
ADM-13926,PAT-2038,2026-05-19 11:08:00,2026-05-22 03:56:00,53,Female,Orthopedics,Urgent,1,2,2.7,0,9277.0,UnitedHealth,Discharged Home,DOC-107
ADM-13927,PAT-1411,2024-02-01 07:40:00,2024-02-07 22:04:00,47,Female,Emergency,Emergency,3,17,6.6,0,14873.5,Aetna,Discharged Home,DOC-123
ADM-13928,PAT-1405,2026-01-27 11:42:00,2026-01-31 23:42:00,52,Female,Emergency,Emergency,3,85,4.5,0,8762.5,Medicare,Discharged Home,DOC-123
ADM-13929,PAT-1675,2024-02-18 08:31:00,2024-02-24 06:07:00,32,Female,Orthopedics,Emergency,2,14,5.9,0,14195.0,Medicare,Transferred,DOC-115
ADM-13930,PAT-2137,2024-12-03 05:10:00,2024-12-10 21:58:00,32,Female,General Medicine,Emergency,2,5,7.7,0,11562.5,Medicare,Referred to Rehab,DOC-110
ADM-13931,PAT-2109,2025-06-03 17:09:00,2025-06-18 07:33:00,34,Male,Emergency,Emergency,1,5,14.6,1,35701.5,UnitedHealth,Discharged Home,DOC-123
ADM-13932,PAT-1151,2025-03-28 16:57:00,2025-04-01 21:45:00,89,Female,Emergency,Elective,3,19,4.2,1,13232.5,BlueCross,Discharged Home,DOC-113
ADM-13933,PAT-2486,2026-05-09 11:49:00,2026-05-09 23:49:00,57,Female,Orthopedics,Elective,5,36,0.5,0,1290.0,UnitedHealth,Expired,DOC-106
ADM-13934,PAT-1274,2025-11-03 09:10:00,2025-11-04 06:46:00,91,Female,General Medicine,Urgent,3,133,0.9,0,6798.5,Medicare,Discharged Home,DOC-101
ADM-13935,PAT-1268,2024-07-13 22:54:00,2024-07-19 06:06:00,35,Female,General Medicine,Elective,2,24,5.3,0,15181.0,Self-Pay,Discharged Home,DOC-111
ADM-13936,PAT-1938,2026-01-09 08:06:00,2026-01-11 20:06:00,83,Male,Emergency,Emergency,3,44,2.5,0,9751.0,BlueCross,Referred to Rehab,DOC-111
ADM-13937,PAT-2280,2025-12-15 12:32:00,2025-12-18 07:44:00,18,Male,Cardiology,Emergency,3,169,2.8,0,14662.5,Medicaid,Discharged Home,DOC-115
ADM-13938,PAT-2055,2026-02-13 20:10:00,2026-03-05 03:22:00,52,Female,Orthopedics,Urgent,1,3,19.3,0,49969.5,Medicare,Discharged Home,DOC-104
ADM-13939,PAT-2186,2024-02-01 14:10:00,2024-02-07 02:10:00,20,Female,Neurology,Emergency,2,12,5.5,0,14330.0,Medicare,Discharged Home,DOC-111
ADM-13940,PAT-2374,2025-07-01 01:25:00,2025-07-04 11:01:00,47,Female,General Medicine,Emergency,3,5,3.4,0,9202.5,BlueCross,Discharged Home,DOC-122
ADM-13941,PAT-1286,2025-07-17 18:44:00,2025-07-30 18:44:00,45,Male,Emergency,Emergency,1,3,13.0,1,24707.5,Medicare,Discharged Home,DOC-101
ADM-13942,PAT-2183,2025-03-29 05:35:00,2025-03-31 15:11:00,61,Male,Orthopedics,Emergency,4,113,2.4,0,8175.5,Aetna,Discharged Home,DOC-108
ADM-13943,PAT-1604,2025-03-06 16:29:00,2025-03-13 02:05:00,53,Female,Emergency,Elective,2,15,6.4,0,12197.5,Medicare,Discharged Home,DOC-119
ADM-13944,PAT-2288,2025-05-17 09:47:00,2025-05-18 07:23:00,1,Female,Neurology,Urgent,4,167,0.9,0,10191.5,Medicare,Discharged Home,DOC-114
ADM-13945,PAT-2001,2026-04-18 15:22:00,2026-04-29 10:34:00,79,Female,Neurology,Emergency,2,2,10.8,1,28085.0,UnitedHealth,Referred to Rehab,DOC-113
ADM-13946,PAT-1514,2025-03-11 18:45:00,2025-03-12 06:45:00,81,Female,Pediatrics,Emergency,5,54,0.5,0,5491.0,Medicare,Discharged Home,DOC-108
ADM-13947,PAT-2471,2025-06-30 04:15:00,2025-06-30 11:27:00,2,Female,Emergency,Urgent,4,64,0.3,0,730.0,BlueCross,Discharged Home,DOC-104
ADM-13948,PAT-1279,2024-10-05 16:54:00,2024-10-07 04:54:00,31,Female,General Medicine,Emergency,3,150,1.5,1,10453.0,Self-Pay,Discharged Home,DOC-102
ADM-13949,PAT-2154,2026-05-19 03:05:00,2026-05-20 07:53:00,34,Male,Emergency,Emergency,4,22,1.2,0,2335.0,BlueCross,Referred to Rehab,DOC-120
ADM-13950,PAT-1956,2026-06-29 01:11:00,2026-06-29 20:23:00,73,Male,Emergency,Emergency,4,65,0.8,0,9867.5,Aetna,Transferred,DOC-113
ADM-13951,PAT-1903,2024-09-06 13:43:00,2024-09-10 08:55:00,55,Female,Cardiology,Emergency,3,20,3.8,0,13090.0,Self-Pay,Discharged Home,DOC-121
ADM-13952,PAT-1066,2025-08-12 12:54:00,2025-08-16 03:18:00,74,Female,Emergency,Emergency,3,16,3.6,0,11669.0,UnitedHealth,Discharged Home,DOC-104
ADM-13953,PAT-1411,2025-11-01 05:58:00,2025-11-04 20:22:00,75,Female,Orthopedics,Emergency,3,226,3.6,1,9205.0,Medicare,Referred to Rehab,DOC-103
ADM-13954,PAT-2193,2026-05-30 00:29:00,2026-06-13 19:41:00,82,Female,Orthopedics,Emergency,2,3,14.8,0,37387.5,Medicaid,Discharged Home,DOC-110
ADM-13955,PAT-1129,2026-01-16 23:19:00,2026-01-19 23:19:00,64,Male,Neurology,Urgent,3,57,3.0,0,7942.5,Aetna,Discharged Home,DOC-108
ADM-13956,PAT-2142,2026-05-23 14:41:00,2026-05-24 02:41:00,59,Female,Pediatrics,Elective,3,69,0.5,0,972.5,BlueCross,Referred to Rehab,DOC-106
ADM-13957,PAT-2490,2026-03-10 10:34:00,2026-03-15 17:46:00,36,Male,Emergency,Elective,2,14,5.3,0,10105.0,Medicaid,Discharged Home,DOC-120
ADM-13958,PAT-1963,2025-11-16 23:53:00,2025-11-18 11:53:00,35,Female,Emergency,Emergency,2,27,1.5,0,3591.5,Medicare,Discharged Home,DOC-117
ADM-13959,PAT-1402,2025-10-10 21:16:00,2025-10-17 06:52:00,14,Male,Orthopedics,Emergency,1,2,6.4,0,22573.0,Medicare,Discharged Home,DOC-101
ADM-13960,PAT-1369,2026-06-17 00:09:00,2026-06-20 07:21:00,13,Male,Oncology,Emergency,3,22,3.3,0,13637.0,Medicaid,Discharged Home,DOC-118
ADM-13961,PAT-1163,2024-03-20 16:02:00,2024-03-22 08:50:00,78,Male,Cardiology,Elective,3,73,1.7,0,5904.5,Medicaid,Referred to Rehab,DOC-115
ADM-13962,PAT-1831,2025-12-22 22:41:00,2025-12-24 01:05:00,48,Male,Orthopedics,Emergency,4,98,1.1,0,8355.0,Medicare,Referred to Rehab,DOC-102
ADM-13963,PAT-1466,2026-04-03 14:56:00,2026-04-04 05:20:00,22,Female,Emergency,Urgent,4,45,0.6,0,1252.5,UnitedHealth,Discharged Home,DOC-106
ADM-13964,PAT-1487,2025-03-24 16:41:00,2025-03-26 07:05:00,24,Female,Neurology,Emergency,5,220,1.6,0,6117.0,BlueCross,Referred to Rehab,DOC-121
ADM-13965,PAT-1347,2025-01-22 11:02:00,2025-01-25 18:14:00,86,Male,Cardiology,Emergency,2,13,3.3,0,9272.5,Medicare,Discharged Home,DOC-103
ADM-13966,PAT-1387,2024-09-21 23:49:00,2024-09-22 14:13:00,84,Female,Cardiology,Emergency,5,37,0.6,0,1772.5,Medicaid,Discharged Home,DOC-110
ADM-13967,PAT-1647,2025-03-30 10:15:00,2025-04-04 03:03:00,57,Female,Emergency,Emergency,3,10,4.7,0,11889.0,UnitedHealth,Transferred,DOC-117
ADM-13968,PAT-2089,2025-11-01 20:36:00,2025-11-02 18:12:00,56,Female,Emergency,Elective,4,3,0.9,0,1717.5,Medicaid,Discharged Home,DOC-117
ADM-13969,PAT-1748,2026-01-23 14:46:00,2026-01-24 02:46:00,42,Female,Cardiology,Urgent,4,30,0.5,0,4020.0,UnitedHealth,Discharged Home,DOC-118
ADM-13970,PAT-1705,2026-01-23 14:21:00,2026-01-28 11:57:00,60,Female,Cardiology,Emergency,3,75,4.9,0,14710.5,Self-Pay,Discharged Home,DOC-102
ADM-13971,PAT-2353,2025-05-31 07:09:00,2025-06-07 09:33:00,63,Male,General Medicine,Emergency,3,37,7.1,0,18282.5,Medicare,Transferred,DOC-109
ADM-13972,PAT-1888,2024-11-23 17:22:00,2024-11-25 02:58:00,11,Female,Emergency,Emergency,4,69,1.4,0,2832.5,Self-Pay,Discharged Home,DOC-110
ADM-13973,PAT-1704,2026-03-07 18:26:00,2026-03-10 16:02:00,78,Male,Emergency,Emergency,3,3,2.9,0,8017.5,Medicaid,Discharged Home,DOC-112
ADM-13974,PAT-1283,2024-12-13 02:37:00,2024-12-21 00:13:00,85,Male,Cardiology,Urgent,4,18,7.9,0,22165.0,UnitedHealth,Discharged Home,DOC-111
ADM-13975,PAT-2479,2025-02-16 06:33:00,2025-02-18 04:09:00,16,Male,Cardiology,Urgent,4,173,1.9,0,6313.5,Medicare,Expired,DOC-107
ADM-13976,PAT-1340,2024-03-31 12:53:00,2024-04-01 20:05:00,75,Female,Emergency,Emergency,3,63,1.3,0,2627.5,Medicaid,Discharged Home,DOC-122
ADM-13977,PAT-1798,2025-08-16 15:47:00,2025-08-19 01:23:00,68,Female,General Medicine,Elective,3,48,2.4,0,6275.0,Medicaid,Discharged Home,DOC-124
ADM-13978,PAT-1368,2025-12-01 18:59:00,2025-12-07 02:11:00,38,Male,Pediatrics,Elective,3,109,5.3,0,8752.5,Aetna,Discharged Home,DOC-116
ADM-13979,PAT-2147,2025-06-23 03:16:00,2025-06-23 22:28:00,68,Female,Cardiology,Elective,4,20,0.8,1,9899.0,BlueCross,Discharged Home,DOC-104
ADM-13980,PAT-2250,2024-04-02 05:59:00,2024-04-06 22:47:00,69,Female,General Medicine,Urgent,2,14,4.7,1,13333.0,Medicare,Discharged Home,DOC-117
ADM-13981,PAT-2427,2024-12-22 08:12:00,2024-12-29 01:00:00,83,Male,Cardiology,Emergency,1,2,6.7,0,21318.0,BlueCross,Discharged Home,DOC-104
ADM-13982,PAT-2027,2024-03-06 18:24:00,2024-03-13 18:24:00,26,Female,Cardiology,Elective,2,38,7.0,0,22802.0,BlueCross,Discharged Home,DOC-117
ADM-13983,PAT-1489,2026-06-30 07:55:00,2026-07-04 12:43:00,26,Male,Emergency,Urgent,2,21,4.2,0,8032.5,Medicare,Discharged Home,DOC-107
ADM-13984,PAT-1324,2024-11-30 22:47:00,2024-12-05 15:35:00,22,Male,Emergency,Emergency,3,61,4.7,0,9082.5,Medicaid,Discharged Home,DOC-110
ADM-13985,PAT-1914,2026-04-28 17:11:00,2026-04-29 17:11:00,29,Female,Emergency,Emergency,4,262,1.0,0,4195.0,Medicare,Transferred,DOC-105
ADM-13986,PAT-1750,2025-07-03 10:42:00,2025-07-04 15:30:00,76,Female,Cardiology,Emergency,5,127,1.2,0,3677.5,Medicaid,Discharged Home,DOC-107
ADM-13987,PAT-1610,2024-08-03 00:41:00,2024-08-04 15:05:00,30,Male,Oncology,Emergency,1,3,1.6,0,12438.5,Medicaid,Discharged Home,DOC-115
ADM-13988,PAT-1362,2025-02-08 15:56:00,2025-02-10 23:08:00,17,Female,Orthopedics,Emergency,2,22,2.3,0,11517.0,Medicare,Discharged Home,DOC-107
ADM-13989,PAT-1159,2025-01-31 01:25:00,2025-01-31 08:37:00,24,Female,Emergency,Elective,4,114,0.3,0,855.0,Medicaid,Discharged Home,DOC-105
ADM-13990,PAT-2052,2025-09-15 01:40:00,2025-09-16 08:52:00,52,Female,Emergency,Emergency,3,23,1.3,0,9662.5,UnitedHealth,Discharged Home,DOC-122
ADM-13991,PAT-2023,2025-03-19 08:10:00,2025-03-30 20:10:00,48,Male,Emergency,Emergency,1,2,11.5,0,21855.0,UnitedHealth,Discharged Home,DOC-108
ADM-13992,PAT-2392,2025-02-01 14:03:00,2025-02-04 21:15:00,72,Male,Orthopedics,Emergency,2,19,3.3,0,7967.5,Medicare,Discharged Home,DOC-106
ADM-13993,PAT-1294,2024-03-15 09:54:00,2024-03-16 07:30:00,26,Female,Orthopedics,Emergency,3,16,0.9,0,7069.0,Medicare,AMA (Against Medical Advice),DOC-115
ADM-13994,PAT-2260,2024-03-18 03:33:00,2024-03-29 05:57:00,51,Female,Neurology,Elective,3,12,11.1,0,33579.0,Medicare,Discharged Home,DOC-114
ADM-13995,PAT-1163,2026-01-27 22:31:00,2026-02-01 15:19:00,30,Male,Emergency,Urgent,2,9,4.7,0,10948.5,Aetna,Discharged Home,DOC-101
ADM-13996,PAT-1606,2025-03-28 08:56:00,2025-03-31 08:56:00,36,Male,Emergency,Emergency,3,19,3.0,0,8995.5,BlueCross,Discharged Home,DOC-121
ADM-13997,PAT-2278,2024-11-15 09:28:00,2024-11-17 14:16:00,44,Male,Oncology,Emergency,3,95,2.2,1,7057.5,Aetna,AMA (Against Medical Advice),DOC-113
ADM-13998,PAT-2283,2025-04-26 07:32:00,2025-04-28 09:56:00,63,Female,Cardiology,Urgent,3,62,2.1,0,7743.0,Medicare,Discharged Home,DOC-114
ADM-13999,PAT-1715,2024-06-05 07:13:00,2024-06-07 04:49:00,2,Female,Cardiology,Emergency,4,117,1.9,0,10799.5,Medicaid,Discharged Home,DOC-109
ADM-14000,PAT-1520,2025-12-04 15:50:00,2025-12-10 11:02:00,48,Male,Orthopedics,Elective,2,22,5.8,0,19525.0,BlueCross,Discharged Home,DOC-101
ADM-14001,PAT-1345,2025-10-16 01:02:00,2025-10-28 10:38:00,67,Female,Cardiology,Emergency,2,2,12.4,0,38778.0,Medicare,Discharged Home,DOC-109
ADM-14002,PAT-2107,2026-03-05 04:09:00,2026-03-09 08:57:00,25,Male,Neurology,Elective,3,16,4.2,0,12120.0,BlueCross,Discharged Home,DOC-119
ADM-14003,PAT-1648,2025-07-30 18:51:00,2025-08-01 21:15:00,69,Male,Oncology,Emergency,5,46,2.1,0,9522.0,Medicaid,Discharged Home,DOC-119
ADM-14004,PAT-1364,2024-12-31 22:18:00,2025-01-06 10:18:00,6,Male,Orthopedics,Elective,3,5,5.5,0,13212.5,Medicaid,Discharged Home,DOC-122
ADM-14005,PAT-1725,2024-05-03 05:23:00,2024-05-04 07:47:00,21,Male,Cardiology,Emergency,3,188,1.1,0,7573.0,Medicare,Discharged Home,DOC-102
ADM-14006,PAT-1670,2024-10-12 20:29:00,2024-10-18 06:05:00,2,Male,Emergency,Emergency,3,51,5.4,0,10387.5,Medicaid,Discharged Home,DOC-110
ADM-14007,PAT-1488,2024-02-16 05:44:00,2024-02-17 05:44:00,25,Female,Oncology,Emergency,5,59,1.0,0,8665.5,Medicare,Transferred,DOC-105
ADM-14008,PAT-1490,2026-02-15 23:10:00,2026-02-19 11:10:00,8,Male,Oncology,Emergency,2,17,3.5,0,15339.5,Medicare,Discharged Home,DOC-112
ADM-14009,PAT-1526,2024-06-07 19:11:00,2024-06-14 23:59:00,37,Female,Orthopedics,Elective,3,68,7.2,0,23990.0,Medicare,Discharged Home,DOC-107
ADM-14010,PAT-1460,2026-04-20 03:16:00,2026-04-28 17:40:00,59,Female,General Medicine,Emergency,1,5,8.6,0,12912.5,BlueCross,Discharged Home,DOC-108
ADM-14011,PAT-1262,2024-02-28 09:17:00,2024-03-06 02:05:00,34,Female,Orthopedics,Emergency,2,62,6.7,0,20922.0,Medicaid,Discharged Home,DOC-122
ADM-14012,PAT-1216,2025-07-24 04:16:00,2025-07-27 18:40:00,46,Male,Emergency,Emergency,3,33,3.6,0,11244.5,UnitedHealth,Referred to Rehab,DOC-104
ADM-14013,PAT-1121,2025-04-26 19:32:00,2025-04-27 14:44:00,54,Female,Cardiology,Emergency,4,228,0.8,1,7963.0,Medicaid,Discharged Home,DOC-103
ADM-14014,PAT-1965,2024-07-24 08:44:00,2024-07-28 13:32:00,33,Male,Cardiology,Urgent,2,12,4.2,0,11790.0,Medicare,Referred to Rehab,DOC-117
ADM-14015,PAT-2408,2026-02-11 07:06:00,2026-02-16 07:06:00,34,Female,Oncology,Emergency,3,16,5.0,0,22435.0,Medicare,Expired,DOC-113
ADM-14016,PAT-1829,2025-02-07 12:55:00,2025-02-09 05:43:00,18,Male,Neurology,Emergency,4,66,1.7,0,11372.0,Medicaid,Discharged Home,DOC-116
ADM-14017,PAT-1539,2025-07-10 00:03:00,2025-07-14 02:27:00,46,Male,General Medicine,Emergency,3,121,4.1,0,6452.5,Medicare,Discharged Home,DOC-107
ADM-14018,PAT-2026,2024-01-05 10:26:00,2024-01-05 22:26:00,29,Female,Neurology,Emergency,5,263,0.5,0,1957.5,UnitedHealth,Discharged Home,DOC-112
ADM-14019,PAT-1239,2025-05-09 15:03:00,2025-05-15 10:15:00,50,Female,Cardiology,Emergency,3,7,5.8,0,16257.5,BlueCross,Discharged Home,DOC-114
ADM-14020,PAT-1857,2025-03-13 06:42:00,2025-03-15 23:30:00,47,Male,General Medicine,Elective,3,16,2.7,1,8876.0,Aetna,Discharged Home,DOC-111
ADM-14021,PAT-1306,2024-09-11 11:32:00,2024-09-19 21:08:00,88,Male,Neurology,Emergency,2,2,8.4,0,21845.0,Medicare,Discharged Home,DOC-109
ADM-14022,PAT-1320,2024-01-12 07:08:00,2024-01-14 07:08:00,17,Male,Cardiology,Urgent,4,244,2.0,0,12959.0,Medicaid,Discharged Home,DOC-108
ADM-14023,PAT-2227,2025-06-18 22:18:00,2025-06-19 19:54:00,12,Male,Emergency,Elective,4,71,0.9,0,1887.5,Medicare,Discharged Home,DOC-118
ADM-14024,PAT-1958,2024-03-27 08:40:00,2024-03-28 18:16:00,27,Male,Oncology,Urgent,1,2,1.4,0,9779.0,Medicare,Referred to Rehab,DOC-124
ADM-14025,PAT-1623,2025-11-19 22:19:00,2025-11-20 17:31:00,54,Male,Emergency,Emergency,4,46,0.8,0,4391.0,BlueCross,Discharged Home,DOC-120
ADM-14026,PAT-1081,2025-01-08 13:17:00,2025-01-20 20:29:00,32,Female,Neurology,Emergency,2,2,12.3,0,35240.0,Aetna,Discharged Home,DOC-115
ADM-14027,PAT-1477,2026-03-02 23:27:00,2026-03-09 13:51:00,21,Male,Neurology,Elective,2,2,6.6,0,17165.0,Aetna,Discharged Home,DOC-107
ADM-14028,PAT-1822,2026-04-09 03:44:00,2026-04-10 06:08:00,19,Female,Emergency,Emergency,4,24,1.1,0,9888.0,BlueCross,Discharged Home,DOC-120
ADM-14029,PAT-2308,2026-04-04 03:33:00,2026-04-06 03:33:00,47,Male,Emergency,Emergency,3,64,2.0,0,8579.0,Medicare,Discharged Home,DOC-117
ADM-14030,PAT-1934,2025-08-13 20:04:00,2025-08-22 10:28:00,92,Female,Oncology,Elective,3,53,8.6,0,26792.5,BlueCross,Discharged Home,DOC-115
ADM-14031,PAT-1370,2024-05-01 01:05:00,2024-05-04 03:29:00,31,Male,Emergency,Emergency,3,69,3.1,0,6062.5,Aetna,Discharged Home,DOC-115
ADM-14032,PAT-2138,2024-12-01 16:17:00,2024-12-02 18:41:00,14,Female,Emergency,Urgent,4,42,1.1,0,3241.0,UnitedHealth,Discharged Home,DOC-105
ADM-14033,PAT-2201,2025-10-26 05:37:00,2025-10-28 05:37:00,23,Female,Neurology,Emergency,2,35,2.0,0,5287.5,Self-Pay,Discharged Home,DOC-119
ADM-14034,PAT-1131,2024-04-12 23:44:00,2024-04-18 18:56:00,18,Female,Emergency,Urgent,2,7,5.8,0,11037.5,Medicare,Discharged Home,DOC-125
ADM-14035,PAT-1685,2025-12-24 09:29:00,2025-12-24 21:29:00,24,Male,Emergency,Emergency,4,5,0.5,0,3126.5,Medicare,Discharged Home,DOC-111
ADM-14036,PAT-1754,2025-03-21 21:14:00,2025-03-23 04:26:00,86,Male,Emergency,Elective,4,40,1.3,0,2570.0,Medicare,Discharged Home,DOC-104
ADM-14037,PAT-1554,2024-02-07 15:10:00,2024-02-10 10:22:00,46,Female,General Medicine,Elective,2,20,2.8,1,4250.0,BlueCross,Discharged Home,DOC-108
ADM-14038,PAT-1251,2025-03-31 20:43:00,2025-04-10 01:31:00,41,Male,Emergency,Emergency,3,98,9.2,0,23011.0,Medicare,Discharged Home,DOC-124
ADM-14039,PAT-1330,2026-02-06 10:25:00,2026-02-10 03:13:00,41,Female,Orthopedics,Urgent,3,32,3.7,0,8960.0,Medicare,Discharged Home,DOC-124
ADM-14040,PAT-1547,2026-06-03 12:47:00,2026-06-07 07:59:00,68,Male,Cardiology,Emergency,3,35,3.8,0,10727.5,Medicare,Discharged Home,DOC-120
ADM-14041,PAT-1983,2024-10-09 15:12:00,2024-10-11 08:00:00,43,Female,General Medicine,Urgent,3,12,1.7,0,6080.0,Medicare,Discharged Home,DOC-115
ADM-14042,PAT-2147,2026-05-09 23:55:00,2026-05-10 14:19:00,61,Male,Emergency,Emergency,4,93,0.6,0,7973.5,Medicare,Discharged Home,DOC-112
ADM-14043,PAT-2326,2024-05-03 19:03:00,2024-05-04 09:27:00,86,Female,Emergency,Emergency,4,93,0.6,0,1888.5,Medicare,Discharged Home,DOC-104
ADM-14044,PAT-1973,2024-03-03 05:23:00,2024-03-04 10:11:00,68,Female,Oncology,Elective,5,111,1.2,0,3997.5,Medicare,Discharged Home,DOC-102
ADM-14045,PAT-1095,2025-11-29 13:32:00,2025-12-03 23:08:00,21,Female,Emergency,Emergency,3,2,4.4,0,12673.0,BlueCross,Referred to Rehab,DOC-116
ADM-14046,PAT-1001,2024-04-15 14:59:00,2024-04-18 05:23:00,85,Female,Cardiology,Emergency,2,13,2.6,0,13884.5,Medicare,Discharged Home,DOC-101
ADM-14047,PAT-1840,2025-08-06 20:44:00,2025-08-20 06:20:00,23,Male,General Medicine,Emergency,3,4,13.4,0,26242.0,Medicaid,Discharged Home,DOC-117
ADM-14048,PAT-2121,2025-02-11 04:37:00,2025-02-12 02:13:00,69,Female,Pediatrics,Urgent,2,22,0.9,0,3370.0,UnitedHealth,Discharged Home,DOC-115
ADM-14049,PAT-1070,2024-03-14 13:31:00,2024-03-15 13:31:00,41,Male,Cardiology,Elective,5,266,1.0,0,5866.0,Medicare,Discharged Home,DOC-111
ADM-14050,PAT-2045,2024-12-09 14:17:00,2024-12-19 07:05:00,31,Male,Oncology,Emergency,3,4,9.7,0,30080.0,Aetna,Discharged Home,DOC-115
ADM-14051,PAT-2049,2025-03-22 21:10:00,2025-03-24 06:46:00,38,Male,General Medicine,Elective,2,31,1.4,0,2177.5,BlueCross,Discharged Home,DOC-104
ADM-14052,PAT-1655,2024-03-07 08:06:00,2024-03-08 05:42:00,67,Female,Emergency,Elective,3,119,0.9,0,2007.5,Medicaid,Discharged Home,DOC-116
ADM-14053,PAT-1463,2026-04-15 14:44:00,2026-04-20 05:08:00,45,Male,Emergency,Urgent,3,66,4.6,0,8905.0,Aetna,Discharged Home,DOC-111
ADM-14054,PAT-1586,2024-10-11 05:21:00,2024-10-16 07:45:00,28,Male,Oncology,Emergency,3,2,5.1,0,21655.0,BlueCross,Referred to Rehab,DOC-114
ADM-14055,PAT-2157,2025-05-27 14:49:00,2025-05-30 00:25:00,56,Male,Orthopedics,Emergency,3,17,2.4,0,10122.5,Self-Pay,Discharged Home,DOC-101
ADM-14056,PAT-1748,2025-04-08 07:39:00,2025-04-20 14:51:00,25,Female,Emergency,Emergency,3,4,12.3,0,23380.0,Self-Pay,Discharged Home,DOC-125
ADM-14057,PAT-1908,2024-05-16 13:57:00,2024-05-24 04:21:00,27,Female,Emergency,Elective,3,7,7.6,0,14457.5,Aetna,Discharged Home,DOC-115
ADM-14058,PAT-1022,2025-01-07 05:20:00,2025-01-08 05:20:00,57,Male,Emergency,Elective,4,184,1.0,0,2360.0,Aetna,Discharged Home,DOC-118
ADM-14059,PAT-2009,2024-12-17 22:59:00,2024-12-19 20:35:00,48,Male,Cardiology,Emergency,4,64,1.9,0,12839.0,BlueCross,Discharged Home,DOC-123
ADM-14060,PAT-2118,2025-09-03 05:08:00,2025-09-04 05:08:00,38,Female,Pediatrics,Emergency,5,10,1.0,0,4144.0,BlueCross,Discharged Home,DOC-101
ADM-14061,PAT-1071,2024-03-05 12:29:00,2024-03-10 17:17:00,81,Female,Orthopedics,Emergency,3,57,5.2,0,12622.5,Medicare,Discharged Home,DOC-119
ADM-14062,PAT-1914,2026-06-17 17:46:00,2026-06-20 22:34:00,20,Female,Emergency,Urgent,2,4,3.2,0,6090.0,BlueCross,Discharged Home,DOC-103
ADM-14063,PAT-1353,2026-04-06 11:24:00,2026-04-13 18:36:00,52,Female,Emergency,Elective,3,32,7.3,0,14612.0,Medicare,Discharged Home,DOC-120
ADM-14064,PAT-2008,2024-10-02 14:13:00,2024-10-03 19:01:00,51,Male,Emergency,Elective,4,76,1.2,0,2470.0,Medicaid,Discharged Home,DOC-103
ADM-14065,PAT-1655,2024-06-03 04:49:00,2024-06-04 09:37:00,59,Male,Cardiology,Elective,4,23,1.2,0,3417.5,Medicare,AMA (Against Medical Advice),DOC-109
ADM-14066,PAT-1920,2024-01-03 03:39:00,2024-01-03 18:03:00,41,Male,Emergency,Emergency,4,37,0.6,0,3106.5,Aetna,Discharged Home,DOC-115
ADM-14067,PAT-1148,2024-09-09 15:16:00,2024-09-10 10:28:00,70,Female,General Medicine,Emergency,5,212,0.8,0,9999.0,Medicaid,Discharged Home,DOC-122
ADM-14068,PAT-2326,2025-05-14 20:31:00,2025-05-15 08:31:00,50,Male,Emergency,Emergency,4,199,0.5,0,6216.5,Aetna,Transferred,DOC-111
ADM-14069,PAT-2054,2025-07-13 04:07:00,2025-07-14 11:19:00,66,Male,General Medicine,Emergency,5,13,1.3,0,1982.5,BlueCross,Discharged Home,DOC-110
ADM-14070,PAT-2458,2025-12-12 01:38:00,2025-12-20 04:02:00,47,Male,General Medicine,Urgent,2,3,8.1,0,12157.5,Aetna,Discharged Home,DOC-123
ADM-14071,PAT-1453,2026-04-09 20:11:00,2026-04-10 20:11:00,62,Female,Emergency,Elective,4,31,1.0,0,10353.5,Medicaid,Discharged Home,DOC-108
ADM-14072,PAT-1140,2025-03-04 00:45:00,2025-03-05 19:57:00,84,Female,Neurology,Elective,2,3,1.8,0,13057.5,Medicare,Discharged Home,DOC-106
ADM-14073,PAT-1595,2025-06-01 03:55:00,2025-06-08 11:07:00,32,Male,Orthopedics,Emergency,3,40,7.3,0,17620.0,Aetna,Referred to Rehab,DOC-124
ADM-14074,PAT-1710,2024-02-22 15:36:00,2024-02-23 22:48:00,45,Male,Emergency,Urgent,5,6,1.3,0,2485.0,Medicare,Discharged Home,DOC-118
ADM-14075,PAT-1539,2024-01-05 19:45:00,2024-01-10 02:57:00,37,Female,Pediatrics,Emergency,4,6,4.3,0,6895.0,Self-Pay,Discharged Home,DOC-103
ADM-14076,PAT-2482,2025-12-04 12:04:00,2025-12-15 09:40:00,41,Female,General Medicine,Emergency,2,7,10.9,0,24252.5,BlueCross,Discharged Home,DOC-125
ADM-14077,PAT-1859,2024-08-04 00:46:00,2024-08-05 22:22:00,29,Male,General Medicine,Elective,5,399,1.9,0,3847.5,BlueCross,Discharged Home,DOC-112
ADM-14078,PAT-1117,2024-10-24 22:09:00,2024-11-02 17:21:00,25,Female,Emergency,Urgent,3,38,8.8,0,16815.0,BlueCross,Discharged Home,DOC-102
ADM-14079,PAT-2082,2024-07-13 04:26:00,2024-07-17 06:50:00,89,Female,Orthopedics,Urgent,3,153,4.1,0,17660.5,BlueCross,Discharged Home,DOC-116
ADM-14080,PAT-1302,2024-09-17 03:12:00,2024-09-19 10:24:00,41,Female,General Medicine,Elective,3,45,2.3,0,7447.5,Medicaid,Discharged Home,DOC-107
ADM-14081,PAT-2371,2024-09-14 10:56:00,2024-09-14 22:56:00,70,Female,Oncology,Emergency,5,12,0.5,0,3051.0,Aetna,Discharged Home,DOC-101
ADM-14082,PAT-2408,2024-11-15 01:14:00,2024-11-17 18:02:00,62,Male,General Medicine,Emergency,3,42,2.7,0,7677.0,BlueCross,Referred to Rehab,DOC-109
ADM-14083,PAT-1288,2025-08-26 05:52:00,2025-08-26 10:40:00,16,Male,Emergency,Emergency,4,33,0.2,0,4016.5,Medicare,Discharged Home,DOC-107
ADM-14084,PAT-1364,2025-04-14 14:52:00,2025-04-21 05:16:00,12,Male,Emergency,Emergency,3,19,6.6,0,14224.5,Medicaid,Discharged Home,DOC-118
ADM-14085,PAT-1483,2024-08-24 08:40:00,2024-08-26 11:04:00,43,Female,Orthopedics,Emergency,1,10,2.1,0,5065.0,BlueCross,Discharged Home,DOC-124
ADM-14086,PAT-2243,2024-06-13 04:34:00,2024-06-14 14:10:00,66,Male,Emergency,Urgent,5,32,1.4,0,2740.0,Aetna,Discharged Home,DOC-116
ADM-14087,PAT-1165,2025-01-06 00:36:00,2025-01-07 05:24:00,50,Female,Emergency,Emergency,2,13,1.2,0,2312.5,Medicaid,Discharged Home,DOC-125
ADM-14088,PAT-2170,2025-11-13 07:17:00,2025-11-20 02:29:00,78,Female,Emergency,Urgent,3,83,6.8,0,13127.5,BlueCross,Discharged Home,DOC-121
ADM-14089,PAT-1577,2024-07-09 08:08:00,2024-07-13 20:08:00,71,Male,General Medicine,Emergency,2,27,4.5,0,8330.5,Medicare,Referred to Rehab,DOC-114
ADM-14090,PAT-2357,2026-06-28 14:29:00,2026-07-05 09:41:00,32,Male,Oncology,Elective,3,16,6.8,0,25604.0,Aetna,Discharged Home,DOC-109
ADM-14091,PAT-1963,2025-12-30 03:19:00,2026-01-04 10:31:00,75,Male,Orthopedics,Elective,4,213,5.3,0,13252.5,BlueCross,Discharged Home,DOC-110
ADM-14092,PAT-1003,2026-05-16 19:02:00,2026-05-18 14:14:00,54,Female,Cardiology,Elective,3,27,1.8,1,5107.5,Medicare,Discharged Home,DOC-103
ADM-14093,PAT-2315,2025-10-21 07:34:00,2025-10-21 17:10:00,68,Female,Emergency,Emergency,4,159,0.4,0,9295.5,Medicaid,Discharged Home,DOC-105
ADM-14094,PAT-1664,2024-05-17 09:00:00,2024-05-18 23:24:00,90,Male,Emergency,Elective,3,69,1.6,0,3212.5,Medicaid,Discharged Home,DOC-116
ADM-14095,PAT-1976,2024-09-15 12:21:00,2024-09-18 05:09:00,51,Female,Oncology,Urgent,3,87,2.7,1,11864.5,Medicare,Discharged Home,DOC-104
ADM-14096,PAT-2348,2024-04-12 09:37:00,2024-04-14 16:49:00,76,Male,Orthopedics,Elective,2,19,2.3,0,9605.5,BlueCross,Discharged Home,DOC-108
ADM-14097,PAT-2456,2025-12-29 18:14:00,2026-01-09 15:50:00,62,Female,Cardiology,Elective,2,9,10.9,0,37859.5,UnitedHealth,Discharged Home,DOC-110
ADM-14098,PAT-1361,2025-04-18 11:18:00,2025-04-20 18:30:00,42,Female,General Medicine,Emergency,2,24,2.3,0,9136.0,Medicare,Discharged Home,DOC-119
ADM-14099,PAT-2147,2025-04-02 16:12:00,2025-04-05 04:12:00,67,Female,General Medicine,Emergency,4,109,2.5,0,4022.5,Medicare,Discharged Home,DOC-123
ADM-14100,PAT-2479,2024-09-04 04:27:00,2024-09-09 21:15:00,64,Female,Emergency,Elective,3,36,5.7,0,11867.0,Medicare,Discharged Home,DOC-111
ADM-14101,PAT-1635,2025-08-29 09:53:00,2025-08-30 02:41:00,59,Female,Emergency,Emergency,5,28,0.7,0,7182.0,BlueCross,Referred to Rehab,DOC-122
ADM-14102,PAT-1139,2024-08-08 14:08:00,2024-08-09 23:44:00,64,Female,General Medicine,Urgent,4,69,1.4,0,3414.5,UnitedHealth,Transferred,DOC-119
ADM-14103,PAT-1666,2025-12-22 02:12:00,2025-12-22 14:12:00,66,Male,Cardiology,Emergency,1,7,0.5,0,1417.5,Medicaid,Transferred,DOC-124
ADM-14104,PAT-1897,2024-03-30 21:07:00,2024-04-01 04:19:00,6,Male,Pediatrics,Emergency,5,72,1.3,0,2260.0,Medicaid,Discharged Home,DOC-116
ADM-14105,PAT-2169,2025-06-01 19:54:00,2025-06-04 05:30:00,92,Male,Emergency,Elective,2,10,2.4,0,4585.0,Medicaid,Discharged Home,DOC-110
ADM-14106,PAT-2152,2025-12-25 16:20:00,2025-12-29 09:08:00,39,Male,Cardiology,Elective,3,39,3.7,0,16131.5,Medicare,Discharged Home,DOC-105
ADM-14107,PAT-1041,2024-01-24 01:01:00,2024-01-24 08:13:00,68,Male,Emergency,Emergency,4,60,0.3,0,720.0,Medicaid,Referred to Rehab,DOC-114
ADM-14108,PAT-2367,2024-11-23 02:55:00,2024-11-28 22:07:00,37,Male,Orthopedics,Emergency,1,2,5.8,0,13925.0,Medicare,Discharged Home,DOC-111
ADM-14109,PAT-1220,2025-03-31 03:21:00,2025-04-05 17:45:00,72,Female,General Medicine,Emergency,2,11,5.6,0,15353.5,Medicaid,Discharged Home,DOC-101
ADM-14110,PAT-2359,2025-06-11 23:42:00,2025-06-14 23:42:00,79,Female,General Medicine,Emergency,3,26,3.0,0,6567.0,Medicare,Discharged Home,DOC-122
ADM-14111,PAT-1357,2026-06-16 23:37:00,2026-06-17 21:13:00,16,Female,Pediatrics,Emergency,2,2,0.9,0,5173.0,Medicare,Discharged Home,DOC-123
ADM-14112,PAT-2350,2026-05-23 01:31:00,2026-05-27 03:55:00,55,Male,Orthopedics,Emergency,3,40,4.1,0,13268.0,Medicare,Discharged Home,DOC-104
ADM-14113,PAT-2200,2024-07-03 22:16:00,2024-07-09 05:28:00,22,Male,Neurology,Emergency,3,72,5.3,0,13960.0,Aetna,Discharged Home,DOC-107
ADM-14114,PAT-1481,2025-11-22 15:16:00,2025-11-23 03:16:00,85,Female,General Medicine,Elective,4,36,0.5,0,5417.0,UnitedHealth,Referred to Rehab,DOC-109
ADM-14115,PAT-2479,2024-11-26 01:38:00,2024-11-28 08:50:00,70,Female,Cardiology,Urgent,3,7,2.3,1,6457.5,Aetna,Discharged Home,DOC-110
ADM-14116,PAT-2451,2025-04-26 16:17:00,2025-04-27 18:41:00,79,Male,Oncology,Elective,5,90,1.1,0,3635.0,Aetna,Discharged Home,DOC-121
ADM-14117,PAT-1373,2025-05-07 09:01:00,2025-05-10 11:25:00,18,Male,Orthopedics,Elective,4,93,3.1,0,11391.5,Medicare,Discharged Home,DOC-114
ADM-14118,PAT-2237,2024-06-04 03:04:00,2024-06-11 00:40:00,16,Female,Oncology,Elective,3,152,6.9,0,28419.0,Medicare,Discharged Home,DOC-110
ADM-14119,PAT-1471,2026-03-12 01:43:00,2026-03-12 13:43:00,30,Male,Cardiology,Emergency,4,59,0.5,0,1547.5,Medicare,Discharged Home,DOC-107
ADM-14120,PAT-1792,2025-06-28 15:12:00,2025-07-01 05:36:00,50,Female,Emergency,Emergency,3,45,2.6,0,12838.5,Self-Pay,Discharged Home,DOC-107
ADM-14121,PAT-1655,2025-11-08 17:02:00,2025-11-09 19:26:00,33,Male,Emergency,Emergency,3,32,1.1,0,2170.0,Medicare,Discharged Home,DOC-121
ADM-14122,PAT-2219,2026-01-13 14:10:00,2026-01-18 23:46:00,43,Female,Orthopedics,Emergency,3,2,5.4,0,21371.0,Medicare,Discharged Home,DOC-106
ADM-14123,PAT-2392,2025-11-03 13:49:00,2025-11-05 01:49:00,20,Male,General Medicine,Emergency,2,16,1.5,1,4727.0,Aetna,Discharged Home,DOC-119
ADM-14124,PAT-1808,2025-12-15 10:10:00,2025-12-15 22:10:00,60,Female,Emergency,Emergency,5,42,0.5,1,7797.0,Medicare,Expired,DOC-111
ADM-14125,PAT-1130,2024-03-04 22:15:00,2024-03-08 12:39:00,58,Male,Orthopedics,Elective,4,122,3.6,0,8945.0,Medicaid,Discharged Home,DOC-123
ADM-14126,PAT-1241,2024-09-22 01:55:00,2024-09-30 23:31:00,2,Female,Cardiology,Elective,2,6,8.9,0,29222.0,Aetna,Expired,DOC-123
ADM-14127,PAT-2327,2024-04-02 06:58:00,2024-04-07 23:46:00,55,Male,Neurology,Urgent,4,107,5.7,0,18568.5,Medicare,Transferred,DOC-125
ADM-14128,PAT-1400,2025-09-10 14:11:00,2025-09-16 18:59:00,66,Male,General Medicine,Emergency,3,24,6.2,0,9360.0,Medicaid,Discharged Home,DOC-121
ADM-14129,PAT-1334,2025-03-27 15:43:00,2025-03-28 18:07:00,69,Female,General Medicine,Emergency,3,46,1.1,0,2766.0,Self-Pay,Transferred,DOC-110
ADM-14130,PAT-2058,2025-09-15 20:31:00,2025-09-19 06:07:00,33,Female,Orthopedics,Emergency,3,51,3.4,0,11454.5,Aetna,Discharged Home,DOC-118
ADM-14131,PAT-1374,2025-08-10 08:26:00,2025-08-13 13:14:00,18,Male,Emergency,Urgent,3,23,3.2,0,6137.5,Medicare,Discharged Home,DOC-104
ADM-14132,PAT-1434,2025-04-27 08:56:00,2025-05-06 23:20:00,62,Male,Orthopedics,Emergency,3,55,9.6,1,24959.5,Aetna,Discharged Home,DOC-114
ADM-14133,PAT-2116,2024-03-26 23:39:00,2024-04-03 14:03:00,86,Female,Emergency,Emergency,2,14,7.6,0,14475.0,Aetna,Transferred,DOC-103
ADM-14134,PAT-2077,2024-03-05 20:09:00,2024-03-08 03:21:00,23,Female,Emergency,Urgent,3,25,2.3,0,4432.5,BlueCross,Discharged Home,DOC-103
ADM-14135,PAT-1968,2024-06-07 07:30:00,2024-06-08 09:54:00,57,Male,Emergency,Emergency,2,49,1.1,0,5673.5,Medicare,Discharged Home,DOC-123
ADM-14136,PAT-2119,2026-06-09 14:55:00,2026-06-14 02:55:00,35,Male,Emergency,Emergency,3,149,4.5,0,8922.5,Medicare,Expired,DOC-105
ADM-14137,PAT-1302,2024-05-27 18:32:00,2024-05-28 08:56:00,78,Female,Orthopedics,Elective,5,107,0.6,0,6525.5,Medicare,Discharged Home,DOC-104
ADM-14138,PAT-1767,2024-11-03 16:32:00,2024-11-04 11:44:00,65,Female,Neurology,Emergency,5,96,0.8,0,6183.0,BlueCross,Discharged Home,DOC-110
ADM-14139,PAT-2021,2024-11-24 01:09:00,2024-11-25 03:33:00,92,Female,Pediatrics,Emergency,5,160,1.1,0,3896.0,Medicare,Discharged Home,DOC-108
ADM-14140,PAT-1210,2025-06-22 18:38:00,2025-06-25 13:50:00,63,Male,Neurology,Emergency,4,158,2.8,0,7675.0,Medicare,Discharged Home,DOC-111
ADM-14141,PAT-1825,2025-07-09 03:47:00,2025-07-16 10:59:00,71,Female,Emergency,Urgent,1,3,7.3,0,16998.5,Aetna,Discharged Home,DOC-104
ADM-14142,PAT-1003,2024-09-16 17:03:00,2024-09-18 21:51:00,65,Female,Neurology,Elective,3,40,2.2,0,11139.0,Medicare,Discharged Home,DOC-118
ADM-14143,PAT-2494,2025-02-01 11:16:00,2025-02-12 20:52:00,30,Female,Cardiology,Emergency,1,3,11.4,1,31927.5,Medicaid,Discharged Home,DOC-110
ADM-14144,PAT-1909,2024-08-22 06:46:00,2024-08-23 16:22:00,89,Female,Emergency,Urgent,4,16,1.4,1,10250.0,Medicaid,AMA (Against Medical Advice),DOC-123
ADM-14145,PAT-1881,2024-12-19 00:01:00,2024-12-20 04:49:00,49,Male,Emergency,Emergency,3,72,1.2,0,2460.0,UnitedHealth,Discharged Home,DOC-107
ADM-14146,PAT-2125,2024-11-26 05:37:00,2024-12-02 00:49:00,55,Male,Emergency,Urgent,3,73,5.8,0,11202.5,Medicare,Discharged Home,DOC-111
ADM-14147,PAT-2297,2024-01-28 21:18:00,2024-01-30 02:06:00,61,Female,Emergency,Emergency,3,18,1.2,0,10272.0,Medicaid,Discharged Home,DOC-114
ADM-14148,PAT-1335,2025-04-06 08:03:00,2025-04-09 10:27:00,26,Female,General Medicine,Emergency,3,24,3.1,0,8566.0,Medicare,Discharged Home,DOC-119
ADM-14149,PAT-2090,2025-03-25 10:10:00,2025-04-01 22:10:00,36,Male,Cardiology,Urgent,3,24,7.5,0,27463.0,Aetna,Discharged Home,DOC-114
ADM-14150,PAT-1747,2025-06-20 15:22:00,2025-06-21 20:10:00,60,Female,Cardiology,Emergency,2,2,1.2,0,8009.0,BlueCross,Discharged Home,DOC-122
ADM-14151,PAT-2392,2024-09-07 03:51:00,2024-09-08 01:27:00,57,Male,Neurology,Urgent,4,167,0.9,0,8271.5,Medicare,Discharged Home,DOC-109
ADM-14152,PAT-1540,2024-07-04 11:34:00,2024-07-05 06:46:00,20,Female,Emergency,Emergency,5,51,0.8,0,6106.5,Medicaid,Discharged Home,DOC-115
ADM-14153,PAT-2311,2025-06-11 15:32:00,2025-06-14 10:44:00,50,Female,Cardiology,Emergency,5,180,2.8,0,11931.0,BlueCross,Discharged Home,DOC-103
ADM-14154,PAT-2271,2024-12-06 12:44:00,2024-12-08 07:56:00,35,Female,Cardiology,Emergency,3,33,1.8,0,12752.5,Medicare,Discharged Home,DOC-108
ADM-14155,PAT-1259,2024-03-02 11:02:00,2024-03-05 06:14:00,65,Male,Neurology,Emergency,3,69,2.8,0,10570.5,UnitedHealth,Discharged Home,DOC-124
ADM-14156,PAT-1232,2024-10-18 01:06:00,2024-10-19 17:54:00,25,Female,General Medicine,Emergency,3,2,1.7,0,2555.0,Aetna,Discharged Home,DOC-119
ADM-14157,PAT-1458,2024-05-08 22:26:00,2024-05-18 08:02:00,9,Female,Emergency,Emergency,2,17,9.4,1,22246.5,BlueCross,Discharged Home,DOC-105
ADM-14158,PAT-1385,2024-08-30 06:54:00,2024-09-01 11:42:00,47,Female,General Medicine,Emergency,4,243,2.2,0,3907.5,Medicaid,Discharged Home,DOC-123
ADM-14159,PAT-1754,2025-08-07 13:30:00,2025-08-09 11:06:00,64,Male,Orthopedics,Emergency,4,150,1.9,0,6716.0,UnitedHealth,Discharged Home,DOC-124
ADM-14160,PAT-2441,2025-07-27 16:41:00,2025-08-04 16:41:00,58,Female,Orthopedics,Emergency,2,2,8.0,0,22369.0,Medicaid,Transferred,DOC-117
ADM-14161,PAT-2334,2025-04-21 14:30:00,2025-04-24 21:42:00,42,Male,Emergency,Emergency,2,2,3.3,0,6275.0,Medicare,Discharged Home,DOC-116
ADM-14162,PAT-1933,2026-06-07 14:55:00,2026-06-09 07:43:00,36,Male,Emergency,Urgent,3,2,1.7,1,7109.0,BlueCross,Discharged Home,DOC-116
ADM-14163,PAT-2346,2026-03-20 01:53:00,2026-03-22 01:53:00,16,Male,Emergency,Urgent,3,26,2.0,0,6759.0,UnitedHealth,Discharged Home,DOC-112
ADM-14164,PAT-2355,2024-06-09 20:48:00,2024-06-14 08:48:00,75,Female,Emergency,Emergency,1,4,4.5,0,15034.0,BlueCross,Discharged Home,DOC-125
ADM-14165,PAT-1055,2025-12-28 06:12:00,2026-01-05 06:12:00,18,Male,Neurology,Emergency,3,5,8.0,0,22520.5,UnitedHealth,Transferred,DOC-105
ADM-14166,PAT-1918,2024-08-31 00:32:00,2024-08-31 14:56:00,23,Female,Emergency,Elective,4,16,0.6,1,1180.0,UnitedHealth,Referred to Rehab,DOC-112
ADM-14167,PAT-1871,2024-11-23 06:56:00,2024-11-25 18:56:00,48,Female,General Medicine,Emergency,3,17,2.5,0,11174.5,Aetna,Discharged Home,DOC-124
ADM-14168,PAT-1905,2026-01-03 20:08:00,2026-01-08 20:08:00,66,Male,General Medicine,Emergency,3,39,5.0,0,15039.5,BlueCross,Discharged Home,DOC-122
ADM-14169,PAT-1070,2025-05-21 11:14:00,2025-05-23 16:02:00,17,Male,Emergency,Emergency,3,39,2.2,0,11042.5,Medicare,Discharged Home,DOC-118
ADM-14170,PAT-1004,2025-09-25 21:23:00,2025-09-29 09:23:00,69,Female,Orthopedics,Emergency,4,212,3.5,0,13013.0,UnitedHealth,Discharged Home,DOC-120
ADM-14171,PAT-1759,2024-03-25 06:28:00,2024-03-26 13:40:00,71,Female,Emergency,Emergency,4,130,1.3,0,6698.0,Aetna,Transferred,DOC-103
ADM-14172,PAT-1263,2025-07-20 15:21:00,2025-07-21 08:09:00,58,Male,Orthopedics,Emergency,3,23,0.7,0,9019.5,Medicaid,Discharged Home,DOC-116
ADM-14173,PAT-2066,2024-04-24 09:51:00,2024-04-27 00:15:00,25,Male,Pediatrics,Emergency,2,10,2.6,0,10624.0,Medicare,Discharged Home,DOC-110
ADM-14174,PAT-1172,2024-01-03 14:32:00,2024-01-04 07:20:00,49,Male,Emergency,Elective,3,56,0.7,1,6609.0,Medicare,Discharged Home,DOC-117
ADM-14175,PAT-1761,2025-11-30 17:07:00,2025-12-01 05:07:00,24,Female,Emergency,Emergency,4,54,0.5,0,7961.0,Medicare,Transferred,DOC-117
ADM-14176,PAT-1253,2025-03-11 11:28:00,2025-03-17 21:04:00,77,Female,Cardiology,Emergency,3,2,6.4,0,18801.0,Medicare,Discharged Home,DOC-116
ADM-14177,PAT-1984,2026-03-14 08:18:00,2026-03-19 13:06:00,64,Female,Emergency,Emergency,3,8,5.2,0,16571.0,Medicaid,Discharged Home,DOC-110
ADM-14178,PAT-1205,2025-05-07 22:29:00,2025-05-08 08:05:00,28,Female,Emergency,Elective,4,125,0.4,1,3977.5,Medicare,Discharged Home,DOC-111
ADM-14179,PAT-2409,2026-04-05 11:06:00,2026-04-07 01:30:00,48,Female,General Medicine,Urgent,4,3,1.6,0,4146.5,Medicare,Discharged Home,DOC-116
ADM-14180,PAT-2031,2024-02-17 17:58:00,2024-02-19 15:34:00,86,Male,General Medicine,Urgent,3,23,1.9,0,2907.5,Medicaid,Discharged Home,DOC-104
ADM-14181,PAT-1033,2026-01-22 10:20:00,2026-01-27 03:08:00,57,Female,Emergency,Emergency,1,13,4.7,0,10419.5,Medicaid,Discharged Home,DOC-101
ADM-14182,PAT-2071,2024-03-29 11:43:00,2024-03-30 11:43:00,70,Male,Emergency,Emergency,4,29,1.0,0,10411.5,BlueCross,Discharged Home,DOC-108
ADM-14183,PAT-2326,2025-11-10 22:20:00,2025-11-11 12:44:00,18,Female,Orthopedics,Emergency,3,33,0.6,1,1522.5,BlueCross,Discharged Home,DOC-110
ADM-14184,PAT-1687,2024-05-13 21:22:00,2024-05-15 21:22:00,66,Male,Neurology,Emergency,4,85,2.0,0,9239.5,UnitedHealth,Discharged Home,DOC-119
ADM-14185,PAT-2275,2025-09-30 08:15:00,2025-10-05 05:51:00,80,Female,Orthopedics,Elective,3,7,4.9,0,11777.5,Self-Pay,Discharged Home,DOC-124
ADM-14186,PAT-2425,2024-08-04 19:11:00,2024-08-07 09:35:00,67,Female,Orthopedics,Emergency,2,4,2.6,0,6250.0,Medicaid,Discharged Home,DOC-105
ADM-14187,PAT-1337,2025-05-11 01:18:00,2025-05-11 22:54:00,56,Male,Emergency,Emergency,5,48,0.9,0,1830.0,Aetna,Discharged Home,DOC-125
ADM-14188,PAT-1607,2025-02-15 23:58:00,2025-02-26 23:58:00,26,Female,General Medicine,Elective,1,2,11.0,0,16505.0,Medicaid,Discharged Home,DOC-125
ADM-14189,PAT-1083,2024-10-06 23:56:00,2024-10-08 11:56:00,26,Male,Emergency,Elective,4,69,1.5,0,8028.5,Medicare,Referred to Rehab,DOC-118
ADM-14190,PAT-1854,2024-11-04 00:20:00,2024-11-11 07:32:00,51,Male,General Medicine,Emergency,3,92,7.3,0,14764.0,Medicare,Discharged Home,DOC-115
ADM-14191,PAT-1104,2026-04-24 00:28:00,2026-04-24 12:28:00,32,Female,Neurology,Urgent,5,193,0.5,0,6386.5,BlueCross,Discharged Home,DOC-113
ADM-14192,PAT-1832,2025-01-23 20:34:00,2025-01-24 22:58:00,4,Female,Emergency,Elective,1,11,1.1,0,2117.5,UnitedHealth,Referred to Rehab,DOC-104
ADM-14193,PAT-1747,2024-09-24 13:57:00,2024-09-27 13:57:00,21,Female,General Medicine,Elective,3,68,3.0,0,4670.0,BlueCross,Discharged Home,DOC-115
ADM-14194,PAT-1474,2024-04-20 04:20:00,2024-04-30 18:44:00,22,Female,Emergency,Emergency,3,5,10.6,0,25513.5,BlueCross,AMA (Against Medical Advice),DOC-113
ADM-14195,PAT-1352,2025-05-25 21:48:00,2025-05-30 14:36:00,6,Female,Neurology,Emergency,4,41,4.7,0,15353.5,Medicaid,Discharged Home,DOC-112
ADM-14196,PAT-1076,2024-05-02 15:54:00,2024-05-03 11:06:00,64,Female,Pediatrics,Emergency,5,18,0.8,0,7166.0,Medicaid,Discharged Home,DOC-125
ADM-14197,PAT-1689,2024-06-25 13:03:00,2024-06-26 15:27:00,59,Female,Oncology,Emergency,3,26,1.1,0,10749.0,Medicare,AMA (Against Medical Advice),DOC-125
ADM-14198,PAT-1517,2026-05-18 09:02:00,2026-05-22 09:02:00,59,Male,Orthopedics,Emergency,4,70,4.0,0,9775.0,Medicare,Discharged Home,DOC-106
ADM-14199,PAT-1880,2025-09-05 14:08:00,2025-09-13 06:56:00,27,Male,General Medicine,Elective,3,40,7.7,0,14491.0,BlueCross,Transferred,DOC-112
ADM-14200,PAT-1526,2026-05-05 07:28:00,2026-05-07 02:40:00,39,Male,Pediatrics,Emergency,4,21,1.8,0,10131.5,Self-Pay,Discharged Home,DOC-102
ADM-14201,PAT-1520,2025-09-09 06:27:00,2025-09-11 11:15:00,17,Male,Emergency,Emergency,3,31,2.2,0,11375.5,Medicare,Discharged Home,DOC-108
ADM-14202,PAT-2216,2024-06-26 16:13:00,2024-06-28 09:01:00,28,Female,Neurology,Elective,4,295,1.7,0,5676.5,UnitedHealth,Discharged Home,DOC-116
ADM-14203,PAT-1576,2024-01-04 05:48:00,2024-01-07 17:48:00,27,Female,Orthopedics,Urgent,4,28,3.5,0,9985.0,Self-Pay,Discharged Home,DOC-107
ADM-14204,PAT-1578,2024-03-29 19:00:00,2024-04-03 16:36:00,81,Female,General Medicine,Emergency,3,16,4.9,0,7390.0,Medicaid,Referred to Rehab,DOC-114
ADM-14205,PAT-2474,2024-05-05 23:28:00,2024-05-11 04:16:00,77,Female,Emergency,Urgent,2,7,5.2,1,9897.5,Aetna,Discharged Home,DOC-101
ADM-14206,PAT-2178,2026-03-02 04:49:00,2026-03-08 04:49:00,12,Female,Emergency,Urgent,2,2,6.0,1,14684.0,Medicare,Transferred,DOC-113
ADM-14207,PAT-2108,2025-10-24 17:56:00,2025-11-02 13:08:00,87,Female,Emergency,Elective,2,32,8.8,1,23010.0,BlueCross,Discharged Home,DOC-106
ADM-14208,PAT-1964,2024-11-10 01:06:00,2024-11-11 13:06:00,58,Male,General Medicine,Emergency,4,38,1.5,0,4355.0,Medicaid,Discharged Home,DOC-107
ADM-14209,PAT-2000,2025-02-20 16:02:00,2025-02-21 23:14:00,69,Male,General Medicine,Emergency,2,2,1.3,0,1955.0,Medicare,Discharged Home,DOC-105
ADM-14210,PAT-1838,2024-10-25 14:49:00,2024-11-10 00:25:00,5,Female,Cardiology,Emergency,1,3,15.4,0,46377.5,BlueCross,Discharged Home,DOC-117
ADM-14211,PAT-1253,2025-10-17 15:37:00,2025-10-19 15:37:00,42,Female,General Medicine,Emergency,3,111,2.0,0,8557.5,UnitedHealth,AMA (Against Medical Advice),DOC-119
ADM-14212,PAT-1592,2024-07-25 14:14:00,2024-07-26 11:50:00,77,Male,Neurology,Emergency,5,251,0.9,0,8686.5,Self-Pay,Discharged Home,DOC-106
ADM-14213,PAT-2490,2025-12-04 11:16:00,2025-12-05 01:40:00,31,Male,Emergency,Urgent,3,24,0.6,0,1200.0,Medicare,Discharged Home,DOC-115
ADM-14214,PAT-2323,2024-07-14 02:34:00,2024-07-17 00:10:00,70,Male,Orthopedics,Emergency,3,3,2.9,0,6967.5,Medicare,Discharged Home,DOC-123
ADM-14215,PAT-1422,2024-12-15 08:18:00,2024-12-20 15:30:00,33,Male,Cardiology,Elective,2,10,5.3,0,14865.0,Medicare,Discharged Home,DOC-118
ADM-14216,PAT-2393,2026-03-25 22:41:00,2026-03-30 17:53:00,24,Female,Emergency,Emergency,2,42,4.8,1,15689.0,Medicare,Discharged Home,DOC-101
ADM-14217,PAT-1215,2024-06-10 08:31:00,2024-06-12 08:31:00,54,Male,Neurology,Elective,3,29,2.0,1,10177.5,Medicare,Discharged Home,DOC-104
ADM-14218,PAT-2222,2024-07-17 02:27:00,2024-07-27 02:27:00,90,Female,Cardiology,Emergency,1,2,10.0,1,28005.0,Aetna,Discharged Home,DOC-122
ADM-14219,PAT-1493,2024-09-08 08:52:00,2024-09-09 16:04:00,49,Female,Emergency,Elective,4,131,1.3,0,8046.5,Aetna,Discharged Home,DOC-101
ADM-14220,PAT-2379,2026-05-16 06:15:00,2026-05-23 23:03:00,42,Female,Orthopedics,Emergency,1,3,7.7,0,18487.5,Medicare,Discharged Home,DOC-102
ADM-14221,PAT-1593,2026-04-09 04:53:00,2026-04-09 19:17:00,50,Male,Emergency,Emergency,5,258,0.6,0,6808.0,Medicaid,Discharged Home,DOC-105
ADM-14222,PAT-1296,2026-06-08 14:32:00,2026-06-10 02:32:00,21,Male,Emergency,Emergency,5,382,1.5,0,3805.0,Aetna,Discharged Home,DOC-108
ADM-14223,PAT-1690,2025-06-26 09:52:00,2025-07-02 00:16:00,31,Male,Orthopedics,Elective,3,52,5.6,0,13570.0,Aetna,Discharged Home,DOC-116
ADM-14224,PAT-2256,2025-12-27 20:59:00,2026-01-03 23:23:00,46,Male,Emergency,Emergency,2,3,7.1,1,14523.5,Medicaid,Referred to Rehab,DOC-120
ADM-14225,PAT-1978,2025-03-04 12:46:00,2025-03-12 00:46:00,23,Female,Emergency,Elective,3,46,7.5,0,14365.0,BlueCross,Discharged Home,DOC-114
ADM-14226,PAT-2131,2024-04-26 09:55:00,2024-04-29 17:07:00,58,Male,Neurology,Emergency,2,17,3.3,0,8622.5,Medicare,Discharged Home,DOC-116
ADM-14227,PAT-1401,2024-10-14 06:44:00,2024-10-14 21:08:00,67,Male,Orthopedics,Urgent,3,79,0.6,0,3734.5,UnitedHealth,Transferred,DOC-120
ADM-14228,PAT-1317,2024-06-30 13:34:00,2024-07-03 23:10:00,19,Female,Emergency,Emergency,3,9,3.4,1,10933.5,Aetna,Discharged Home,DOC-106
ADM-14229,PAT-2335,2025-10-30 15:19:00,2025-11-02 22:31:00,87,Female,Pediatrics,Emergency,4,93,3.3,0,11879.5,Aetna,Discharged Home,DOC-117
ADM-14230,PAT-2261,2024-08-21 18:11:00,2024-08-22 10:59:00,20,Female,Neurology,Elective,4,96,0.7,0,2060.0,BlueCross,Discharged Home,DOC-106
ADM-14231,PAT-1312,2025-11-17 23:10:00,2025-11-19 20:46:00,89,Female,Orthopedics,Elective,5,11,1.9,0,4587.5,Medicaid,Transferred,DOC-109
ADM-14232,PAT-1076,2025-07-17 23:20:00,2025-07-19 20:56:00,64,Male,Emergency,Emergency,1,4,1.9,0,11434.0,UnitedHealth,Discharged Home,DOC-125
ADM-14233,PAT-1753,2026-03-17 10:37:00,2026-03-20 01:01:00,10,Female,Emergency,Elective,3,32,2.6,0,5020.0,Aetna,Discharged Home,DOC-118
ADM-14234,PAT-1106,2026-01-24 09:12:00,2026-01-25 14:00:00,2,Male,Emergency,Urgent,5,30,1.2,0,2355.0,BlueCross,Discharged Home,DOC-120
ADM-14235,PAT-2071,2025-10-25 00:34:00,2025-10-25 14:58:00,57,Female,Emergency,Emergency,4,33,0.6,0,6179.5,Medicare,Transferred,DOC-116
ADM-14236,PAT-1739,2024-02-02 21:03:00,2024-02-08 01:51:00,69,Female,Neurology,Urgent,3,6,5.2,1,20029.0,Medicaid,Discharged Home,DOC-115
ADM-14237,PAT-1296,2025-08-24 17:04:00,2025-08-26 05:04:00,48,Female,Emergency,Emergency,2,8,1.5,0,2870.0,Self-Pay,Discharged Home,DOC-108
ADM-14238,PAT-1225,2024-09-27 00:37:00,2024-10-12 07:49:00,59,Female,Orthopedics,Elective,1,2,15.3,1,36725.0,Medicaid,Discharged Home,DOC-113
ADM-14239,PAT-1063,2024-11-30 06:20:00,2024-12-06 01:32:00,37,Male,Emergency,Urgent,2,2,5.8,0,11025.0,Medicaid,Discharged Home,DOC-106
ADM-14240,PAT-1356,2024-03-20 13:14:00,2024-03-21 18:02:00,67,Male,Emergency,Emergency,5,25,1.2,0,2342.5,Medicare,Discharged Home,DOC-108
ADM-14241,PAT-1473,2025-07-16 05:19:00,2025-08-02 17:19:00,4,Male,Emergency,Emergency,2,8,17.5,1,33270.0,Aetna,Discharged Home,DOC-116
ADM-14242,PAT-1175,2024-11-20 15:52:00,2024-11-23 15:52:00,21,Female,Oncology,Elective,4,18,3.0,1,11893.0,Medicaid,Discharged Home,DOC-125
ADM-14243,PAT-1225,2024-01-06 11:21:00,2024-01-07 16:09:00,18,Male,Emergency,Emergency,3,44,1.2,0,6502.0,BlueCross,Discharged Home,DOC-108
ADM-14244,PAT-2305,2025-09-04 12:35:00,2025-09-05 00:35:00,12,Female,General Medicine,Emergency,4,2,0.5,0,755.0,Aetna,Discharged Home,DOC-108
ADM-14245,PAT-1740,2024-06-02 06:20:00,2024-06-07 20:44:00,26,Male,General Medicine,Emergency,1,14,5.6,0,16902.0,Aetna,Discharged Home,DOC-125
ADM-14246,PAT-1770,2024-11-30 14:27:00,2024-12-02 19:15:00,21,Female,Cardiology,Emergency,3,59,2.2,0,6307.5,BlueCross,Discharged Home,DOC-106
ADM-14247,PAT-1395,2024-03-24 22:40:00,2024-03-28 08:16:00,60,Female,Neurology,Elective,2,15,3.4,1,8877.5,Self-Pay,Discharged Home,DOC-116
ADM-14248,PAT-1175,2025-12-31 16:55:00,2026-01-04 12:07:00,75,Male,General Medicine,Elective,3,26,3.8,0,11377.0,Aetna,Discharged Home,DOC-116
ADM-14249,PAT-2421,2025-06-23 15:51:00,2025-06-25 20:39:00,12,Female,Neurology,Emergency,4,128,2.2,0,10821.0,BlueCross,Discharged Home,DOC-117
ADM-14250,PAT-2218,2024-04-11 16:17:00,2024-04-14 01:53:00,30,Male,Emergency,Elective,1,7,2.4,0,7675.5,UnitedHealth,AMA (Against Medical Advice),DOC-104
ADM-14251,PAT-1191,2024-06-09 09:59:00,2024-06-19 19:35:00,51,Male,Cardiology,Emergency,2,2,10.4,0,33727.0,Medicaid,Discharged Home,DOC-112
ADM-14252,PAT-1625,2025-03-30 02:32:00,2025-03-31 12:08:00,73,Male,Emergency,Emergency,5,4,1.4,0,10064.0,BlueCross,Discharged Home,DOC-109
ADM-14253,PAT-1189,2024-11-13 10:50:00,2024-11-19 01:14:00,39,Female,Cardiology,Urgent,2,4,5.6,0,20636.0,Medicaid,Discharged Home,DOC-124
ADM-14254,PAT-1010,2025-05-19 13:45:00,2025-05-22 08:57:00,74,Male,Pediatrics,Emergency,3,7,2.8,0,5728.5,Aetna,Discharged Home,DOC-113
ADM-14255,PAT-1213,2025-11-19 04:17:00,2025-11-22 01:53:00,38,Male,Cardiology,Elective,4,88,2.9,0,13200.0,Medicaid,Discharged Home,DOC-103
ADM-14256,PAT-2361,2024-06-15 01:00:00,2024-06-18 15:24:00,73,Female,Emergency,Emergency,3,35,3.6,0,15330.5,BlueCross,Discharged Home,DOC-119
ADM-14257,PAT-1779,2024-02-01 02:10:00,2024-02-02 04:34:00,79,Male,Emergency,Emergency,3,31,1.1,0,8120.5,Medicare,Discharged Home,DOC-121
ADM-14258,PAT-1649,2025-12-27 14:56:00,2025-12-28 02:56:00,83,Male,Emergency,Emergency,3,167,0.5,1,9725.5,Self-Pay,Discharged Home,DOC-110
ADM-14259,PAT-1153,2026-02-19 23:30:00,2026-02-28 23:30:00,31,Female,General Medicine,Elective,3,48,9.0,0,13620.0,BlueCross,Discharged Home,DOC-123
ADM-14260,PAT-1142,2025-11-05 13:30:00,2025-11-06 23:06:00,26,Female,Emergency,Emergency,4,96,1.4,0,2900.0,Medicaid,Transferred,DOC-117
ADM-14261,PAT-1298,2026-06-22 10:01:00,2026-06-24 07:37:00,47,Female,Pediatrics,Emergency,3,55,1.9,1,3177.5,Aetna,Discharged Home,DOC-103
ADM-14262,PAT-1865,2025-06-14 20:23:00,2025-06-15 08:23:00,58,Male,Cardiology,Emergency,5,45,0.5,0,2813.5,Medicare,Discharged Home,DOC-111
ADM-14263,PAT-2256,2024-11-22 05:00:00,2024-12-01 14:36:00,84,Female,Oncology,Emergency,2,6,9.4,0,29155.0,Aetna,Discharged Home,DOC-110
ADM-14264,PAT-1869,2025-03-19 09:13:00,2025-03-20 06:49:00,28,Male,General Medicine,Elective,3,118,0.9,1,4721.0,BlueCross,Referred to Rehab,DOC-102
ADM-14265,PAT-1662,2025-10-30 03:33:00,2025-11-07 01:09:00,49,Female,Orthopedics,Emergency,4,11,7.9,0,24745.5,BlueCross,Discharged Home,DOC-121
ADM-14266,PAT-1870,2025-05-23 18:32:00,2025-05-24 06:32:00,38,Male,General Medicine,Elective,4,27,0.5,1,6919.5,BlueCross,Discharged Home,DOC-116
ADM-14267,PAT-2096,2026-02-04 12:49:00,2026-02-05 17:37:00,81,Female,Emergency,Elective,3,34,1.2,0,2365.0,Medicaid,Discharged Home,DOC-125
ADM-14268,PAT-2079,2025-10-11 09:29:00,2025-10-13 19:05:00,18,Female,Cardiology,Elective,4,56,2.4,0,11361.0,Medicaid,Discharged Home,DOC-116
ADM-14269,PAT-1492,2025-11-01 22:17:00,2025-11-05 03:05:00,26,Female,Cardiology,Elective,2,4,3.2,0,13310.0,BlueCross,Discharged Home,DOC-125
ADM-14270,PAT-2234,2025-05-29 12:17:00,2025-05-29 21:53:00,19,Female,Emergency,Elective,4,85,0.4,0,8326.5,BlueCross,Discharged Home,DOC-122
ADM-14271,PAT-2438,2024-01-05 19:14:00,2024-01-07 16:50:00,16,Female,Emergency,Emergency,2,5,1.9,1,3622.5,Medicare,Referred to Rehab,DOC-124
ADM-14272,PAT-1236,2024-10-02 21:59:00,2024-10-04 17:11:00,83,Female,Oncology,Emergency,4,138,1.8,0,5925.0,Medicare,Discharged Home,DOC-106
ADM-14273,PAT-2156,2024-02-03 20:26:00,2024-02-12 01:14:00,28,Female,Pediatrics,Emergency,2,47,8.2,0,13237.5,UnitedHealth,Discharged Home,DOC-105
ADM-14274,PAT-2028,2025-02-03 13:35:00,2025-02-04 11:11:00,3,Male,Emergency,Emergency,5,253,0.9,0,2342.5,Medicaid,Discharged Home,DOC-120
ADM-14275,PAT-2240,2024-04-02 20:22:00,2024-04-05 01:10:00,27,Male,Neurology,Emergency,2,24,2.2,0,5780.0,BlueCross,Discharged Home,DOC-123
ADM-14276,PAT-2476,2025-06-06 18:11:00,2025-06-08 08:35:00,69,Male,Orthopedics,Elective,4,80,1.6,0,10644.0,BlueCross,Discharged Home,DOC-113
ADM-14277,PAT-2028,2025-11-14 04:01:00,2025-11-17 01:37:00,20,Male,Emergency,Elective,3,23,2.9,0,10839.5,Medicaid,Discharged Home,DOC-105
ADM-14278,PAT-2135,2024-03-24 06:19:00,2024-04-04 11:07:00,42,Male,Cardiology,Emergency,3,27,11.2,0,31427.5,BlueCross,Discharged Home,DOC-105
ADM-14279,PAT-1709,2026-02-13 14:38:00,2026-02-14 00:14:00,44,Female,Emergency,Urgent,4,7,0.4,0,777.5,BlueCross,Expired,DOC-104
ADM-14280,PAT-1534,2025-10-30 16:52:00,2025-11-04 14:28:00,54,Female,Cardiology,Emergency,2,23,4.9,1,13777.5,UnitedHealth,Transferred,DOC-121
ADM-14281,PAT-2007,2026-03-14 03:27:00,2026-03-25 17:51:00,40,Male,Emergency,Emergency,2,5,11.6,0,25087.5,Self-Pay,Transferred,DOC-101
ADM-14282,PAT-2247,2025-05-07 08:54:00,2025-05-14 01:42:00,23,Male,General Medicine,Elective,3,92,6.7,0,10280.0,BlueCross,Discharged Home,DOC-115
ADM-14283,PAT-1134,2025-08-03 04:38:00,2025-08-07 04:38:00,22,Female,Orthopedics,Urgent,3,7,4.0,0,17054.5,UnitedHealth,Discharged Home,DOC-108
ADM-14284,PAT-2312,2025-01-02 23:31:00,2025-01-07 09:07:00,45,Female,General Medicine,Urgent,4,16,4.4,0,12742.0,Self-Pay,Discharged Home,DOC-116
ADM-14285,PAT-2244,2025-05-15 07:11:00,2025-05-17 04:47:00,92,Male,Emergency,Emergency,3,166,1.9,0,7377.0,Medicaid,Referred to Rehab,DOC-108
ADM-14286,PAT-2066,2025-08-19 05:04:00,2025-08-19 12:16:00,31,Male,Emergency,Elective,4,54,0.3,0,705.0,UnitedHealth,Discharged Home,DOC-121
ADM-14287,PAT-1150,2024-01-31 16:13:00,2024-02-01 11:25:00,72,Male,General Medicine,Emergency,4,12,0.8,0,1230.0,UnitedHealth,Discharged Home,DOC-125
ADM-14288,PAT-2385,2025-06-21 09:50:00,2025-06-25 00:14:00,23,Female,Orthopedics,Emergency,2,2,3.6,1,16328.0,BlueCross,Referred to Rehab,DOC-107
ADM-14289,PAT-1285,2025-07-25 16:31:00,2025-07-30 18:55:00,53,Male,Neurology,Emergency,4,249,5.1,0,18672.5,Self-Pay,Discharged Home,DOC-123
ADM-14290,PAT-1971,2024-07-31 19:57:00,2024-08-03 00:45:00,42,Female,Cardiology,Emergency,5,69,2.2,0,7690.5,BlueCross,Discharged Home,DOC-101
ADM-14291,PAT-2078,2025-05-06 21:05:00,2025-05-08 06:41:00,60,Male,General Medicine,Emergency,5,103,1.4,0,2357.5,Medicaid,Discharged Home,DOC-104
ADM-14292,PAT-1868,2025-06-12 00:13:00,2025-06-15 17:01:00,58,Male,Oncology,Emergency,3,32,3.7,0,18683.0,Medicare,Transferred,DOC-115
ADM-14293,PAT-1138,2025-04-04 18:32:00,2025-04-06 04:08:00,78,Male,Orthopedics,Emergency,3,6,1.4,0,3375.0,Medicaid,Transferred,DOC-118
ADM-14294,PAT-2145,2025-10-15 09:29:00,2025-10-21 16:41:00,46,Female,Oncology,Emergency,1,2,6.3,0,23620.0,Medicare,Discharged Home,DOC-108
ADM-14295,PAT-2113,2024-03-03 22:54:00,2024-03-05 18:06:00,53,Female,Emergency,Emergency,3,14,1.8,0,3455.0,UnitedHealth,Discharged Home,DOC-106
ADM-14296,PAT-1627,2026-05-26 16:39:00,2026-05-27 09:27:00,55,Female,Cardiology,Elective,5,223,0.7,1,3141.5,Aetna,Discharged Home,DOC-108
ADM-14297,PAT-1729,2026-05-24 06:58:00,2026-05-27 04:34:00,38,Male,Neurology,Urgent,2,26,2.9,0,12625.0,BlueCross,Discharged Home,DOC-122
ADM-14298,PAT-1254,2025-08-01 22:15:00,2025-08-03 07:51:00,67,Male,General Medicine,Emergency,2,10,1.4,0,6864.0,BlueCross,Discharged Home,DOC-102
ADM-14299,PAT-1279,2024-12-14 17:35:00,2024-12-19 15:11:00,61,Male,Emergency,Elective,3,6,4.9,0,12725.0,Medicaid,Discharged Home,DOC-103
ADM-14300,PAT-1760,2026-06-24 08:00:00,2026-06-27 22:24:00,14,Female,Cardiology,Elective,1,2,3.6,1,10085.0,BlueCross,Discharged Home,DOC-125
ADM-14301,PAT-1033,2024-03-03 22:00:00,2024-03-08 22:00:00,31,Female,General Medicine,Emergency,3,4,5.0,0,13728.0,Medicare,Discharged Home,DOC-125
ADM-14302,PAT-1477,2025-12-14 03:11:00,2025-12-15 22:23:00,64,Female,Orthopedics,Elective,3,30,1.8,0,12784.0,BlueCross,Discharged Home,DOC-111
ADM-14303,PAT-1451,2026-01-13 03:53:00,2026-01-13 18:17:00,37,Male,General Medicine,Emergency,3,21,0.6,0,3546.5,Medicare,Discharged Home,DOC-108
ADM-14304,PAT-1998,2026-03-03 07:20:00,2026-03-10 12:08:00,85,Male,Emergency,Emergency,3,168,7.2,0,19769.0,Medicare,Discharged Home,DOC-101
ADM-14305,PAT-1848,2026-06-19 01:44:00,2026-06-27 06:32:00,43,Male,Cardiology,Elective,2,22,8.2,0,25864.0,Medicaid,Discharged Home,DOC-112
ADM-14306,PAT-2059,2025-02-04 06:13:00,2025-02-05 13:25:00,61,Male,Emergency,Emergency,5,68,1.3,0,8815.0,Medicare,Transferred,DOC-110
ADM-14307,PAT-1883,2026-06-19 10:57:00,2026-06-23 20:33:00,53,Female,Emergency,Emergency,2,47,4.4,0,8477.5,Medicaid,Transferred,DOC-111
ADM-14308,PAT-1275,2026-04-06 15:03:00,2026-04-09 00:39:00,68,Female,Neurology,Emergency,3,15,2.4,1,7757.5,Medicaid,Discharged Home,DOC-115
ADM-14309,PAT-1325,2026-05-17 07:59:00,2026-05-18 00:47:00,57,Male,Emergency,Elective,3,19,0.7,0,1377.5,Medicare,Discharged Home,DOC-111
ADM-14310,PAT-1022,2024-10-11 10:59:00,2024-10-12 18:11:00,36,Female,General Medicine,Emergency,3,10,1.3,0,10269.0,BlueCross,Discharged Home,DOC-124
ADM-14311,PAT-2427,2024-10-28 06:19:00,2024-10-30 11:07:00,44,Female,Emergency,Elective,2,5,2.2,0,4192.5,Aetna,Discharged Home,DOC-102
ADM-14312,PAT-2302,2025-03-05 16:31:00,2025-03-11 21:19:00,20,Female,Orthopedics,Elective,3,12,6.2,1,17708.0,BlueCross,Discharged Home,DOC-106
ADM-14313,PAT-1099,2026-03-29 10:47:00,2026-04-07 05:59:00,58,Female,Emergency,Emergency,3,29,8.8,0,22180.5,Aetna,Discharged Home,DOC-102
ADM-14314,PAT-1049,2024-11-06 01:08:00,2024-11-08 03:32:00,54,Male,Emergency,Elective,3,2,2.1,0,3995.0,Aetna,Discharged Home,DOC-102
ADM-14315,PAT-1793,2026-03-13 09:16:00,2026-03-16 18:52:00,73,Female,Emergency,Elective,3,8,3.4,0,9923.0,BlueCross,Referred to Rehab,DOC-109
ADM-14316,PAT-1011,2024-01-24 09:59:00,2024-01-26 14:47:00,18,Male,Cardiology,Elective,2,45,2.2,0,8859.5,Medicare,Discharged Home,DOC-109
ADM-14317,PAT-2276,2026-01-19 18:16:00,2026-01-27 18:16:00,77,Female,Oncology,Emergency,1,4,8.0,1,28185.0,BlueCross,Discharged Home,DOC-114
ADM-14318,PAT-1038,2026-05-30 09:37:00,2026-06-02 04:49:00,64,Male,Emergency,Emergency,3,30,2.8,0,5395.0,UnitedHealth,Discharged Home,DOC-115
ADM-14319,PAT-1864,2025-12-14 16:03:00,2025-12-16 18:27:00,52,Male,Cardiology,Emergency,4,62,2.1,1,12584.0,Medicare,Discharged Home,DOC-117
ADM-14320,PAT-1229,2024-06-30 23:15:00,2024-07-02 13:39:00,39,Female,Cardiology,Emergency,5,18,1.6,0,5515.0,Medicare,Discharged Home,DOC-104
ADM-14321,PAT-1753,2024-04-21 11:32:00,2024-04-27 21:08:00,37,Male,Cardiology,Emergency,3,39,6.4,0,22114.5,Aetna,Discharged Home,DOC-103
ADM-14322,PAT-2018,2025-05-07 16:31:00,2025-05-11 21:19:00,84,Female,Pediatrics,Elective,3,12,4.2,0,15201.0,UnitedHealth,Discharged Home,DOC-113
ADM-14323,PAT-1386,2025-12-18 08:26:00,2025-12-18 18:02:00,47,Male,Emergency,Emergency,4,2,0.4,1,5130.0,BlueCross,Discharged Home,DOC-112
ADM-14324,PAT-1629,2024-10-26 09:29:00,2024-11-03 09:29:00,21,Female,Emergency,Elective,2,8,8.0,0,15220.0,BlueCross,Discharged Home,DOC-112
ADM-14325,PAT-2318,2025-11-30 10:31:00,2025-12-05 05:43:00,76,Female,Orthopedics,Elective,3,20,4.8,0,11570.0,Medicaid,Discharged Home,DOC-108
ADM-14326,PAT-1379,2026-06-03 15:09:00,2026-06-07 03:09:00,73,Male,Emergency,Emergency,3,40,3.5,0,9477.0,Medicare,Discharged Home,DOC-122
ADM-14327,PAT-2394,2026-03-10 19:44:00,2026-03-14 07:44:00,42,Male,Cardiology,Elective,3,43,3.5,0,16280.5,Medicaid,Discharged Home,DOC-119
ADM-14328,PAT-1189,2024-01-21 00:10:00,2024-01-24 00:10:00,87,Female,Orthopedics,Urgent,4,56,3.0,0,10375.0,Medicaid,Discharged Home,DOC-125
ADM-14329,PAT-2114,2025-10-21 09:52:00,2025-10-22 12:16:00,53,Male,Emergency,Urgent,3,15,1.1,0,9532.5,BlueCross,Discharged Home,DOC-116
ADM-14330,PAT-2147,2025-02-10 22:44:00,2025-02-13 05:56:00,61,Female,Orthopedics,Elective,3,124,2.3,0,12929.0,Medicare,Discharged Home,DOC-109
ADM-14331,PAT-2171,2024-11-25 08:28:00,2024-11-28 10:52:00,60,Male,Emergency,Urgent,3,15,3.1,0,5927.5,Medicaid,Discharged Home,DOC-104
ADM-14332,PAT-2152,2025-03-09 04:19:00,2025-03-12 04:19:00,4,Male,Emergency,Emergency,2,2,3.0,0,10887.0,Medicare,Discharged Home,DOC-115
ADM-14333,PAT-1891,2025-12-09 20:50:00,2025-12-15 01:38:00,59,Male,Emergency,Emergency,3,2,5.2,0,9885.0,Medicare,Discharged Home,DOC-107
ADM-14334,PAT-1747,2025-08-13 22:27:00,2025-08-18 08:03:00,6,Female,Oncology,Emergency,3,49,4.4,0,15987.5,Medicaid,Discharged Home,DOC-114
ADM-14335,PAT-2186,2025-03-06 15:16:00,2025-03-14 00:52:00,87,Female,General Medicine,Emergency,3,51,7.4,1,11227.5,UnitedHealth,Discharged Home,DOC-121
ADM-14336,PAT-1767,2025-05-11 01:35:00,2025-05-21 06:23:00,52,Female,Emergency,Emergency,2,5,10.2,0,26902.5,Medicare,Discharged Home,DOC-115
ADM-14337,PAT-1977,2024-12-29 15:22:00,2024-12-31 08:10:00,49,Male,Cardiology,Urgent,4,140,1.7,0,9444.0,Aetna,Discharged Home,DOC-102
ADM-14338,PAT-1276,2025-01-12 09:37:00,2025-01-18 04:49:00,46,Female,Cardiology,Elective,2,10,5.8,0,16265.0,Medicaid,Discharged Home,DOC-121
ADM-14339,PAT-2271,2025-02-02 21:30:00,2025-02-06 09:30:00,11,Female,Emergency,Urgent,3,83,3.5,0,6857.5,BlueCross,Referred to Rehab,DOC-109
ADM-14340,PAT-2125,2025-02-03 22:58:00,2025-02-09 01:22:00,29,Female,Cardiology,Urgent,3,12,5.1,0,16792.0,UnitedHealth,Discharged Home,DOC-123
ADM-14341,PAT-1556,2025-08-01 11:39:00,2025-08-03 02:03:00,68,Male,Orthopedics,Elective,3,86,1.6,1,10947.0,Aetna,Discharged Home,DOC-115
ADM-14342,PAT-1328,2025-05-01 13:16:00,2025-05-03 06:04:00,16,Male,Emergency,Emergency,3,30,1.7,0,9312.0,UnitedHealth,Referred to Rehab,DOC-118
ADM-14343,PAT-2019,2026-05-11 05:22:00,2026-05-12 17:22:00,89,Female,General Medicine,Elective,5,150,1.5,0,8409.0,Medicare,Referred to Rehab,DOC-113
ADM-14344,PAT-1046,2026-03-17 21:42:00,2026-03-18 07:18:00,59,Male,Emergency,Emergency,4,59,0.4,0,6988.5,Self-Pay,Discharged Home,DOC-109
ADM-14345,PAT-2107,2024-07-20 23:37:00,2024-07-22 06:49:00,38,Female,Emergency,Emergency,3,48,1.3,1,2590.0,Aetna,Discharged Home,DOC-116
ADM-14346,PAT-2235,2024-08-17 16:19:00,2024-08-18 11:31:00,43,Female,Neurology,Urgent,3,13,0.8,0,9009.5,Self-Pay,Discharged Home,DOC-117
ADM-14347,PAT-1524,2024-10-21 19:15:00,2024-10-24 00:03:00,26,Female,Cardiology,Urgent,4,98,2.2,1,11708.0,Medicare,Transferred,DOC-107
ADM-14348,PAT-2393,2026-04-02 05:55:00,2026-04-03 05:55:00,36,Female,Emergency,Urgent,2,24,1.0,0,1960.0,UnitedHealth,Transferred,DOC-102
ADM-14349,PAT-1202,2025-09-19 16:15:00,2025-09-20 13:51:00,48,Female,Emergency,Emergency,5,2,0.9,0,6389.0,Aetna,Discharged Home,DOC-102
ADM-14350,PAT-1979,2024-08-08 10:30:00,2024-08-09 17:42:00,18,Male,Emergency,Emergency,5,244,1.3,0,4738.0,BlueCross,Discharged Home,DOC-125
ADM-14351,PAT-1983,2026-02-15 09:30:00,2026-02-20 04:42:00,51,Male,General Medicine,Elective,2,11,4.8,0,8527.5,UnitedHealth,Transferred,DOC-103
ADM-14352,PAT-2426,2025-09-17 20:55:00,2025-09-21 04:07:00,64,Female,General Medicine,Emergency,3,68,3.3,0,5120.0,Medicaid,Discharged Home,DOC-106
ADM-14353,PAT-2172,2024-03-10 03:39:00,2024-03-12 13:15:00,31,Male,Pediatrics,Urgent,3,34,2.4,0,8957.0,Aetna,Discharged Home,DOC-120
ADM-14354,PAT-1193,2024-04-08 02:48:00,2024-04-21 07:36:00,31,Female,General Medicine,Elective,2,19,13.2,0,20572.5,Medicare,Transferred,DOC-108
ADM-14355,PAT-2152,2025-11-27 14:46:00,2025-12-04 14:46:00,83,Female,Emergency,Urgent,2,2,7.0,1,15884.0,Medicaid,Discharged Home,DOC-119
ADM-14356,PAT-1594,2024-12-31 23:04:00,2025-01-04 18:16:00,35,Female,Neurology,Emergency,2,23,3.8,0,12788.5,Medicare,Discharged Home,DOC-117
ADM-14357,PAT-2025,2024-09-04 10:27:00,2024-09-09 08:03:00,53,Female,Neurology,Emergency,3,40,4.9,0,18500.0,BlueCross,Discharged Home,DOC-102
ADM-14358,PAT-1498,2025-05-01 04:39:00,2025-05-04 23:51:00,69,Female,Emergency,Emergency,2,21,3.8,0,8421.5,Self-Pay,Discharged Home,DOC-119
ADM-14359,PAT-1418,2026-05-11 11:15:00,2026-05-12 20:51:00,51,Male,Pediatrics,Emergency,5,59,1.4,0,2387.5,Medicare,Discharged Home,DOC-115
ADM-14360,PAT-2264,2025-11-22 23:59:00,2025-11-24 04:47:00,26,Female,Orthopedics,Emergency,4,34,1.2,0,9125.0,Medicare,Discharged Home,DOC-113
ADM-14361,PAT-2143,2026-01-21 17:24:00,2026-01-24 22:12:00,68,Male,General Medicine,Elective,3,14,3.2,0,9648.0,Medicaid,Discharged Home,DOC-109
ADM-14362,PAT-2217,2025-03-29 05:39:00,2025-03-31 15:15:00,51,Female,Neurology,Emergency,3,7,2.4,0,10690.5,Aetna,Discharged Home,DOC-118
ADM-14363,PAT-1785,2025-01-23 05:38:00,2025-01-25 10:26:00,55,Female,Emergency,Urgent,2,36,2.2,0,11865.0,Medicare,Discharged Home,DOC-113
ADM-14364,PAT-1642,2026-01-31 10:48:00,2026-02-01 06:00:00,80,Male,Emergency,Elective,4,84,0.8,0,1730.0,Medicaid,AMA (Against Medical Advice),DOC-105
ADM-14365,PAT-1037,2025-04-16 03:29:00,2025-04-21 01:05:00,18,Male,Orthopedics,Elective,1,6,4.9,0,13378.0,Medicare,Discharged Home,DOC-109
ADM-14366,PAT-1510,2025-01-08 14:56:00,2025-01-17 10:08:00,76,Female,General Medicine,Emergency,2,8,8.8,0,14536.0,Aetna,Discharged Home,DOC-113
ADM-14367,PAT-1454,2025-01-13 07:08:00,2025-01-17 02:20:00,28,Male,Emergency,Elective,3,84,3.8,1,13350.0,Medicare,Discharged Home,DOC-104
ADM-14368,PAT-2473,2025-03-29 07:41:00,2025-03-29 19:41:00,82,Female,General Medicine,Emergency,4,54,0.5,0,2135.0,BlueCross,Discharged Home,DOC-116
ADM-14369,PAT-1117,2024-10-08 19:21:00,2024-10-09 04:57:00,68,Female,Emergency,Emergency,4,92,0.4,0,5184.0,Medicaid,Discharged Home,DOC-101
ADM-14370,PAT-2023,2024-08-06 15:28:00,2024-08-07 15:28:00,8,Female,Emergency,Emergency,3,77,1.0,0,2092.5,Aetna,Discharged Home,DOC-116
ADM-14371,PAT-2297,2025-08-02 05:51:00,2025-08-09 13:03:00,20,Female,Orthopedics,Emergency,3,6,7.3,0,18663.0,Medicare,Discharged Home,DOC-118
ADM-14372,PAT-2262,2024-01-16 00:00:00,2024-01-16 12:00:00,51,Female,General Medicine,Emergency,3,29,0.5,0,3031.5,BlueCross,Discharged Home,DOC-111
ADM-14373,PAT-1552,2026-05-25 02:54:00,2026-05-27 10:06:00,47,Female,Orthopedics,Emergency,3,37,2.3,0,8330.5,BlueCross,Discharged Home,DOC-118
ADM-14374,PAT-2478,2024-03-06 19:00:00,2024-03-07 16:36:00,86,Male,Orthopedics,Elective,3,190,0.9,0,3388.0,Medicare,Discharged Home,DOC-102
ADM-14375,PAT-1620,2024-03-12 03:50:00,2024-03-18 11:02:00,48,Male,Emergency,Emergency,3,142,6.3,0,15511.0,UnitedHealth,Discharged Home,DOC-121
ADM-14376,PAT-1832,2025-09-06 06:30:00,2025-09-11 04:06:00,44,Female,Emergency,Urgent,1,2,4.9,0,15572.0,Medicare,Referred to Rehab,DOC-125
ADM-14377,PAT-2012,2026-05-17 11:10:00,2026-05-28 11:10:00,37,Male,Emergency,Urgent,3,94,11.0,0,21135.0,BlueCross,Discharged Home,DOC-111
ADM-14378,PAT-1770,2026-05-07 09:19:00,2026-05-07 18:55:00,82,Male,Emergency,Emergency,4,55,0.4,0,897.5,BlueCross,Discharged Home,DOC-125
ADM-14379,PAT-1116,2026-02-14 03:44:00,2026-02-16 20:32:00,13,Female,Emergency,Urgent,2,8,2.7,0,11876.0,Medicare,Discharged Home,DOC-109
ADM-14380,PAT-1216,2026-03-23 03:57:00,2026-03-25 03:57:00,61,Male,General Medicine,Emergency,2,32,2.0,0,3080.0,BlueCross,Discharged Home,DOC-104
ADM-14381,PAT-1783,2025-08-04 17:02:00,2025-08-05 05:02:00,29,Male,General Medicine,Emergency,5,19,0.5,0,8365.5,Medicaid,Discharged Home,DOC-116
ADM-14382,PAT-1086,2026-05-20 11:07:00,2026-05-26 11:07:00,30,Female,Emergency,Emergency,2,36,6.0,0,14141.0,Medicaid,Discharged Home,DOC-110
ADM-14383,PAT-1187,2026-02-23 04:56:00,2026-02-26 09:44:00,26,Female,Emergency,Emergency,1,2,3.2,0,10629.0,Medicare,Discharged Home,DOC-101
ADM-14384,PAT-2085,2024-12-02 04:13:00,2024-12-06 23:25:00,57,Male,Orthopedics,Elective,3,27,4.8,0,11587.5,BlueCross,Discharged Home,DOC-122
ADM-14385,PAT-1850,2024-02-14 10:00:00,2024-02-17 05:12:00,62,Female,Cardiology,Elective,3,32,2.8,1,7920.0,Medicare,Discharged Home,DOC-124
ADM-14386,PAT-2153,2025-03-31 13:02:00,2025-04-05 13:02:00,21,Male,Neurology,Emergency,2,2,5.0,0,14148.0,Aetna,Discharged Home,DOC-101
ADM-14387,PAT-1090,2025-03-12 12:17:00,2025-03-20 02:41:00,48,Male,Cardiology,Emergency,2,2,7.6,0,23047.0,Medicare,Discharged Home,DOC-108
ADM-14388,PAT-2220,2024-11-16 08:35:00,2024-11-16 18:11:00,30,Male,Emergency,Urgent,5,10,0.4,0,1969.0,Aetna,Discharged Home,DOC-101
ADM-14389,PAT-2012,2026-02-14 03:47:00,2026-02-15 06:11:00,48,Female,Emergency,Emergency,4,193,1.1,1,3120.5,Medicaid,Transferred,DOC-115
ADM-14390,PAT-1969,2025-01-06 15:35:00,2025-01-11 01:11:00,62,Female,Emergency,Emergency,2,26,4.4,0,13262.0,Aetna,Discharged Home,DOC-116
ADM-14391,PAT-1987,2025-12-05 03:09:00,2025-12-07 07:57:00,31,Male,Cardiology,Elective,4,24,2.2,0,8025.0,Aetna,Discharged Home,DOC-106
ADM-14392,PAT-2133,2024-07-29 00:21:00,2024-07-30 09:57:00,64,Female,Emergency,Emergency,4,22,1.4,0,4452.0,Aetna,Discharged Home,DOC-106
ADM-14393,PAT-1926,2025-07-01 07:34:00,2025-07-03 05:10:00,41,Female,Cardiology,Urgent,1,2,1.9,0,5325.0,Medicaid,Transferred,DOC-115
ADM-14394,PAT-1574,2024-06-23 23:26:00,2024-07-04 16:14:00,89,Male,Emergency,Elective,2,20,10.7,0,23708.0,Medicare,Discharged Home,DOC-109
ADM-14395,PAT-1586,2024-04-02 06:01:00,2024-04-03 08:25:00,15,Male,Emergency,Urgent,5,21,1.1,0,2142.5,BlueCross,Discharged Home,DOC-105
ADM-14396,PAT-1124,2024-06-01 12:12:00,2024-06-02 14:36:00,49,Male,Pediatrics,Elective,4,26,1.1,1,7716.0,Medicare,Discharged Home,DOC-103
ADM-14397,PAT-1826,2026-01-05 08:13:00,2026-01-11 22:37:00,40,Female,Emergency,Emergency,2,10,6.6,0,14920.0,Aetna,Referred to Rehab,DOC-111
ADM-14398,PAT-2267,2025-02-04 14:57:00,2025-02-07 02:57:00,37,Male,Cardiology,Emergency,3,2,2.5,1,13675.0,Medicare,AMA (Against Medical Advice),DOC-123
ADM-14399,PAT-1846,2026-06-13 06:34:00,2026-06-18 11:22:00,58,Female,Orthopedics,Emergency,3,13,5.2,0,12512.5,Medicaid,Transferred,DOC-105
ADM-14400,PAT-1736,2024-07-11 04:55:00,2024-07-13 04:55:00,45,Female,Orthopedics,Elective,3,79,2.0,0,10566.5,Medicaid,Discharged Home,DOC-111
ADM-14401,PAT-1565,2025-09-21 09:09:00,2025-09-30 09:09:00,63,Female,Neurology,Elective,2,2,9.0,0,23405.0,BlueCross,Discharged Home,DOC-115
ADM-14402,PAT-1418,2024-04-30 01:54:00,2024-05-04 11:30:00,77,Female,Emergency,Emergency,3,70,4.4,1,14275.0,Medicaid,Discharged Home,DOC-113
ADM-14403,PAT-1660,2024-01-28 00:11:00,2024-01-30 02:35:00,34,Male,General Medicine,Emergency,4,141,2.1,1,3502.5,Medicaid,Expired,DOC-123
ADM-14404,PAT-1641,2026-06-27 01:18:00,2026-06-30 03:42:00,88,Female,Cardiology,Urgent,4,196,3.1,0,9170.0,UnitedHealth,Transferred,DOC-122
ADM-14405,PAT-1501,2024-10-16 15:57:00,2024-10-21 23:09:00,29,Female,Oncology,Emergency,3,70,5.3,0,17522.0,Medicaid,Discharged Home,DOC-111
ADM-14406,PAT-2135,2024-05-09 16:40:00,2024-05-13 16:40:00,54,Male,Neurology,Emergency,3,11,4.0,1,15653.5,Medicare,Discharged Home,DOC-115
ADM-14407,PAT-1871,2025-12-03 01:37:00,2025-12-08 18:25:00,29,Male,Emergency,Urgent,3,41,5.7,0,10932.5,Aetna,Discharged Home,DOC-102
ADM-14408,PAT-1242,2024-08-02 18:30:00,2024-08-03 16:06:00,33,Female,Emergency,Urgent,5,53,0.9,0,1842.5,Medicare,Discharged Home,DOC-116
ADM-14409,PAT-1629,2025-05-28 11:06:00,2025-05-29 15:54:00,51,Male,Emergency,Elective,5,397,1.2,0,6593.5,Medicare,Referred to Rehab,DOC-106
ADM-14410,PAT-1026,2024-03-15 10:54:00,2024-03-16 18:06:00,50,Female,Emergency,Emergency,4,266,1.3,0,4594.0,Medicare,Discharged Home,DOC-106
ADM-14411,PAT-1517,2025-11-19 11:47:00,2025-11-29 14:11:00,48,Female,Oncology,Urgent,2,6,10.1,0,31325.0,Aetna,Expired,DOC-107
ADM-14412,PAT-2274,2025-06-09 00:50:00,2025-06-18 00:50:00,79,Male,Emergency,Elective,1,8,9.0,1,17120.0,Medicare,Discharged Home,DOC-110
ADM-14413,PAT-1208,2024-09-21 21:34:00,2024-09-22 23:58:00,68,Female,General Medicine,Elective,5,115,1.1,0,4688.5,Medicare,Discharged Home,DOC-112
ADM-14414,PAT-1138,2024-08-09 05:15:00,2024-08-11 02:51:00,64,Male,Pediatrics,Emergency,4,42,1.9,0,9380.0,UnitedHealth,Discharged Home,DOC-125
ADM-14415,PAT-1783,2026-05-07 20:52:00,2026-05-08 08:52:00,32,Female,General Medicine,Urgent,3,12,0.5,0,780.0,Medicare,Discharged Home,DOC-105
ADM-14416,PAT-2381,2025-01-19 01:44:00,2025-01-21 16:08:00,90,Male,Emergency,Emergency,3,85,2.6,0,5152.5,Medicare,Discharged Home,DOC-102
ADM-14417,PAT-1898,2025-05-03 07:00:00,2025-05-04 16:36:00,55,Male,Emergency,Emergency,2,61,1.4,0,5745.5,UnitedHealth,Discharged Home,DOC-105
ADM-14418,PAT-2321,2025-03-16 13:17:00,2025-03-17 18:05:00,89,Male,Cardiology,Emergency,4,122,1.2,1,11289.0,Medicare,Discharged Home,DOC-110
ADM-14419,PAT-1425,2025-11-04 10:27:00,2025-11-05 22:27:00,67,Male,Pediatrics,Elective,3,3,1.5,0,10842.5,Aetna,AMA (Against Medical Advice),DOC-120
ADM-14420,PAT-1573,2024-02-02 18:32:00,2024-02-03 06:32:00,31,Female,General Medicine,Elective,5,32,0.5,0,2221.0,Medicare,Discharged Home,DOC-113
ADM-14421,PAT-2436,2025-09-24 18:47:00,2025-09-25 18:47:00,66,Female,Emergency,Elective,4,180,1.0,0,9248.0,Medicaid,Discharged Home,DOC-122
ADM-14422,PAT-1094,2026-04-09 07:10:00,2026-04-22 14:22:00,46,Male,Emergency,Elective,1,2,13.3,0,25275.0,Medicare,Expired,DOC-117
ADM-14423,PAT-2075,2024-01-05 04:57:00,2024-01-06 07:21:00,89,Female,Orthopedics,Emergency,5,307,1.1,0,3407.5,Medicare,Transferred,DOC-123
ADM-14424,PAT-2349,2024-01-25 10:35:00,2024-02-01 08:11:00,79,Male,Cardiology,Emergency,3,74,6.9,0,19505.0,BlueCross,Discharged Home,DOC-114
ADM-14425,PAT-1777,2026-04-11 17:03:00,2026-04-13 12:15:00,34,Male,Neurology,Elective,2,3,1.8,1,8371.5,BlueCross,Discharged Home,DOC-106
ADM-14426,PAT-1950,2025-03-12 06:54:00,2025-03-24 09:18:00,87,Female,Emergency,Emergency,2,33,12.1,0,23809.5,Medicare,Discharged Home,DOC-116
ADM-14427,PAT-1396,2024-07-25 06:28:00,2024-07-31 08:52:00,17,Male,Orthopedics,Emergency,3,51,6.1,0,15620.5,UnitedHealth,Discharged Home,DOC-101
ADM-14428,PAT-1191,2025-10-08 23:27:00,2025-10-16 16:15:00,27,Male,Cardiology,Elective,1,4,7.7,0,22883.0,UnitedHealth,Discharged Home,DOC-113
ADM-14429,PAT-1283,2026-05-09 06:25:00,2026-05-10 08:49:00,64,Female,Pediatrics,Elective,3,29,1.1,0,6652.5,Medicaid,Discharged Home,DOC-122
ADM-14430,PAT-1356,2025-07-11 19:35:00,2025-07-16 14:47:00,38,Female,Emergency,Emergency,3,42,4.8,1,9225.0,Medicaid,Referred to Rehab,DOC-125
ADM-14431,PAT-1817,2025-05-13 20:04:00,2025-05-14 20:04:00,62,Male,Orthopedics,Urgent,5,130,1.0,0,2725.0,Medicaid,Discharged Home,DOC-106
ADM-14432,PAT-1756,2024-11-26 17:11:00,2024-12-01 19:35:00,67,Female,Cardiology,Urgent,3,14,5.1,0,18274.0,Self-Pay,Transferred,DOC-103
ADM-14433,PAT-2387,2024-04-13 22:43:00,2024-04-14 10:43:00,50,Female,General Medicine,Elective,5,58,0.5,0,7835.0,Self-Pay,Discharged Home,DOC-120
ADM-14434,PAT-1906,2025-06-27 07:14:00,2025-07-02 02:26:00,49,Male,Cardiology,Emergency,2,13,4.8,0,13472.5,Self-Pay,Discharged Home,DOC-120
ADM-14435,PAT-2118,2025-07-18 19:34:00,2025-07-21 02:46:00,79,Female,Neurology,Emergency,2,97,2.3,0,6222.5,BlueCross,Discharged Home,DOC-109
ADM-14436,PAT-2093,2025-07-06 12:52:00,2025-07-12 03:16:00,24,Female,Neurology,Elective,3,128,5.6,0,19130.0,UnitedHealth,Discharged Home,DOC-121
ADM-14437,PAT-1277,2024-03-12 22:52:00,2024-03-14 10:52:00,19,Male,Emergency,Emergency,5,395,1.5,0,7796.5,Aetna,Discharged Home,DOC-124
ADM-14438,PAT-2489,2025-10-12 23:20:00,2025-10-14 11:20:00,47,Female,Orthopedics,Emergency,3,41,1.5,0,3702.5,BlueCross,Discharged Home,DOC-117
ADM-14439,PAT-2021,2025-06-20 05:54:00,2025-06-21 05:54:00,68,Female,Cardiology,Emergency,4,59,1.0,0,8709.5,UnitedHealth,Discharged Home,DOC-123
ADM-14440,PAT-1493,2024-01-24 09:48:00,2024-01-30 00:12:00,84,Female,Orthopedics,Emergency,3,15,5.6,0,14634.5,UnitedHealth,Discharged Home,DOC-111
ADM-14441,PAT-1996,2026-01-01 02:39:00,2026-01-01 17:03:00,66,Male,Emergency,Elective,4,3,0.6,0,1147.5,Self-Pay,Transferred,DOC-116
ADM-14442,PAT-2369,2025-08-31 20:33:00,2025-09-01 08:33:00,50,Female,Neurology,Elective,5,176,0.5,0,1740.0,BlueCross,Discharged Home,DOC-108
ADM-14443,PAT-1402,2024-08-19 01:19:00,2024-08-21 13:19:00,76,Female,Pediatrics,Elective,4,204,2.5,0,4510.0,Aetna,Discharged Home,DOC-116
ADM-14444,PAT-1836,2026-04-24 00:28:00,2026-04-25 00:28:00,47,Female,Cardiology,Emergency,2,2,1.0,0,6913.0,BlueCross,Discharged Home,DOC-123
ADM-14445,PAT-1821,2025-03-28 15:19:00,2025-04-01 03:19:00,18,Female,Orthopedics,Elective,2,9,3.5,0,8422.5,Aetna,Transferred,DOC-105
ADM-14446,PAT-1239,2024-12-17 21:32:00,2025-01-05 14:20:00,34,Female,Cardiology,Elective,1,14,18.7,0,52395.0,Medicaid,Referred to Rehab,DOC-122
ADM-14447,PAT-1615,2025-02-15 15:30:00,2025-02-18 10:42:00,26,Female,Emergency,Elective,3,65,2.8,0,5482.5,Aetna,Discharged Home,DOC-120
ADM-14448,PAT-1112,2025-09-22 09:15:00,2025-09-23 09:15:00,50,Female,General Medicine,Urgent,4,47,1.0,0,1617.5,BlueCross,Transferred,DOC-104
ADM-14449,PAT-1643,2025-03-24 07:57:00,2025-03-29 07:57:00,87,Male,Pediatrics,Elective,2,24,5.0,0,14056.0,BlueCross,Discharged Home,DOC-107
ADM-14450,PAT-1484,2024-05-21 05:17:00,2024-05-22 07:41:00,5,Female,Orthopedics,Emergency,5,278,1.1,0,3335.0,Medicare,Discharged Home,DOC-114
ADM-14451,PAT-2329,2025-03-17 02:57:00,2025-03-17 10:09:00,59,Female,Emergency,Emergency,4,11,0.3,0,597.5,Medicare,Discharged Home,DOC-109
ADM-14452,PAT-2313,2025-10-29 02:42:00,2025-10-30 17:06:00,77,Female,General Medicine,Urgent,4,48,1.6,0,9839.0,Medicaid,Discharged Home,DOC-106
ADM-14453,PAT-1840,2024-01-05 22:06:00,2024-01-08 14:54:00,91,Female,Cardiology,Emergency,4,4,2.7,1,7570.0,Medicaid,Discharged Home,DOC-103
ADM-14454,PAT-1304,2025-08-22 14:48:00,2025-08-24 02:48:00,55,Male,Cardiology,Elective,5,81,1.5,0,4402.5,BlueCross,Discharged Home,DOC-102
ADM-14455,PAT-2160,2025-03-16 13:23:00,2025-03-21 22:59:00,3,Male,Cardiology,Urgent,3,18,5.4,0,15165.0,Medicare,Discharged Home,DOC-111
ADM-14456,PAT-1632,2024-02-25 03:16:00,2024-02-26 17:40:00,27,Male,Emergency,Emergency,3,7,1.6,0,7808.5,Medicaid,Discharged Home,DOC-113
ADM-14457,PAT-1266,2026-04-03 00:08:00,2026-04-05 14:32:00,91,Male,Orthopedics,Emergency,2,65,2.6,1,9480.5,Medicare,Discharged Home,DOC-123
ADM-14458,PAT-1267,2025-12-03 06:44:00,2025-12-06 21:08:00,67,Female,Cardiology,Emergency,3,11,3.6,0,10107.5,Medicare,Discharged Home,DOC-107
ADM-14459,PAT-1323,2025-08-06 03:37:00,2025-08-07 10:49:00,58,Female,Emergency,Urgent,3,39,1.3,0,2567.5,Medicare,Discharged Home,DOC-121
ADM-14460,PAT-2089,2024-04-05 07:17:00,2024-04-14 00:05:00,42,Female,Emergency,Elective,1,2,8.7,1,19106.0,Medicaid,Discharged Home,DOC-105
ADM-14461,PAT-1732,2024-05-31 15:38:00,2024-06-05 10:50:00,59,Male,Orthopedics,Emergency,2,2,4.8,0,19464.0,Medicare,Transferred,DOC-108
ADM-14462,PAT-1635,2024-05-23 14:42:00,2024-05-26 00:18:00,67,Female,Emergency,Emergency,2,16,2.4,0,12591.0,BlueCross,Discharged Home,DOC-111
ADM-14463,PAT-1394,2024-03-22 02:47:00,2024-03-23 00:23:00,33,Female,Orthopedics,Emergency,3,13,0.9,0,2813.5,Medicaid,Discharged Home,DOC-112
ADM-14464,PAT-2435,2024-12-17 12:15:00,2024-12-18 00:15:00,12,Female,Emergency,Emergency,3,11,0.5,0,8851.5,Aetna,Discharged Home,DOC-111
ADM-14465,PAT-2154,2026-06-21 11:01:00,2026-06-22 23:01:00,6,Female,Emergency,Emergency,3,2,1.5,0,2855.0,UnitedHealth,Discharged Home,DOC-117
ADM-14466,PAT-1337,2026-01-16 07:53:00,2026-01-17 15:05:00,83,Female,General Medicine,Elective,4,7,1.3,0,1967.5,Medicare,Discharged Home,DOC-121
ADM-14467,PAT-1274,2025-10-20 09:48:00,2025-10-22 17:00:00,68,Female,Emergency,Emergency,2,33,2.3,0,4452.5,BlueCross,Discharged Home,DOC-105
ADM-14468,PAT-2214,2025-05-25 23:39:00,2025-05-26 23:39:00,85,Female,Emergency,Elective,5,85,1.0,0,2112.5,BlueCross,Discharged Home,DOC-110
ADM-14469,PAT-1967,2026-01-06 09:21:00,2026-01-08 18:57:00,22,Female,General Medicine,Emergency,5,132,2.4,0,8368.0,Medicare,Discharged Home,DOC-124
ADM-14470,PAT-2044,2025-07-30 00:20:00,2025-07-30 12:20:00,39,Male,Pediatrics,Emergency,3,7,0.5,0,6460.5,BlueCross,Discharged Home,DOC-122
ADM-14471,PAT-1152,2025-07-26 09:57:00,2025-07-27 05:09:00,89,Female,General Medicine,Elective,5,99,0.8,0,1447.5,Self-Pay,Discharged Home,DOC-117
ADM-14472,PAT-1338,2024-05-14 04:08:00,2024-05-22 06:32:00,20,Female,Emergency,Emergency,2,16,8.1,1,15430.0,Medicaid,Discharged Home,DOC-112
ADM-14473,PAT-2036,2024-10-18 17:36:00,2024-10-19 17:36:00,72,Male,Emergency,Emergency,4,68,1.0,0,2070.0,UnitedHealth,Referred to Rehab,DOC-116
ADM-14474,PAT-2154,2024-08-22 09:01:00,2024-08-23 16:13:00,70,Female,Orthopedics,Emergency,5,39,1.3,0,6590.5,Medicaid,Discharged Home,DOC-112
ADM-14475,PAT-1239,2024-09-28 09:23:00,2024-10-02 18:59:00,42,Male,Orthopedics,Emergency,2,4,4.4,0,10570.0,Medicare,Discharged Home,DOC-123
ADM-14476,PAT-1054,2024-03-13 08:10:00,2024-03-14 03:22:00,46,Male,Orthopedics,Urgent,2,30,0.8,0,7494.0,BlueCross,Discharged Home,DOC-108
ADM-14477,PAT-1660,2026-05-27 11:07:00,2026-05-30 11:07:00,35,Female,Emergency,Elective,1,4,3.0,0,12291.0,Medicare,Discharged Home,DOC-123
ADM-14478,PAT-2491,2025-10-14 03:26:00,2025-10-18 08:14:00,22,Male,Emergency,Emergency,2,6,4.2,0,9989.0,BlueCross,Discharged Home,DOC-121
ADM-14479,PAT-1311,2024-09-19 08:57:00,2024-09-19 20:57:00,39,Female,General Medicine,Elective,5,30,0.5,0,9309.0,BlueCross,Discharged Home,DOC-119
ADM-14480,PAT-1445,2024-02-29 12:37:00,2024-03-07 07:49:00,72,Female,Pediatrics,Elective,3,30,6.8,1,15091.0,Medicaid,Discharged Home,DOC-112
ADM-14481,PAT-2321,2025-11-15 07:25:00,2025-11-19 12:13:00,1,Female,Pediatrics,Emergency,3,92,4.2,0,6950.0,Aetna,Discharged Home,DOC-109
ADM-14482,PAT-2461,2024-06-05 00:06:00,2024-06-06 04:54:00,7,Female,Cardiology,Elective,3,35,1.2,0,8010.5,Medicare,Discharged Home,DOC-102
ADM-14483,PAT-1522,2025-03-27 20:37:00,2025-03-30 01:25:00,61,Male,Orthopedics,Emergency,4,39,2.2,0,9962.5,Medicaid,Discharged Home,DOC-111
ADM-14484,PAT-1333,2026-05-05 06:39:00,2026-05-08 01:51:00,64,Female,Orthopedics,Emergency,3,7,2.8,0,6737.5,UnitedHealth,Discharged Home,DOC-117
ADM-14485,PAT-1615,2025-06-03 12:22:00,2025-06-07 17:10:00,12,Male,General Medicine,Emergency,2,25,4.2,0,12745.5,Medicare,Discharged Home,DOC-105
ADM-14486,PAT-2079,2024-04-13 14:18:00,2024-04-15 23:54:00,50,Male,Emergency,Elective,3,26,2.4,0,8007.0,Medicaid,Discharged Home,DOC-120
ADM-14487,PAT-2481,2026-05-22 18:32:00,2026-05-23 23:20:00,61,Female,Emergency,Emergency,3,217,1.2,0,7369.5,Medicaid,Discharged Home,DOC-112
ADM-14488,PAT-2316,2024-03-13 22:06:00,2024-03-17 14:54:00,53,Male,Orthopedics,Elective,1,8,3.7,0,17106.0,Medicare,Discharged Home,DOC-103
ADM-14489,PAT-2362,2025-01-27 02:10:00,2025-01-30 09:22:00,55,Female,Orthopedics,Elective,3,4,3.3,0,11895.0,Medicare,Transferred,DOC-115
ADM-14490,PAT-1777,2026-04-01 00:41:00,2026-04-01 12:41:00,47,Male,Emergency,Elective,3,2,0.5,1,7893.0,Medicare,Discharged Home,DOC-116
ADM-14491,PAT-2082,2026-06-28 17:48:00,2026-07-02 03:24:00,27,Female,Pediatrics,Emergency,4,20,3.4,0,12177.0,UnitedHealth,Discharged Home,DOC-115
ADM-14492,PAT-1115,2024-11-29 07:45:00,2024-12-05 12:33:00,29,Male,Neurology,Elective,1,21,6.2,1,22011.5,Medicaid,Discharged Home,DOC-121
ADM-14493,PAT-1863,2024-08-08 16:55:00,2024-08-10 00:07:00,21,Female,Emergency,Emergency,4,91,1.3,0,2697.5,Medicaid,Discharged Home,DOC-106
ADM-14494,PAT-2495,2025-12-26 16:59:00,2025-12-29 14:35:00,92,Male,Emergency,Emergency,3,66,2.9,0,5675.0,BlueCross,Discharged Home,DOC-113
ADM-14495,PAT-1383,2024-11-20 06:38:00,2024-11-25 23:26:00,30,Female,Emergency,Emergency,3,22,5.7,0,10885.0,Aetna,Discharged Home,DOC-112
ADM-14496,PAT-1334,2024-05-17 22:24:00,2024-05-21 03:12:00,88,Female,Cardiology,Emergency,2,20,3.2,0,9010.0,BlueCross,Discharged Home,DOC-120
ADM-14497,PAT-1394,2025-10-31 20:46:00,2025-11-05 01:34:00,66,Female,Orthopedics,Emergency,3,69,4.2,0,10252.5,Medicare,Referred to Rehab,DOC-104
ADM-14498,PAT-2215,2024-06-29 21:36:00,2024-06-30 09:36:00,39,Female,Emergency,Emergency,4,60,0.5,0,1100.0,BlueCross,Expired,DOC-119
ADM-14499,PAT-2467,2026-05-14 12:06:00,2026-05-15 07:18:00,61,Male,Emergency,Elective,4,22,0.8,0,7528.0,Medicaid,Discharged Home,DOC-117
ADM-14500,PAT-1678,2025-11-21 03:44:00,2025-11-22 13:20:00,38,Female,Emergency,Elective,4,6,1.4,0,2675.0,Medicaid,Discharged Home,DOC-104
ADM-14501,PAT-1062,2025-04-08 04:27:00,2025-04-08 16:27:00,66,Female,Oncology,Elective,3,206,0.5,0,6471.0,Medicaid,Discharged Home,DOC-104
ADM-14502,PAT-1560,2025-03-15 02:38:00,2025-03-23 00:14:00,82,Female,Emergency,Emergency,2,19,7.9,0,22159.5,UnitedHealth,Discharged Home,DOC-115
ADM-14503,PAT-2405,2024-02-25 09:13:00,2024-02-25 21:13:00,46,Female,Emergency,Emergency,4,205,0.5,0,8259.5,Medicaid,Discharged Home,DOC-106
ADM-14504,PAT-1803,2025-04-17 12:38:00,2025-04-18 19:50:00,28,Female,Emergency,Urgent,2,2,1.3,0,8237.0,Aetna,Discharged Home,DOC-113
ADM-14505,PAT-1742,2025-05-06 10:16:00,2025-05-06 17:28:00,69,Female,Emergency,Emergency,4,201,0.3,1,1072.5,Self-Pay,Discharged Home,DOC-117
ADM-14506,PAT-1664,2024-09-06 01:51:00,2024-09-07 01:51:00,75,Male,Emergency,Emergency,4,16,1.0,0,1940.0,Medicare,Referred to Rehab,DOC-125
ADM-14507,PAT-2439,2026-06-03 14:16:00,2026-06-04 21:28:00,55,Male,Emergency,Elective,4,200,1.3,0,11258.0,BlueCross,Discharged Home,DOC-108
ADM-14508,PAT-1947,2026-03-05 10:06:00,2026-03-07 05:18:00,46,Male,Neurology,Elective,3,29,1.8,0,4752.5,Medicare,Discharged Home,DOC-116
ADM-14509,PAT-2452,2025-08-15 06:54:00,2025-08-16 16:30:00,20,Male,Orthopedics,Urgent,4,20,1.4,0,3410.0,Medicaid,Discharged Home,DOC-121
ADM-14510,PAT-1773,2026-05-29 01:43:00,2026-06-06 11:19:00,47,Male,Oncology,Emergency,3,20,8.4,0,27587.0,Aetna,Transferred,DOC-102
ADM-14511,PAT-1451,2025-08-13 02:00:00,2025-08-15 16:24:00,60,Female,Orthopedics,Urgent,4,50,2.6,0,6365.0,Aetna,Discharged Home,DOC-122
ADM-14512,PAT-2175,2024-04-16 20:17:00,2024-04-19 17:53:00,65,Male,Oncology,Urgent,4,9,2.9,0,11847.5,Medicare,Referred to Rehab,DOC-102
ADM-14513,PAT-2162,2024-10-04 21:01:00,2024-10-05 13:49:00,88,Female,Emergency,Urgent,5,4,0.7,1,1340.0,Medicare,Discharged Home,DOC-120
ADM-14514,PAT-2047,2025-07-08 17:38:00,2025-07-09 05:38:00,18,Female,General Medicine,Emergency,5,635,0.5,0,2337.5,BlueCross,Discharged Home,DOC-119
ADM-14515,PAT-2104,2025-04-11 11:53:00,2025-04-16 11:53:00,50,Male,Cardiology,Emergency,1,2,5.0,0,18855.0,BlueCross,Discharged Home,DOC-118
ADM-14516,PAT-2406,2025-12-13 07:59:00,2025-12-22 10:23:00,14,Male,Orthopedics,Elective,1,3,9.1,0,21847.5,BlueCross,Discharged Home,DOC-102
ADM-14517,PAT-2167,2026-04-13 11:21:00,2026-04-17 11:21:00,20,Female,Cardiology,Elective,5,266,4.0,1,15272.0,UnitedHealth,Transferred,DOC-107
ADM-14518,PAT-1442,2024-03-08 11:10:00,2024-03-08 23:10:00,32,Male,Emergency,Emergency,2,54,0.5,0,1085.0,Medicare,Transferred,DOC-117
ADM-14519,PAT-1135,2024-10-27 13:50:00,2024-10-28 09:02:00,18,Male,Emergency,Emergency,3,17,0.8,0,1562.5,Medicaid,Transferred,DOC-104
ADM-14520,PAT-2312,2024-02-27 19:23:00,2024-03-03 02:35:00,32,Female,Cardiology,Elective,2,3,4.3,0,12047.5,Medicare,Discharged Home,DOC-122
ADM-14521,PAT-1443,2025-04-25 18:23:00,2025-05-01 20:47:00,29,Male,General Medicine,Urgent,3,31,6.1,0,9227.5,BlueCross,Discharged Home,DOC-121
ADM-14522,PAT-2251,2025-12-27 08:14:00,2025-12-28 01:02:00,29,Male,Emergency,Emergency,4,5,0.7,1,2033.5,BlueCross,Discharged Home,DOC-115
ADM-14523,PAT-2216,2025-09-04 08:56:00,2025-09-07 04:08:00,27,Female,Orthopedics,Urgent,3,69,2.8,0,6892.5,BlueCross,Discharged Home,DOC-118
ADM-14524,PAT-1132,2024-06-08 16:52:00,2024-06-10 00:04:00,78,Female,Orthopedics,Elective,3,17,1.3,1,10925.5,UnitedHealth,Discharged Home,DOC-123
ADM-14525,PAT-2281,2026-03-19 18:15:00,2026-03-26 03:51:00,37,Female,General Medicine,Emergency,3,32,6.4,0,10352.0,Medicare,Discharged Home,DOC-114
ADM-14526,PAT-2388,2026-05-02 09:56:00,2026-05-13 07:32:00,38,Male,Emergency,Urgent,3,89,10.9,0,20932.5,Medicare,Discharged Home,DOC-121
ADM-14527,PAT-1873,2025-12-02 05:11:00,2025-12-11 17:11:00,86,Female,Emergency,Emergency,1,3,9.5,1,20836.5,Aetna,Discharged Home,DOC-101
ADM-14528,PAT-1838,2026-01-28 17:42:00,2026-01-30 08:06:00,19,Female,Cardiology,Urgent,3,25,1.6,0,7865.5,Medicare,Discharged Home,DOC-109
ADM-14529,PAT-2389,2025-05-11 23:21:00,2025-05-13 13:45:00,65,Female,Orthopedics,Emergency,4,23,1.6,0,10149.5,Aetna,Discharged Home,DOC-116
ADM-14530,PAT-1361,2024-07-21 02:51:00,2024-07-21 14:51:00,18,Male,Oncology,Emergency,5,20,0.5,0,1600.0,Medicare,Discharged Home,DOC-117
ADM-14531,PAT-1847,2024-07-01 05:11:00,2024-07-04 14:47:00,89,Female,General Medicine,Emergency,2,19,3.4,0,10650.5,Aetna,Discharged Home,DOC-115
ADM-14532,PAT-1858,2025-08-26 11:49:00,2025-08-31 04:37:00,49,Female,Orthopedics,Elective,2,8,4.7,0,19436.0,Aetna,Discharged Home,DOC-112
ADM-14533,PAT-1154,2024-08-25 07:14:00,2024-08-25 19:14:00,46,Female,Emergency,Elective,4,123,0.5,0,2853.5,UnitedHealth,Expired,DOC-115
ADM-14534,PAT-1995,2026-05-20 23:10:00,2026-05-22 20:46:00,63,Female,Emergency,Emergency,3,229,1.9,0,4182.5,Medicare,Referred to Rehab,DOC-108
ADM-14535,PAT-2263,2025-12-11 09:29:00,2025-12-13 21:29:00,41,Male,Neurology,Elective,4,146,2.5,0,6865.0,BlueCross,Transferred,DOC-103
ADM-14536,PAT-1493,2024-11-16 22:07:00,2024-11-23 00:31:00,38,Male,Emergency,Emergency,3,2,6.1,0,16004.0,Medicare,Discharged Home,DOC-109
ADM-14537,PAT-1204,2025-01-12 08:28:00,2025-01-15 20:28:00,45,Female,Orthopedics,Emergency,3,120,3.5,0,8700.0,UnitedHealth,Discharged Home,DOC-116
ADM-14538,PAT-1740,2024-09-05 04:00:00,2024-09-09 23:12:00,77,Female,Emergency,Emergency,2,47,4.8,1,17087.5,Medicaid,Discharged Home,DOC-111
ADM-14539,PAT-1306,2025-12-16 04:56:00,2025-12-19 16:56:00,78,Female,Pediatrics,Elective,4,32,3.5,0,5680.0,BlueCross,Discharged Home,DOC-112
ADM-14540,PAT-1988,2025-05-17 06:44:00,2025-05-20 06:44:00,14,Male,Emergency,Elective,3,128,3.0,1,9582.0,Medicare,Discharged Home,DOC-114
ADM-14541,PAT-2452,2026-01-07 17:51:00,2026-01-10 13:03:00,81,Female,Cardiology,Elective,3,5,2.8,0,7852.5,BlueCross,Discharged Home,DOC-117
ADM-14542,PAT-1349,2025-06-15 12:56:00,2025-06-17 12:56:00,92,Male,General Medicine,Emergency,3,50,2.0,0,3125.0,Self-Pay,Discharged Home,DOC-117
ADM-14543,PAT-1902,2026-02-23 14:36:00,2026-03-06 02:36:00,85,Male,Oncology,Elective,2,15,10.5,0,34375.5,Medicaid,Referred to Rehab,DOC-112
ADM-14544,PAT-2037,2025-06-20 02:03:00,2025-06-26 02:03:00,83,Male,Emergency,Urgent,2,33,6.0,0,11482.5,Self-Pay,Discharged Home,DOC-122
ADM-14545,PAT-1278,2025-02-22 15:42:00,2025-02-27 18:06:00,22,Male,Emergency,Emergency,3,101,5.1,1,9942.5,Self-Pay,Discharged Home,DOC-103
ADM-14546,PAT-1757,2026-02-04 00:50:00,2026-02-05 10:26:00,45,Female,General Medicine,Emergency,5,56,1.4,0,4501.0,Medicare,Discharged Home,DOC-125
ADM-14547,PAT-1195,2026-05-21 23:49:00,2026-05-24 21:25:00,32,Female,Oncology,Emergency,2,2,2.9,0,15201.0,Medicare,Discharged Home,DOC-107
ADM-14548,PAT-1998,2024-01-09 17:55:00,2024-01-10 17:55:00,25,Female,General Medicine,Emergency,2,6,1.0,0,1515.0,Medicaid,Discharged Home,DOC-111
ADM-14549,PAT-1508,2026-03-28 06:00:00,2026-04-01 10:48:00,89,Male,Emergency,Emergency,2,10,4.2,0,13868.0,Medicare,Discharged Home,DOC-108
ADM-14550,PAT-2349,2026-05-15 06:39:00,2026-05-17 04:15:00,56,Female,Emergency,Emergency,3,2,1.9,0,8102.0,Medicare,Discharged Home,DOC-113
ADM-14551,PAT-1552,2025-01-27 05:16:00,2025-01-29 02:52:00,49,Female,Emergency,Emergency,2,34,1.9,1,5449.0,BlueCross,AMA (Against Medical Advice),DOC-122
ADM-14552,PAT-1420,2026-03-30 04:29:00,2026-04-01 23:41:00,42,Female,General Medicine,Emergency,4,8,2.8,0,10349.0,Aetna,Discharged Home,DOC-104
ADM-14553,PAT-1429,2024-02-15 14:45:00,2024-02-22 12:21:00,19,Female,Orthopedics,Emergency,1,2,6.9,0,23597.0,Medicare,Referred to Rehab,DOC-120
ADM-14554,PAT-2226,2025-11-04 18:03:00,2025-11-07 08:27:00,28,Female,Neurology,Urgent,2,4,2.6,0,6770.0,BlueCross,Discharged Home,DOC-120
ADM-14555,PAT-1288,2024-01-16 10:26:00,2024-01-17 08:02:00,50,Female,Pediatrics,Emergency,4,22,0.9,0,5966.0,Aetna,Discharged Home,DOC-123
ADM-14556,PAT-2014,2025-10-28 06:30:00,2025-10-29 18:30:00,42,Female,Cardiology,Emergency,4,131,1.5,0,7978.5,BlueCross,Discharged Home,DOC-111
ADM-14557,PAT-2333,2025-12-04 19:50:00,2025-12-05 15:02:00,23,Male,Neurology,Emergency,5,413,0.8,0,3112.5,UnitedHealth,Discharged Home,DOC-105
ADM-14558,PAT-1438,2025-11-24 18:43:00,2025-11-30 04:19:00,63,Male,Emergency,Elective,3,26,5.4,0,17048.0,Medicaid,Discharged Home,DOC-113
ADM-14559,PAT-1063,2024-04-11 09:38:00,2024-04-18 12:02:00,48,Female,Orthopedics,Emergency,3,36,7.1,0,19058.0,UnitedHealth,Discharged Home,DOC-107
ADM-14560,PAT-2441,2025-06-03 22:11:00,2025-06-04 12:35:00,53,Male,Emergency,Emergency,4,2,0.6,0,5786.0,Self-Pay,Discharged Home,DOC-125
ADM-14561,PAT-1557,2026-05-10 06:46:00,2026-05-14 11:34:00,75,Male,Orthopedics,Elective,2,8,4.2,0,10100.0,BlueCross,Discharged Home,DOC-123
ADM-14562,PAT-2455,2026-03-05 02:28:00,2026-03-09 00:04:00,59,Male,General Medicine,Emergency,2,7,3.9,0,6988.5,Medicare,Discharged Home,DOC-117
ADM-14563,PAT-1112,2024-02-17 20:10:00,2024-02-21 08:10:00,62,Male,Cardiology,Emergency,3,12,3.5,0,14999.0,BlueCross,Discharged Home,DOC-111
ADM-14564,PAT-1769,2025-07-22 04:08:00,2025-07-23 16:08:00,17,Male,Neurology,Elective,1,6,1.5,1,12285.0,BlueCross,Referred to Rehab,DOC-117
ADM-14565,PAT-1967,2025-12-31 23:38:00,2026-01-02 09:14:00,51,Male,Emergency,Emergency,4,159,1.4,0,3057.5,Medicare,Discharged Home,DOC-113
ADM-14566,PAT-1730,2024-02-28 04:28:00,2024-03-02 14:04:00,58,Male,Neurology,Emergency,3,14,3.4,1,10250.0,Medicaid,Discharged Home,DOC-116
ADM-14567,PAT-2080,2024-06-30 08:20:00,2024-07-03 01:08:00,71,Female,Cardiology,Emergency,4,4,2.7,0,12116.0,Medicare,Transferred,DOC-117
ADM-14568,PAT-2115,2025-09-17 05:41:00,2025-09-22 05:41:00,48,Female,Emergency,Urgent,3,18,5.0,0,9545.0,BlueCross,Discharged Home,DOC-109
ADM-14569,PAT-1238,2026-06-16 13:31:00,2026-06-17 18:19:00,29,Male,Orthopedics,Elective,4,56,1.2,0,3020.0,Medicaid,Discharged Home,DOC-104
ADM-14570,PAT-1019,2026-04-25 02:22:00,2026-04-27 02:22:00,72,Male,General Medicine,Elective,4,215,2.0,0,9433.5,BlueCross,Discharged Home,DOC-125
ADM-14571,PAT-1663,2024-06-08 06:39:00,2024-06-08 21:03:00,25,Male,Cardiology,Emergency,3,48,0.6,1,2447.0,UnitedHealth,Discharged Home,DOC-122
ADM-14572,PAT-1919,2026-05-02 20:22:00,2026-05-04 05:58:00,23,Male,Emergency,Elective,3,29,1.4,1,2732.5,Medicare,Discharged Home,DOC-125
ADM-14573,PAT-1567,2026-04-15 13:45:00,2026-04-19 23:21:00,58,Male,General Medicine,Urgent,3,71,4.4,0,6777.5,Medicare,AMA (Against Medical Advice),DOC-105
ADM-14574,PAT-2005,2024-02-19 23:45:00,2024-02-23 18:57:00,66,Female,General Medicine,Elective,3,35,3.8,0,14117.5,Medicare,Discharged Home,DOC-114
ADM-14575,PAT-1419,2024-01-28 03:49:00,2024-02-02 06:13:00,53,Female,Emergency,Emergency,2,22,5.1,0,16063.0,Self-Pay,Discharged Home,DOC-105
ADM-14576,PAT-1666,2025-01-21 04:04:00,2025-01-29 23:16:00,19,Female,Emergency,Emergency,2,5,8.8,0,17522.5,BlueCross,Discharged Home,DOC-112
ADM-14577,PAT-2363,2024-07-30 07:33:00,2024-07-31 17:09:00,69,Male,Orthopedics,Emergency,4,54,1.4,0,4235.0,BlueCross,Discharged Home,DOC-115
ADM-14578,PAT-1415,2024-01-01 16:18:00,2024-01-03 01:54:00,45,Female,Cardiology,Elective,4,68,1.4,0,4090.0,Medicare,Discharged Home,DOC-107
ADM-14579,PAT-1692,2025-07-30 01:42:00,2025-08-04 20:54:00,56,Male,Emergency,Emergency,3,16,5.8,0,11060.0,UnitedHealth,Discharged Home,DOC-122
ADM-14580,PAT-2059,2025-09-11 03:27:00,2025-09-16 15:27:00,33,Male,General Medicine,Elective,4,87,5.5,0,16123.5,Medicaid,Discharged Home,DOC-123
ADM-14581,PAT-1023,2025-02-05 04:50:00,2025-02-14 16:50:00,43,Male,General Medicine,Emergency,3,31,9.5,0,18825.5,Medicare,Discharged Home,DOC-103
ADM-14582,PAT-2460,2024-10-01 13:21:00,2024-10-05 01:21:00,78,Male,General Medicine,Emergency,3,14,3.5,0,5285.0,Medicare,Discharged Home,DOC-101
ADM-14583,PAT-1461,2025-06-07 23:03:00,2025-06-08 20:39:00,42,Female,Neurology,Urgent,3,6,0.9,0,10642.0,UnitedHealth,Transferred,DOC-124
ADM-14584,PAT-1588,2026-02-20 22:02:00,2026-02-23 07:38:00,87,Male,Cardiology,Emergency,4,16,2.4,1,7434.0,Medicare,Referred to Rehab,DOC-106
ADM-14585,PAT-1004,2025-02-19 00:32:00,2025-02-20 07:44:00,57,Male,Emergency,Emergency,4,137,1.3,0,2812.5,BlueCross,Discharged Home,DOC-112
ADM-14586,PAT-1066,2025-02-03 15:45:00,2025-02-07 08:33:00,49,Male,Orthopedics,Urgent,2,13,3.7,0,12314.5,Aetna,Discharged Home,DOC-109
ADM-14587,PAT-1821,2025-11-20 21:45:00,2025-11-21 12:09:00,30,Male,Cardiology,Urgent,4,5,0.6,0,7330.5,BlueCross,Discharged Home,DOC-107
ADM-14588,PAT-2237,2026-03-14 05:37:00,2026-03-14 22:25:00,29,Female,General Medicine,Emergency,5,2,0.7,0,1055.0,Medicare,Discharged Home,DOC-109
ADM-14589,PAT-2138,2026-03-12 22:59:00,2026-03-13 13:23:00,20,Female,Emergency,Urgent,5,115,0.6,0,1427.5,Aetna,Discharged Home,DOC-110
ADM-14590,PAT-1181,2025-12-03 19:52:00,2025-12-05 12:40:00,27,Male,Emergency,Urgent,3,2,1.7,0,11416.0,Medicare,Discharged Home,DOC-107
ADM-14591,PAT-1131,2024-01-16 19:06:00,2024-01-18 23:54:00,64,Female,Emergency,Emergency,2,14,2.2,1,5122.0,Medicare,Discharged Home,DOC-120
ADM-14592,PAT-1037,2025-04-26 06:40:00,2025-04-27 18:40:00,82,Female,Emergency,Emergency,5,66,1.5,0,11030.0,Medicare,Referred to Rehab,DOC-115
ADM-14593,PAT-2408,2025-10-06 03:10:00,2025-10-15 05:34:00,5,Female,Neurology,Emergency,3,35,9.1,0,23747.5,Aetna,Referred to Rehab,DOC-101
ADM-14594,PAT-2158,2025-10-22 17:48:00,2025-10-24 03:24:00,23,Male,General Medicine,Emergency,2,56,1.4,0,2240.0,Medicare,Discharged Home,DOC-122
ADM-14595,PAT-1608,2024-01-07 15:00:00,2024-01-11 19:48:00,50,Female,General Medicine,Emergency,2,2,4.2,0,6305.0,UnitedHealth,Referred to Rehab,DOC-114
ADM-14596,PAT-1026,2024-11-26 06:54:00,2024-12-08 02:06:00,57,Female,Orthopedics,Elective,1,2,11.8,0,29482.0,BlueCross,Discharged Home,DOC-124
ADM-14597,PAT-1191,2025-08-12 11:49:00,2025-08-14 14:13:00,51,Male,General Medicine,Emergency,3,18,2.1,1,3195.0,Medicaid,Discharged Home,DOC-112
ADM-14598,PAT-1544,2025-09-20 01:14:00,2025-09-20 18:02:00,21,Female,Emergency,Urgent,5,77,0.7,0,6564.5,Medicare,Discharged Home,DOC-104
ADM-14599,PAT-1912,2025-09-25 21:31:00,2025-09-27 07:07:00,52,Female,Emergency,Emergency,4,135,1.4,0,2997.5,Aetna,Discharged Home,DOC-125
ADM-14600,PAT-2112,2025-03-20 03:43:00,2025-03-22 03:43:00,64,Female,Orthopedics,Emergency,4,568,2.0,1,6220.0,BlueCross,Transferred,DOC-113
ADM-14601,PAT-1583,2025-01-20 08:51:00,2025-01-21 04:03:00,69,Female,Emergency,Elective,5,50,0.8,0,5277.0,Aetna,Discharged Home,DOC-102
ADM-14602,PAT-2136,2025-10-26 10:26:00,2025-10-28 15:14:00,92,Male,Neurology,Elective,4,142,2.2,0,6075.0,UnitedHealth,Discharged Home,DOC-119
ADM-14603,PAT-2188,2025-06-10 14:44:00,2025-06-11 21:56:00,29,Male,General Medicine,Urgent,3,2,1.3,0,1955.0,Medicare,Discharged Home,DOC-112
ADM-14604,PAT-2287,2025-06-25 23:04:00,2025-06-26 15:52:00,79,Male,Emergency,Elective,3,48,0.7,0,4590.0,Medicare,Discharged Home,DOC-105
ADM-14605,PAT-1022,2024-12-11 19:15:00,2024-12-12 16:51:00,88,Female,Orthopedics,Emergency,4,4,0.9,0,2170.0,Medicaid,Discharged Home,DOC-104
ADM-14606,PAT-2152,2025-06-26 07:00:00,2025-06-29 09:24:00,17,Male,General Medicine,Elective,3,38,3.1,0,11564.0,Medicare,Referred to Rehab,DOC-102
ADM-14607,PAT-1693,2026-06-29 00:30:00,2026-07-05 10:06:00,18,Male,Neurology,Elective,3,95,6.4,0,21811.5,Medicare,Discharged Home,DOC-102
ADM-14608,PAT-1464,2025-10-14 16:12:00,2025-10-16 04:12:00,74,Female,Emergency,Emergency,3,43,1.5,0,6748.5,Medicare,Discharged Home,DOC-123
ADM-14609,PAT-2410,2024-12-02 00:26:00,2024-12-04 19:38:00,36,Male,Emergency,Urgent,1,2,2.8,1,13043.0,Aetna,Discharged Home,DOC-115
ADM-14610,PAT-1071,2025-12-24 09:28:00,2026-01-01 11:52:00,33,Female,Emergency,Emergency,2,36,8.1,0,15480.0,Medicare,Transferred,DOC-104
ADM-14611,PAT-1633,2024-07-31 18:51:00,2024-08-27 02:03:00,8,Female,Neurology,Emergency,1,7,26.3,1,70909.5,Medicare,Discharged Home,DOC-123
ADM-14612,PAT-2297,2025-03-10 20:45:00,2025-03-12 11:09:00,84,Female,Emergency,Emergency,3,41,1.6,0,3142.5,BlueCross,Expired,DOC-120
ADM-14613,PAT-1334,2024-06-17 16:14:00,2024-06-26 01:50:00,23,Male,Orthopedics,Elective,3,22,8.4,0,20215.0,Medicare,Discharged Home,DOC-108
ADM-14614,PAT-2001,2025-08-07 22:45:00,2025-08-15 05:57:00,91,Male,General Medicine,Elective,3,7,7.3,0,14141.5,Medicare,Discharged Home,DOC-125
ADM-14615,PAT-1657,2024-11-11 06:31:00,2024-11-17 08:55:00,26,Male,General Medicine,Elective,4,119,6.1,0,9447.5,Medicare,Discharged Home,DOC-117
ADM-14616,PAT-2335,2025-01-28 23:43:00,2025-02-02 04:31:00,22,Female,Pediatrics,Emergency,4,17,4.2,0,12512.5,Medicaid,Discharged Home,DOC-114
ADM-14617,PAT-1068,2025-08-20 03:31:00,2025-08-21 03:31:00,43,Male,General Medicine,Emergency,4,90,1.0,0,2285.0,Medicare,Discharged Home,DOC-109
ADM-14618,PAT-1381,2024-09-13 22:34:00,2024-09-16 20:10:00,69,Female,Neurology,Emergency,4,124,2.9,0,7850.0,BlueCross,Discharged Home,DOC-102
ADM-14619,PAT-1137,2024-10-21 02:33:00,2024-10-24 02:33:00,79,Male,General Medicine,Emergency,2,71,3.0,0,4677.5,Medicaid,Transferred,DOC-116
ADM-14620,PAT-2465,2025-02-27 04:14:00,2025-03-06 04:14:00,43,Male,Emergency,Urgent,1,4,7.0,0,13310.0,Medicare,Discharged Home,DOC-110
ADM-14621,PAT-1944,2024-09-18 15:44:00,2024-09-19 03:44:00,23,Male,Emergency,Emergency,3,52,0.5,0,8836.0,Medicare,Discharged Home,DOC-108
ADM-14622,PAT-1704,2026-03-23 14:15:00,2026-03-24 21:27:00,81,Female,Emergency,Emergency,4,103,1.3,0,10904.5,Self-Pay,Discharged Home,DOC-103
ADM-14623,PAT-2335,2025-08-29 06:00:00,2025-09-03 22:48:00,4,Female,Emergency,Emergency,3,103,5.7,0,13482.5,Medicare,Discharged Home,DOC-124
ADM-14624,PAT-1038,2024-08-16 18:43:00,2024-08-18 06:43:00,87,Female,Cardiology,Urgent,4,426,1.5,1,5265.0,Medicaid,Discharged Home,DOC-118
ADM-14625,PAT-2367,2025-01-17 14:47:00,2025-01-26 07:35:00,33,Female,Cardiology,Emergency,2,12,8.7,0,24390.0,BlueCross,Discharged Home,DOC-102
ADM-14626,PAT-2388,2026-02-08 22:54:00,2026-02-09 08:30:00,20,Male,Emergency,Elective,4,43,0.4,0,867.5,BlueCross,Discharged Home,DOC-123
ADM-14627,PAT-1378,2025-04-23 07:00:00,2025-04-28 16:36:00,17,Male,Cardiology,Elective,3,2,5.4,0,15125.0,Aetna,Discharged Home,DOC-118
ADM-14628,PAT-1936,2024-09-25 19:15:00,2024-09-26 07:15:00,42,Male,Emergency,Urgent,4,183,0.5,0,1407.5,Medicaid,Transferred,DOC-115
ADM-14629,PAT-1273,2024-11-08 11:35:00,2024-11-09 01:59:00,77,Male,Cardiology,Urgent,4,310,0.6,0,2455.0,Aetna,Referred to Rehab,DOC-125
ADM-14630,PAT-2315,2025-08-04 03:49:00,2025-08-07 03:49:00,43,Female,General Medicine,Emergency,4,130,3.0,0,8616.0,BlueCross,Discharged Home,DOC-114
ADM-14631,PAT-1522,2025-07-22 03:16:00,2025-07-28 05:40:00,41,Female,Orthopedics,Elective,2,5,6.1,0,14652.5,BlueCross,Discharged Home,DOC-124
ADM-14632,PAT-1972,2026-04-09 23:44:00,2026-04-13 21:20:00,5,Female,General Medicine,Emergency,3,5,3.9,0,7207.5,Medicare,Discharged Home,DOC-112
ADM-14633,PAT-1707,2025-12-05 17:11:00,2025-12-15 00:23:00,76,Female,Emergency,Elective,3,13,9.3,0,18481.5,UnitedHealth,Discharged Home,DOC-103
ADM-14634,PAT-1409,2025-10-29 08:08:00,2025-11-01 10:32:00,33,Male,Neurology,Emergency,3,2,3.1,0,8065.0,Medicaid,Discharged Home,DOC-124
ADM-14635,PAT-1969,2025-06-07 16:49:00,2025-06-14 21:37:00,71,Male,Emergency,Emergency,1,15,7.2,0,13717.5,Aetna,Discharged Home,DOC-116
ADM-14636,PAT-1327,2024-01-04 11:33:00,2024-01-05 13:57:00,14,Male,Emergency,Urgent,4,98,1.1,0,2335.0,Medicaid,Discharged Home,DOC-116
ADM-14637,PAT-2099,2025-03-30 20:48:00,2025-04-03 16:00:00,62,Male,Orthopedics,Elective,3,195,3.8,0,15036.5,Aetna,Discharged Home,DOC-111
ADM-14638,PAT-2298,2026-03-22 06:16:00,2026-03-29 03:52:00,8,Male,Neurology,Emergency,2,4,6.9,0,23744.0,Medicare,Transferred,DOC-104
ADM-14639,PAT-1560,2024-09-07 14:23:00,2024-09-08 14:23:00,57,Female,Emergency,Elective,4,80,1.0,0,4590.0,Medicare,Discharged Home,DOC-125
ADM-14640,PAT-1357,2026-04-13 17:27:00,2026-04-20 12:39:00,91,Female,Emergency,Emergency,3,7,6.8,0,20480.5,Aetna,Discharged Home,DOC-111
ADM-14641,PAT-1884,2025-07-19 01:00:00,2025-07-20 08:12:00,6,Female,Pediatrics,Urgent,5,157,1.3,0,2472.5,Medicare,Discharged Home,DOC-113
ADM-14642,PAT-2006,2025-07-28 00:01:00,2025-07-28 12:01:00,20,Male,Emergency,Elective,3,16,0.5,0,990.0,Self-Pay,Discharged Home,DOC-106
ADM-14643,PAT-1076,2025-07-15 15:14:00,2025-07-20 12:50:00,7,Female,Cardiology,Elective,3,135,4.9,0,14057.5,Medicare,Discharged Home,DOC-106
ADM-14644,PAT-1438,2025-12-20 02:23:00,2025-12-24 09:35:00,66,Female,Orthopedics,Emergency,2,13,4.3,0,12665.5,BlueCross,Discharged Home,DOC-105
ADM-14645,PAT-1925,2025-09-17 22:11:00,2025-09-18 12:35:00,46,Male,Pediatrics,Emergency,4,253,0.6,1,7339.5,Medicare,Transferred,DOC-108
ADM-14646,PAT-1834,2024-03-17 23:49:00,2024-03-24 07:01:00,57,Female,Emergency,Emergency,3,8,6.3,0,16985.0,BlueCross,Discharged Home,DOC-108
ADM-14647,PAT-1850,2025-05-02 12:40:00,2025-05-09 07:52:00,53,Male,Emergency,Elective,3,82,6.8,0,14326.0,BlueCross,Discharged Home,DOC-117
ADM-14648,PAT-1557,2025-05-08 16:55:00,2025-05-12 09:43:00,86,Female,Cardiology,Urgent,3,7,3.7,0,13844.5,Medicare,Transferred,DOC-123
ADM-14649,PAT-2248,2024-03-16 18:17:00,2024-03-20 15:53:00,62,Female,Cardiology,Urgent,3,6,3.9,0,19043.0,BlueCross,Transferred,DOC-123
ADM-14650,PAT-1392,2024-07-13 21:08:00,2024-07-24 16:20:00,27,Male,General Medicine,Elective,2,2,10.8,1,19796.0,Aetna,Discharged Home,DOC-105
ADM-14651,PAT-1550,2026-05-02 13:18:00,2026-05-03 08:30:00,46,Female,Emergency,Emergency,4,122,0.8,0,1825.0,BlueCross,Discharged Home,DOC-116
ADM-14652,PAT-2058,2025-02-11 03:42:00,2025-02-15 08:30:00,56,Male,Emergency,Elective,3,41,4.2,0,16467.5,Aetna,Discharged Home,DOC-124
ADM-14653,PAT-1841,2024-01-03 07:36:00,2024-01-06 12:24:00,42,Female,Cardiology,Elective,3,8,3.2,0,13640.0,BlueCross,Discharged Home,DOC-124
ADM-14654,PAT-1063,2025-10-02 05:21:00,2025-10-06 10:09:00,61,Male,Orthopedics,Emergency,3,7,4.2,0,17903.5,BlueCross,Discharged Home,DOC-101
ADM-14655,PAT-2049,2025-06-20 14:06:00,2025-06-27 11:42:00,56,Male,Orthopedics,Emergency,2,5,6.9,0,17904.5,Aetna,Discharged Home,DOC-119
ADM-14656,PAT-1947,2025-10-01 07:03:00,2025-10-04 02:15:00,45,Male,Neurology,Elective,1,11,2.8,1,9731.5,BlueCross,Discharged Home,DOC-110
ADM-14657,PAT-1066,2024-07-04 12:15:00,2024-07-07 14:39:00,82,Female,Pediatrics,Urgent,3,51,3.1,0,6127.5,Medicaid,Discharged Home,DOC-113
ADM-14658,PAT-1764,2024-11-04 17:47:00,2024-11-06 05:47:00,29,Female,Cardiology,Emergency,3,18,1.5,0,4245.0,Medicare,Transferred,DOC-118
ADM-14659,PAT-1145,2026-03-14 11:38:00,2026-03-18 06:50:00,67,Male,Orthopedics,Elective,3,78,3.8,0,9315.0,UnitedHealth,Discharged Home,DOC-111
ADM-14660,PAT-1644,2024-04-28 01:44:00,2024-04-30 18:32:00,24,Female,Cardiology,Elective,2,38,2.7,0,8209.0,Self-Pay,Discharged Home,DOC-124
ADM-14661,PAT-1883,2025-11-06 11:42:00,2025-11-06 23:42:00,49,Male,Emergency,Emergency,3,3,0.5,1,957.5,BlueCross,Discharged Home,DOC-113
ADM-14662,PAT-1831,2024-10-25 23:40:00,2024-10-26 16:28:00,43,Female,Emergency,Emergency,4,164,0.7,0,7993.0,BlueCross,Transferred,DOC-117
ADM-14663,PAT-1173,2024-12-02 15:38:00,2024-12-04 15:38:00,83,Female,Emergency,Emergency,3,11,2.0,0,3827.5,BlueCross,Discharged Home,DOC-109
ADM-14664,PAT-1805,2026-03-04 06:09:00,2026-03-05 22:57:00,30,Female,General Medicine,Emergency,3,260,1.7,0,6753.0,UnitedHealth,Discharged Home,DOC-117
ADM-14665,PAT-2119,2025-08-25 13:39:00,2025-08-26 13:39:00,66,Female,Pediatrics,Emergency,2,20,1.0,1,1650.0,Medicaid,Transferred,DOC-123
ADM-14666,PAT-2486,2024-10-22 03:41:00,2024-10-29 06:05:00,60,Male,Emergency,Emergency,3,29,7.1,1,13562.5,Self-Pay,Referred to Rehab,DOC-114
ADM-14667,PAT-1456,2024-04-17 04:42:00,2024-04-24 11:54:00,10,Female,Emergency,Emergency,2,6,7.3,1,17582.0,Medicare,Discharged Home,DOC-119
ADM-14668,PAT-1493,2025-11-01 20:43:00,2025-11-05 13:31:00,37,Male,Emergency,Emergency,3,123,3.7,1,7337.5,Aetna,Discharged Home,DOC-121
ADM-14669,PAT-2408,2024-03-27 06:44:00,2024-03-28 23:32:00,73,Male,Emergency,Emergency,3,63,1.7,0,3387.5,Medicaid,Discharged Home,DOC-111
ADM-14670,PAT-1676,2024-02-11 16:13:00,2024-02-17 06:37:00,65,Male,Orthopedics,Elective,1,2,5.6,0,13445.0,Aetna,Transferred,DOC-125
ADM-14671,PAT-2140,2025-10-18 07:09:00,2025-10-19 16:45:00,22,Female,Emergency,Emergency,5,32,1.4,0,2740.0,Medicaid,Discharged Home,DOC-107
ADM-14672,PAT-1905,2026-03-17 01:47:00,2026-03-25 11:23:00,3,Male,Emergency,Emergency,3,153,8.4,0,16342.5,BlueCross,Discharged Home,DOC-116
ADM-14673,PAT-1932,2026-04-03 19:47:00,2026-04-06 14:59:00,90,Female,Pediatrics,Urgent,2,38,2.8,1,10348.0,BlueCross,Discharged Home,DOC-105
ADM-14674,PAT-2473,2024-08-11 15:58:00,2024-08-13 08:46:00,26,Female,General Medicine,Emergency,1,2,1.7,0,2555.0,Medicare,Discharged Home,DOC-111
ADM-14675,PAT-1672,2026-05-07 20:38:00,2026-05-08 11:02:00,75,Male,General Medicine,Emergency,3,21,0.6,0,952.5,Medicaid,Discharged Home,DOC-101
ADM-14676,PAT-1334,2025-01-21 20:04:00,2025-01-26 05:40:00,52,Male,Pediatrics,Urgent,5,509,4.4,0,13493.5,Aetna,Discharged Home,DOC-104
ADM-14677,PAT-1482,2026-05-11 17:16:00,2026-05-14 14:52:00,79,Female,General Medicine,Emergency,3,13,2.9,0,9658.5,Medicare,AMA (Against Medical Advice),DOC-101
ADM-14678,PAT-2063,2024-10-31 04:10:00,2024-11-02 01:46:00,78,Male,Orthopedics,Elective,4,19,1.9,0,7067.5,BlueCross,Discharged Home,DOC-102
ADM-14679,PAT-2484,2026-03-19 09:56:00,2026-03-24 09:56:00,37,Female,Orthopedics,Emergency,3,96,5.0,0,12240.0,Medicare,Discharged Home,DOC-115
ADM-14680,PAT-1109,2024-12-17 05:08:00,2024-12-27 05:08:00,22,Female,Pediatrics,Urgent,2,31,10.0,1,19951.5,Self-Pay,Discharged Home,DOC-120
ADM-14681,PAT-1684,2024-10-10 01:52:00,2024-10-12 13:52:00,66,Female,Orthopedics,Emergency,1,2,2.5,0,7245.0,BlueCross,Expired,DOC-108
ADM-14682,PAT-2251,2025-04-04 18:38:00,2025-04-06 06:38:00,26,Male,Pediatrics,Elective,3,49,1.5,0,2522.5,Medicare,Discharged Home,DOC-101
ADM-14683,PAT-1467,2025-11-23 00:38:00,2025-11-27 15:02:00,62,Male,Oncology,Urgent,3,56,4.6,0,20198.0,Aetna,Discharged Home,DOC-116
ADM-14684,PAT-1983,2024-01-31 03:37:00,2024-02-05 03:37:00,69,Female,Cardiology,Emergency,3,87,5.0,0,14217.5,BlueCross,Discharged Home,DOC-120
ADM-14685,PAT-1441,2025-12-09 10:23:00,2025-12-11 05:35:00,85,Female,Cardiology,Elective,3,123,1.8,0,12481.5,Medicaid,Discharged Home,DOC-108
ADM-14686,PAT-1188,2024-07-04 13:52:00,2024-07-05 21:04:00,61,Female,Cardiology,Elective,4,155,1.3,0,8128.5,Self-Pay,Discharged Home,DOC-117
ADM-14687,PAT-1842,2024-07-31 18:13:00,2024-08-02 20:37:00,3,Female,Emergency,Emergency,3,105,2.1,1,4252.5,BlueCross,AMA (Against Medical Advice),DOC-107
ADM-14688,PAT-1291,2024-11-06 00:55:00,2024-11-07 12:55:00,14,Female,Cardiology,Urgent,5,48,1.5,0,8116.0,BlueCross,Transferred,DOC-109
ADM-14689,PAT-2161,2025-02-07 10:08:00,2025-02-08 10:08:00,32,Male,Pediatrics,Emergency,3,57,1.0,0,1742.5,Aetna,Discharged Home,DOC-108
ADM-14690,PAT-1525,2025-10-30 15:52:00,2025-10-31 03:52:00,49,Male,Neurology,Elective,5,110,0.5,1,1575.0,BlueCross,Discharged Home,DOC-118
ADM-14691,PAT-2335,2024-09-17 17:19:00,2024-09-19 22:07:00,45,Male,General Medicine,Emergency,3,43,2.2,1,3407.5,UnitedHealth,Discharged Home,DOC-101
ADM-14692,PAT-2380,2026-05-29 13:09:00,2026-05-30 03:33:00,44,Male,General Medicine,Emergency,5,35,0.6,0,987.5,Medicaid,Discharged Home,DOC-112
ADM-14693,PAT-1817,2024-02-09 02:43:00,2024-02-14 07:31:00,31,Male,Neurology,Emergency,3,10,5.2,0,21225.0,Medicare,Discharged Home,DOC-103
ADM-14694,PAT-1647,2024-05-05 10:41:00,2024-05-05 22:41:00,55,Female,Oncology,Elective,2,5,0.5,0,4741.5,Medicare,Discharged Home,DOC-109
ADM-14695,PAT-2423,2026-05-15 03:10:00,2026-05-21 05:34:00,32,Female,Emergency,Emergency,3,6,6.1,0,13534.0,Medicare,Discharged Home,DOC-124
ADM-14696,PAT-2168,2026-04-28 11:13:00,2026-04-29 13:37:00,53,Male,General Medicine,Emergency,3,47,1.1,0,9160.5,UnitedHealth,Transferred,DOC-105
ADM-14697,PAT-1040,2025-04-03 13:26:00,2025-04-04 03:50:00,3,Female,Cardiology,Elective,5,195,0.6,0,3354.5,Medicaid,Discharged Home,DOC-123
ADM-14698,PAT-2369,2026-01-18 14:08:00,2026-01-19 04:32:00,68,Male,Emergency,Urgent,4,53,0.6,1,1272.5,BlueCross,Discharged Home,DOC-110
ADM-14699,PAT-1129,2025-01-12 04:47:00,2025-01-12 16:47:00,25,Female,Emergency,Emergency,5,50,0.5,0,5081.0,Medicare,Discharged Home,DOC-112
ADM-14700,PAT-1576,2024-08-13 18:29:00,2024-08-15 08:53:00,14,Male,Emergency,Emergency,3,39,1.6,0,3137.5,BlueCross,Discharged Home,DOC-115
ADM-14701,PAT-2383,2024-03-18 20:32:00,2024-03-21 15:44:00,54,Male,Emergency,Emergency,3,17,2.8,0,12036.5,BlueCross,Discharged Home,DOC-106
ADM-14702,PAT-2444,2026-04-27 11:23:00,2026-04-30 08:59:00,80,Male,Orthopedics,Urgent,3,9,2.9,0,10264.5,UnitedHealth,Discharged Home,DOC-121
ADM-14703,PAT-1536,2026-04-29 18:11:00,2026-05-02 01:23:00,28,Male,Emergency,Elective,1,5,2.3,0,8345.5,BlueCross,Discharged Home,DOC-121
ADM-14704,PAT-1004,2026-03-11 17:17:00,2026-03-16 05:17:00,62,Male,General Medicine,Emergency,3,23,4.5,0,6807.5,Self-Pay,Discharged Home,DOC-111
ADM-14705,PAT-1149,2025-04-19 22:57:00,2025-04-24 20:33:00,41,Male,Neurology,Elective,2,37,4.9,1,12832.5,Medicaid,Transferred,DOC-124
ADM-14706,PAT-1649,2025-11-16 08:53:00,2025-11-16 23:17:00,68,Male,General Medicine,Emergency,5,50,0.6,0,1025.0,UnitedHealth,Discharged Home,DOC-111
ADM-14707,PAT-1551,2024-03-01 13:42:00,2024-03-02 01:42:00,40,Male,Oncology,Urgent,4,56,0.5,0,7612.0,Medicaid,Discharged Home,DOC-114
ADM-14708,PAT-1222,2024-08-11 21:49:00,2024-08-15 05:01:00,69,Female,Cardiology,Elective,3,89,3.3,0,12650.5,Medicaid,Discharged Home,DOC-101
ADM-14709,PAT-1475,2024-11-12 07:46:00,2024-11-13 12:34:00,28,Female,Cardiology,Elective,3,106,1.2,0,9006.0,Aetna,Discharged Home,DOC-109
ADM-14710,PAT-1261,2024-03-03 19:56:00,2024-03-09 10:20:00,79,Male,Neurology,Emergency,2,18,5.6,0,21491.0,BlueCross,Discharged Home,DOC-125
ADM-14711,PAT-1431,2025-07-27 16:56:00,2025-08-01 12:08:00,57,Female,Cardiology,Elective,2,23,4.8,0,13497.5,Aetna,Discharged Home,DOC-111
ADM-14712,PAT-2401,2026-02-16 09:16:00,2026-02-20 02:04:00,7,Male,Pediatrics,Elective,3,25,3.7,0,12737.5,Medicare,Discharged Home,DOC-106
ADM-14713,PAT-2275,2025-11-28 12:26:00,2025-12-10 05:14:00,30,Female,Emergency,Elective,2,27,11.7,0,25809.5,Medicaid,Discharged Home,DOC-124
ADM-14714,PAT-1783,2025-01-15 13:07:00,2025-01-16 17:55:00,55,Female,Emergency,Emergency,4,83,1.2,0,6612.5,Aetna,Discharged Home,DOC-108
ADM-14715,PAT-1469,2024-03-14 01:00:00,2024-03-19 05:48:00,80,Male,Emergency,Urgent,3,57,5.2,1,13398.5,Medicare,Discharged Home,DOC-118
ADM-14716,PAT-2033,2025-06-27 06:22:00,2025-07-17 08:46:00,29,Female,Emergency,Elective,1,11,20.1,0,43053.5,Medicaid,Discharged Home,DOC-101
ADM-14717,PAT-2390,2025-09-10 15:12:00,2025-09-11 22:24:00,33,Male,Pediatrics,Elective,3,3,1.3,0,2686.5,BlueCross,Discharged Home,DOC-103
ADM-14718,PAT-2148,2025-02-17 21:40:00,2025-02-19 00:04:00,91,Female,Emergency,Emergency,4,5,1.1,0,2102.5,Medicaid,Discharged Home,DOC-110
ADM-14719,PAT-1699,2025-10-17 15:57:00,2025-10-19 15:57:00,23,Female,Cardiology,Elective,3,5,2.0,0,5612.5,BlueCross,Discharged Home,DOC-106
ADM-14720,PAT-1916,2024-12-31 17:45:00,2025-01-03 00:57:00,87,Female,General Medicine,Emergency,4,64,2.3,1,6798.0,Medicare,Discharged Home,DOC-119
ADM-14721,PAT-2130,2024-12-15 22:37:00,2024-12-17 03:25:00,2,Female,Emergency,Emergency,3,9,1.2,0,3175.5,Medicaid,Transferred,DOC-119
ADM-14722,PAT-1096,2025-10-09 13:36:00,2025-10-11 08:48:00,27,Male,Cardiology,Emergency,4,55,1.8,0,13210.5,Medicare,Discharged Home,DOC-116
ADM-14723,PAT-2013,2024-11-01 21:28:00,2024-11-02 09:28:00,37,Male,Neurology,Emergency,5,403,0.5,0,9562.5,Self-Pay,Discharged Home,DOC-109
ADM-14724,PAT-1026,2024-03-23 18:28:00,2024-03-29 06:28:00,66,Female,Emergency,Elective,3,15,5.5,0,17122.5,Medicaid,Discharged Home,DOC-104
ADM-14725,PAT-1138,2025-05-15 06:08:00,2025-05-19 01:20:00,77,Female,Oncology,Elective,4,7,3.8,0,20246.5,Medicaid,Discharged Home,DOC-124
ADM-14726,PAT-1808,2025-03-01 22:36:00,2025-03-03 10:36:00,22,Female,Orthopedics,Elective,2,2,1.5,1,8065.0,Medicare,Discharged Home,DOC-101
ADM-14727,PAT-2000,2025-03-06 12:30:00,2025-03-08 22:06:00,51,Female,Orthopedics,Elective,2,3,2.4,0,5767.5,Medicare,Transferred,DOC-101
ADM-14728,PAT-2113,2025-10-29 00:10:00,2025-11-04 16:58:00,21,Male,Cardiology,Emergency,4,87,6.7,0,18977.5,Medicaid,Discharged Home,DOC-121
ADM-14729,PAT-2074,2025-08-05 01:35:00,2025-08-06 23:11:00,23,Male,Emergency,Emergency,1,2,1.9,0,3615.0,UnitedHealth,Discharged Home,DOC-110
ADM-14730,PAT-1142,2024-02-08 18:46:00,2024-02-09 11:34:00,79,Male,Emergency,Emergency,4,73,0.7,0,3227.5,BlueCross,Discharged Home,DOC-122
ADM-14731,PAT-1481,2024-05-13 10:15:00,2024-05-14 03:03:00,61,Male,General Medicine,Elective,5,354,0.7,0,1935.0,Medicare,Discharged Home,DOC-109
ADM-14732,PAT-1971,2024-03-03 14:40:00,2024-03-07 17:04:00,19,Female,Emergency,Elective,2,12,4.1,0,13594.0,Aetna,Discharged Home,DOC-115
ADM-14733,PAT-2082,2024-02-10 02:02:00,2024-02-11 04:26:00,20,Male,Pediatrics,Emergency,4,67,1.1,0,9032.5,UnitedHealth,Discharged Home,DOC-117
ADM-14734,PAT-2353,2026-01-13 03:34:00,2026-01-16 17:58:00,33,Male,Cardiology,Emergency,2,42,3.6,1,14421.0,Medicaid,Referred to Rehab,DOC-112
ADM-14735,PAT-1800,2026-01-27 11:17:00,2026-02-01 01:41:00,32,Female,Emergency,Emergency,3,36,4.6,0,12364.0,Medicare,Discharged Home,DOC-112
ADM-14736,PAT-1921,2025-10-05 15:44:00,2025-10-15 20:32:00,69,Female,Emergency,Emergency,2,26,10.2,0,22568.0,Medicare,Discharged Home,DOC-125
ADM-14737,PAT-2490,2026-05-03 00:42:00,2026-05-03 12:42:00,61,Male,Orthopedics,Emergency,4,117,0.5,0,8225.5,UnitedHealth,Discharged Home,DOC-120
ADM-14738,PAT-2195,2025-07-06 13:43:00,2025-07-10 04:07:00,41,Female,Emergency,Elective,3,10,3.6,0,6865.0,UnitedHealth,Discharged Home,DOC-102
ADM-14739,PAT-2101,2024-09-27 07:14:00,2024-09-29 04:50:00,77,Male,General Medicine,Emergency,2,17,1.9,0,2892.5,UnitedHealth,Discharged Home,DOC-118
ADM-14740,PAT-1356,2024-01-25 05:15:00,2024-01-25 17:15:00,43,Male,Orthopedics,Urgent,5,98,0.5,0,1445.0,Medicaid,Referred to Rehab,DOC-112
ADM-14741,PAT-1691,2026-04-04 09:55:00,2026-04-11 14:43:00,57,Female,Neurology,Emergency,1,4,7.2,0,19962.0,Aetna,Discharged Home,DOC-107
ADM-14742,PAT-2083,2026-05-24 04:48:00,2026-05-28 02:24:00,74,Female,Orthopedics,Urgent,4,14,3.9,0,15094.0,Medicaid,Discharged Home,DOC-107
ADM-14743,PAT-1714,2025-02-01 07:41:00,2025-02-14 17:17:00,48,Male,Orthopedics,Emergency,1,18,13.4,1,39795.0,Aetna,Discharged Home,DOC-125
ADM-14744,PAT-1108,2025-07-02 23:35:00,2025-07-05 13:59:00,66,Male,Neurology,Urgent,3,5,2.6,0,10788.5,Medicaid,Discharged Home,DOC-103
ADM-14745,PAT-1219,2024-11-05 10:23:00,2024-11-05 22:23:00,57,Male,Emergency,Emergency,3,14,0.5,1,3382.0,UnitedHealth,Discharged Home,DOC-111
ADM-14746,PAT-2395,2024-05-16 15:11:00,2024-05-17 03:11:00,73,Male,Pediatrics,Elective,5,48,0.5,0,920.0,BlueCross,Discharged Home,DOC-104
ADM-14747,PAT-1001,2025-03-15 07:57:00,2025-03-20 15:09:00,67,Female,Orthopedics,Emergency,2,22,5.3,1,14329.0,Medicare,Discharged Home,DOC-105
ADM-14748,PAT-1856,2024-03-15 00:25:00,2024-03-18 05:13:00,85,Male,General Medicine,Elective,5,268,3.2,0,6023.0,Medicaid,Discharged Home,DOC-118
ADM-14749,PAT-1840,2026-01-25 10:29:00,2026-01-27 12:53:00,59,Female,General Medicine,Emergency,4,71,2.1,0,3327.5,UnitedHealth,Discharged Home,DOC-108
ADM-14750,PAT-1716,2024-07-15 21:42:00,2024-07-18 02:30:00,31,Female,Emergency,Urgent,2,20,2.2,0,6251.0,Medicaid,Discharged Home,DOC-111
ADM-14751,PAT-1940,2026-01-04 16:27:00,2026-01-05 04:27:00,89,Female,General Medicine,Urgent,3,5,0.5,0,3073.5,Medicaid,Transferred,DOC-119
ADM-14752,PAT-1765,2024-08-17 05:29:00,2024-08-20 17:29:00,83,Male,Cardiology,Emergency,3,21,3.5,0,15683.5,Medicare,Discharged Home,DOC-116
ADM-14753,PAT-1061,2025-12-30 22:03:00,2026-01-01 10:03:00,67,Female,General Medicine,Emergency,2,6,1.5,0,8326.0,Medicare,Discharged Home,DOC-121
ADM-14754,PAT-1157,2026-01-15 22:46:00,2026-01-16 22:46:00,70,Female,Emergency,Urgent,4,6,1.0,0,1915.0,UnitedHealth,Discharged Home,DOC-121
ADM-14755,PAT-1628,2024-03-18 23:57:00,2024-03-20 19:09:00,50,Female,General Medicine,Urgent,3,12,1.8,0,2730.0,Aetna,Referred to Rehab,DOC-121
ADM-14756,PAT-2246,2024-08-23 17:14:00,2024-08-25 17:14:00,12,Male,Emergency,Elective,3,14,2.0,0,5085.0,Self-Pay,Discharged Home,DOC-125
ADM-14757,PAT-2399,2024-11-24 23:44:00,2024-11-26 14:08:00,88,Male,Emergency,Urgent,2,31,1.6,1,6874.5,Medicare,Referred to Rehab,DOC-107
ADM-14758,PAT-1054,2024-09-26 06:49:00,2024-09-27 11:37:00,29,Male,Oncology,Emergency,1,10,1.2,0,3745.0,BlueCross,Discharged Home,DOC-114
ADM-14759,PAT-1511,2025-03-29 21:00:00,2025-04-01 23:24:00,62,Female,Orthopedics,Elective,5,127,3.1,0,14460.5,Medicaid,Discharged Home,DOC-108
ADM-14760,PAT-1582,2025-12-21 14:29:00,2025-12-22 02:29:00,22,Male,Cardiology,Elective,4,84,0.5,1,3291.0,Aetna,Discharged Home,DOC-118
ADM-14761,PAT-2005,2024-10-19 17:03:00,2024-11-02 14:39:00,10,Female,Neurology,Elective,2,2,13.9,0,36145.0,BlueCross,Transferred,DOC-107
ADM-14762,PAT-1286,2024-01-25 20:37:00,2024-01-30 06:13:00,34,Female,Emergency,Emergency,3,33,4.4,0,14171.5,Medicare,Discharged Home,DOC-111
ADM-14763,PAT-1213,2025-07-23 10:39:00,2025-07-28 17:51:00,39,Male,Orthopedics,Emergency,3,6,5.3,0,12735.0,Medicaid,Discharged Home,DOC-105
ADM-14764,PAT-1773,2024-04-14 06:23:00,2024-04-15 01:35:00,77,Male,General Medicine,Emergency,4,70,0.8,1,1375.0,Medicare,Discharged Home,DOC-122
ADM-14765,PAT-2147,2024-01-08 08:44:00,2024-01-10 03:56:00,30,Female,Orthopedics,Elective,4,112,1.8,0,10202.0,Aetna,Discharged Home,DOC-124
ADM-14766,PAT-1516,2026-05-20 04:24:00,2026-05-23 18:48:00,59,Male,Cardiology,Elective,3,54,3.6,0,10215.0,Medicare,Discharged Home,DOC-113
ADM-14767,PAT-2056,2024-03-09 16:16:00,2024-03-12 04:16:00,49,Male,Emergency,Emergency,3,2,2.5,0,4755.0,Medicare,Discharged Home,DOC-108
ADM-14768,PAT-1760,2024-09-23 21:55:00,2024-09-24 09:55:00,38,Female,Cardiology,Urgent,4,129,0.5,0,8052.5,Medicaid,Discharged Home,DOC-111
ADM-14769,PAT-1014,2025-12-27 17:58:00,2025-12-30 17:58:00,60,Female,General Medicine,Emergency,5,93,3.0,0,9202.5,BlueCross,Discharged Home,DOC-110
ADM-14770,PAT-2095,2025-07-12 22:44:00,2025-07-14 20:20:00,15,Male,General Medicine,Emergency,3,5,1.9,0,2862.5,Medicare,Discharged Home,DOC-114
ADM-14771,PAT-1095,2024-12-24 20:42:00,2024-12-29 01:30:00,70,Male,Emergency,Emergency,3,31,4.2,0,8057.5,Medicaid,Discharged Home,DOC-105
ADM-14772,PAT-1524,2025-01-31 00:31:00,2025-02-01 00:31:00,22,Male,General Medicine,Emergency,4,23,1.0,0,9265.5,BlueCross,Discharged Home,DOC-108
ADM-14773,PAT-1633,2025-02-21 03:38:00,2025-02-23 22:50:00,59,Female,Cardiology,Emergency,5,225,2.8,1,9710.5,Aetna,Discharged Home,DOC-125
ADM-14774,PAT-2185,2025-11-20 15:47:00,2025-11-29 06:11:00,66,Female,Orthopedics,Emergency,1,16,8.6,0,25834.0,Medicare,Discharged Home,DOC-122
ADM-14775,PAT-1162,2026-04-04 10:41:00,2026-04-09 01:05:00,87,Male,Pediatrics,Emergency,3,57,4.6,0,10309.5,Medicaid,Discharged Home,DOC-123
ADM-14776,PAT-1016,2024-05-18 15:06:00,2024-05-24 10:18:00,60,Male,General Medicine,Urgent,3,19,5.8,0,14959.5,Medicaid,Referred to Rehab,DOC-111
ADM-14777,PAT-1788,2026-05-03 20:09:00,2026-05-08 00:57:00,90,Male,General Medicine,Urgent,3,88,4.2,0,6520.0,Medicare,Discharged Home,DOC-109
ADM-14778,PAT-1998,2024-01-30 18:21:00,2024-02-04 08:45:00,62,Male,Emergency,Urgent,1,14,4.6,0,10585.0,Aetna,Discharged Home,DOC-121
ADM-14779,PAT-1091,2024-11-29 18:58:00,2024-12-01 09:22:00,90,Female,Neurology,Elective,2,11,1.6,1,4956.5,Medicare,Discharged Home,DOC-119
ADM-14780,PAT-1501,2026-04-21 14:11:00,2026-04-24 04:35:00,54,Male,Pediatrics,Emergency,3,47,2.6,0,9324.5,BlueCross,Discharged Home,DOC-105
ADM-14781,PAT-2074,2024-11-23 14:19:00,2024-11-25 14:19:00,23,Female,Pediatrics,Emergency,3,13,2.0,0,3232.5,Aetna,Discharged Home,DOC-101
ADM-14782,PAT-2135,2025-11-16 04:06:00,2025-11-17 11:18:00,64,Male,General Medicine,Elective,2,5,1.3,0,8756.5,Medicare,Discharged Home,DOC-101
ADM-14783,PAT-1014,2025-04-12 18:21:00,2025-04-14 15:57:00,8,Male,Emergency,Emergency,3,6,1.9,0,3625.0,Medicare,Discharged Home,DOC-117
ADM-14784,PAT-1981,2024-02-22 06:30:00,2024-02-27 13:42:00,43,Male,General Medicine,Elective,1,2,5.3,1,7955.0,Medicare,AMA (Against Medical Advice),DOC-118
ADM-14785,PAT-1128,2024-07-28 20:08:00,2024-07-29 15:20:00,76,Male,Emergency,Elective,4,47,0.8,0,5344.5,Medicaid,Discharged Home,DOC-112
ADM-14786,PAT-1551,2025-04-01 00:05:00,2025-04-07 00:05:00,3,Male,General Medicine,Emergency,3,13,6.0,0,15094.5,Aetna,Discharged Home,DOC-115
ADM-14787,PAT-1274,2026-05-19 05:16:00,2026-05-21 12:28:00,90,Female,Emergency,Elective,3,11,2.3,0,8246.5,Aetna,Discharged Home,DOC-118
ADM-14788,PAT-1486,2025-07-26 19:53:00,2025-07-28 12:41:00,36,Male,Oncology,Emergency,3,73,1.7,0,11168.5,BlueCross,Discharged Home,DOC-116
ADM-14789,PAT-2320,2024-02-24 20:48:00,2024-02-26 11:12:00,37,Male,Neurology,Emergency,3,12,1.6,0,4190.0,Medicare,Transferred,DOC-108
ADM-14790,PAT-1491,2025-04-11 05:04:00,2025-04-15 02:40:00,62,Female,Cardiology,Urgent,2,5,3.9,0,16752.5,Medicaid,AMA (Against Medical Advice),DOC-113
ADM-14791,PAT-2341,2026-06-27 14:50:00,2026-06-29 00:26:00,38,Male,General Medicine,Elective,1,14,1.4,0,2135.0,BlueCross,Discharged Home,DOC-112
ADM-14792,PAT-1657,2025-08-24 13:58:00,2025-08-27 18:46:00,52,Male,General Medicine,Emergency,3,142,3.2,0,5155.0,Medicaid,Discharged Home,DOC-120
ADM-14793,PAT-2370,2024-03-07 14:37:00,2024-03-15 02:37:00,43,Female,Cardiology,Emergency,1,4,7.5,0,24194.0,UnitedHealth,Discharged Home,DOC-106
ADM-14794,PAT-2335,2024-10-08 11:12:00,2024-10-12 01:36:00,23,Male,General Medicine,Emergency,4,138,3.6,0,13799.0,Medicare,Discharged Home,DOC-103
ADM-14795,PAT-2151,2024-12-11 17:36:00,2024-12-15 08:00:00,33,Female,General Medicine,Emergency,1,4,3.6,0,5410.0,Aetna,Discharged Home,DOC-109
ADM-14796,PAT-2201,2025-03-06 06:16:00,2025-03-07 23:04:00,47,Male,Emergency,Elective,3,2,1.7,0,10123.0,BlueCross,Discharged Home,DOC-113
ADM-14797,PAT-1709,2026-04-28 01:54:00,2026-04-28 23:30:00,67,Male,Cardiology,Elective,3,91,0.9,1,8670.5,Aetna,Expired,DOC-115
ADM-14798,PAT-1042,2026-02-19 22:26:00,2026-02-23 15:14:00,36,Male,Orthopedics,Emergency,3,176,3.7,0,12456.0,BlueCross,Discharged Home,DOC-122
ADM-14799,PAT-1300,2025-05-27 00:50:00,2025-05-27 12:50:00,28,Female,Emergency,Emergency,2,3,0.5,0,5939.5,BlueCross,Discharged Home,DOC-120
ADM-14800,PAT-2492,2024-05-10 07:12:00,2024-05-10 19:12:00,18,Male,General Medicine,Emergency,5,77,0.5,0,942.5,Medicaid,Discharged Home,DOC-123
ADM-14801,PAT-1383,2026-03-14 16:30:00,2026-03-19 21:18:00,37,Female,Emergency,Elective,2,20,5.2,1,10468.0,Medicare,Discharged Home,DOC-112
ADM-14802,PAT-1237,2024-11-11 23:42:00,2024-11-21 11:42:00,66,Male,Orthopedics,Emergency,2,4,9.5,0,22810.0,Medicaid,Expired,DOC-120
ADM-14803,PAT-1736,2025-06-29 16:21:00,2025-07-05 09:09:00,76,Female,General Medicine,Emergency,2,5,5.7,0,12814.5,Medicare,Discharged Home,DOC-102
ADM-14804,PAT-2405,2025-09-24 03:13:00,2025-10-03 22:25:00,75,Male,Pediatrics,Emergency,2,15,9.8,1,21741.5,Medicare,Discharged Home,DOC-123
ADM-14805,PAT-2414,2024-11-10 21:25:00,2024-11-17 09:25:00,91,Female,Oncology,Elective,3,11,6.5,0,21336.5,BlueCross,Discharged Home,DOC-109
ADM-14806,PAT-1275,2024-01-16 10:47:00,2024-01-18 20:23:00,39,Male,Orthopedics,Elective,3,4,2.4,0,10887.0,Medicare,Discharged Home,DOC-112
ADM-14807,PAT-1935,2025-05-28 16:23:00,2025-06-01 16:23:00,70,Male,Emergency,Elective,3,13,4.0,0,7632.5,Aetna,Discharged Home,DOC-112
ADM-14808,PAT-2490,2025-07-24 11:03:00,2025-07-26 13:27:00,29,Female,Neurology,Urgent,3,3,2.1,0,13149.5,Medicare,Discharged Home,DOC-101
ADM-14809,PAT-2484,2025-06-21 05:43:00,2025-06-23 20:07:00,42,Female,Emergency,Emergency,3,216,2.6,0,8518.0,UnitedHealth,Referred to Rehab,DOC-117
ADM-14810,PAT-1968,2024-06-28 11:43:00,2024-07-04 09:19:00,72,Male,General Medicine,Emergency,2,12,5.9,0,8880.0,Self-Pay,Discharged Home,DOC-109
ADM-14811,PAT-1697,2024-05-19 19:58:00,2024-05-28 05:34:00,85,Female,General Medicine,Emergency,2,4,8.4,0,12610.0,Medicare,Discharged Home,DOC-117
ADM-14812,PAT-1586,2025-12-06 23:51:00,2025-12-13 07:03:00,10,Male,Emergency,Elective,2,14,6.3,1,12005.0,Medicaid,Discharged Home,DOC-122
ADM-14813,PAT-1789,2025-03-13 20:35:00,2025-03-25 15:47:00,52,Male,Emergency,Elective,2,18,11.8,1,28279.0,Medicaid,Discharged Home,DOC-103
ADM-14814,PAT-2070,2024-07-21 18:15:00,2024-07-22 11:03:00,58,Male,General Medicine,Emergency,5,102,0.7,0,8813.0,Medicaid,Discharged Home,DOC-121
ADM-14815,PAT-2263,2024-07-01 19:37:00,2024-07-05 02:49:00,28,Male,Emergency,Emergency,3,20,3.3,0,7665.0,Medicare,Discharged Home,DOC-108
ADM-14816,PAT-2326,2026-05-17 15:46:00,2026-05-20 06:10:00,48,Female,Emergency,Emergency,3,8,2.6,0,6123.0,Medicaid,Transferred,DOC-104
ADM-14817,PAT-2461,2026-04-17 06:36:00,2026-04-24 06:36:00,68,Female,Oncology,Emergency,3,131,7.0,0,22027.5,BlueCross,Discharged Home,DOC-118
ADM-14818,PAT-2277,2025-09-10 05:17:00,2025-09-10 17:17:00,64,Female,Oncology,Emergency,4,23,0.5,0,4222.5,BlueCross,Discharged Home,DOC-114
ADM-14819,PAT-2174,2025-10-13 10:26:00,2025-10-15 05:38:00,54,Male,Emergency,Elective,3,111,1.8,0,7395.5,UnitedHealth,Discharged Home,DOC-117
ADM-14820,PAT-2092,2025-02-04 21:34:00,2025-02-09 02:22:00,62,Male,Orthopedics,Emergency,3,66,4.2,0,16484.0,Self-Pay,Discharged Home,DOC-122
ADM-14821,PAT-1984,2025-07-06 09:59:00,2025-07-09 12:23:00,55,Male,Emergency,Elective,3,12,3.1,0,5920.0,Medicaid,Discharged Home,DOC-114
ADM-14822,PAT-2299,2026-05-07 19:15:00,2026-05-09 00:03:00,23,Female,Emergency,Emergency,4,18,1.2,0,3051.0,BlueCross,Discharged Home,DOC-107
ADM-14823,PAT-2358,2024-11-22 23:47:00,2024-11-26 21:23:00,22,Female,Cardiology,Emergency,3,16,3.9,1,13910.0,BlueCross,Discharged Home,DOC-121
ADM-14824,PAT-2088,2025-03-09 19:33:00,2025-03-12 05:09:00,28,Female,Emergency,Emergency,3,86,2.4,0,4775.0,BlueCross,Discharged Home,DOC-104
ADM-14825,PAT-2311,2024-02-05 16:55:00,2024-02-07 07:19:00,73,Male,Neurology,Urgent,2,15,1.6,0,8391.5,BlueCross,Discharged Home,DOC-104
ADM-14826,PAT-2065,2024-06-24 08:03:00,2024-06-28 12:51:00,80,Male,Pediatrics,Emergency,3,16,4.2,0,9403.0,Medicare,Discharged Home,DOC-123
ADM-14827,PAT-1353,2026-02-06 06:10:00,2026-02-06 20:34:00,7,Male,Emergency,Elective,4,53,0.6,0,1272.5,BlueCross,Discharged Home,DOC-104
ADM-14828,PAT-1784,2026-02-28 07:05:00,2026-03-05 11:53:00,43,Female,Neurology,Emergency,3,9,5.2,0,13542.5,Aetna,Discharged Home,DOC-110
ADM-14829,PAT-2222,2025-05-22 23:55:00,2025-05-26 09:31:00,34,Male,General Medicine,Emergency,3,13,3.4,0,5132.5,BlueCross,Discharged Home,DOC-115
ADM-14830,PAT-1525,2025-01-24 00:05:00,2025-01-27 12:05:00,22,Male,Neurology,Emergency,3,2,3.5,0,16594.0,BlueCross,Discharged Home,DOC-108
ADM-14831,PAT-1607,2024-01-03 06:11:00,2024-01-04 01:23:00,24,Female,Emergency,Elective,1,2,0.8,0,9942.0,Medicare,Transferred,DOC-113
ADM-14832,PAT-1426,2024-03-16 13:46:00,2024-03-18 16:10:00,57,Female,Cardiology,Urgent,4,227,2.1,0,11800.5,Medicaid,Discharged Home,DOC-122
ADM-14833,PAT-2014,2024-04-06 12:17:00,2024-04-11 00:17:00,2,Male,Pediatrics,Elective,3,117,4.5,0,15166.5,Self-Pay,Transferred,DOC-122
ADM-14834,PAT-2310,2025-10-27 06:45:00,2025-11-04 21:09:00,49,Male,Cardiology,Elective,3,12,8.6,0,32171.0,Medicare,Discharged Home,DOC-102
ADM-14835,PAT-1539,2024-02-22 21:37:00,2024-03-10 14:25:00,57,Female,Emergency,Elective,1,3,16.7,0,33397.5,Medicaid,Discharged Home,DOC-108
ADM-14836,PAT-1683,2024-09-19 01:12:00,2024-09-24 22:48:00,61,Male,Orthopedics,Emergency,2,2,5.9,0,22263.0,Medicaid,Discharged Home,DOC-112
ADM-14837,PAT-1485,2024-08-19 20:55:00,2024-08-23 08:55:00,58,Male,Cardiology,Urgent,3,24,3.5,0,9860.0,BlueCross,Transferred,DOC-121
ADM-14838,PAT-2087,2024-07-20 09:08:00,2024-07-22 09:08:00,57,Male,General Medicine,Emergency,3,17,2.0,0,3042.5,Medicaid,Discharged Home,DOC-125
ADM-14839,PAT-1766,2024-12-08 12:29:00,2024-12-10 19:41:00,35,Male,Emergency,Emergency,2,3,2.3,0,8168.5,Medicaid,Referred to Rehab,DOC-112
ADM-14840,PAT-2208,2026-06-23 07:09:00,2026-06-26 02:21:00,70,Female,Oncology,Emergency,5,27,2.8,0,15619.5,BlueCross,AMA (Against Medical Advice),DOC-117
ADM-14841,PAT-1797,2025-12-29 07:07:00,2025-12-30 11:55:00,82,Female,Orthopedics,Emergency,3,4,1.2,0,10278.0,Aetna,Discharged Home,DOC-117
ADM-14842,PAT-1006,2025-10-06 13:15:00,2025-10-08 01:15:00,37,Female,Emergency,Emergency,3,12,1.5,0,2880.0,Medicaid,Discharged Home,DOC-101
ADM-14843,PAT-1622,2025-04-10 10:44:00,2025-04-18 13:08:00,57,Male,Emergency,Emergency,2,2,8.1,0,15395.0,BlueCross,Discharged Home,DOC-113
ADM-14844,PAT-1710,2025-10-23 13:34:00,2025-11-02 15:58:00,34,Male,Cardiology,Elective,1,5,10.1,0,28292.5,UnitedHealth,Discharged Home,DOC-119
ADM-14845,PAT-2017,2024-07-05 01:26:00,2024-07-05 13:26:00,5,Female,Emergency,Urgent,4,153,0.5,0,1332.5,BlueCross,Discharged Home,DOC-123
ADM-14846,PAT-1131,2026-05-08 03:26:00,2026-05-10 22:38:00,45,Female,General Medicine,Elective,3,17,2.8,0,6759.5,BlueCross,Discharged Home,DOC-108
ADM-14847,PAT-1696,2026-01-05 05:01:00,2026-01-12 00:13:00,42,Female,Pediatrics,Urgent,3,37,6.8,0,19466.5,Medicaid,Referred to Rehab,DOC-118
ADM-14848,PAT-1814,2025-07-21 14:02:00,2025-08-05 04:26:00,22,Male,Emergency,Urgent,2,24,14.6,0,35805.0,Medicare,Referred to Rehab,DOC-104
ADM-14849,PAT-1552,2024-12-03 10:10:00,2024-12-04 22:10:00,40,Female,General Medicine,Emergency,3,21,1.5,0,2302.5,Medicaid,Discharged Home,DOC-120
ADM-14850,PAT-1319,2024-08-24 23:35:00,2024-08-25 18:47:00,53,Male,Neurology,Emergency,3,106,0.8,0,2345.0,BlueCross,Discharged Home,DOC-101
ADM-14851,PAT-1055,2025-07-11 22:30:00,2025-07-19 15:18:00,24,Male,Cardiology,Elective,2,14,7.7,0,24263.0,Medicare,Expired,DOC-111
ADM-14852,PAT-1125,2024-08-23 05:31:00,2024-08-27 17:31:00,49,Female,Emergency,Emergency,3,13,4.5,0,17054.5,BlueCross,Discharged Home,DOC-121
ADM-14853,PAT-1992,2025-02-21 16:39:00,2025-02-26 21:27:00,23,Female,Orthopedics,Elective,3,124,5.2,1,15631.0,Aetna,Discharged Home,DOC-125
ADM-14854,PAT-2100,2025-01-19 02:21:00,2025-01-21 14:21:00,32,Male,Neurology,Emergency,3,23,2.5,0,7085.5,Medicare,Transferred,DOC-101
ADM-14855,PAT-2314,2024-09-08 08:06:00,2024-09-09 00:54:00,65,Female,Emergency,Emergency,4,2,0.7,0,1335.0,BlueCross,Discharged Home,DOC-104
ADM-14856,PAT-2477,2024-03-11 16:43:00,2024-03-12 21:31:00,76,Female,Orthopedics,Emergency,3,43,1.2,0,10975.5,UnitedHealth,Discharged Home,DOC-114
ADM-14857,PAT-1383,2025-12-25 15:22:00,2025-12-28 00:58:00,5,Female,Emergency,Elective,3,4,2.4,0,6671.0,Medicare,Referred to Rehab,DOC-124
ADM-14858,PAT-1373,2024-10-13 14:45:00,2024-10-17 21:57:00,62,Male,Neurology,Emergency,3,38,4.3,0,11275.0,Medicaid,Transferred,DOC-106
ADM-14859,PAT-1328,2024-07-20 17:04:00,2024-07-25 05:04:00,17,Male,Orthopedics,Emergency,3,9,4.5,0,13987.5,Self-Pay,Discharged Home,DOC-106
ADM-14860,PAT-1445,2025-05-11 23:15:00,2025-05-12 11:15:00,37,Male,Orthopedics,Emergency,4,63,0.5,0,1357.5,BlueCross,Discharged Home,DOC-123
ADM-14861,PAT-1596,2024-11-02 02:32:00,2024-11-06 16:56:00,67,Female,Cardiology,Elective,2,6,4.6,0,12895.0,BlueCross,Referred to Rehab,DOC-106
ADM-14862,PAT-1379,2025-11-22 00:53:00,2025-11-22 22:29:00,26,Female,Emergency,Elective,4,81,0.9,0,7059.5,BlueCross,Referred to Rehab,DOC-123
ADM-14863,PAT-1464,2025-12-11 20:56:00,2025-12-18 16:08:00,19,Male,Orthopedics,Emergency,2,10,6.8,0,18455.0,Aetna,Expired,DOC-115
ADM-14864,PAT-1570,2024-07-31 17:49:00,2024-08-04 22:37:00,4,Male,Cardiology,Emergency,1,2,4.2,0,17540.0,Medicaid,Referred to Rehab,DOC-112
ADM-14865,PAT-2278,2024-09-05 01:06:00,2024-09-05 17:54:00,65,Female,General Medicine,Elective,3,55,0.7,0,7786.5,Medicare,Transferred,DOC-118
ADM-14866,PAT-1987,2024-12-19 16:16:00,2024-12-22 13:52:00,57,Male,Emergency,Elective,3,36,2.9,0,5600.0,Self-Pay,Transferred,DOC-123
ADM-14867,PAT-2394,2025-07-26 14:22:00,2025-07-27 07:10:00,46,Male,Emergency,Emergency,3,30,0.7,0,2478.0,BlueCross,Discharged Home,DOC-120
ADM-14868,PAT-1621,2024-10-18 15:55:00,2024-10-19 18:19:00,55,Female,Emergency,Emergency,4,59,1.1,0,4114.5,Aetna,Discharged Home,DOC-104
ADM-14869,PAT-1550,2026-06-09 12:23:00,2026-06-11 17:11:00,91,Female,Emergency,Emergency,3,127,2.2,0,4497.5,Medicaid,Discharged Home,DOC-113
ADM-14870,PAT-2170,2026-02-03 05:53:00,2026-02-17 20:17:00,50,Male,Cardiology,Emergency,2,2,14.6,1,40885.0,Medicaid,Discharged Home,DOC-122
ADM-14871,PAT-1755,2026-02-07 12:33:00,2026-02-08 05:21:00,49,Male,Emergency,Emergency,4,51,0.7,0,7309.5,BlueCross,Discharged Home,DOC-103
ADM-14872,PAT-1292,2025-10-22 17:19:00,2025-10-29 07:43:00,39,Female,Emergency,Emergency,2,28,6.6,0,12610.0,Medicare,Discharged Home,DOC-119
ADM-14873,PAT-1543,2024-11-05 16:30:00,2024-11-17 23:42:00,89,Female,Emergency,Emergency,1,4,12.3,1,23380.0,Medicaid,Discharged Home,DOC-109
ADM-14874,PAT-1349,2026-01-02 05:19:00,2026-01-08 05:19:00,44,Male,General Medicine,Emergency,2,5,6.0,0,9012.5,Medicare,Transferred,DOC-124
ADM-14875,PAT-2500,2024-10-29 07:31:00,2024-10-29 21:55:00,59,Male,Emergency,Elective,4,6,0.6,0,1155.0,Medicare,Discharged Home,DOC-125
ADM-14876,PAT-1425,2024-07-13 04:05:00,2024-07-13 11:17:00,57,Female,Emergency,Elective,4,69,0.3,0,742.5,Medicare,AMA (Against Medical Advice),DOC-114
ADM-14877,PAT-2092,2024-09-03 02:39:00,2024-09-05 09:51:00,46,Female,Cardiology,Urgent,4,51,2.3,0,8593.5,Medicare,Referred to Rehab,DOC-112
ADM-14878,PAT-1334,2025-03-24 18:44:00,2025-03-25 13:56:00,85,Female,Emergency,Elective,4,21,0.8,0,7401.5,BlueCross,Discharged Home,DOC-113
ADM-14879,PAT-1594,2024-02-07 15:55:00,2024-02-11 18:19:00,62,Male,Emergency,Elective,3,2,4.1,1,14332.0,BlueCross,Discharged Home,DOC-117
ADM-14880,PAT-1162,2024-05-18 10:02:00,2024-05-20 12:26:00,48,Male,Cardiology,Emergency,2,7,2.1,0,14342.5,Aetna,Discharged Home,DOC-125
ADM-14881,PAT-1018,2024-05-11 03:34:00,2024-05-15 05:58:00,65,Female,Emergency,Emergency,3,15,4.1,0,7827.5,BlueCross,Referred to Rehab,DOC-110
ADM-14882,PAT-2467,2026-04-26 01:51:00,2026-04-29 13:51:00,18,Male,Cardiology,Emergency,3,49,3.5,0,16805.5,BlueCross,Discharged Home,DOC-115
ADM-14883,PAT-1347,2024-02-01 09:40:00,2024-02-07 16:52:00,7,Male,Oncology,Emergency,2,50,6.3,1,21858.0,Aetna,Discharged Home,DOC-114
ADM-14884,PAT-1592,2024-03-01 15:38:00,2024-03-06 15:38:00,48,Male,Oncology,Emergency,3,62,5.0,0,15655.0,Medicare,Discharged Home,DOC-122
ADM-14885,PAT-1423,2024-08-10 03:00:00,2024-08-15 10:12:00,57,Male,Emergency,Emergency,3,10,5.3,0,10095.0,Medicare,Transferred,DOC-115
ADM-14886,PAT-2125,2026-02-28 14:41:00,2026-03-08 05:05:00,58,Male,Emergency,Emergency,2,8,7.6,0,21594.0,Medicaid,Discharged Home,DOC-104
ADM-14887,PAT-1547,2024-03-14 11:20:00,2024-03-15 04:08:00,78,Female,Emergency,Emergency,4,64,0.7,0,2976.0,Medicaid,Discharged Home,DOC-105
ADM-14888,PAT-1937,2024-12-16 07:51:00,2024-12-16 22:15:00,75,Male,Orthopedics,Emergency,3,31,0.6,1,2957.5,Medicaid,Discharged Home,DOC-111
ADM-14889,PAT-1250,2026-06-04 16:04:00,2026-06-06 20:52:00,84,Male,General Medicine,Elective,3,20,2.2,0,5947.0,BlueCross,Discharged Home,DOC-112
ADM-14890,PAT-2262,2024-04-17 22:05:00,2024-05-02 22:05:00,26,Female,Orthopedics,Urgent,2,7,15.0,0,44409.5,UnitedHealth,Discharged Home,DOC-121
ADM-14891,PAT-1521,2024-05-04 23:51:00,2024-05-05 04:39:00,82,Male,Emergency,Emergency,4,167,0.2,0,797.5,Self-Pay,Discharged Home,DOC-106
ADM-14892,PAT-1298,2025-07-12 22:07:00,2025-07-17 14:55:00,50,Male,Emergency,Emergency,2,2,4.7,0,12063.0,Medicare,Discharged Home,DOC-124
ADM-14893,PAT-1362,2026-01-06 01:10:00,2026-01-07 13:10:00,63,Female,Emergency,Urgent,3,105,1.5,0,7122.5,BlueCross,Discharged Home,DOC-105
ADM-14894,PAT-1650,2024-04-11 22:56:00,2024-04-23 06:08:00,84,Male,Neurology,Emergency,1,2,11.3,0,29385.0,Medicare,Discharged Home,DOC-124
ADM-14895,PAT-2341,2026-03-02 09:10:00,2026-03-08 11:34:00,48,Male,Emergency,Elective,3,29,6.1,0,12372.5,Medicaid,Discharged Home,DOC-120
ADM-14896,PAT-2398,2025-12-25 03:46:00,2025-12-27 18:10:00,51,Female,Emergency,Emergency,3,44,2.6,0,10360.0,BlueCross,Discharged Home,DOC-123
ADM-14897,PAT-2316,2026-01-20 02:37:00,2026-01-21 07:25:00,34,Female,Emergency,Emergency,2,20,1.2,0,2330.0,Medicaid,Discharged Home,DOC-109
ADM-14898,PAT-2275,2024-11-01 11:17:00,2024-11-03 23:17:00,43,Male,Orthopedics,Emergency,4,58,2.5,0,7862.0,Medicare,Discharged Home,DOC-109
ADM-14899,PAT-2320,2025-10-02 20:19:00,2025-10-10 22:43:00,88,Female,Emergency,Emergency,3,146,8.1,0,23135.0,Medicare,Discharged Home,DOC-109
ADM-14900,PAT-2123,2026-02-23 05:50:00,2026-03-02 20:14:00,3,Male,Emergency,Elective,3,243,7.6,0,21523.5,Medicaid,Discharged Home,DOC-115
ADM-14901,PAT-1303,2025-04-27 16:59:00,2025-05-04 12:11:00,24,Female,Emergency,Emergency,3,176,6.8,0,15773.0,Medicare,Discharged Home,DOC-115
ADM-14902,PAT-1939,2025-06-06 23:35:00,2025-06-10 21:11:00,20,Male,Emergency,Urgent,2,7,3.9,0,9986.5,Medicare,Discharged Home,DOC-117
ADM-14903,PAT-2248,2024-07-14 03:18:00,2024-07-18 22:30:00,38,Male,Cardiology,Urgent,3,2,4.8,0,17667.0,Self-Pay,Discharged Home,DOC-102
ADM-14904,PAT-2150,2024-03-26 13:13:00,2024-03-28 03:37:00,39,Female,Emergency,Emergency,3,8,1.6,0,3692.0,UnitedHealth,Discharged Home,DOC-105
ADM-14905,PAT-2207,2025-01-25 21:59:00,2025-02-01 21:59:00,49,Male,General Medicine,Emergency,2,2,7.0,1,14291.0,BlueCross,Discharged Home,DOC-122
ADM-14906,PAT-2151,2026-05-21 00:40:00,2026-05-23 05:28:00,59,Male,Cardiology,Urgent,1,2,2.2,0,6678.0,Medicaid,Discharged Home,DOC-120
ADM-14907,PAT-1055,2025-02-04 16:30:00,2025-02-09 18:54:00,92,Female,General Medicine,Urgent,3,12,5.1,0,7680.0,UnitedHealth,Expired,DOC-125
ADM-14908,PAT-2082,2024-02-15 13:21:00,2024-02-16 06:09:00,52,Female,Emergency,Emergency,5,41,0.7,0,5972.5,BlueCross,Discharged Home,DOC-123
ADM-14909,PAT-1697,2025-10-26 01:15:00,2025-10-28 18:03:00,18,Male,Orthopedics,Emergency,4,106,2.7,0,6745.0,Medicare,Discharged Home,DOC-122
ADM-14910,PAT-2246,2025-10-02 21:13:00,2025-10-07 23:37:00,72,Female,Cardiology,Emergency,2,13,5.1,1,14312.5,BlueCross,Referred to Rehab,DOC-123
ADM-14911,PAT-2209,2025-03-17 10:04:00,2025-03-18 00:28:00,44,Female,Cardiology,Emergency,4,228,0.6,1,2250.0,Medicaid,Discharged Home,DOC-119
ADM-14912,PAT-1589,2025-03-03 02:14:00,2025-03-10 04:38:00,79,Male,Neurology,Urgent,2,11,7.1,0,18487.5,Medicaid,Referred to Rehab,DOC-123
ADM-14913,PAT-1368,2026-02-19 21:30:00,2026-02-25 07:06:00,2,Male,Cardiology,Emergency,2,9,5.4,0,21720.5,Medicaid,Discharged Home,DOC-110
ADM-14914,PAT-2251,2025-09-16 00:29:00,2025-09-19 02:53:00,61,Female,Oncology,Elective,4,238,3.1,0,10205.0,UnitedHealth,Discharged Home,DOC-103
ADM-14915,PAT-1921,2026-02-24 16:19:00,2026-03-03 21:07:00,64,Male,Emergency,Urgent,3,7,7.2,0,16923.5,Medicaid,Discharged Home,DOC-123
ADM-14916,PAT-2367,2025-10-19 06:47:00,2025-10-30 23:35:00,26,Female,Emergency,Emergency,3,90,11.7,0,23816.0,Medicaid,Discharged Home,DOC-115
ADM-14917,PAT-1725,2026-01-03 18:22:00,2026-01-04 06:22:00,23,Male,Orthopedics,Emergency,5,9,0.5,0,1222.5,Medicare,Discharged Home,DOC-102
ADM-14918,PAT-1405,2025-07-22 14:39:00,2025-07-29 17:03:00,24,Female,Emergency,Emergency,2,27,7.1,0,17006.5,Medicare,Discharged Home,DOC-116
ADM-14919,PAT-1752,2024-09-11 08:49:00,2024-09-12 08:49:00,73,Female,Orthopedics,Emergency,4,147,1.0,0,7312.5,BlueCross,Discharged Home,DOC-120
ADM-14920,PAT-1279,2024-02-28 15:38:00,2024-03-01 10:50:00,18,Male,Cardiology,Elective,3,23,1.8,0,11843.5,BlueCross,Discharged Home,DOC-101
ADM-14921,PAT-1424,2024-01-04 08:30:00,2024-01-09 08:30:00,71,Male,Emergency,Elective,3,66,5.0,0,16736.0,Medicare,Referred to Rehab,DOC-117
ADM-14922,PAT-1311,2025-09-03 23:23:00,2025-09-05 04:11:00,26,Male,Emergency,Emergency,3,113,1.2,0,7787.5,BlueCross,Discharged Home,DOC-116
ADM-14923,PAT-2442,2025-02-12 02:52:00,2025-02-16 10:04:00,35,Female,Orthopedics,Elective,3,85,4.3,0,15117.5,BlueCross,Discharged Home,DOC-109
ADM-14924,PAT-1639,2026-03-13 20:08:00,2026-03-21 05:44:00,47,Male,Orthopedics,Urgent,3,7,7.4,0,17777.5,Medicare,Discharged Home,DOC-113
ADM-14925,PAT-2469,2025-12-07 05:45:00,2025-12-08 22:33:00,66,Male,Cardiology,Urgent,5,366,1.7,0,11825.0,BlueCross,Discharged Home,DOC-115
ADM-14926,PAT-1270,2026-03-10 22:07:00,2026-03-12 22:07:00,81,Female,General Medicine,Elective,2,3,2.0,1,11260.5,Medicaid,Discharged Home,DOC-124
ADM-14927,PAT-1781,2026-05-21 14:04:00,2026-06-01 18:52:00,41,Female,Emergency,Emergency,2,17,11.2,0,21322.5,Medicare,Referred to Rehab,DOC-105
ADM-14928,PAT-1186,2024-09-13 21:19:00,2024-09-15 14:07:00,56,Female,Orthopedics,Urgent,2,9,1.7,0,6381.5,Medicaid,Discharged Home,DOC-122
ADM-14929,PAT-2198,2025-06-29 01:27:00,2025-07-04 11:03:00,57,Male,Emergency,Emergency,3,9,5.4,0,10282.5,Medicare,Discharged Home,DOC-118
ADM-14930,PAT-1902,2024-09-18 07:38:00,2024-09-22 02:50:00,66,Female,Oncology,Emergency,4,171,3.8,0,19647.5,UnitedHealth,Discharged Home,DOC-122
ADM-14931,PAT-1903,2025-09-27 02:06:00,2025-09-27 14:06:00,91,Male,Orthopedics,Emergency,5,33,0.5,0,5373.5,Medicare,Discharged Home,DOC-125
ADM-14932,PAT-1958,2025-06-25 07:26:00,2025-07-04 21:50:00,58,Male,Oncology,Emergency,3,27,9.6,0,31799.5,Aetna,Discharged Home,DOC-101
ADM-14933,PAT-1026,2025-07-04 11:40:00,2025-07-05 18:52:00,64,Female,Orthopedics,Emergency,3,79,1.3,0,3317.5,Aetna,Discharged Home,DOC-113
ADM-14934,PAT-2483,2026-02-12 14:33:00,2026-02-15 09:45:00,76,Male,Orthopedics,Emergency,3,27,2.8,1,13309.5,Medicaid,Discharged Home,DOC-117
ADM-14935,PAT-2246,2025-03-13 10:49:00,2025-03-14 08:25:00,48,Female,Orthopedics,Elective,5,70,0.9,0,7927.0,Self-Pay,Expired,DOC-122
ADM-14936,PAT-1327,2025-01-04 18:51:00,2025-01-05 06:51:00,22,Female,Cardiology,Emergency,3,2,0.5,0,1405.0,Medicaid,Discharged Home,DOC-118
ADM-14937,PAT-1675,2026-01-09 10:03:00,2026-01-19 02:51:00,40,Female,Emergency,Elective,2,22,9.7,0,19130.0,Medicare,Discharged Home,DOC-119
ADM-14938,PAT-2127,2025-01-21 13:18:00,2025-01-22 13:18:00,77,Female,Emergency,Emergency,5,14,1.0,1,1935.0,Medicare,Referred to Rehab,DOC-109
ADM-14939,PAT-1602,2026-03-23 11:17:00,2026-03-25 13:41:00,75,Female,Emergency,Urgent,3,3,2.1,0,5998.5,BlueCross,Discharged Home,DOC-123
ADM-14940,PAT-1456,2025-05-05 00:34:00,2025-05-11 14:58:00,77,Male,Emergency,Elective,3,14,6.6,0,17997.0,UnitedHealth,Discharged Home,DOC-104
ADM-14941,PAT-2265,2025-06-12 14:30:00,2025-06-22 12:06:00,43,Female,Orthopedics,Emergency,2,14,9.9,0,24915.0,BlueCross,Referred to Rehab,DOC-117
ADM-14942,PAT-2455,2024-07-02 20:41:00,2024-07-04 01:29:00,25,Male,Cardiology,Elective,3,2,1.2,0,8803.0,UnitedHealth,Discharged Home,DOC-124
ADM-14943,PAT-1515,2024-07-23 16:56:00,2024-07-25 19:20:00,26,Male,Emergency,Emergency,2,4,2.1,0,5385.0,Medicaid,Discharged Home,DOC-116
ADM-14944,PAT-2450,2026-04-02 10:31:00,2026-04-04 17:43:00,22,Female,General Medicine,Urgent,3,2,2.3,0,3455.0,BlueCross,Discharged Home,DOC-102
ADM-14945,PAT-1409,2025-03-29 17:21:00,2025-04-02 07:45:00,44,Male,General Medicine,Emergency,2,20,3.6,0,9607.0,BlueCross,Expired,DOC-111
ADM-14946,PAT-1001,2025-05-10 21:44:00,2025-05-12 02:32:00,77,Female,Emergency,Emergency,3,215,1.2,0,10021.5,UnitedHealth,Discharged Home,DOC-102
ADM-14947,PAT-2335,2025-02-02 02:19:00,2025-02-02 23:55:00,77,Male,Oncology,Elective,3,55,0.9,0,2927.5,Aetna,Discharged Home,DOC-116
ADM-14948,PAT-1575,2026-01-22 07:38:00,2026-01-23 02:50:00,70,Female,General Medicine,Elective,5,7,0.8,0,1217.5,Medicaid,Discharged Home,DOC-114
ADM-14949,PAT-2451,2025-12-17 09:01:00,2025-12-17 21:01:00,87,Male,Pediatrics,Emergency,2,4,0.5,0,4722.0,Aetna,Discharged Home,DOC-111
ADM-14950,PAT-1153,2026-02-01 16:54:00,2026-02-02 12:06:00,51,Female,Emergency,Urgent,4,253,0.8,0,2152.5,Medicare,Discharged Home,DOC-109
ADM-14951,PAT-1800,2026-02-23 02:56:00,2026-02-27 02:56:00,20,Female,Orthopedics,Emergency,4,87,4.0,1,12828.5,Medicare,Discharged Home,DOC-124
ADM-14952,PAT-1123,2024-12-01 14:04:00,2024-12-02 18:52:00,89,Male,Orthopedics,Elective,5,86,1.2,0,10067.0,Medicare,Discharged Home,DOC-122
ADM-14953,PAT-1675,2025-10-02 19:00:00,2025-10-04 21:24:00,44,Male,Cardiology,Emergency,2,4,2.1,0,10310.0,Medicare,Discharged Home,DOC-109
ADM-14954,PAT-1000,2024-10-16 11:45:00,2024-10-16 18:57:00,5,Male,Emergency,Urgent,4,156,0.3,0,960.0,Medicaid,Discharged Home,DOC-101
ADM-14955,PAT-1261,2024-12-16 06:10:00,2024-12-16 22:58:00,31,Female,Orthopedics,Elective,5,40,0.7,0,9760.0,Medicare,Discharged Home,DOC-116
ADM-14956,PAT-1741,2024-12-15 23:00:00,2024-12-21 06:12:00,23,Female,Cardiology,Urgent,4,4,5.3,0,15463.0,UnitedHealth,Discharged Home,DOC-110
ADM-14957,PAT-2196,2025-01-04 21:10:00,2025-01-10 18:46:00,78,Female,Emergency,Emergency,2,47,5.9,0,11327.5,Medicare,Discharged Home,DOC-122
ADM-14958,PAT-1611,2025-03-24 01:08:00,2025-03-24 20:20:00,67,Female,General Medicine,Elective,3,229,0.8,0,1772.5,Medicare,Discharged Home,DOC-116
ADM-14959,PAT-1814,2024-03-10 19:11:00,2024-03-15 07:11:00,34,Male,Cardiology,Emergency,2,37,4.5,0,17029.5,Aetna,Discharged Home,DOC-123
ADM-14960,PAT-2242,2026-05-28 08:11:00,2026-05-29 05:47:00,44,Female,Emergency,Emergency,4,101,0.9,0,1962.5,Medicaid,Discharged Home,DOC-117
ADM-14961,PAT-1923,2024-10-04 22:14:00,2024-10-08 10:14:00,45,Male,Neurology,Emergency,3,16,3.5,0,16015.0,Self-Pay,Referred to Rehab,DOC-101
ADM-14962,PAT-1269,2024-11-14 09:13:00,2024-11-19 06:49:00,15,Female,Cardiology,Emergency,3,41,4.9,0,15769.5,Self-Pay,Discharged Home,DOC-102
ADM-14963,PAT-1319,2025-12-16 14:28:00,2025-12-18 09:40:00,44,Female,Neurology,Elective,3,160,1.8,0,8735.0,Medicaid,Referred to Rehab,DOC-121
ADM-14964,PAT-2269,2024-07-23 08:42:00,2024-07-24 23:06:00,68,Female,Cardiology,Elective,3,16,1.6,0,6446.0,UnitedHealth,Discharged Home,DOC-110
ADM-14965,PAT-1899,2025-07-17 15:34:00,2025-07-18 03:34:00,21,Female,Orthopedics,Elective,4,39,0.5,0,1297.5,BlueCross,Discharged Home,DOC-118
ADM-14966,PAT-1174,2024-03-07 16:41:00,2024-03-13 21:29:00,83,Male,Emergency,Urgent,3,103,6.2,0,12037.5,Self-Pay,Discharged Home,DOC-103
ADM-14967,PAT-1480,2024-10-25 00:41:00,2024-11-05 17:29:00,61,Male,General Medicine,Emergency,2,26,11.7,0,19880.0,Aetna,Discharged Home,DOC-119
ADM-14968,PAT-2414,2025-03-10 05:47:00,2025-03-10 20:11:00,59,Male,Emergency,Elective,4,56,0.6,0,5033.0,Medicaid,Discharged Home,DOC-118
ADM-14969,PAT-2070,2025-05-29 04:43:00,2025-05-30 04:43:00,58,Male,Orthopedics,Emergency,4,181,1.0,0,2852.5,Medicare,Discharged Home,DOC-121
ADM-14970,PAT-2290,2025-10-29 18:50:00,2025-10-30 06:50:00,54,Female,Orthopedics,Emergency,5,37,0.5,0,2139.5,Medicaid,Discharged Home,DOC-115
ADM-14971,PAT-1209,2025-06-15 22:43:00,2025-06-19 17:55:00,44,Female,Oncology,Elective,3,68,3.8,0,16220.0,Aetna,Discharged Home,DOC-111
ADM-14972,PAT-1934,2024-06-03 20:23:00,2024-06-06 01:11:00,77,Female,Neurology,Emergency,3,7,2.2,0,6449.5,Medicare,Discharged Home,DOC-107
ADM-14973,PAT-1598,2024-09-14 11:38:00,2024-09-15 02:02:00,25,Male,Oncology,Elective,2,19,0.6,0,1907.5,Medicare,Discharged Home,DOC-116
ADM-14974,PAT-1196,2026-05-28 06:10:00,2026-05-31 10:58:00,56,Male,General Medicine,Elective,2,26,3.2,1,9930.0,Medicaid,Discharged Home,DOC-119
ADM-14975,PAT-1682,2025-04-06 00:53:00,2025-04-13 05:41:00,3,Male,Emergency,Emergency,2,14,7.2,0,18082.0,Self-Pay,Transferred,DOC-122
ADM-14976,PAT-2240,2026-03-23 13:21:00,2026-03-26 03:45:00,77,Male,Neurology,Urgent,3,74,2.6,0,9884.0,BlueCross,Referred to Rehab,DOC-118
ADM-14977,PAT-1402,2024-11-26 00:16:00,2024-11-27 07:28:00,55,Female,Emergency,Emergency,4,124,1.3,0,5285.0,BlueCross,Discharged Home,DOC-124
ADM-14978,PAT-2483,2024-04-12 05:28:00,2024-04-15 07:52:00,73,Male,General Medicine,Emergency,4,36,3.1,0,4740.0,Medicaid,Discharged Home,DOC-113
ADM-14979,PAT-1923,2025-08-16 20:05:00,2025-08-19 03:17:00,42,Female,Pediatrics,Urgent,3,16,2.3,0,7154.0,UnitedHealth,Discharged Home,DOC-125
ADM-14980,PAT-1919,2024-01-02 12:18:00,2024-01-11 12:18:00,53,Female,Neurology,Emergency,2,7,9.0,0,29306.5,Medicare,Discharged Home,DOC-112
ADM-14981,PAT-2130,2026-03-31 07:23:00,2026-03-31 21:47:00,23,Female,Emergency,Elective,5,218,0.6,0,1685.0,Aetna,Discharged Home,DOC-107
ADM-14982,PAT-1811,2025-03-23 17:05:00,2025-03-28 07:29:00,87,Male,General Medicine,Elective,3,4,4.6,0,10845.0,UnitedHealth,Discharged Home,DOC-110
ADM-14983,PAT-2370,2024-02-01 22:35:00,2024-02-03 22:35:00,41,Male,Orthopedics,Emergency,5,21,2.0,0,13172.5,BlueCross,Transferred,DOC-105
ADM-14984,PAT-1844,2025-10-10 00:55:00,2025-10-16 22:31:00,15,Male,Emergency,Emergency,3,26,6.9,0,13175.0,BlueCross,Discharged Home,DOC-101
ADM-14985,PAT-1562,2025-09-22 20:48:00,2025-09-23 23:12:00,64,Male,Emergency,Urgent,3,13,1.1,1,8817.5,Medicaid,Transferred,DOC-120
ADM-14986,PAT-1358,2024-02-21 14:42:00,2024-03-02 02:42:00,77,Female,Emergency,Emergency,2,16,9.5,0,22549.0,Aetna,Discharged Home,DOC-106
ADM-14987,PAT-1122,2024-04-06 04:43:00,2024-04-20 23:55:00,61,Male,Cardiology,Urgent,1,6,14.8,0,43720.0,Medicare,Discharged Home,DOC-124
ADM-14988,PAT-2212,2024-04-17 12:35:00,2024-04-27 22:11:00,90,Male,Emergency,Emergency,2,16,10.4,0,26697.0,BlueCross,Discharged Home,DOC-125
ADM-14989,PAT-2387,2025-03-12 02:41:00,2025-03-22 00:17:00,37,Female,General Medicine,Emergency,1,4,9.9,1,21520.0,Medicaid,Discharged Home,DOC-121
ADM-14990,PAT-1795,2026-01-14 01:03:00,2026-01-16 03:27:00,53,Female,Orthopedics,Elective,3,2,2.1,0,5045.0,Self-Pay,Discharged Home,DOC-122
ADM-14991,PAT-2427,2024-03-22 23:55:00,2024-03-24 09:31:00,59,Male,Pediatrics,Emergency,3,15,1.4,0,3747.5,Medicaid,Discharged Home,DOC-109
ADM-14992,PAT-1432,2024-09-25 06:41:00,2024-09-26 23:29:00,31,Female,Emergency,Urgent,3,111,1.7,0,3507.5,Aetna,Discharged Home,DOC-104
ADM-14993,PAT-1245,2025-08-14 02:47:00,2025-08-18 19:35:00,26,Male,Orthopedics,Emergency,3,2,4.7,0,15667.0,Medicare,Discharged Home,DOC-104
ADM-14994,PAT-2221,2025-09-08 02:16:00,2025-09-09 09:28:00,13,Male,Emergency,Emergency,3,25,1.3,0,2532.5,BlueCross,Discharged Home,DOC-116
ADM-14995,PAT-2317,2024-01-19 12:34:00,2024-01-22 12:34:00,28,Male,General Medicine,Elective,1,16,3.0,0,7519.0,Medicaid,AMA (Against Medical Advice),DOC-107
ADM-14996,PAT-1814,2026-04-24 17:44:00,2026-05-03 12:56:00,36,Female,Emergency,Elective,1,2,8.8,0,16725.0,Medicare,Referred to Rehab,DOC-111
ADM-14997,PAT-2355,2024-10-25 07:10:00,2024-10-26 04:46:00,41,Female,General Medicine,Emergency,3,17,0.9,0,4873.5,Medicare,Discharged Home,DOC-107
ADM-14998,PAT-2341,2024-03-01 00:06:00,2024-03-10 07:18:00,37,Male,Neurology,Emergency,2,42,9.3,1,28176.0,UnitedHealth,Referred to Rehab,DOC-104
ADM-14999,PAT-1761,2025-01-02 07:31:00,2025-01-05 12:19:00,7,Male,Oncology,Emergency,5,94,3.2,0,10155.0,BlueCross,Discharged Home,DOC-114
ADM-15000,PAT-1353,2026-06-03 10:15:00,2026-06-05 15:03:00,39,Male,General Medicine,Emergency,4,63,2.2,1,8015.5,BlueCross,Discharged Home,DOC-114
