loan_id,borrower_id,issue_date,loan_amount,interest_rate,grade,employment_length_years,home_ownership,annual_income,dti_ratio,credit_score,loan_purpose,loan_status,total_principal_paid,total_interest_paid,delinquency_2yrs
LN-20001,BW-13648,2025-08-27,30300,12.47,B,0.8,RENT,66050,23.0,723,Major Purchase,Fully Paid,30300.0,8312.5,1
LN-20002,BW-17623,2026-02-16,12900,6.38,A,6.3,RENT,63032,33.69,815,Debt Consolidation,Current,7983.6,560.29,0
LN-20003,BW-15094,2024-02-14,15400,5.89,A,3.0,RENT,41029,13.73,848,Personal,Fully Paid,15400.0,1995.53,0
LN-20004,BW-22403,2024-03-22,27300,8.32,A,1.4,RENT,73701,30.51,745,Debt Consolidation,Fully Paid,27300.0,4996.99,0
LN-20005,BW-22455,2024-03-14,28800,14.42,C,3.7,MORTGAGE,60660,27.56,647,Debt Consolidation,Current,8717.28,1382.73,0
LN-20006,BW-15354,2026-04-04,4600,16.89,C,5.8,RENT,64393,32.12,679,Debt Consolidation,Fully Paid,4600.0,1709.27,0
LN-20007,BW-16913,2024-09-09,19700,15.14,C,11.0,MORTGAGE,270871,13.74,671,Debt Consolidation,Current,10310.71,1717.15,0
LN-20008,BW-24038,2024-06-05,30800,15.59,C,10.8,MORTGAGE,73724,33.42,635,Debt Consolidation,Fully Paid,30800.0,10563.78,0
LN-20009,BW-23833,2026-01-08,34800,7.62,A,7.4,MORTGAGE,124053,5.38,810,Credit Card Refinance,Fully Paid,34800.0,5833.87,0
LN-20010,BW-18743,2024-09-26,38300,14.22,C,9.3,RENT,57311,33.9,630,Debt Consolidation,Fully Paid,38300.0,11981.77,0
LN-20011,BW-26635,2025-06-27,8600,23.08,E,11.0,OWN,124910,36.47,568,Home Improvement,Current,4810.55,1221.3,0
LN-20012,BW-13665,2024-03-11,5700,21.46,D,11.2,MORTGAGE,40076,21.04,585,Debt Consolidation,Fully Paid,5700.0,2691.08,0
LN-20013,BW-14120,2026-02-12,38700,13.0,B,2.0,RENT,60822,35.65,707,Debt Consolidation,Fully Paid,38700.0,11068.2,0
LN-20014,BW-20214,2025-07-21,4900,10.07,B,5.1,RENT,42236,5.69,694,Debt Consolidation,Current,1627.44,180.27,0
LN-20015,BW-17501,2026-01-10,20700,14.53,C,1.3,MORTGAGE,89644,22.79,672,Debt Consolidation,Current,11232.36,1795.27,0
LN-20016,BW-25498,2025-11-20,20000,14.98,C,9.8,MORTGAGE,56182,29.06,656,Home Improvement,Fully Paid,20000.0,6591.2,0
LN-20017,BW-11986,2025-04-18,7800,18.44,D,5.1,MORTGAGE,41118,11.06,608,Credit Card Refinance,Charged Off,2550.44,235.15,0
LN-20018,BW-28033,2024-03-01,20600,10.25,B,1.6,RENT,91113,33.53,711,Home Improvement,In Grace Period,1043.32,53.47,0
LN-20019,BW-24909,2026-02-04,24200,10.76,B,3.8,RENT,95145,22.89,683,Debt Consolidation,Current,5568.07,659.04,0
LN-20020,BW-27403,2026-06-30,34800,15.92,C,2.3,RENT,55251,18.32,673,Credit Card Refinance,Fully Paid,34800.0,12188.35,0
LN-20021,BW-11302,2024-05-14,14300,6.32,A,7.6,RENT,84262,13.77,831,Debt Consolidation,Current,5433.97,377.77,0
LN-20022,BW-12377,2026-06-19,37500,19.83,D,0.6,MORTGAGE,89802,34.07,588,Debt Consolidation,Charged Off,5081.11,503.79,0
LN-20023,BW-27800,2024-04-28,37700,9.23,A,8.6,MORTGAGE,128770,9.43,753,Debt Consolidation,Current,24333.47,2470.58,2
LN-20024,BW-29819,2024-04-04,36500,15.57,C,2.9,RENT,41235,32.92,646,Small Business,Current,25462.72,4361.0,2
LN-20025,BW-14286,2026-06-23,23500,11.75,B,7.8,OWN,60590,8.69,707,Home Improvement,Fully Paid,23500.0,6074.75,0
LN-20026,BW-22098,2025-01-01,39000,6.73,A,7.2,RENT,93353,6.32,841,Debt Consolidation,Fully Paid,39000.0,5774.34,0
LN-20027,BW-13368,2026-04-10,34900,13.21,B,4.6,MORTGAGE,48346,37.21,695,Debt Consolidation,In Grace Period,6061.72,400.38,2
LN-20028,BW-23491,2026-04-16,34700,11.09,B,9.7,MORTGAGE,67486,12.34,682,Major Purchase,Current,14219.89,1734.68,0
LN-20029,BW-17457,2025-02-13,13000,12.97,B,3.1,OWN,36328,26.17,729,Personal,Current,9180.56,1309.79,0
LN-20030,BW-10904,2024-11-17,18800,9.75,B,1.8,MORTGAGE,61703,29.04,718,Debt Consolidation,Current,14862.18,1593.97,4
LN-20031,BW-16228,2025-09-30,38100,6.96,A,3.4,OWN,44288,35.39,748,Debt Consolidation,Fully Paid,38100.0,5833.87,0
LN-20032,BW-19840,2025-11-24,18300,11.76,B,6.3,MORTGAGE,71377,36.03,692,Personal,Current,5570.82,720.64,0
LN-20033,BW-23306,2025-03-28,25200,7.22,A,6.8,MORTGAGE,69915,15.63,814,Home Improvement,Current,8271.17,656.9,0
LN-20034,BW-15560,2026-04-05,11300,9.96,B,8.1,RENT,83781,15.24,728,Debt Consolidation,Fully Paid,11300.0,2476.06,1
LN-20035,BW-25569,2025-11-02,21000,8.37,A,7.5,RENT,32386,13.05,789,Credit Card Refinance,Current,15447.51,1422.25,0
LN-20036,BW-13492,2025-04-12,11800,7.36,A,9.5,MORTGAGE,61527,33.0,811,Credit Card Refinance,Fully Paid,11800.0,1910.66,0
LN-20037,BW-27404,2025-07-15,36000,20.3,D,11.9,MORTGAGE,49511,19.08,626,Debt Consolidation,Current,10637.81,2375.42,0
LN-20038,BW-24747,2024-10-19,12800,19.73,D,3.5,RENT,135189,7.56,595,Debt Consolidation,Charged Off,1929.65,190.36,0
LN-20039,BW-12640,2025-04-22,18100,12.36,B,2.1,MORTGAGE,130479,15.92,684,Debt Consolidation,Current,5866.22,797.57,0
LN-20040,BW-29139,2026-05-05,30800,17.28,C,11.4,MORTGAGE,74929,33.16,649,Debt Consolidation,Current,19974.09,3796.68,0
LN-20041,BW-29767,2025-02-18,15100,19.74,D,10.8,RENT,45998,27.41,604,Home Improvement,Fully Paid,15100.0,6557.63,0
LN-20042,BW-14182,2024-02-21,7600,17.97,D,11.8,MORTGAGE,47502,20.24,607,Credit Card Refinance,Late 31-120 Days,1126.36,101.2,0
LN-20043,BW-21059,2024-02-23,20100,6.51,A,9.3,RENT,68236,29.72,750,Debt Consolidation,Current,8240.52,590.1,0
LN-20044,BW-11319,2025-07-31,7200,7.99,A,9.2,MORTGAGE,63066,27.09,770,Home Improvement,Current,3448.95,303.13,0
LN-20045,BW-22087,2025-08-12,24200,17.36,C,2.4,RENT,57507,35.65,636,Small Business,Fully Paid,24200.0,9242.46,0
LN-20046,BW-22997,2026-04-04,13800,10.0,B,11.3,MORTGAGE,203662,27.58,729,Debt Consolidation,In Grace Period,4763.12,238.16,0
LN-20047,BW-21377,2025-01-05,33300,9.65,B,6.6,RENT,118159,8.48,706,Small Business,Current,23217.57,2464.55,0
LN-20048,BW-24270,2026-05-22,29900,11.41,B,2.5,MORTGAGE,67701,13.86,732,Credit Card Refinance,Fully Paid,29900.0,7505.5,0
LN-20049,BW-19139,2024-08-05,34400,6.85,A,10.6,MORTGAGE,239350,11.0,803,Credit Card Refinance,Current,12212.39,920.2,0
LN-20050,BW-29534,2024-09-03,17700,17.98,D,8.6,MORTGAGE,118858,23.32,626,Debt Consolidation,Fully Paid,17700.0,7001.41,0
LN-20051,BW-26083,2025-04-29,14000,24.69,E,5.7,RENT,30565,24.19,535,Personal,Fully Paid,14000.0,7604.52,0
LN-20052,BW-28035,2025-07-02,9700,18.61,D,4.3,MORTGAGE,67755,8.95,626,Debt Consolidation,Current,5956.75,1219.41,3
LN-20053,BW-19060,2025-06-30,9200,14.76,C,8.8,MORTGAGE,68547,5.47,653,Credit Card Refinance,Late 16-30 Days,585.62,43.22,2
LN-20054,BW-14137,2024-09-15,15300,7.38,A,7.8,RENT,56724,36.86,796,Credit Card Refinance,Current,7445.55,604.43,0
LN-20055,BW-23130,2025-07-25,5700,16.76,C,6.2,MORTGAGE,94944,13.19,649,Debt Consolidation,Current,3213.61,592.46,0
LN-20056,BW-17395,2025-09-16,14000,21.38,D,9.4,RENT,79525,25.49,607,Major Purchase,Current,3633.56,854.54,0
LN-20057,BW-16914,2025-08-31,2600,15.75,C,3.5,RENT,100720,19.87,640,Home Improvement,Fully Paid,2600.0,900.9,2
LN-20058,BW-19264,2026-04-03,32200,13.2,B,8.6,RENT,44877,24.46,730,Debt Consolidation,Current,14653.68,2127.71,0
LN-20059,BW-14882,2024-10-22,30600,12.69,B,10.9,RENT,34660,23.78,718,Debt Consolidation,Fully Paid,30600.0,8542.91,0
LN-20060,BW-19964,2024-11-26,4000,19.53,D,8.5,MORTGAGE,82799,19.26,618,Debt Consolidation,Current,862.08,185.2,0
LN-20061,BW-28848,2024-10-11,20100,8.55,A,7.3,MORTGAGE,30679,26.5,762,Credit Card Refinance,Current,11079.08,1041.99,0
LN-20062,BW-26112,2025-12-11,34700,10.85,B,11.6,RENT,227375,15.88,686,Credit Card Refinance,Current,20734.99,2474.72,0
LN-20063,BW-28025,2024-01-02,17700,10.05,B,0.9,MORTGAGE,70613,21.98,729,Home Improvement,Fully Paid,17700.0,3913.47,0
LN-20064,BW-23541,2024-05-14,4400,8.0,A,1.1,RENT,73710,13.81,837,Personal,Fully Paid,4400.0,774.4,0
LN-20065,BW-25883,2026-05-11,23200,6.74,A,1.9,MORTGAGE,65683,8.08,741,Debt Consolidation,Current,11063.35,820.24,1
LN-20066,BW-26330,2025-07-18,39300,15.22,C,11.2,OWN,83350,13.04,660,Debt Consolidation,Charged Off,4212.3,320.56,0
LN-20067,BW-14473,2025-08-24,13100,14.64,C,10.4,MORTGAGE,77194,14.85,630,Debt Consolidation,Current,7807.13,1257.26,0
LN-20068,BW-24632,2024-09-01,35100,7.32,A,6.7,MORTGAGE,41309,37.37,781,Debt Consolidation,Current,11938.83,961.31,0
LN-20069,BW-11430,2024-12-05,7200,15.53,C,4.2,MORTGAGE,74985,36.86,632,Credit Card Refinance,Current,5216.5,891.13,0
LN-20070,BW-27234,2025-12-10,38800,5.8,A,11.0,MORTGAGE,59448,16.17,840,Debt Consolidation,Current,9629.74,614.38,0
LN-20071,BW-27485,2024-08-20,26200,7.97,A,4.9,RENT,81979,35.39,770,Debt Consolidation,Current,12062.03,1057.48,0
LN-20072,BW-24538,2024-09-07,15900,16.7,C,2.4,MORTGAGE,51898,19.21,648,Debt Consolidation,Fully Paid,15900.0,5841.66,0
LN-20073,BW-15900,2024-09-17,7900,11.54,B,2.5,RENT,75071,20.22,717,Major Purchase,Current,4740.82,601.8,0
LN-20074,BW-25245,2025-12-07,13700,13.29,B,10.9,OWN,60354,36.75,717,Credit Card Refinance,Current,9688.4,1416.35,3
LN-20075,BW-25833,2025-02-09,3300,21.97,D,1.7,MORTGAGE,42496,32.39,598,Debt Consolidation,Charged Off,725.27,79.67,0
LN-20076,BW-11607,2024-09-13,10700,7.93,A,11.0,MORTGAGE,68757,11.27,785,Credit Card Refinance,Current,6768.36,590.4,0
LN-20077,BW-14481,2024-10-29,30000,5.63,A,7.7,MORTGAGE,31291,7.97,786,Home Improvement,Current,13479.06,834.76,0
LN-20078,BW-27675,2026-04-05,36800,16.84,C,10.6,RENT,117886,36.16,646,Small Business,Fully Paid,36800.0,13633.66,0
LN-20079,BW-13773,2026-05-16,27800,8.94,A,5.9,RENT,199144,18.11,832,Home Improvement,Fully Paid,27800.0,5467.7,0
LN-20080,BW-22929,2025-10-15,12300,12.22,B,0.7,MORTGAGE,236623,17.57,723,Home Improvement,Current,3259.59,438.15,0
LN-20081,BW-10820,2024-11-05,33400,12.13,B,7.6,RENT,48396,35.01,720,Home Improvement,Current,9018.19,1203.3,0
LN-20082,BW-19973,2025-07-07,27600,11.12,B,12.0,MORTGAGE,100388,29.52,703,Small Business,Fully Paid,27600.0,6752.06,0
LN-20083,BW-15063,2025-03-30,3700,9.26,A,10.7,MORTGAGE,82070,17.23,775,Major Purchase,Current,1264.17,128.77,0
LN-20084,BW-22036,2024-04-03,38100,23.31,E,6.8,RENT,53969,32.2,527,Credit Card Refinance,Fully Paid,38100.0,19538.44,0
LN-20085,BW-29567,2024-07-31,5100,12.67,B,11.7,RENT,100963,30.25,693,Credit Card Refinance,Current,3507.94,488.9,0
LN-20086,BW-14835,2025-11-07,11900,9.45,A,9.6,MORTGAGE,50186,10.76,809,Credit Card Refinance,Fully Paid,11900.0,2474.01,2
LN-20087,BW-17796,2025-05-02,22200,18.16,D,7.3,MORTGAGE,30517,29.61,606,Debt Consolidation,Current,9262.36,1850.25,0
LN-20088,BW-24811,2025-02-15,4800,16.11,C,6.3,MORTGAGE,84174,20.81,631,Debt Consolidation,Fully Paid,4800.0,1701.22,3
LN-20089,BW-12408,2025-01-25,24500,18.81,D,10.8,MORTGAGE,40554,28.5,620,Home Improvement,Current,12699.19,2627.59,0
LN-20090,BW-29838,2025-03-01,15200,13.06,B,5.4,RENT,258373,19.97,706,Debt Consolidation,Current,5890.44,846.22,0
LN-20091,BW-18352,2025-01-16,18700,16.84,C,4.8,MORTGAGE,89400,29.57,635,Debt Consolidation,Current,9982.48,1849.15,0
LN-20092,BW-28402,2024-11-15,4400,12.99,B,7.0,MORTGAGE,76923,14.49,726,Major Purchase,Fully Paid,4400.0,1257.43,0
LN-20093,BW-16971,2024-08-19,6800,12.9,B,2.3,MORTGAGE,45800,14.19,703,Debt Consolidation,Current,4808.23,682.29,0
LN-20094,BW-28243,2024-07-04,37100,16.34,C,0.8,OWN,51898,16.58,649,Credit Card Refinance,Fully Paid,37100.0,13336.71,0
LN-20095,BW-23132,2024-11-15,19500,18.55,D,1.3,OWN,31004,10.19,606,Debt Consolidation,Current,12988.98,2650.4,0
LN-20096,BW-12783,2025-09-13,19100,8.2,A,10.7,RENT,153045,18.99,774,Small Business,Fully Paid,19100.0,3445.64,0
LN-20097,BW-26788,2025-09-05,4200,11.66,B,1.8,RENT,57268,18.04,699,Personal,Late 31-120 Days,467.57,27.26,0
LN-20098,BW-14496,2025-12-21,9100,11.54,B,9.3,RENT,92864,17.55,707,Credit Card Refinance,Fully Paid,9100.0,2310.31,0
LN-20099,BW-21605,2025-02-18,14200,13.19,B,1.3,OWN,78589,19.17,735,Major Purchase,Current,6398.75,928.39,0
LN-20100,BW-20642,2024-03-21,18800,12.89,B,2.5,MORTGAGE,73715,18.21,695,Debt Consolidation,Current,7259.9,1029.38,0
LN-20101,BW-20913,2026-01-14,36500,7.62,A,9.5,OWN,83456,16.53,764,Personal,Current,21435.2,1796.7,0
LN-20102,BW-14798,2025-07-31,26000,10.29,B,3.4,RENT,35685,20.31,729,Home Improvement,Current,12202.92,1381.25,0
LN-20103,BW-28497,2025-08-28,26200,17.9,D,7.9,RENT,70719,31.28,608,Major Purchase,Charged Off,5297.67,474.14,0
LN-20104,BW-24808,2026-03-21,16900,20.31,D,0.9,MORTGAGE,42082,24.15,612,Small Business,Fully Paid,16900.0,7551.26,4
LN-20105,BW-16168,2025-10-23,39300,15.36,C,4.2,MORTGAGE,82858,7.78,651,Personal,In Grace Period,4885.9,375.24,0
LN-20106,BW-24398,2025-09-04,17800,13.18,B,6.5,RENT,108849,16.17,704,Personal,Charged Off,4258.93,280.66,0
LN-20107,BW-20803,2024-11-13,27400,10.9,B,1.6,MORTGAGE,101515,35.25,717,Debt Consolidation,Current,16963.01,2033.86,0
LN-20108,BW-29498,2026-04-28,33000,26.22,E,8.7,RENT,121630,27.11,541,Personal,Current,26343.85,7598.09,0
LN-20109,BW-13062,2026-02-23,38200,19.2,D,7.9,MORTGAGE,43874,16.28,591,Debt Consolidation,Current,12832.37,2710.2,0
LN-20110,BW-19692,2025-09-03,35400,13.75,C,10.2,RENT,83272,25.4,651,Debt Consolidation,Fully Paid,35400.0,10708.5,4
LN-20111,BW-15424,2025-04-04,13200,9.38,A,8.8,RENT,108875,29.7,818,Credit Card Refinance,Current,4534.21,467.84,0
LN-20112,BW-25368,2025-03-04,31700,19.63,D,10.9,RENT,129454,21.6,598,Credit Card Refinance,Fully Paid,31700.0,13689.96,0
LN-20113,BW-29813,2025-06-12,37500,9.0,A,2.1,RENT,53420,28.48,810,Debt Consolidation,Current,13913.92,1377.48,0
LN-20114,BW-18938,2024-01-28,33100,5.87,A,5.7,MORTGAGE,59657,34.19,768,Debt Consolidation,Current,14493.58,935.85,0
LN-20115,BW-22653,2024-05-29,29300,13.23,B,11.9,OWN,64716,16.06,733,Debt Consolidation,Current,10903.34,1586.76,0
LN-20116,BW-14547,2025-07-15,12100,17.13,C,9.2,RENT,125328,32.55,631,Debt Consolidation,Current,6840.47,1288.95,0
LN-20117,BW-19440,2025-05-26,19600,8.06,A,3.2,RENT,33992,8.66,819,Major Purchase,Current,4113.28,364.68,0
LN-20118,BW-17927,2025-06-20,9500,23.64,E,8.8,MORTGAGE,78131,27.05,546,Credit Card Refinance,Fully Paid,9500.0,4940.76,4
LN-20119,BW-27828,2024-01-17,39300,5.67,A,6.3,MORTGAGE,46633,13.37,789,Debt Consolidation,Fully Paid,39300.0,4902.28,1
LN-20120,BW-13396,2025-04-20,9100,15.73,C,9.4,MORTGAGE,87906,30.71,671,Debt Consolidation,Current,4432.78,767.0,1
LN-20121,BW-12067,2024-11-13,35700,13.77,C,8.7,MORTGAGE,44997,15.41,642,Debt Consolidation,Fully Paid,35700.0,10814.96,0
LN-20122,BW-27794,2024-05-07,35000,12.96,B,5.9,MORTGAGE,31199,15.95,683,Debt Consolidation,Current,16175.98,2306.05,0
LN-20123,BW-24409,2026-03-31,37200,8.27,A,10.8,RENT,72220,22.14,787,Debt Consolidation,Fully Paid,37200.0,6768.17,0
LN-20124,BW-24110,2026-01-04,13600,13.91,C,7.4,MORTGAGE,106051,19.72,672,Credit Card Refinance,Current,8348.48,1277.4,0
LN-20125,BW-11387,2026-02-06,17700,5.8,A,8.9,RENT,78505,21.93,821,Debt Consolidation,Fully Paid,17700.0,2258.52,0
LN-20126,BW-14678,2025-08-03,16200,6.44,A,10.3,RENT,52281,17.63,822,Debt Consolidation,In Grace Period,1555.71,50.09,0
LN-20127,BW-22155,2024-01-27,13000,11.15,B,4.8,RENT,32519,36.7,721,Credit Card Refinance,Fully Paid,13000.0,3188.9,0
LN-20128,BW-22680,2025-05-17,39900,16.35,C,11.0,RENT,67156,14.42,643,Small Business,Fully Paid,39900.0,14352.03,0
LN-20129,BW-24812,2024-11-03,4900,12.2,B,2.5,MORTGAGE,44585,22.89,725,Credit Card Refinance,Fully Paid,4900.0,1315.16,0
LN-20130,BW-15704,2025-07-21,32100,8.67,A,9.6,MORTGAGE,64696,5.87,770,Debt Consolidation,Fully Paid,32100.0,6122.75,0
LN-20131,BW-28076,2025-02-23,20400,22.0,D,2.0,RENT,105270,18.56,626,Credit Card Refinance,Current,4982.71,1205.82,0
LN-20132,BW-12430,2024-02-26,18700,8.57,A,5.7,RENT,72579,35.05,756,Credit Card Refinance,Fully Paid,18700.0,3525.7,0
LN-20133,BW-19965,2025-07-18,5500,9.08,A,2.4,MORTGAGE,64777,11.48,848,Debt Consolidation,Current,3162.57,315.88,0
LN-20134,BW-13061,2024-03-24,4000,12.89,B,6.3,RENT,35525,33.5,716,Personal,Charged Off,969.74,62.5,0
LN-20135,BW-16907,2025-12-02,20600,8.07,A,9.3,MORTGAGE,43650,31.55,778,Debt Consolidation,Fully Paid,20600.0,3657.32,0
LN-20136,BW-11963,2026-01-21,14200,6.86,A,2.3,MORTGAGE,81736,28.71,758,Small Business,Fully Paid,14200.0,2143.06,0
LN-20137,BW-23065,2024-05-24,7100,24.14,E,2.0,MORTGAGE,167836,19.84,549,Debt Consolidation,Late 16-30 Days,973.15,117.46,0
LN-20138,BW-23701,2025-05-25,21200,14.34,C,3.4,MORTGAGE,71459,21.99,640,Debt Consolidation,Current,10566.55,1666.77,3
LN-20139,BW-26562,2025-10-31,21100,9.79,B,5.8,MORTGAGE,123231,34.12,698,Credit Card Refinance,Fully Paid,21100.0,4544.52,0
LN-20140,BW-10267,2025-07-29,4200,12.58,B,10.2,RENT,44120,6.69,703,Debt Consolidation,Fully Paid,4200.0,1162.39,0
LN-20141,BW-12409,2024-12-13,17300,14.1,C,4.9,RENT,44757,31.23,636,Debt Consolidation,Current,7254.99,1125.25,4
LN-20142,BW-26682,2025-09-12,20300,12.38,B,5.1,MORTGAGE,31319,20.08,731,Debt Consolidation,Fully Paid,20300.0,5528.91,4
LN-20143,BW-20437,2024-01-18,23600,25.51,E,2.4,RENT,39805,20.67,565,Debt Consolidation,Late 31-120 Days,5950.55,758.99,0
LN-20144,BW-29126,2026-01-08,20500,16.41,C,4.0,MORTGAGE,81103,22.3,667,Credit Card Refinance,Fully Paid,20500.0,7400.91,0
LN-20145,BW-14842,2025-12-08,14300,18.44,D,9.9,OWN,37936,10.0,608,Small Business,Late 31-120 Days,2867.81,264.41,0
LN-20146,BW-25453,2024-06-26,20400,20.07,D,10.5,MORTGAGE,59050,17.44,622,Debt Consolidation,Current,10605.48,2341.37,0
LN-20147,BW-18662,2025-12-07,31400,18.59,D,7.5,RENT,36300,28.26,599,Debt Consolidation,Fully Paid,31400.0,12841.97,0
LN-20148,BW-21429,2026-04-03,33200,9.08,A,6.9,RENT,68861,36.5,790,Home Improvement,Fully Paid,33200.0,6632.03,0
LN-20149,BW-21349,2024-05-20,37500,21.24,D,11.1,RENT,81397,27.97,597,Debt Consolidation,Charged Off,10210.02,1084.3,0
LN-20150,BW-11663,2025-11-28,14900,9.8,B,8.2,RENT,64790,20.59,706,Debt Consolidation,Fully Paid,14900.0,3212.44,4
LN-20151,BW-15175,2026-02-26,14500,20.93,D,5.2,RENT,127634,26.31,598,Debt Consolidation,Late 31-120 Days,3222.48,337.23,0
LN-20152,BW-11222,2025-05-22,39900,9.24,A,11.0,RENT,77387,18.1,744,Major Purchase,Fully Paid,39900.0,8110.87,0
LN-20153,BW-19485,2025-07-10,13200,17.22,C,10.6,RENT,122222,37.64,651,Credit Card Refinance,Current,9682.94,1834.14,4
LN-20154,BW-25336,2026-03-20,9500,8.09,A,3.6,MORTGAGE,71672,29.31,831,Debt Consolidation,Fully Paid,9500.0,1690.81,0
LN-20155,BW-16329,2025-05-03,6100,9.94,B,2.5,RENT,78030,37.4,722,Home Improvement,Current,2127.85,232.66,0
LN-20156,BW-17717,2024-05-01,28500,6.55,A,5.6,MORTGAGE,71603,7.05,786,Small Business,Current,8431.16,607.47,0
LN-20157,BW-20190,2025-09-12,20400,6.38,A,8.4,RENT,74088,20.01,757,Debt Consolidation,Current,12671.75,889.3,0
LN-20158,BW-27613,2025-07-31,28900,15.65,C,9.7,MORTGAGE,66218,7.58,663,Credit Card Refinance,Charged Off,8630.47,675.33,0
LN-20159,BW-16624,2024-04-03,10200,19.54,D,7.1,MORTGAGE,60784,24.24,623,Credit Card Refinance,Current,4766.35,1024.48,1
LN-20160,BW-26818,2026-04-16,29600,8.19,A,5.3,RENT,53784,18.07,779,Credit Card Refinance,Charged Off,3414.96,139.84,3
LN-20161,BW-21289,2025-10-18,9200,17.74,D,8.6,RENT,53949,9.47,606,Major Purchase,Current,5405.26,1054.78,0
LN-20162,BW-22533,2025-02-06,6900,16.15,C,5.7,RENT,74619,37.76,652,Debt Consolidation,Fully Paid,6900.0,2451.57,0
LN-20163,BW-17297,2024-10-09,11800,15.67,C,10.1,OWN,69554,16.42,644,Major Purchase,In Grace Period,3688.24,288.97,0
LN-20164,BW-11055,2025-12-21,3800,5.77,A,9.8,RENT,43737,24.73,816,Personal,Current,1317.99,83.65,3
LN-20165,BW-17678,2026-03-02,24100,18.63,D,6.7,RENT,59184,24.06,626,Credit Card Refinance,Fully Paid,24100.0,9877.63,0
LN-20166,BW-19888,2024-06-28,38100,10.67,B,10.6,MORTGAGE,64487,34.03,715,Home Improvement,Fully Paid,38100.0,8943.59,0
LN-20167,BW-26240,2024-07-07,17800,10.84,B,1.0,MORTGAGE,74980,14.9,706,Major Purchase,Current,8617.18,1027.51,0
LN-20168,BW-19854,2024-09-18,22400,13.37,B,10.4,MORTGAGE,34730,17.82,715,Debt Consolidation,Fully Paid,22400.0,6588.74,0
LN-20169,BW-24738,2024-07-11,25100,11.07,B,10.2,OWN,62484,33.83,718,Debt Consolidation,Current,13869.01,1688.83,0
LN-20170,BW-17111,2025-05-05,6900,17.25,C,6.0,RENT,40910,37.99,677,Debt Consolidation,Current,4259.89,808.31,0
LN-20171,BW-22996,2025-01-03,26800,7.02,A,11.0,MORTGAGE,214203,15.18,808,Debt Consolidation,Current,13356.22,1031.37,3
LN-20172,BW-20493,2025-07-20,30300,11.79,B,11.0,RENT,42147,5.54,694,Debt Consolidation,Current,16588.82,2151.4,0
LN-20173,BW-14994,2026-02-20,37900,7.5,A,2.8,MORTGAGE,74894,16.14,823,Debt Consolidation,Current,29558.4,2438.57,0
LN-20174,BW-26075,2025-06-20,39600,6.24,A,5.8,MORTGAGE,61093,36.59,809,Home Improvement,Charged Off,12038.76,375.61,0
LN-20175,BW-11589,2025-01-17,2800,9.87,B,9.3,MORTGAGE,43513,21.69,689,Credit Card Refinance,Late 16-30 Days,675.69,33.35,0
LN-20176,BW-25833,2024-10-20,29600,22.18,E,8.1,MORTGAGE,50434,22.68,553,Debt Consolidation,Charged Off,8700.84,964.92,0
LN-20177,BW-15874,2026-03-25,12000,6.27,A,1.7,RENT,84367,16.7,807,Debt Consolidation,Fully Paid,12000.0,1655.28,0
LN-20178,BW-23304,2025-02-19,26900,8.11,A,5.8,RENT,37969,6.05,849,Debt Consolidation,Fully Paid,26900.0,4799.5,0
LN-20179,BW-11838,2024-04-07,23700,16.12,C,7.8,RENT,35615,33.31,651,Debt Consolidation,Fully Paid,23700.0,8404.97,0
LN-20180,BW-17528,2025-07-31,37200,9.2,A,2.9,RENT,102767,34.68,827,Home Improvement,Fully Paid,37200.0,7529.28,2
LN-20181,BW-10513,2026-05-04,8600,17.22,C,11.6,MORTGAGE,134300,12.94,649,Debt Consolidation,Fully Paid,8600.0,3258.02,0
LN-20182,BW-27713,2025-09-11,11200,5.71,A,4.3,MORTGAGE,34585,7.51,795,Debt Consolidation,Current,8656.65,543.72,0
LN-20183,BW-20694,2025-11-07,18700,10.99,B,0.8,RENT,79528,27.43,704,Small Business,Fully Paid,18700.0,4521.29,0
LN-20184,BW-19678,2024-11-20,26300,11.08,B,9.7,MORTGAGE,55377,29.41,730,Credit Card Refinance,Fully Paid,26300.0,6410.89,2
LN-20185,BW-24573,2024-04-15,23400,10.33,B,4.6,MORTGAGE,162885,21.91,708,Debt Consolidation,Late 31-120 Days,3654.48,188.75,4
LN-20186,BW-20630,2024-09-05,36300,8.62,A,10.4,RENT,112120,34.87,832,Small Business,Current,10953.52,1038.61,0
LN-20187,BW-14549,2024-03-19,18300,10.25,B,3.6,MORTGAGE,82318,20.98,697,Debt Consolidation,Current,14027.56,1581.61,0
LN-20188,BW-26246,2026-04-03,15000,10.79,B,7.3,RENT,175518,25.47,705,Debt Consolidation,Current,6962.01,826.32,0
LN-20189,BW-29477,2025-12-12,38800,6.21,A,2.1,MORTGAGE,116393,14.62,790,Debt Consolidation,Fully Paid,38800.0,5300.86,0
LN-20190,BW-17943,2025-11-29,24700,13.24,B,4.2,RENT,75752,23.01,692,Debt Consolidation,Current,5338.9,777.56,0
LN-20191,BW-16869,2025-11-05,26300,8.19,A,5.5,MORTGAGE,138672,12.99,757,Debt Consolidation,Current,11936.96,1075.4,0
LN-20192,BW-24715,2026-03-20,28400,13.2,B,11.9,RENT,45703,22.94,735,Credit Card Refinance,Current,17635.85,2560.73,0
LN-20193,BW-29458,2025-07-30,8700,12.16,B,7.8,RENT,32784,25.22,702,Debt Consolidation,Fully Paid,8700.0,2327.42,0
LN-20194,BW-23094,2025-08-17,21700,13.98,C,11.6,RENT,40865,22.12,644,Debt Consolidation,Fully Paid,21700.0,6674.05,0
LN-20195,BW-22259,2024-03-28,6400,13.49,B,5.0,RENT,49286,18.73,710,Debt Consolidation,In Grace Period,2126.1,143.41,2
LN-20196,BW-21241,2024-03-09,29600,11.46,B,5.7,RENT,231305,19.93,708,Credit Card Refinance,Current,20308.9,2560.14,2
LN-20197,BW-13583,2024-08-25,23500,7.71,A,8.3,MORTGAGE,65986,36.63,782,Debt Consolidation,Fully Paid,23500.0,3986.07,0
LN-20198,BW-16107,2024-07-29,17100,11.35,B,7.9,MORTGAGE,86914,28.26,707,Credit Card Refinance,Fully Paid,17100.0,4269.87,0
LN-20199,BW-12050,2025-06-24,12300,6.29,A,7.1,RENT,62253,33.47,754,Home Improvement,Fully Paid,12300.0,1702.07,0
LN-20200,BW-22734,2026-03-30,9000,8.88,A,7.5,RENT,57487,27.23,819,Home Improvement,Fully Paid,9000.0,1758.24,0
LN-20201,BW-12777,2025-03-04,28500,10.06,B,8.2,MORTGAGE,100636,21.86,703,Debt Consolidation,Fully Paid,28500.0,6307.62,0
LN-20202,BW-23862,2025-09-26,9500,25.23,E,2.6,MORTGAGE,61354,32.79,528,Debt Consolidation,Late 16-30 Days,1498.26,189.01,1
LN-20203,BW-16393,2025-05-15,18100,15.2,C,9.9,RENT,83125,32.72,661,Home Improvement,Late 31-120 Days,3975.11,302.11,0
LN-20204,BW-17226,2025-05-22,23700,6.17,A,3.9,MORTGAGE,215674,30.49,798,Credit Card Refinance,Current,6349.86,430.96,4
LN-20205,BW-22021,2024-09-10,30100,9.46,A,6.7,OWN,31363,26.57,753,Home Improvement,Current,24067.59,2504.47,0
LN-20206,BW-21422,2025-12-28,24500,18.52,D,10.4,RENT,32850,16.57,627,Debt Consolidation,Current,11194.06,2280.45,0
LN-20207,BW-16770,2024-10-23,14600,25.92,E,9.9,MORTGAGE,119884,28.23,530,Major Purchase,Current,11263.0,3211.31,0
LN-20208,BW-13120,2026-04-28,11900,12.34,B,2.1,MORTGAGE,53886,28.48,688,Small Business,Fully Paid,11900.0,3230.61,0
LN-20209,BW-22868,2024-04-05,26300,7.0,A,6.1,RENT,67611,34.04,749,Debt Consolidation,Current,17091.88,1316.07,0
LN-20210,BW-22093,2025-04-14,30000,8.98,A,5.7,RENT,123140,29.12,848,Debt Consolidation,Fully Paid,30000.0,5926.8,0
LN-20211,BW-12075,2025-08-14,33600,15.53,C,9.7,RENT,43032,16.15,650,Small Business,Charged Off,10272.42,797.65,0
LN-20212,BW-11586,2025-12-06,39700,19.54,D,1.0,RENT,51068,19.12,580,Debt Consolidation,Current,28952.76,6223.11,0
LN-20213,BW-18979,2024-11-08,8700,16.19,C,1.6,MORTGAGE,90402,18.08,671,Personal,Fully Paid,8700.0,3098.77,0
LN-20214,BW-24065,2024-01-10,11000,9.9,B,8.0,RENT,264993,27.44,717,Credit Card Refinance,Late 31-120 Days,1683.79,83.35,3
LN-20215,BW-14331,2026-03-03,35500,10.0,B,6.0,RENT,37502,9.53,703,Debt Consolidation,Fully Paid,35500.0,7810.0,0
LN-20216,BW-14681,2025-02-25,10500,11.32,B,1.3,MORTGAGE,48457,29.69,726,Debt Consolidation,Fully Paid,10500.0,2614.92,0
LN-20217,BW-17118,2026-03-21,15700,7.86,A,1.5,MORTGAGE,59176,19.17,789,Personal,Current,5749.04,497.06,4
LN-20218,BW-29693,2025-09-13,35300,8.89,A,7.4,RENT,49909,11.78,824,Major Purchase,Fully Paid,35300.0,6903.97,0
LN-20219,BW-19684,2024-01-13,24800,18.66,D,7.9,MORTGAGE,82433,22.43,620,Major Purchase,Fully Paid,24800.0,10180.9,0
LN-20220,BW-14324,2024-01-15,5200,26.98,E,4.9,OWN,77582,24.38,569,Debt Consolidation,Late 31-120 Days,322.13,43.46,3
LN-20221,BW-26600,2024-03-26,22700,9.92,B,3.8,MORTGAGE,46418,10.04,714,Debt Consolidation,Fully Paid,22700.0,4954.05,0
LN-20222,BW-16658,2024-02-29,29900,14.81,C,11.7,MORTGAGE,157332,32.93,657,Debt Consolidation,In Grace Period,9788.91,724.87,4
LN-20223,BW-29950,2025-06-13,21100,20.69,D,1.1,OWN,35755,16.44,590,Major Purchase,Fully Paid,21100.0,9604.3,0
LN-20224,BW-15471,2025-12-30,12700,14.91,C,4.8,MORTGAGE,135557,7.11,657,Credit Card Refinance,Fully Paid,12700.0,4165.85,0
LN-20225,BW-26257,2025-11-21,31500,6.97,A,5.7,RENT,53634,34.51,772,Credit Card Refinance,Fully Paid,31500.0,4830.21,0
LN-20226,BW-26673,2024-02-06,9200,19.2,D,0.5,MORTGAGE,88014,36.69,589,Debt Consolidation,Current,6884.99,1454.11,0
LN-20227,BW-23741,2025-11-20,23900,18.79,D,3.1,RENT,77280,8.94,584,Home Improvement,Fully Paid,23900.0,9879.78,4
LN-20228,BW-11504,2024-10-25,19600,10.88,B,11.5,MORTGAGE,80481,17.17,715,Debt Consolidation,Current,7493.97,896.88,0
LN-20229,BW-25201,2025-10-13,3400,6.1,A,4.7,RENT,46166,22.87,792,Debt Consolidation,Current,2469.49,165.7,0
LN-20230,BW-10047,2024-05-25,18200,11.67,B,9.2,RENT,91813,36.72,695,Credit Card Refinance,Fully Paid,18200.0,4672.67,1
LN-20231,BW-27031,2024-03-17,7500,15.87,C,5.3,MORTGAGE,134015,32.06,662,Credit Card Refinance,Current,1780.27,310.78,0
LN-20232,BW-14283,2024-08-27,14700,16.33,C,3.2,RENT,70645,19.94,677,Small Business,Late 31-120 Days,1628.96,133.0,0
LN-20233,BW-29159,2024-07-31,22600,14.82,C,1.8,RENT,114463,36.83,637,Credit Card Refinance,Fully Paid,22600.0,7368.5,0
LN-20234,BW-13929,2025-06-09,11800,18.25,D,1.5,MORTGAGE,99092,16.74,625,Small Business,Charged Off,1647.9,150.37,0
LN-20235,BW-15697,2024-01-13,32600,9.97,B,0.9,MORTGAGE,121435,9.61,686,Home Improvement,Late 31-120 Days,9267.79,462.0,0
LN-20236,BW-16492,2025-10-23,3300,13.18,B,10.0,MORTGAGE,55508,7.13,684,Debt Consolidation,Current,915.01,132.66,0
LN-20237,BW-20864,2025-03-12,21100,16.8,C,1.9,RENT,53319,17.63,655,Debt Consolidation,In Grace Period,2414.15,202.79,2
LN-20238,BW-24614,2025-01-27,20500,15.55,C,10.7,RENT,66108,7.89,665,Debt Consolidation,Late 16-30 Days,2251.67,175.07,0
LN-20239,BW-27229,2025-05-29,20700,11.47,B,3.4,OWN,47814,35.12,730,Credit Card Refinance,Current,7498.81,946.12,4
LN-20240,BW-17176,2024-06-12,24400,15.66,C,0.8,MORTGAGE,53840,12.68,679,Debt Consolidation,Charged Off,6028.25,472.01,0
LN-20241,BW-11832,2025-01-02,14400,10.29,B,9.3,RENT,37189,29.36,717,Debt Consolidation,Current,3123.7,353.57,0
LN-20242,BW-28600,2024-08-26,20900,25.57,E,7.0,RENT,48451,7.98,531,Personal,Current,4429.9,1246.0,0
LN-20243,BW-20870,2024-05-31,35100,9.18,A,11.1,MORTGAGE,58552,6.97,848,Debt Consolidation,Current,26336.74,2659.48,0
LN-20244,BW-27245,2024-06-10,13800,15.89,C,10.4,MORTGAGE,243704,9.5,651,Debt Consolidation,Fully Paid,13800.0,4824.2,0
LN-20245,BW-25964,2026-01-16,28300,11.08,B,8.0,RENT,73385,9.2,726,Debt Consolidation,Charged Off,7375.05,408.58,0
LN-20246,BW-28595,2026-02-02,37600,8.06,A,0.9,RENT,49739,9.64,753,Credit Card Refinance,In Grace Period,5792.02,233.42,0
LN-20247,BW-12907,2024-04-20,5000,23.44,E,9.9,MORTGAGE,209524,13.47,564,Debt Consolidation,Fully Paid,5000.0,2578.4,3
LN-20248,BW-23751,2025-08-14,33600,15.73,C,11.6,MORTGAGE,232074,31.03,636,Debt Consolidation,Fully Paid,33600.0,11627.62,0
LN-20249,BW-15329,2025-01-19,5300,18.75,D,5.7,MORTGAGE,31094,10.61,586,Debt Consolidation,Late 31-120 Days,384.25,36.02,0
LN-20250,BW-13050,2024-07-29,8400,11.97,B,4.4,MORTGAGE,183254,8.34,707,Small Business,Fully Paid,8400.0,2212.06,0
LN-20251,BW-28157,2026-05-10,4400,18.91,D,8.8,RENT,128293,23.87,586,Home Improvement,Current,1023.89,212.98,0
LN-20252,BW-19651,2025-04-29,26400,13.7,C,10.0,MORTGAGE,98086,37.24,640,Debt Consolidation,Current,10164.32,1531.76,0
LN-20253,BW-26026,2024-09-26,16400,14.32,C,10.8,MORTGAGE,38683,19.71,654,Credit Card Refinance,Current,5871.86,924.94,0
LN-20254,BW-28489,2025-07-20,38900,12.75,B,1.2,RENT,33168,24.46,706,Debt Consolidation,Charged Off,6462.53,411.99,0
LN-20255,BW-27547,2025-08-07,34500,9.91,B,8.4,MORTGAGE,65444,6.15,737,Home Improvement,Fully Paid,34500.0,7521.69,0
LN-20256,BW-14831,2025-11-30,4100,8.73,A,1.9,MORTGAGE,61330,7.59,756,Debt Consolidation,Fully Paid,4100.0,787.45,0
LN-20257,BW-14845,2024-10-09,17400,13.94,C,10.1,RENT,38450,15.76,665,Small Business,Current,13055.17,2001.88,4
LN-20258,BW-29253,2024-04-12,24400,6.09,A,6.5,OWN,43749,36.84,815,Debt Consolidation,Current,13117.69,878.75,2
LN-20259,BW-27551,2024-05-27,3900,15.83,C,10.6,RENT,43464,14.09,660,Home Improvement,Fully Paid,3900.0,1358.21,0
LN-20260,BW-23163,2026-03-23,16500,13.19,B,0.9,MORTGAGE,40862,16.15,737,Debt Consolidation,Fully Paid,16500.0,4787.97,0
LN-20261,BW-26109,2026-01-16,31500,13.4,B,10.4,RENT,64940,15.59,708,Debt Consolidation,Current,18500.99,2727.05,1
LN-20262,BW-23342,2025-02-17,5000,7.56,A,9.0,MORTGAGE,74505,28.42,760,Debt Consolidation,Current,3553.89,295.54,0
LN-20263,BW-10948,2026-04-23,28900,7.33,A,2.5,MORTGAGE,53777,14.04,786,Major Purchase,Current,12662.98,1021.02,0
LN-20264,BW-11001,2024-09-21,15400,20.18,D,3.3,RENT,79236,32.64,602,Home Improvement,Current,9444.98,2096.6,0
LN-20265,BW-22666,2026-06-04,26900,8.21,A,1.1,RENT,99507,21.94,774,Small Business,Current,17768.62,1604.68,1
LN-20266,BW-15675,2025-01-20,26600,16.38,C,7.4,RENT,30277,18.99,675,Credit Card Refinance,Fully Paid,26600.0,9585.58,0
LN-20267,BW-17150,2025-07-28,38700,5.53,A,5.9,RENT,47060,32.7,824,Debt Consolidation,Current,21882.14,1331.09,0
LN-20268,BW-13542,2025-10-29,27100,12.96,B,6.0,RENT,68120,36.42,696,Debt Consolidation,Current,7857.85,1120.22,0
LN-20269,BW-11860,2024-10-29,3500,12.25,B,9.8,MORTGAGE,223778,21.41,726,Home Improvement,Current,1578.99,212.77,0
LN-20270,BW-11157,2025-11-18,31900,16.28,C,7.2,RENT,48744,34.92,670,Debt Consolidation,Fully Paid,31900.0,11425.3,0
LN-20271,BW-15570,2026-02-20,12200,11.44,B,10.2,RENT,61871,31.68,727,Credit Card Refinance,Current,9371.48,1179.31,0
LN-20272,BW-12926,2025-04-26,13500,11.05,B,3.1,MORTGAGE,226853,33.09,717,Debt Consolidation,Charged Off,3244.31,179.25,0
LN-20273,BW-12333,2024-05-20,4500,19.93,D,5.9,MORTGAGE,82800,33.19,606,Credit Card Refinance,Current,1825.21,400.14,0
LN-20274,BW-24993,2025-04-07,14300,20.38,D,2.1,MORTGAGE,35909,6.91,591,Major Purchase,Charged Off,3980.52,405.61,1
LN-20275,BW-26042,2024-01-05,18600,20.39,D,9.5,RENT,58481,20.75,605,Debt Consolidation,Late 31-120 Days,2042.73,208.26,0
LN-20276,BW-10461,2024-11-15,11000,8.01,A,10.8,OWN,47400,33.94,771,Home Improvement,In Grace Period,1815.72,72.72,0
LN-20277,BW-15472,2025-12-04,22200,8.41,A,1.3,MORTGAGE,104060,19.31,816,Personal,Current,9005.2,833.07,0
LN-20278,BW-21771,2025-05-31,10400,6.4,A,9.1,MORTGAGE,76437,5.72,756,Small Business,Fully Paid,10400.0,1464.32,0
LN-20279,BW-11224,2024-04-28,33900,12.18,B,4.8,MORTGAGE,152573,6.59,721,Debt Consolidation,Fully Paid,33900.0,9083.84,0
LN-20280,BW-27933,2025-09-29,6300,14.77,C,3.4,RENT,35017,22.17,672,Debt Consolidation,Current,1778.48,288.95,0
LN-20281,BW-13437,2025-06-19,10000,11.54,B,6.4,MORTGAGE,33857,13.68,718,Debt Consolidation,Current,4147.53,526.49,0
LN-20282,BW-15255,2024-04-23,3000,10.89,B,1.0,MORTGAGE,46264,7.94,680,Small Business,Current,1804.24,216.13,0
LN-20283,BW-26767,2026-04-12,12400,15.38,C,1.4,MORTGAGE,33319,6.65,648,Debt Consolidation,In Grace Period,766.73,58.96,0
LN-20284,BW-20246,2025-01-01,27400,13.64,C,5.4,MORTGAGE,134690,10.63,638,Credit Card Refinance,Current,21181.67,3178.1,0
LN-20285,BW-13045,2026-05-21,12700,11.16,B,4.8,MORTGAGE,41230,17.73,709,Small Business,Fully Paid,12700.0,3118.1,0
LN-20286,BW-15465,2024-07-04,32600,9.14,A,1.8,OWN,31921,27.39,801,Credit Card Refinance,Fully Paid,32600.0,6555.21,0
LN-20287,BW-10944,2024-11-17,4200,13.06,B,10.4,MORTGAGE,81660,13.63,708,Major Purchase,Charged Off,1304.1,85.16,0
LN-20288,BW-28895,2024-09-11,6100,8.25,A,8.8,OWN,37339,26.84,819,Personal,Current,3649.18,331.16,0
LN-20289,BW-14871,2024-03-17,34400,15.57,C,10.1,MORTGAGE,53577,33.69,660,Small Business,Current,13497.88,2311.78,0
LN-20290,BW-19114,2026-05-27,32500,13.91,C,1.1,MORTGAGE,74815,19.79,658,Debt Consolidation,Current,12663.2,1937.6,0
LN-20291,BW-10582,2024-11-07,25200,8.8,A,1.7,OWN,43511,25.43,841,Credit Card Refinance,Current,13542.47,1310.91,0
LN-20292,BW-24949,2025-04-29,23500,12.89,B,11.4,MORTGAGE,53557,25.45,701,Small Business,Current,9822.45,1392.73,0
LN-20293,BW-13192,2025-12-19,13400,27.41,E,9.2,RENT,50144,22.23,571,Credit Card Refinance,Late 16-30 Days,4275.45,585.95,0
LN-20294,BW-23409,2024-04-20,31800,10.44,B,1.7,OWN,62291,28.65,732,Debt Consolidation,Current,7247.23,832.27,0
LN-20295,BW-29294,2025-07-20,2700,6.04,A,1.9,MORTGAGE,79976,29.3,803,Credit Card Refinance,Fully Paid,2700.0,358.78,0
LN-20296,BW-25824,2025-05-31,25000,14.0,C,11.1,MORTGAGE,173655,34.13,672,Personal,Fully Paid,25000.0,7700.0,0
LN-20297,BW-29955,2025-09-08,32700,21.87,D,11.0,RENT,67931,9.56,608,Home Improvement,Current,21224.14,5105.89,0
LN-20298,BW-27950,2024-05-15,28200,12.03,B,10.4,RENT,98166,35.4,698,Debt Consolidation,Current,16639.46,2201.9,0
LN-20299,BW-26511,2025-03-03,23900,15.79,C,6.7,RENT,40563,27.02,667,Debt Consolidation,Current,17598.04,3056.6,0
LN-20300,BW-23840,2026-03-15,4600,6.08,A,9.8,MORTGAGE,56978,13.81,825,Debt Consolidation,Current,1711.06,114.44,0
LN-20301,BW-12032,2026-01-27,6300,11.0,B,8.4,MORTGAGE,63370,33.65,708,Debt Consolidation,Fully Paid,6300.0,1524.6,0
LN-20302,BW-28391,2025-12-02,18100,9.21,A,5.0,RENT,68851,31.01,789,Credit Card Refinance,Current,9616.07,974.2,2
LN-20303,BW-16654,2026-01-12,30200,12.54,B,7.6,RENT,64782,11.48,714,Small Business,Fully Paid,30200.0,8331.58,0
LN-20304,BW-15813,2024-05-13,18600,10.07,B,11.8,MORTGAGE,62254,23.37,682,Debt Consolidation,Current,13161.52,1457.9,3
LN-20305,BW-15072,2025-12-25,23100,15.51,C,1.0,RENT,53333,7.41,666,Home Improvement,Current,7668.67,1308.35,0
LN-20306,BW-26552,2024-10-27,27400,6.38,A,2.3,MORTGAGE,76439,15.93,767,Debt Consolidation,Current,17853.66,1252.97,0
LN-20307,BW-28393,2024-02-10,25500,7.28,A,10.0,MORTGAGE,230704,25.5,822,Major Purchase,Fully Paid,25500.0,4084.08,0
LN-20308,BW-13715,2025-05-13,21800,8.79,A,4.9,MORTGAGE,47702,21.79,787,Credit Card Refinance,In Grace Period,6964.76,306.1,4
LN-20309,BW-12698,2025-03-10,31500,10.42,B,11.4,RENT,84945,33.54,720,Home Improvement,Current,10185.45,1167.46,0
LN-20310,BW-24261,2026-03-24,5800,16.4,C,7.9,MORTGAGE,32363,6.79,632,Debt Consolidation,Fully Paid,5800.0,2092.64,1
LN-20311,BW-18475,2026-01-07,6900,13.67,C,5.2,RENT,76506,5.19,673,Debt Consolidation,Fully Paid,6900.0,2075.11,0
LN-20312,BW-29189,2026-02-22,13800,10.73,B,1.0,OWN,73443,7.85,723,Debt Consolidation,Current,5918.1,698.51,0
LN-20313,BW-11009,2024-05-27,23000,12.71,B,6.0,RENT,242497,36.68,734,Debt Consolidation,Current,16840.3,2354.44,0
LN-20314,BW-22226,2024-03-28,17300,13.62,C,11.5,MORTGAGE,30365,23.07,668,Small Business,Current,11227.32,1682.08,0
LN-20315,BW-21267,2025-11-18,12000,10.46,B,2.9,OWN,59336,8.78,733,Small Business,Fully Paid,12000.0,2761.44,0
LN-20316,BW-27984,2024-12-04,29700,14.58,C,5.8,RENT,54794,21.08,642,Debt Consolidation,Current,17902.49,2871.2,0
LN-20317,BW-19343,2025-08-02,14000,6.81,A,7.6,MORTGAGE,70827,24.28,824,Credit Card Refinance,Fully Paid,14000.0,2097.48,0
LN-20318,BW-24034,2024-05-17,18900,16.38,C,2.4,MORTGAGE,40263,32.72,671,Small Business,Fully Paid,18900.0,6810.8,0
LN-20319,BW-25727,2026-04-26,5600,14.29,C,5.8,RENT,41755,14.26,668,Credit Card Refinance,Charged Off,1184.88,84.66,0
LN-20320,BW-12505,2024-02-07,17700,12.77,B,8.9,OWN,30610,24.47,717,Credit Card Refinance,Current,9311.64,1308.01,0
LN-20321,BW-25469,2025-04-20,30000,13.08,B,8.0,RENT,73975,14.6,717,Debt Consolidation,Current,7629.97,1097.8,0
LN-20322,BW-10347,2024-05-29,38100,6.14,A,8.1,RENT,83695,26.76,812,Debt Consolidation,Fully Paid,38100.0,5146.55,0
LN-20323,BW-21757,2026-03-21,27600,6.98,A,1.0,OWN,45979,22.09,745,Debt Consolidation,Fully Paid,27600.0,4238.26,0
LN-20324,BW-24897,2025-07-11,33800,8.03,A,10.6,MORTGAGE,71239,13.69,775,Debt Consolidation,Fully Paid,33800.0,5971.11,0
LN-20325,BW-22403,2026-06-07,21900,17.39,C,4.7,RENT,101488,16.65,644,Debt Consolidation,Current,14795.52,2830.24,0
LN-20326,BW-10216,2024-06-10,13000,9.9,B,6.3,MORTGAGE,78830,9.96,721,Debt Consolidation,Current,8194.96,892.43,1
LN-20327,BW-23586,2024-01-23,8500,15.47,C,9.8,RENT,81557,32.5,667,Credit Card Refinance,In Grace Period,751.11,58.1,0
LN-20328,BW-14414,2025-07-31,21900,6.53,A,7.7,OWN,31284,18.38,763,Credit Card Refinance,Current,15923.61,1143.79,0
LN-20329,BW-19288,2024-05-26,10700,8.97,A,11.4,MORTGAGE,79439,18.56,761,Credit Card Refinance,Current,7407.31,730.88,4
LN-20330,BW-18667,2025-06-19,7500,10.5,B,2.4,RENT,124095,5.55,704,Credit Card Refinance,Fully Paid,7500.0,1732.5,0
LN-20331,BW-23755,2025-05-30,4000,13.12,B,10.0,OWN,96628,30.87,718,Debt Consolidation,Current,1023.66,147.73,0
LN-20332,BW-29774,2026-04-01,28700,19.23,D,6.7,RENT,30039,19.16,582,Credit Card Refinance,Current,18976.53,4014.11,0
LN-20333,BW-28878,2025-02-22,13100,9.14,A,1.6,RENT,66681,33.93,750,Small Business,Fully Paid,13100.0,2634.15,0
LN-20334,BW-28939,2025-03-12,17800,12.28,B,6.5,MORTGAGE,47031,8.52,700,Debt Consolidation,Current,6268.8,846.79,0
LN-20335,BW-23879,2025-07-26,23400,11.21,B,7.0,MORTGAGE,76048,10.9,730,Debt Consolidation,Current,8243.04,1016.45,0
LN-20336,BW-21283,2024-04-12,31900,12.52,B,9.4,RENT,171218,36.33,708,Major Purchase,Current,14046.74,1934.52,0
LN-20337,BW-28041,2025-03-21,7900,8.72,A,7.6,MORTGAGE,110501,35.55,845,Major Purchase,In Grace Period,1018.53,44.41,0
LN-20338,BW-29956,2024-06-28,4700,10.72,B,0.9,RENT,125237,30.53,718,Small Business,Current,2177.9,256.82,0
LN-20339,BW-26978,2024-01-01,3900,12.0,B,3.8,MORTGAGE,31101,12.9,723,Debt Consolidation,Current,983.21,129.78,0
LN-20340,BW-23088,2025-07-16,28900,11.62,B,4.6,RENT,123410,35.33,727,Personal,Fully Paid,28900.0,7388.0,0
LN-20341,BW-29101,2025-02-20,24100,19.6,D,4.5,RENT,64831,13.62,605,Major Purchase,Current,12897.8,2780.77,0
LN-20342,BW-21140,2026-02-14,23600,8.28,A,11.4,MORTGAGE,46819,30.41,788,Credit Card Refinance,Fully Paid,23600.0,4298.98,0
LN-20343,BW-25096,2025-12-19,32100,5.77,A,10.8,MORTGAGE,207586,12.27,821,Debt Consolidation,Current,12500.97,793.44,0
LN-20344,BW-26924,2024-07-01,33300,24.65,E,6.7,MORTGAGE,66270,7.51,567,Debt Consolidation,In Grace Period,5196.84,640.51,0
LN-20345,BW-18817,2024-07-26,35200,10.52,B,2.6,RENT,36231,11.82,695,Debt Consolidation,Current,24703.39,2858.68,0
LN-20346,BW-13495,2025-01-15,38400,16.58,C,1.9,MORTGAGE,125228,32.98,664,Debt Consolidation,Current,19023.52,3469.51,0
LN-20347,BW-28825,2025-06-22,30600,6.62,A,10.5,MORTGAGE,61985,9.23,768,Personal,Current,14901.96,1085.16,0
LN-20348,BW-26465,2025-01-23,2800,7.34,A,4.5,MORTGAGE,79963,27.25,828,Debt Consolidation,Fully Paid,2800.0,452.14,0
LN-20349,BW-18509,2024-08-03,16200,17.34,C,2.7,RENT,263561,21.46,651,Debt Consolidation,Current,10551.34,2012.56,0
LN-20350,BW-23126,2025-03-18,12600,16.78,C,3.7,RENT,58595,12.78,676,Debt Consolidation,Fully Paid,12600.0,4651.42,1
LN-20351,BW-25498,2024-11-19,26100,9.48,A,9.8,MORTGAGE,35787,22.62,848,Small Business,Fully Paid,26100.0,5443.42,0
LN-20352,BW-28420,2024-04-08,12000,9.83,B,10.4,RENT,91487,32.69,732,Small Business,Fully Paid,12000.0,2595.12,0
LN-20353,BW-21828,2024-07-22,35000,11.21,B,4.6,MORTGAGE,48267,36.78,702,Credit Card Refinance,Current,20647.18,2546.0,0
LN-20354,BW-19326,2024-05-28,25500,9.06,A,4.6,MORTGAGE,46726,20.3,788,Credit Card Refinance,Fully Paid,25500.0,5082.66,0
LN-20355,BW-21055,2025-12-28,14300,23.14,E,5.4,OWN,76528,26.55,534,Home Improvement,Charged Off,3480.52,402.7,0
LN-20356,BW-24578,2025-11-08,3400,10.25,B,9.5,RENT,41900,29.02,734,Credit Card Refinance,Current,2197.51,247.77,0
LN-20357,BW-16900,2024-03-26,31400,7.69,A,2.4,RENT,56263,22.29,743,Debt Consolidation,Fully Paid,31400.0,5312.25,0
LN-20358,BW-12762,2026-05-08,26000,12.48,B,8.0,RENT,100032,9.33,708,Credit Card Refinance,Current,5748.42,789.14,0
LN-20359,BW-20656,2025-04-12,22700,14.13,C,10.4,RENT,67853,24.5,674,Debt Consolidation,Fully Paid,22700.0,7056.52,0
LN-20360,BW-28480,2024-09-23,19100,19.97,D,5.5,OWN,70294,17.07,585,Debt Consolidation,Late 31-120 Days,1015.48,101.4,0
LN-20361,BW-14466,2026-03-28,13700,17.29,C,4.5,RENT,50546,30.27,660,Small Business,Fully Paid,13700.0,5211.21,0
LN-20362,BW-10236,2026-04-28,29300,11.14,B,6.8,RENT,76984,26.32,690,Debt Consolidation,Current,10483.19,1284.61,0
LN-20363,BW-17849,2024-05-19,9600,8.74,A,6.4,RENT,38908,7.26,792,Debt Consolidation,Fully Paid,9600.0,1845.89,0
LN-20364,BW-24836,2024-10-15,3300,6.11,A,3.6,RENT,62307,37.09,808,Major Purchase,Fully Paid,3300.0,443.59,0
LN-20365,BW-10268,2025-01-15,32000,10.93,B,3.2,RENT,34937,21.45,699,Home Improvement,Fully Paid,32000.0,7694.72,0
LN-20366,BW-20821,2024-09-13,9300,5.79,A,1.4,RENT,34787,34.56,800,Credit Card Refinance,Fully Paid,9300.0,1184.63,0
LN-20367,BW-13996,2024-04-06,10000,6.49,A,11.7,MORTGAGE,135544,29.27,744,Personal,Current,7892.7,563.46,0
LN-20368,BW-20227,2026-06-27,26400,10.08,B,11.3,MORTGAGE,52765,11.56,710,Debt Consolidation,Late 31-120 Days,6600.22,332.65,0
LN-20369,BW-17732,2024-02-13,32100,15.88,C,7.8,MORTGAGE,212378,5.29,655,Credit Card Refinance,Current,19723.87,3445.37,0
LN-20370,BW-15078,2026-02-16,15200,9.96,B,4.8,RENT,66301,37.0,719,Personal,Current,3585.15,392.79,0
LN-20371,BW-27575,2025-03-25,30900,17.43,C,9.6,MORTGAGE,81972,31.58,671,Credit Card Refinance,Current,6575.88,1260.79,0
LN-20372,BW-14414,2024-07-10,28600,7.74,A,3.4,MORTGAGE,81805,11.26,809,Debt Consolidation,Current,11274.36,959.9,0
LN-20373,BW-29617,2025-04-09,33200,23.09,E,11.0,MORTGAGE,48170,22.87,538,Debt Consolidation,Late 16-30 Days,8014.74,925.3,0
LN-20374,BW-16079,2025-11-30,33200,16.17,C,10.7,RENT,106018,11.27,664,Debt Consolidation,Current,17625.24,3135.0,0
LN-20375,BW-20570,2026-06-13,33800,20.5,D,5.2,RENT,57240,9.28,582,Debt Consolidation,Late 31-120 Days,2775.54,284.49,0
LN-20376,BW-28710,2024-08-01,25200,13.79,C,7.9,RENT,42733,7.34,644,Home Improvement,Current,19077.46,2893.86,0
LN-20377,BW-25337,2024-09-29,29100,27.36,E,9.7,MORTGAGE,31989,32.18,570,Major Purchase,In Grace Period,7865.44,1075.99,0
LN-20378,BW-12553,2025-08-06,9700,7.63,A,11.4,RENT,47022,26.68,764,Home Improvement,Current,2981.19,250.21,0
LN-20379,BW-23604,2024-07-03,35600,20.69,D,9.1,RENT,73460,10.5,607,Home Improvement,Current,17900.24,4073.92,0
LN-20380,BW-27494,2026-01-13,31200,12.89,B,12.0,RENT,105654,19.21,706,Credit Card Refinance,Current,10746.33,1523.72,0
LN-20381,BW-22290,2025-09-02,29700,17.34,C,9.3,MORTGAGE,38325,37.44,630,Debt Consolidation,Charged Off,2688.61,233.1,0
LN-20382,BW-10215,2025-06-07,33300,16.61,C,4.0,MORTGAGE,64079,35.33,674,Personal,Current,25159.93,4596.97,0
LN-20383,BW-25085,2025-08-05,13800,6.43,A,4.6,RENT,67367,23.83,843,Credit Card Refinance,Fully Paid,13800.0,1952.15,0
LN-20384,BW-20639,2025-01-25,3900,11.92,B,9.6,RENT,35665,31.68,699,Home Improvement,Late 31-120 Days,260.43,15.52,0
LN-20385,BW-21400,2026-03-07,25100,8.49,A,10.6,MORTGAGE,199433,5.38,848,Home Improvement,Fully Paid,25100.0,4688.18,4
LN-20386,BW-11349,2025-02-06,4400,12.32,B,4.2,MORTGAGE,106420,29.14,689,Debt Consolidation,Current,2867.5,388.6,0
LN-20387,BW-12951,2025-02-12,23900,10.91,B,3.1,RENT,94701,6.63,710,Debt Consolidation,Current,10494.88,1259.49,0
LN-20388,BW-14272,2025-06-20,23500,12.14,B,9.3,RENT,45758,37.9,692,Debt Consolidation,Current,5710.18,762.54,0
LN-20389,BW-20597,2025-11-02,9600,11.25,B,8.4,MORTGAGE,55872,16.37,702,Home Improvement,Charged Off,1357.88,76.38,0
LN-20390,BW-24490,2024-03-28,8300,14.38,C,7.7,RENT,52942,29.04,653,Debt Consolidation,Charged Off,550.8,39.6,0
LN-20391,BW-14839,2025-07-04,3400,14.79,C,10.5,RENT,39426,11.9,660,Credit Card Refinance,Current,1794.71,291.98,0
LN-20392,BW-27983,2025-12-14,4800,9.77,B,6.1,MORTGAGE,51206,11.62,690,Debt Consolidation,Current,1112.89,119.6,0
LN-20393,BW-10273,2025-06-04,17000,14.74,C,1.3,RENT,73608,37.33,671,Home Improvement,Fully Paid,17000.0,5512.76,2
LN-20394,BW-25881,2024-02-10,23500,11.55,B,10.5,MORTGAGE,47418,28.51,709,Debt Consolidation,Current,12164.76,1545.53,0
LN-20395,BW-22890,2025-05-28,11400,14.99,C,9.1,OWN,72727,37.28,649,Personal,Fully Paid,11400.0,3759.49,2
LN-20396,BW-22686,2025-01-26,27100,14.93,C,10.7,MORTGAGE,68363,7.9,655,Home Improvement,Current,16444.2,2700.63,0
LN-20397,BW-17452,2025-10-30,19300,13.15,B,5.3,RENT,48772,9.35,701,Credit Card Refinance,Fully Paid,19300.0,5583.49,0
LN-20398,BW-16629,2024-06-10,7900,13.48,B,10.4,MORTGAGE,93864,35.79,729,Debt Consolidation,Fully Paid,7900.0,2342.82,0
LN-20399,BW-13879,2026-02-02,38500,13.03,B,2.6,OWN,34768,15.01,706,Debt Consolidation,Fully Paid,38500.0,11036.41,0
LN-20400,BW-18971,2025-09-19,25600,17.72,D,2.2,MORTGAGE,93621,24.98,619,Small Business,Charged Off,3063.16,271.4,0
LN-20401,BW-21772,2025-04-30,9400,12.38,B,1.4,MORTGAGE,58788,17.79,703,Debt Consolidation,Current,2969.99,404.45,0
LN-20402,BW-18842,2025-09-23,38300,9.86,B,11.4,RENT,37292,19.5,739,Home Improvement,Current,15126.1,1640.58,0
LN-20403,BW-18086,2025-10-18,23900,7.08,A,5.4,RENT,222025,22.69,835,Home Improvement,Fully Paid,23900.0,3722.66,0
LN-20404,BW-27060,2026-02-22,4000,7.65,A,1.8,MORTGAGE,44971,17.78,834,Debt Consolidation,Current,918.31,77.28,0
LN-20405,BW-23042,2025-04-19,28400,6.68,A,10.7,RENT,80235,34.82,746,Debt Consolidation,Current,13376.94,982.94,0
LN-20406,BW-13708,2025-12-30,9200,6.79,A,2.6,MORTGAGE,49183,24.48,743,Credit Card Refinance,Current,6711.67,501.29,2
LN-20407,BW-15373,2026-03-21,22100,8.04,A,8.8,MORTGAGE,55977,17.67,750,Credit Card Refinance,Current,12536.08,1108.69,4
LN-20408,BW-22471,2025-03-05,9200,6.15,A,1.0,OWN,71968,28.5,758,Credit Card Refinance,Current,5870.49,397.14,0
LN-20409,BW-19462,2025-05-25,3000,7.99,A,7.7,MORTGAGE,58623,21.42,772,Debt Consolidation,Current,610.35,53.64,0
LN-20410,BW-17794,2024-10-11,2700,9.91,B,3.0,MORTGAGE,79737,34.11,718,Credit Card Refinance,Current,1443.23,157.33,0
LN-20411,BW-11602,2024-12-05,24200,27.56,E,2.6,MORTGAGE,31804,24.91,562,Credit Card Refinance,Fully Paid,24200.0,14672.94,3
LN-20412,BW-15840,2025-01-23,31300,9.23,A,2.4,RENT,61628,15.65,751,Debt Consolidation,Current,20503.54,2081.72,0
LN-20413,BW-12127,2025-09-18,22200,6.82,A,3.9,RENT,34408,27.96,792,Small Business,In Grace Period,4915.3,167.61,0
LN-20414,BW-27332,2024-05-12,39800,14.61,C,11.9,MORTGAGE,68822,16.68,666,Credit Card Refinance,Current,19813.96,3184.3,0
LN-20415,BW-26309,2026-03-26,6900,9.42,A,6.2,RENT,65252,20.34,740,Major Purchase,Current,4891.01,506.81,0
LN-20416,BW-23586,2024-03-10,28400,9.64,B,5.3,RENT,40937,13.4,692,Credit Card Refinance,Current,14313.99,1517.86,0
LN-20417,BW-10200,2025-11-19,14900,16.84,C,1.8,MORTGAGE,110956,16.15,642,Credit Card Refinance,Fully Paid,14900.0,5520.15,0
LN-20418,BW-11165,2026-04-13,36100,13.08,B,7.9,MORTGAGE,126105,20.26,714,Debt Consolidation,Current,23304.38,3353.03,0
LN-20419,BW-19808,2024-10-14,15800,8.7,A,7.0,RENT,98649,37.0,841,Small Business,Fully Paid,15800.0,3024.12,0
LN-20420,BW-22295,2025-12-27,14100,12.97,B,7.7,RENT,35438,33.31,728,Personal,Charged Off,2455.67,159.25,0
LN-20421,BW-17787,2024-04-04,31900,10.28,B,4.8,RENT,64165,30.67,703,Major Purchase,Fully Paid,31900.0,7214.5,3
LN-20422,BW-26385,2026-04-21,7900,14.81,C,2.3,MORTGAGE,133002,33.77,650,Small Business,Current,4026.53,655.96,0
LN-20423,BW-16723,2025-08-31,37500,5.96,A,8.8,MORTGAGE,131772,27.67,779,Credit Card Refinance,Current,14999.02,983.34,0
LN-20424,BW-13378,2024-10-10,14500,16.09,C,6.5,MORTGAGE,122851,11.35,643,Home Improvement,Current,9623.25,1703.22,0
LN-20425,BW-18934,2024-05-24,15600,5.91,A,2.2,RENT,57502,15.51,809,Credit Card Refinance,Current,10645.47,692.06,0
LN-20426,BW-15612,2024-03-29,4400,17.73,D,1.3,OWN,41099,17.66,623,Debt Consolidation,Fully Paid,4400.0,1716.26,4
LN-20427,BW-29423,2024-03-21,30900,8.77,A,7.7,RENT,44609,31.71,831,Small Business,Fully Paid,30900.0,5961.85,0
LN-20428,BW-25259,2024-08-25,29100,14.81,C,7.0,OWN,91375,20.36,671,Debt Consolidation,Current,8329.38,1356.94,0
LN-20429,BW-18455,2024-03-07,14700,27.15,E,11.0,OWN,62017,21.09,576,Debt Consolidation,In Grace Period,2284.85,310.17,0
LN-20430,BW-15596,2025-10-27,32400,15.18,C,3.7,OWN,58349,15.75,675,Debt Consolidation,Charged Off,4556.59,345.85,0
LN-20431,BW-29350,2026-03-14,33000,5.76,A,5.3,RENT,60422,24.5,766,Credit Card Refinance,Current,17830.78,1129.76,0
LN-20432,BW-17738,2025-02-19,33300,6.8,A,2.5,MORTGAGE,92493,10.81,752,Home Improvement,In Grace Period,2751.36,93.55,0
LN-20433,BW-22416,2024-05-30,26400,17.06,C,4.3,RENT,55934,5.01,678,Credit Card Refinance,Current,12455.11,2337.33,0
LN-20434,BW-28937,2024-04-01,29400,21.64,D,5.6,MORTGAGE,70749,35.2,607,Credit Card Refinance,Current,16666.7,3967.34,0
LN-20435,BW-14179,2026-05-31,33300,9.6,B,10.3,RENT,120972,16.86,715,Debt Consolidation,Fully Paid,33300.0,7032.96,3
LN-20436,BW-29338,2024-07-11,27300,7.24,A,5.0,MORTGAGE,75087,20.67,767,Debt Consolidation,Current,19273.71,1534.96,0
LN-20437,BW-23671,2025-03-23,29600,16.13,C,2.3,MORTGAGE,85761,21.06,639,Credit Card Refinance,Current,8331.38,1478.24,3
LN-20438,BW-24943,2024-12-29,23200,25.01,E,10.8,MORTGAGE,77899,19.85,547,Credit Card Refinance,Charged Off,4116.41,514.76,3
LN-20439,BW-17757,2024-04-25,23800,13.73,C,8.7,MORTGAGE,120794,28.26,632,Debt Consolidation,Fully Paid,23800.0,7189.03,0
LN-20440,BW-12623,2026-01-29,5800,17.94,D,2.1,RENT,68313,20.59,619,Debt Consolidation,Current,3487.14,688.15,0
LN-20441,BW-27668,2024-12-05,36500,11.43,B,9.7,MORTGAGE,53459,23.94,712,Debt Consolidation,Current,28336.73,3562.78,0
LN-20442,BW-19476,2025-11-03,24200,17.87,D,2.4,RENT,132643,23.9,610,Small Business,Current,16585.17,3260.15,0
LN-20443,BW-19398,2024-01-15,13000,10.58,B,6.1,RENT,83135,33.31,719,Major Purchase,Fully Paid,13000.0,3025.88,0
LN-20444,BW-29391,2025-06-24,11400,10.62,B,9.0,RENT,74234,10.97,724,Credit Card Refinance,Fully Paid,11400.0,2663.5,0
LN-20445,BW-12765,2025-03-26,31400,26.92,E,11.6,MORTGAGE,49514,12.85,546,Debt Consolidation,Current,9431.62,2792.89,0
LN-20446,BW-21307,2026-02-09,13800,19.64,D,1.1,RENT,38663,29.62,610,Debt Consolidation,Current,4694.72,1014.25,0
LN-20447,BW-22781,2025-06-26,16800,14.73,C,6.0,MORTGAGE,143110,15.42,658,Home Improvement,Current,3773.46,611.41,0
LN-20448,BW-21594,2025-04-17,12100,10.64,B,11.5,MORTGAGE,106953,24.28,686,Small Business,Fully Paid,12100.0,2832.37,0
LN-20449,BW-29291,2024-01-13,27700,14.82,C,9.4,MORTGAGE,47037,32.45,630,Credit Card Refinance,Fully Paid,27700.0,9031.31,0
LN-20450,BW-24612,2026-05-05,4600,9.69,B,4.5,RENT,39283,24.61,685,Debt Consolidation,Fully Paid,4600.0,980.63,0
LN-20451,BW-13990,2024-07-08,36200,15.07,C,8.6,OWN,124629,23.68,678,Debt Consolidation,Current,22349.6,3704.89,0
LN-20452,BW-25301,2024-06-14,31400,12.3,B,8.1,MORTGAGE,32481,15.67,722,Small Business,Fully Paid,31400.0,8496.84,0
LN-20453,BW-12044,2025-09-16,20900,14.29,C,4.9,RENT,209381,35.64,634,Debt Consolidation,Current,12274.36,1929.41,4
LN-20454,BW-24131,2026-03-06,5100,10.0,B,3.0,RENT,78940,29.01,684,Debt Consolidation,Fully Paid,5100.0,1122.0,0
LN-20455,BW-14877,2024-01-04,14900,6.57,A,8.0,RENT,128556,17.91,829,Major Purchase,Current,11382.8,822.63,0
LN-20456,BW-24288,2025-07-02,31700,13.32,B,5.1,MORTGAGE,64802,9.0,732,Credit Card Refinance,Fully Paid,31700.0,9289.37,0
LN-20457,BW-19923,2024-07-26,31000,13.91,C,5.1,OWN,73944,14.57,659,Credit Card Refinance,In Grace Period,1915.78,133.24,0
LN-20458,BW-16258,2024-02-06,18900,15.5,C,3.9,RENT,56998,11.25,670,Credit Card Refinance,In Grace Period,5025.92,389.51,0
LN-20459,BW-26031,2024-02-07,19300,9.36,A,5.0,MORTGAGE,70168,37.86,843,Credit Card Refinance,Current,7770.78,800.08,0
LN-20460,BW-23287,2024-05-24,37200,16.49,C,1.9,RENT,80040,6.22,644,Major Purchase,Current,7865.49,1426.72,0
LN-20461,BW-11500,2025-08-28,19600,17.13,C,3.3,MORTGAGE,50942,10.63,636,Debt Consolidation,Charged Off,5786.73,495.63,4
LN-20462,BW-17227,2026-05-06,24100,6.8,A,1.2,MORTGAGE,245385,9.53,827,Debt Consolidation,Fully Paid,24100.0,3605.36,0
LN-20463,BW-11493,2024-06-17,8800,10.15,B,7.3,RENT,40993,17.21,706,Debt Consolidation,Fully Paid,8800.0,1965.04,0
LN-20464,BW-11333,2025-10-29,9200,9.91,B,2.0,MORTGAGE,42325,7.94,680,Debt Consolidation,Fully Paid,9200.0,2005.78,0
LN-20465,BW-25597,2025-12-09,11500,7.59,A,8.5,RENT,59378,10.76,792,Debt Consolidation,In Grace Period,1196.0,45.39,0
LN-20466,BW-12884,2024-04-07,6900,11.78,B,7.7,OWN,72797,22.5,692,Debt Consolidation,Fully Paid,6900.0,1788.2,0
LN-20467,BW-27685,2025-04-30,28200,14.36,C,6.3,MORTGAGE,63639,36.96,639,Debt Consolidation,Current,8343.13,1317.88,0
LN-20468,BW-11770,2024-04-16,35900,10.9,B,7.9,OWN,39340,19.95,731,Home Improvement,Fully Paid,35900.0,8608.82,0
LN-20469,BW-15763,2024-11-29,29600,9.88,B,2.3,MORTGAGE,118745,24.56,695,Debt Consolidation,Current,19188.26,2085.38,0
LN-20470,BW-17538,2025-04-27,16600,16.48,C,9.5,RENT,202160,12.28,642,Debt Consolidation,Current,3861.22,699.96,0
LN-20471,BW-17083,2024-10-03,9800,6.05,A,11.2,MORTGAGE,44909,16.83,832,Credit Card Refinance,Fully Paid,9800.0,1304.38,4
LN-20472,BW-11954,2024-06-09,10700,14.27,C,3.7,MORTGAGE,80510,14.74,651,Credit Card Refinance,Current,6235.95,978.86,0
LN-20473,BW-15568,2025-04-29,34800,12.94,B,7.1,MORTGAGE,90668,12.14,711,Debt Consolidation,Fully Paid,34800.0,9906.86,0
LN-20474,BW-24028,2024-01-06,38000,7.82,A,9.0,OWN,66242,35.15,815,Debt Consolidation,Current,8608.31,740.49,0
LN-20475,BW-26522,2025-12-10,5600,11.36,B,0.9,MORTGAGE,75843,29.85,695,Credit Card Refinance,Current,4311.78,538.8,2
LN-20476,BW-17833,2024-01-25,34700,14.23,C,7.9,RENT,32973,29.66,659,Small Business,Current,16595.5,2597.69,3
LN-20477,BW-16060,2025-06-27,16900,8.94,A,9.6,MORTGAGE,42137,27.79,749,Credit Card Refinance,In Grace Period,3004.32,134.29,0
LN-20478,BW-27774,2025-01-07,21800,12.47,B,7.1,RENT,55306,35.03,683,Debt Consolidation,Fully Paid,21800.0,5980.61,2
LN-20479,BW-25248,2024-09-01,10200,7.74,A,7.6,MORTGAGE,74015,37.38,839,Credit Card Refinance,Current,6012.12,511.87,0
LN-20480,BW-29009,2024-03-05,28000,21.55,D,10.5,MORTGAGE,64775,14.15,612,Credit Card Refinance,Fully Paid,28000.0,13274.8,0
LN-20481,BW-26431,2025-01-11,36200,12.25,B,6.6,MORTGAGE,131520,19.92,714,Home Improvement,Current,27773.33,3742.46,0
LN-20482,BW-12150,2024-06-17,38400,21.55,D,2.7,MORTGAGE,55722,7.54,598,Major Purchase,Charged Off,9950.39,1072.15,0
LN-20483,BW-16693,2024-10-25,19100,11.45,B,6.5,RENT,69214,26.27,706,Credit Card Refinance,Fully Paid,19100.0,4811.29,1
LN-20484,BW-27026,2025-03-31,28600,7.44,A,7.9,MORTGAGE,127976,32.78,825,Debt Consolidation,Fully Paid,28600.0,4681.25,0
LN-20485,BW-20043,2024-10-18,34200,9.38,A,2.5,RENT,64863,9.9,838,Debt Consolidation,Fully Paid,34200.0,7057.51,1
LN-20486,BW-27541,2025-01-13,24000,5.97,A,3.8,MORTGAGE,60059,19.55,780,Debt Consolidation,Current,12899.82,847.13,2
LN-20487,BW-21267,2024-05-28,17700,10.07,B,2.2,OWN,60656,21.48,681,Debt Consolidation,Current,13393.36,1483.58,4
LN-20488,BW-26626,2025-12-06,36500,8.7,A,4.3,MORTGAGE,81059,19.59,833,Credit Card Refinance,Current,17789.69,1702.47,4
LN-20489,BW-13829,2025-06-23,25300,9.96,B,4.0,MORTGAGE,64442,11.44,683,Debt Consolidation,Fully Paid,25300.0,5543.74,0
LN-20490,BW-19107,2025-09-11,9800,9.4,A,2.8,MORTGAGE,32739,15.49,790,Home Improvement,Current,2289.56,236.74,0
LN-20491,BW-23027,2026-06-14,15700,5.55,A,2.2,MORTGAGE,110305,37.26,784,Major Purchase,Current,5171.85,315.74,0
LN-20492,BW-23618,2024-03-29,7700,20.81,D,9.7,MORTGAGE,251106,24.38,606,Personal,Charged Off,1085.46,112.94,0
LN-20493,BW-27213,2025-04-18,12700,11.2,B,11.8,RENT,32166,10.77,738,Debt Consolidation,Current,8294.96,1021.94,1
LN-20494,BW-22509,2024-08-17,21000,12.85,B,3.8,RENT,52768,29.42,699,Home Improvement,Charged Off,1065.41,68.45,0
LN-20495,BW-25484,2024-10-10,11700,13.14,B,1.9,MORTGAGE,77339,8.94,721,Debt Consolidation,Fully Paid,11700.0,3382.24,0
LN-20496,BW-29624,2026-04-17,28200,27.66,E,9.1,MORTGAGE,81490,37.15,560,Credit Card Refinance,Charged Off,5745.97,794.67,0
LN-20497,BW-18504,2025-01-04,15900,13.03,B,2.4,RENT,59578,6.75,688,Credit Card Refinance,Current,11881.48,1702.97,0
LN-20498,BW-19498,2026-06-12,30700,20.96,D,3.9,RENT,83677,22.94,618,Credit Card Refinance,Charged Off,9317.4,976.46,0
LN-20499,BW-18895,2026-03-08,7600,12.81,B,8.4,MORTGAGE,56281,14.29,680,Debt Consolidation,Fully Paid,7600.0,2141.83,0
LN-20500,BW-15342,2025-06-22,25500,27.19,E,1.7,RENT,82990,32.44,555,Major Purchase,Current,16001.97,4786.03,0
LN-20501,BW-13734,2024-05-22,15600,9.19,A,5.3,MORTGAGE,138664,27.8,801,Home Improvement,Fully Paid,15600.0,3154.01,0
LN-20502,BW-29583,2024-05-25,10800,17.73,D,6.5,MORTGAGE,61286,33.27,587,Major Purchase,Current,4152.14,809.79,0
LN-20503,BW-12575,2025-11-06,9900,12.55,B,5.4,RENT,55095,6.08,682,Small Business,Fully Paid,9900.0,2733.39,0
LN-20504,BW-18290,2024-07-08,10200,8.63,A,1.0,MORTGAGE,50674,34.74,817,Home Improvement,Current,2219.07,210.66,2
LN-20505,BW-28997,2024-01-15,6200,11.57,B,4.5,OWN,82810,24.08,684,Small Business,Current,3902.82,496.71,0
LN-20506,BW-15628,2025-12-15,34400,17.2,C,10.9,OWN,47600,20.67,662,Credit Card Refinance,Fully Paid,34400.0,13016.96,0
LN-20507,BW-13516,2024-05-06,6700,19.86,D,2.6,RENT,112794,37.49,606,Debt Consolidation,Fully Paid,6700.0,2927.36,0
LN-20508,BW-26246,2024-11-15,13100,19.77,D,9.3,RENT,52662,24.81,604,Debt Consolidation,Current,9230.97,2007.46,0
LN-20509,BW-23345,2025-05-18,9200,9.26,A,3.8,RENT,62373,37.96,787,Credit Card Refinance,Current,4027.96,410.29,0
LN-20510,BW-12785,2024-12-12,4900,8.47,A,1.9,MORTGAGE,130550,37.18,761,Debt Consolidation,Fully Paid,4900.0,913.07,0
LN-20511,BW-23247,2025-05-02,26600,8.53,A,1.9,MORTGAGE,211559,18.21,842,Major Purchase,Current,20484.22,1922.03,0
LN-20512,BW-26758,2024-04-11,26100,19.75,D,3.7,MORTGAGE,57081,9.44,594,Debt Consolidation,Current,18222.69,3958.88,0
LN-20513,BW-10876,2025-06-16,31000,16.03,C,11.7,RENT,95010,26.82,636,Debt Consolidation,Current,20944.8,3693.2,0
LN-20514,BW-26315,2024-05-01,39700,17.32,C,6.1,RENT,38574,34.04,632,Small Business,Current,15432.8,2940.26,0
LN-20515,BW-25062,2026-02-21,14200,7.47,A,0.9,MORTGAGE,35795,17.84,757,Debt Consolidation,Fully Paid,14200.0,2333.63,0
LN-20516,BW-28146,2025-01-21,12400,7.53,A,8.4,OWN,48750,24.5,790,Home Improvement,Current,5104.56,422.81,0
LN-20517,BW-20501,2025-10-02,24400,10.96,B,1.2,MORTGAGE,52957,30.25,727,Debt Consolidation,Current,6305.2,760.15,0
LN-20518,BW-21710,2026-06-08,5700,16.13,C,5.2,MORTGAGE,66006,27.7,667,Debt Consolidation,Fully Paid,5700.0,2022.7,0
LN-20519,BW-10645,2025-08-25,12500,7.77,A,6.7,RENT,128108,27.97,793,Debt Consolidation,Charged Off,1811.93,70.39,0
LN-20520,BW-20565,2024-06-19,32900,19.08,D,7.1,MORTGAGE,46002,27.02,612,Debt Consolidation,Current,13752.22,2886.32,0
LN-20521,BW-26284,2026-01-30,17600,22.4,E,7.8,MORTGAGE,64030,12.45,556,Credit Card Refinance,Fully Paid,17600.0,8673.28,0
LN-20522,BW-28946,2026-04-23,15500,19.69,D,1.6,MORTGAGE,67916,7.53,593,Credit Card Refinance,Late 31-120 Days,4514.19,444.42,0
LN-20523,BW-27693,2025-10-04,23000,7.31,A,4.1,MORTGAGE,76366,34.07,837,Credit Card Refinance,Current,16505.4,1327.2,0
LN-20524,BW-16978,2026-01-14,36500,16.75,C,8.1,RENT,45312,35.84,679,Credit Card Refinance,Current,18737.7,3452.42,0
LN-20525,BW-14841,2025-02-26,4900,12.95,B,3.3,MORTGAGE,39839,11.72,738,Credit Card Refinance,Current,1823.91,259.82,4
LN-20526,BW-17737,2025-03-22,14100,6.48,A,5.2,MORTGAGE,33721,21.02,845,Home Improvement,Current,10481.85,747.15,0
LN-20527,BW-18936,2024-01-21,38600,8.08,A,2.1,RENT,38467,21.03,745,Debt Consolidation,In Grace Period,12311.53,497.39,0
LN-20528,BW-19764,2025-08-07,34100,19.35,D,10.5,MORTGAGE,73819,12.79,626,Debt Consolidation,Fully Paid,34100.0,14516.37,0
LN-20529,BW-27103,2024-11-16,25000,9.04,A,8.1,MORTGAGE,101503,30.52,770,Debt Consolidation,Fully Paid,25000.0,4972.0,0
LN-20530,BW-22777,2024-09-17,38900,14.02,C,9.8,MORTGAGE,99288,19.5,643,Small Business,Fully Paid,38900.0,11998.32,4
LN-20531,BW-22278,2024-05-28,38600,25.14,E,8.5,RENT,70742,34.02,535,Debt Consolidation,Charged Off,10217.47,1284.34,0
LN-20532,BW-10690,2024-11-12,11500,16.29,C,7.9,MORTGAGE,49851,23.24,672,Home Improvement,Current,7134.26,1278.39,0
LN-20533,BW-13999,2024-11-04,37300,17.15,C,6.7,RENT,142063,35.29,655,Personal,Late 31-120 Days,11071.1,949.35,0
LN-20534,BW-16893,2024-10-07,26700,13.03,B,10.4,RENT,78761,31.05,729,Debt Consolidation,Fully Paid,26700.0,7653.82,0
LN-20535,BW-26111,2024-09-24,6300,13.02,B,5.9,RENT,71806,10.29,732,Major Purchase,Current,2590.02,370.94,0
LN-20536,BW-27947,2024-05-19,26100,8.07,A,9.0,MORTGAGE,44852,31.1,763,Debt Consolidation,Late 31-120 Days,2871.59,115.87,0
LN-20537,BW-28868,2025-04-07,17900,12.9,B,1.4,RENT,35171,36.0,723,Small Business,Current,11475.75,1628.41,0
LN-20538,BW-29432,2026-06-24,35400,11.03,B,10.0,MORTGAGE,63020,36.18,705,Small Business,Current,7520.4,912.45,4
LN-20539,BW-17494,2024-04-01,18600,9.79,B,10.9,RENT,62994,13.59,719,Debt Consolidation,Fully Paid,18600.0,4006.07,4
LN-20540,BW-13845,2024-07-14,6900,16.83,C,0.7,RENT,47230,28.55,661,Debt Consolidation,Current,4747.53,878.91,0
LN-20541,BW-26192,2024-07-03,29800,13.48,B,4.9,MORTGAGE,44133,11.25,698,Debt Consolidation,Current,8569.46,1270.68,0
LN-20542,BW-18578,2025-12-10,7500,9.93,B,3.2,MORTGAGE,66274,15.67,710,Small Business,Fully Paid,7500.0,1638.45,0
LN-20543,BW-22566,2024-12-28,15000,7.73,A,8.6,MORTGAGE,66793,12.75,746,Debt Consolidation,Fully Paid,15000.0,2550.9,0
LN-20544,BW-29602,2024-05-15,39200,12.02,B,8.7,MORTGAGE,50352,27.15,699,Credit Card Refinance,Current,21000.86,2776.73,0
LN-20545,BW-18529,2024-04-29,22400,9.95,B,2.5,MORTGAGE,115677,9.68,725,Credit Card Refinance,Current,17631.26,1929.74,0
LN-20546,BW-19207,2025-05-18,36000,11.62,B,9.1,MORTGAGE,44093,15.41,707,Personal,Current,10467.32,1337.93,0
LN-20547,BW-24417,2024-04-28,8600,13.74,C,1.1,MORTGAGE,34870,20.42,646,Debt Consolidation,Fully Paid,8600.0,2599.61,0
LN-20548,BW-11336,2024-04-05,35000,14.04,C,5.6,MORTGAGE,81799,9.08,676,Credit Card Refinance,Fully Paid,35000.0,10810.8,0
LN-20549,BW-15514,2024-09-09,9300,11.65,B,9.1,OWN,123244,35.37,716,Credit Card Refinance,Fully Paid,9300.0,2383.59,0
LN-20550,BW-20769,2025-12-25,3600,21.28,D,0.8,RENT,75833,20.19,589,Home Improvement,Fully Paid,3600.0,1685.38,0
LN-20551,BW-18825,2026-03-27,40000,10.87,B,7.3,MORTGAGE,30190,34.93,726,Debt Consolidation,Current,13072.8,1563.11,2
LN-20552,BW-20589,2024-04-01,38700,14.6,C,9.7,MORTGAGE,244559,33.56,645,Credit Card Refinance,Late 16-30 Days,4352.47,317.73,0
LN-20553,BW-23185,2025-12-02,32700,16.72,C,3.8,RENT,268673,15.23,677,Personal,Fully Paid,32700.0,12028.37,0
LN-20554,BW-13149,2024-04-02,12600,13.05,B,10.1,MORTGAGE,46798,24.81,710,Debt Consolidation,Current,8651.12,1241.87,0
LN-20555,BW-24224,2024-06-07,10900,17.4,C,7.8,MORTGAGE,118643,27.65,673,Credit Card Refinance,Current,5628.4,1077.28,0
LN-20556,BW-12751,2024-09-11,28200,10.77,B,3.8,MORTGAGE,55190,14.91,688,Credit Card Refinance,Current,10639.55,1260.47,0
LN-20557,BW-11477,2024-09-17,23800,11.41,B,6.4,OWN,77848,13.36,726,Credit Card Refinance,Fully Paid,23800.0,5974.28,0
LN-20558,BW-10533,2024-10-31,5600,8.87,A,1.8,RENT,61768,33.93,745,Debt Consolidation,Fully Paid,5600.0,1092.78,0
LN-20559,BW-24743,2026-06-11,30500,23.45,E,7.7,MORTGAGE,72370,24.93,525,Credit Card Refinance,Current,14038.52,3621.24,3
LN-20560,BW-13823,2025-09-25,25100,8.98,A,0.7,RENT,80158,21.06,835,Debt Consolidation,Current,14308.18,1413.36,0
LN-20561,BW-22943,2026-05-29,3100,10.34,B,9.8,MORTGAGE,58198,37.03,732,Debt Consolidation,Charged Off,602.44,31.15,1
LN-20562,BW-24279,2024-06-19,20300,8.58,A,10.2,OWN,90643,5.72,758,Small Business,Current,13058.35,1232.45,0
LN-20563,BW-25894,2024-04-15,17200,7.78,A,5.9,MORTGAGE,217289,16.02,846,Personal,Current,10799.12,924.19,0
LN-20564,BW-26243,2025-11-25,24700,15.16,C,9.0,RENT,49524,25.18,662,Personal,Fully Paid,24700.0,8237.94,0
LN-20565,BW-17599,2025-04-29,36000,11.76,B,8.7,RENT,222799,18.77,697,Debt Consolidation,In Grace Period,8525.12,501.28,0
LN-20566,BW-24690,2025-12-02,11200,7.38,A,8.5,OWN,190385,12.25,796,Home Improvement,Current,6286.11,510.31,0
LN-20567,BW-25350,2024-07-31,38900,12.7,B,2.0,RENT,39613,10.35,731,Personal,Current,25267.6,3529.88,0
LN-20568,BW-14230,2024-02-18,13900,17.28,C,2.5,RENT,82256,11.91,661,Debt Consolidation,Fully Paid,13900.0,5284.22,0
LN-20569,BW-18546,2024-08-20,15200,9.72,B,4.6,RENT,35197,8.76,684,Home Improvement,In Grace Period,1781.88,86.6,0
LN-20570,BW-21151,2025-03-24,29000,7.92,A,9.5,OWN,31529,35.58,753,Debt Consolidation,Current,22550.06,1964.56,0
LN-20571,BW-13469,2025-01-05,26100,7.53,A,9.5,RENT,56677,33.74,761,Debt Consolidation,Fully Paid,26100.0,4323.73,0
LN-20572,BW-24467,2025-03-01,7100,10.9,B,9.3,RENT,56508,11.66,688,Debt Consolidation,Fully Paid,7100.0,1702.58,3
LN-20573,BW-21184,2024-06-04,16000,12.39,B,3.8,OWN,237632,26.94,706,Debt Consolidation,Fully Paid,16000.0,4361.28,0
LN-20574,BW-17477,2024-01-31,32300,17.31,C,2.1,MORTGAGE,111825,16.94,663,Debt Consolidation,Current,21385.54,4072.02,0
LN-20575,BW-26952,2024-02-07,18800,28.38,E,11.4,MORTGAGE,105632,17.98,530,Credit Card Refinance,Fully Paid,18800.0,11737.97,0
LN-20576,BW-28827,2026-01-30,23300,13.05,B,1.2,RENT,47032,15.04,724,Debt Consolidation,Fully Paid,23300.0,6689.43,0
LN-20577,BW-19167,2025-12-15,32100,21.51,D,10.9,RENT,34812,26.52,619,Debt Consolidation,In Grace Period,9422.93,1013.44,0
LN-20578,BW-16464,2025-07-07,30300,7.06,A,10.6,MORTGAGE,120222,9.16,832,Debt Consolidation,Fully Paid,30300.0,4706.2,4
LN-20579,BW-20231,2025-06-01,13900,23.64,E,6.5,MORTGAGE,51535,18.95,569,Credit Card Refinance,Charged Off,944.97,111.7,0
LN-20580,BW-26629,2026-04-04,19500,15.83,C,4.6,MORTGAGE,114409,37.44,630,Debt Consolidation,Current,10704.65,1864.0,0
LN-20581,BW-27474,2025-01-21,24000,20.53,D,10.2,RENT,72960,9.62,625,Debt Consolidation,Current,8365.92,1889.28,0
LN-20582,BW-29083,2025-03-11,18000,8.35,A,2.7,MORTGAGE,79774,8.04,846,Credit Card Refinance,Current,8743.53,803.09,0
LN-20583,BW-22101,2025-03-26,21200,8.99,A,8.3,MORTGAGE,243490,18.97,814,Debt Consolidation,Current,16296.27,1611.54,0
LN-20584,BW-23661,2025-06-25,38800,12.37,B,10.0,RENT,83148,21.94,688,Home Improvement,In Grace Period,4415.16,273.08,0
LN-20585,BW-15139,2024-06-05,23900,14.03,C,11.4,RENT,42102,6.33,653,Home Improvement,Late 16-30 Days,3381.31,237.2,0
LN-20586,BW-19633,2024-07-06,13900,9.79,B,6.1,MORTGAGE,34681,14.35,737,Debt Consolidation,Fully Paid,13900.0,2993.78,0
LN-20587,BW-14008,2025-01-21,19500,15.83,C,6.8,MORTGAGE,52929,16.15,666,Debt Consolidation,Fully Paid,19500.0,6791.07,0
LN-20588,BW-29847,2024-11-29,19300,26.97,E,2.0,MORTGAGE,83081,33.59,562,Debt Consolidation,Charged Off,4582.42,617.94,0
LN-20589,BW-22688,2026-06-05,30100,9.33,A,3.2,OWN,42956,26.32,796,Home Improvement,Current,6467.96,663.81,0
LN-20590,BW-20120,2024-01-20,9600,17.33,C,7.0,MORTGAGE,55581,20.7,663,Small Business,Charged Off,3176.2,275.22,0
LN-20591,BW-19009,2024-01-24,24600,15.97,C,9.5,MORTGAGE,79114,21.22,655,Home Improvement,Current,7584.3,1332.33,4
LN-20592,BW-20399,2024-11-10,12100,14.71,C,4.9,RENT,57514,7.96,641,Personal,Current,7346.7,1188.77,2
LN-20593,BW-15946,2026-04-27,36000,14.85,C,0.8,RENT,69532,13.51,656,Debt Consolidation,Fully Paid,36000.0,11761.2,1
LN-20594,BW-29562,2025-07-20,12600,15.1,C,7.2,OWN,46153,15.51,637,Credit Card Refinance,Fully Paid,12600.0,4185.72,0
LN-20595,BW-23352,2025-08-04,26900,14.56,C,7.8,RENT,121312,9.14,665,Debt Consolidation,Fully Paid,26900.0,8616.61,4
LN-20596,BW-16666,2025-07-22,38200,12.65,B,9.5,MORTGAGE,184090,36.72,714,Credit Card Refinance,Current,7662.94,1066.3,0
LN-20597,BW-19478,2024-12-25,34000,14.67,C,8.0,MORTGAGE,88944,17.55,646,Home Improvement,Current,11140.18,1797.69,0
LN-20598,BW-19218,2024-10-13,33600,15.14,C,1.0,MORTGAGE,104703,28.93,637,Small Business,Fully Paid,33600.0,11191.49,0
LN-20599,BW-26541,2024-11-25,19500,13.42,B,11.5,OWN,126627,13.12,725,Debt Consolidation,Current,9279.65,1369.86,0
LN-20600,BW-10520,2025-12-14,27700,13.62,C,11.0,OWN,50135,18.63,630,Credit Card Refinance,Fully Paid,27700.0,8300.03,0
LN-20601,BW-27633,2025-09-07,39000,8.19,A,1.4,RENT,52029,17.42,785,Home Improvement,Fully Paid,39000.0,7027.02,0
LN-20602,BW-14088,2025-01-01,13000,20.87,D,5.8,RENT,198071,35.41,628,Debt Consolidation,Charged Off,3833.5,400.03,0
LN-20603,BW-17246,2024-07-19,29000,7.47,A,3.2,RENT,73790,11.9,830,Home Improvement,Current,16908.79,1389.4,2
LN-20604,BW-28648,2025-08-06,30500,5.76,A,6.3,RENT,128244,9.21,756,Credit Card Refinance,Fully Paid,30500.0,3864.96,0
LN-20605,BW-18989,2025-11-20,2600,16.25,C,2.7,MORTGAGE,30757,19.09,659,Credit Card Refinance,Current,600.91,107.41,0
LN-20606,BW-24173,2026-01-08,21900,7.37,A,10.2,MORTGAGE,92977,6.43,786,Debt Consolidation,Current,8032.04,651.16,0
LN-20607,BW-24708,2025-12-07,39600,17.03,C,4.1,RENT,62754,12.45,631,Debt Consolidation,Current,9688.7,1814.98,0
LN-20608,BW-15389,2024-12-08,24700,19.5,D,4.3,RENT,32059,25.67,581,Debt Consolidation,Current,8602.82,1845.3,0
LN-20609,BW-21167,2024-04-07,25000,13.28,B,10.1,MORTGAGE,84058,19.47,729,Debt Consolidation,Fully Paid,25000.0,7304.0,0
LN-20610,BW-12802,2024-11-04,37000,16.65,C,11.7,MORTGAGE,105532,19.58,633,Debt Consolidation,Fully Paid,37000.0,13553.1,0
LN-20611,BW-13336,2025-09-05,30700,11.17,B,8.3,MORTGAGE,48325,12.69,719,Credit Card Refinance,Fully Paid,30700.0,7544.22,0
LN-20612,BW-24857,2024-01-13,24500,25.01,E,4.9,RENT,56638,8.56,541,Credit Card Refinance,Fully Paid,24500.0,13480.39,1
LN-20613,BW-28783,2026-03-27,19200,11.48,B,1.9,MORTGAGE,46675,13.02,719,Home Improvement,Charged Off,1695.44,97.32,0
LN-20614,BW-26814,2024-01-09,25100,10.17,B,11.5,MORTGAGE,70395,14.61,699,Personal,Fully Paid,25100.0,5615.87,0
LN-20615,BW-14738,2024-03-11,26500,23.35,E,1.2,MORTGAGE,53579,11.64,532,Debt Consolidation,Late 31-120 Days,6634.49,774.58,0
LN-20616,BW-25315,2024-02-13,6400,11.23,B,7.4,MORTGAGE,40850,33.91,690,Debt Consolidation,Fully Paid,6400.0,1581.18,0
LN-20617,BW-17308,2024-07-29,14900,12.46,B,8.5,MORTGAGE,63969,29.42,732,Debt Consolidation,Current,10365.19,1420.65,0
LN-20618,BW-12416,2024-02-14,24500,15.32,C,4.6,MORTGAGE,216173,30.26,670,Debt Consolidation,Fully Paid,24500.0,8257.48,2
LN-20619,BW-15706,2024-04-13,9100,6.21,A,3.0,RENT,61422,13.64,742,Credit Card Refinance,Charged Off,2304.44,71.55,0
LN-20620,BW-13636,2026-03-29,27300,6.98,A,4.4,MORTGAGE,69994,36.06,787,Personal,Current,19901.65,1528.05,0
LN-20621,BW-12142,2025-10-13,14400,15.07,C,1.9,MORTGAGE,62429,19.17,653,Debt Consolidation,Current,3279.13,543.58,0
LN-20622,BW-16196,2025-06-04,13000,22.44,E,10.3,MORTGAGE,204795,9.17,570,Debt Consolidation,Current,9509.51,2347.33,0
LN-20623,BW-12667,2025-06-15,30700,20.91,D,9.5,RENT,60973,17.35,621,Debt Consolidation,Current,12067.98,2775.76,0
LN-20624,BW-25836,2024-08-12,24400,12.09,B,8.7,RENT,46213,6.21,730,Debt Consolidation,Current,11498.45,1529.18,0
LN-20625,BW-17162,2025-06-15,30700,25.62,E,4.0,RENT,42356,14.74,528,Debt Consolidation,Late 31-120 Days,6913.29,885.59,0
LN-20626,BW-21022,2025-03-28,12700,27.25,E,5.4,MORTGAGE,78345,5.82,540,Debt Consolidation,Charged Off,3093.8,421.53,0
LN-20627,BW-12700,2024-02-09,6200,16.66,C,3.9,MORTGAGE,46441,7.35,644,Major Purchase,Fully Paid,6200.0,2272.42,0
LN-20628,BW-20788,2024-09-24,29400,17.49,C,3.4,RENT,62494,22.92,678,Debt Consolidation,Late 31-120 Days,4111.36,359.54,0
LN-20629,BW-23232,2026-01-10,35000,9.46,A,11.4,MORTGAGE,49003,12.51,759,Home Improvement,Current,16963.2,1765.19,0
LN-20630,BW-28108,2025-03-03,18600,14.82,C,9.2,MORTGAGE,45119,36.08,642,Debt Consolidation,In Grace Period,3440.84,254.97,0
LN-20631,BW-22278,2025-03-05,33800,11.55,B,2.1,MORTGAGE,70026,16.21,722,Debt Consolidation,Current,22023.26,2798.06,0
LN-20632,BW-27616,2025-08-04,39100,17.2,C,3.9,MORTGAGE,148444,37.81,639,Credit Card Refinance,Current,21966.45,4156.05,0
LN-20633,BW-22808,2025-10-16,14800,14.33,C,11.8,OWN,75601,36.74,636,Small Business,Fully Paid,14800.0,4665.85,0
LN-20634,BW-28117,2025-11-06,13100,14.38,C,2.5,RENT,82022,12.69,654,Home Improvement,Fully Paid,13100.0,4144.32,0
LN-20635,BW-22079,2026-01-30,7300,10.21,B,6.5,RENT,71416,18.81,687,Major Purchase,Charged Off,2456.66,125.41,0
LN-20636,BW-14257,2025-05-29,37700,10.22,B,10.5,RENT,138602,24.39,716,Small Business,Current,17921.59,2014.75,0
LN-20637,BW-14675,2026-01-24,19800,17.15,C,5.6,RENT,66177,24.01,661,Debt Consolidation,Charged Off,4829.02,414.09,0
LN-20638,BW-21363,2025-04-13,36200,15.22,C,8.6,MORTGAGE,125176,29.2,641,Major Purchase,Fully Paid,36200.0,12121.21,0
LN-20639,BW-28632,2025-12-15,13400,13.04,B,1.6,MORTGAGE,65709,35.24,714,Debt Consolidation,Fully Paid,13400.0,3844.19,0
LN-20640,BW-26170,2025-04-06,31200,12.55,B,5.2,MORTGAGE,109166,15.76,712,Major Purchase,Fully Paid,31200.0,8614.32,0
LN-20641,BW-11462,2024-04-27,17400,16.51,C,5.8,MORTGAGE,32398,5.35,642,Debt Consolidation,Fully Paid,17400.0,6320.03,3
LN-20642,BW-25884,2026-05-08,13000,6.06,A,5.8,OWN,131766,10.33,845,Credit Card Refinance,Late 31-120 Days,1042.01,31.57,0
LN-20643,BW-27519,2026-01-01,19000,8.21,A,9.0,MORTGAGE,35519,10.87,759,Debt Consolidation,In Grace Period,4797.75,196.95,0
LN-20644,BW-11564,2026-02-24,2700,11.33,B,10.1,MORTGAGE,56737,30.49,718,Credit Card Refinance,Current,944.51,117.71,0
LN-20645,BW-16553,2026-06-22,27600,16.8,C,1.6,OWN,228374,12.28,673,Debt Consolidation,Charged Off,8296.99,696.95,0
LN-20646,BW-15473,2025-07-08,9600,10.86,B,1.0,OWN,138453,11.83,720,Credit Card Refinance,Fully Paid,9600.0,2293.63,0
LN-20647,BW-17615,2024-08-13,2900,11.17,B,3.0,RENT,41684,12.02,700,Credit Card Refinance,Late 16-30 Days,854.12,47.7,0
LN-20648,BW-22090,2026-05-20,29200,17.43,C,1.0,RENT,76942,31.11,636,Small Business,Fully Paid,29200.0,11197.03,0
LN-20649,BW-13104,2025-05-08,14400,16.08,C,7.4,RENT,42732,33.1,674,Debt Consolidation,Late 31-120 Days,796.24,64.02,0
LN-20650,BW-24709,2024-08-30,31000,6.43,A,4.9,MORTGAGE,37616,9.09,818,Debt Consolidation,Current,20284.77,1434.74,0
LN-20651,BW-11963,2025-09-04,3900,15.07,C,2.1,MORTGAGE,46342,35.47,671,Credit Card Refinance,Fully Paid,3900.0,1293.01,0
LN-20652,BW-20770,2026-01-20,30600,8.09,A,2.0,MORTGAGE,52596,12.56,776,Small Business,Fully Paid,30600.0,5446.19,0
LN-20653,BW-27672,2026-06-09,19100,7.59,A,1.1,RENT,38137,5.2,763,Credit Card Refinance,Fully Paid,19100.0,3189.32,0
LN-20654,BW-11707,2024-08-29,33700,10.28,B,7.8,MORTGAGE,164055,35.75,715,Debt Consolidation,Current,15358.57,1736.75,0
LN-20655,BW-15379,2024-10-05,19300,10.78,B,8.8,MORTGAGE,77789,25.97,716,Debt Consolidation,Current,9431.96,1118.44,0
LN-20656,BW-21782,2026-03-23,18800,15.57,C,5.1,RENT,80849,10.14,677,Debt Consolidation,Current,12354.56,2115.97,0
LN-20657,BW-12727,2025-07-29,14000,14.6,C,9.2,MORTGAGE,60014,14.35,659,Credit Card Refinance,Fully Paid,14000.0,4496.8,1
LN-20658,BW-25376,2025-02-08,20900,12.45,B,2.8,RENT,36213,35.55,703,Debt Consolidation,Fully Paid,20900.0,5724.51,0
LN-20659,BW-26041,2024-07-17,16900,21.97,D,4.0,RENT,54669,23.67,587,Debt Consolidation,Fully Paid,16900.0,8168.45,0
LN-20660,BW-21422,2024-02-05,30100,16.14,C,6.4,MORTGAGE,74130,13.0,657,Debt Consolidation,Current,12547.14,2227.62,0
LN-20661,BW-10925,2025-11-09,12000,17.28,C,8.5,MORTGAGE,67127,24.87,639,Debt Consolidation,Current,2488.83,473.08,0
LN-20662,BW-22594,2024-11-05,33600,21.45,D,5.1,RENT,55266,13.34,590,Small Business,Fully Paid,33600.0,15855.84,0
LN-20663,BW-22543,2025-02-11,30600,16.78,C,7.2,MORTGAGE,92162,35.69,647,Credit Card Refinance,Current,6237.88,1151.39,3
LN-20664,BW-10051,2024-05-17,9100,12.46,B,1.6,MORTGAGE,112319,11.15,690,Debt Consolidation,Current,2813.63,385.64,0
LN-20665,BW-24767,2026-06-11,31000,8.5,A,7.0,RENT,62166,13.56,843,Debt Consolidation,Current,17859.18,1669.83,0
LN-20666,BW-15443,2025-11-19,24500,22.51,E,1.4,RENT,32808,20.77,521,Debt Consolidation,Fully Paid,24500.0,12132.89,2
LN-20667,BW-10236,2026-02-18,25100,16.69,C,8.2,OWN,56347,37.57,654,Debt Consolidation,Fully Paid,25100.0,9216.22,0
LN-20668,BW-21043,2025-02-12,11500,9.5,A,7.5,MORTGAGE,41028,16.92,844,Debt Consolidation,Fully Paid,11500.0,2403.5,2
LN-20669,BW-20821,2024-05-05,37200,12.43,B,9.8,RENT,79945,5.85,736,Home Improvement,Fully Paid,37200.0,10172.71,0
LN-20670,BW-18144,2024-01-18,38400,5.51,A,4.7,RENT,45571,31.82,821,Credit Card Refinance,Current,27803.93,1685.2,0
LN-20671,BW-20666,2024-04-12,39500,14.96,C,8.3,MORTGAGE,111226,33.28,660,Credit Card Refinance,Current,14864.55,2446.11,1
LN-20672,BW-27041,2026-06-14,33700,16.71,C,10.6,RENT,52081,37.88,649,Home Improvement,Fully Paid,33700.0,12388.79,0
LN-20673,BW-13790,2026-01-02,28700,14.26,C,6.0,RENT,47716,8.48,672,Credit Card Refinance,Charged Off,9433.72,672.62,0
LN-20674,BW-22566,2025-07-01,7100,21.79,D,9.3,OWN,128643,9.48,622,Home Improvement,Current,3515.74,842.69,0
LN-20675,BW-20905,2025-10-31,30400,15.07,C,10.5,RENT,54239,28.93,675,Small Business,Fully Paid,30400.0,10078.82,0
LN-20676,BW-24318,2024-07-11,15300,9.94,B,9.8,MORTGAGE,37325,24.54,685,Home Improvement,Fully Paid,15300.0,3345.8,2
LN-20677,BW-14175,2024-11-23,34300,7.86,A,10.3,MORTGAGE,105369,37.34,764,Debt Consolidation,Current,23272.92,2012.18,0
LN-20678,BW-14138,2024-10-30,19800,5.54,A,6.5,RENT,64559,9.78,849,Debt Consolidation,Current,9898.01,603.18,0
LN-20679,BW-29708,2025-08-10,12800,17.46,C,3.8,MORTGAGE,70981,32.97,637,Home Improvement,Fully Paid,12800.0,4916.74,0
LN-20680,BW-26220,2026-04-09,10400,18.27,D,3.9,MORTGAGE,42343,29.18,625,Credit Card Refinance,Charged Off,2815.46,257.19,0
LN-20681,BW-15866,2025-04-29,17200,17.47,C,10.4,RENT,42838,18.94,665,Debt Consolidation,Current,11259.61,2163.76,0
LN-20682,BW-27296,2026-04-04,30700,13.98,C,8.9,RENT,39252,24.15,650,Home Improvement,Charged Off,10142.44,708.96,0
LN-20683,BW-15363,2025-01-05,9800,14.42,C,7.1,MORTGAGE,44479,26.49,677,Debt Consolidation,Fully Paid,9800.0,3108.95,0
LN-20684,BW-14836,2025-06-11,9200,6.92,A,4.8,MORTGAGE,61025,6.73,800,Small Business,Fully Paid,9200.0,1400.61,0
LN-20685,BW-14868,2024-06-25,13900,14.54,C,7.7,OWN,87228,24.67,661,Debt Consolidation,Fully Paid,13900.0,4446.33,0
LN-20686,BW-12936,2025-10-18,6900,19.22,D,9.4,RENT,126441,9.03,587,Personal,Fully Paid,6900.0,2917.6,0
LN-20687,BW-10754,2025-12-20,16900,12.7,B,7.2,MORTGAGE,164787,38.0,691,Debt Consolidation,Fully Paid,16900.0,4721.86,0
LN-20688,BW-13258,2024-03-06,31900,15.14,C,4.2,RENT,145177,22.49,664,Home Improvement,Fully Paid,31900.0,10625.25,0
LN-20689,BW-14066,2024-05-11,32500,5.52,A,9.2,MORTGAGE,36798,9.06,797,Debt Consolidation,Fully Paid,32500.0,3946.8,0
LN-20690,BW-12877,2025-11-04,8900,14.76,C,7.0,MORTGAGE,55546,37.24,664,Credit Card Refinance,Charged Off,1247.6,92.07,0
LN-20691,BW-27021,2025-09-12,36700,8.28,A,10.9,RENT,94166,37.89,806,Home Improvement,Fully Paid,36700.0,6685.27,0
LN-20692,BW-13244,2024-08-09,38400,18.22,D,8.1,RENT,65539,24.87,593,Credit Card Refinance,Current,14071.2,2820.15,0
LN-20693,BW-23828,2025-12-12,37900,11.16,B,1.4,OWN,110021,27.33,685,Credit Card Refinance,Fully Paid,37900.0,9305.21,0
LN-20694,BW-18827,2026-03-17,33300,15.96,C,11.9,MORTGAGE,74389,15.44,656,Debt Consolidation,Current,7177.68,1260.11,0
LN-20695,BW-12540,2026-03-07,5800,17.89,D,3.6,RENT,47415,35.01,620,Debt Consolidation,Late 16-30 Days,1801.81,161.17,0
LN-20696,BW-10323,2026-04-06,35300,23.22,E,1.6,RENT,74815,24.43,566,Credit Card Refinance,In Grace Period,7366.69,855.27,0
LN-20697,BW-19240,2026-01-29,17100,10.84,B,6.8,MORTGAGE,56493,16.39,728,Debt Consolidation,Current,11512.55,1372.76,0
LN-20698,BW-23194,2026-01-23,7200,12.38,B,6.0,MORTGAGE,66978,17.5,722,Major Purchase,Current,5407.67,736.42,0
LN-20699,BW-22129,2024-10-09,32400,14.31,C,8.6,MORTGAGE,38162,21.57,652,Credit Card Refinance,Current,16600.36,2613.06,0
LN-20700,BW-17496,2024-04-05,5500,12.9,B,4.0,RENT,70032,29.09,720,Debt Consolidation,In Grace Period,369.73,23.85,0
LN-20701,BW-28158,2025-11-24,20500,17.24,C,11.2,MORTGAGE,30350,22.0,638,Small Business,Current,12683.95,2405.38,0
LN-20702,BW-16231,2026-06-20,27300,14.55,C,11.0,RENT,131046,35.38,677,Credit Card Refinance,Current,16665.2,2667.27,3
LN-20703,BW-15522,2025-03-08,21800,11.03,B,8.3,MORTGAGE,47154,36.43,688,Credit Card Refinance,Current,6589.93,799.56,0
LN-20704,BW-21074,2025-08-05,10500,11.48,B,11.0,RENT,57725,29.35,696,Major Purchase,Fully Paid,10500.0,2651.88,0
LN-20705,BW-26892,2024-12-28,25600,5.73,A,10.0,MORTGAGE,31160,15.84,740,Debt Consolidation,Current,10491.73,661.29,0
LN-20706,BW-23174,2025-05-14,36200,17.97,D,4.6,RENT,33320,18.55,612,Small Business,Late 16-30 Days,10166.2,913.43,0
LN-20707,BW-25423,2026-05-09,6600,19.96,D,5.0,RENT,39806,19.47,597,Debt Consolidation,Current,1873.9,411.43,0
LN-20708,BW-10190,2024-02-02,18300,22.36,E,4.6,OWN,57253,15.93,545,Debt Consolidation,Late 16-30 Days,2007.47,224.44,0
LN-20709,BW-18709,2026-01-13,31800,10.87,B,1.9,MORTGAGE,82478,18.2,728,Small Business,Fully Paid,31800.0,7604.65,0
LN-20710,BW-22741,2025-11-25,31300,24.3,E,2.0,RENT,180775,12.8,520,Home Improvement,Fully Paid,31300.0,16732.98,0
LN-20711,BW-29565,2026-01-16,18600,11.5,B,9.0,MORTGAGE,44232,25.38,728,Debt Consolidation,Current,6504.05,822.76,0
LN-20712,BW-18635,2025-09-17,6400,12.36,B,11.9,MORTGAGE,38105,29.11,731,Debt Consolidation,Current,5091.4,692.23,0
LN-20713,BW-14873,2024-04-03,18500,17.46,C,3.1,MORTGAGE,34335,25.34,639,Personal,Current,7921.91,1521.48,0
LN-20714,BW-17583,2024-10-14,13900,11.27,B,3.1,MORTGAGE,43961,13.89,683,Debt Consolidation,Fully Paid,13900.0,3446.37,0
LN-20715,BW-18092,2024-10-13,14600,9.8,B,4.2,MORTGAGE,31558,14.42,727,Credit Card Refinance,Current,3802.67,409.93,3
LN-20716,BW-21913,2026-01-29,34800,8.23,A,4.3,RENT,33654,15.93,838,Debt Consolidation,Fully Paid,34800.0,6300.89,0
LN-20717,BW-29297,2025-10-06,5800,10.42,B,6.6,RENT,127615,8.51,704,Debt Consolidation,Fully Paid,5800.0,1329.59,4
LN-20718,BW-16240,2026-01-08,39600,10.78,B,2.7,MORTGAGE,56465,11.67,710,Credit Card Refinance,Fully Paid,39600.0,9391.54,3
LN-20719,BW-28038,2025-03-05,36700,12.06,B,8.7,MORTGAGE,72764,7.23,687,Debt Consolidation,Current,28312.82,3755.98,0
LN-20720,BW-15470,2025-05-21,9600,8.68,A,7.4,MORTGAGE,68983,31.88,828,Debt Consolidation,Current,6932.67,661.93,0
LN-20721,BW-15423,2025-08-08,10300,15.16,C,5.5,RENT,75176,5.12,647,Home Improvement,Current,6365.74,1061.55,0
LN-20722,BW-26803,2024-02-16,23200,18.9,D,5.7,OWN,66963,10.65,597,Personal,Fully Paid,23200.0,9646.56,0
LN-20723,BW-14854,2024-04-28,39600,12.11,B,11.3,RENT,58715,11.93,695,Home Improvement,Late 31-120 Days,6107.85,369.83,0
LN-20724,BW-22095,2025-10-02,13600,11.19,B,4.2,MORTGAGE,67305,37.51,719,Small Business,Current,9443.28,1162.37,0
LN-20725,BW-19164,2025-07-18,35100,17.29,C,2.5,MORTGAGE,240135,25.93,646,Debt Consolidation,Fully Paid,35100.0,13351.34,0
LN-20726,BW-20625,2025-05-05,18800,10.5,B,3.6,RENT,75918,9.9,726,Credit Card Refinance,In Grace Period,1963.74,103.1,1
LN-20727,BW-16188,2024-07-11,33200,6.15,A,7.1,MORTGAGE,68485,27.68,762,Credit Card Refinance,In Grace Period,2377.6,73.11,0
LN-20728,BW-23189,2024-01-14,16900,7.91,A,1.7,MORTGAGE,47261,8.63,788,Credit Card Refinance,Fully Paid,16900.0,2940.94,0
LN-20729,BW-11433,2026-01-23,38400,8.67,A,2.0,MORTGAGE,94348,8.51,741,Small Business,Current,27326.67,2606.14,1
LN-20730,BW-25742,2025-10-04,4600,11.47,B,9.2,MORTGAGE,105145,27.84,695,Debt Consolidation,Fully Paid,4600.0,1160.76,0
LN-20731,BW-13369,2024-05-30,3400,6.07,A,6.8,RENT,139820,19.1,768,Credit Card Refinance,Fully Paid,3400.0,454.04,0
LN-20732,BW-22607,2024-05-01,15900,14.48,C,8.4,MORTGAGE,96113,25.32,648,Debt Consolidation,Fully Paid,15900.0,5065.1,0
LN-20733,BW-12778,2025-11-14,9300,11.67,B,10.8,RENT,96670,19.03,718,Debt Consolidation,Current,5346.15,686.29,0
LN-20734,BW-13405,2024-05-31,31700,16.68,C,3.6,MORTGAGE,74191,9.84,639,Debt Consolidation,Fully Paid,31700.0,11632.63,0
LN-20735,BW-25677,2025-01-29,39800,10.16,B,9.9,MORTGAGE,33708,11.0,700,Major Purchase,Fully Paid,39800.0,8896.1,0
LN-20736,BW-25770,2025-06-29,21100,7.03,A,8.5,MORTGAGE,71854,22.61,810,Major Purchase,Current,7133.25,551.61,3
LN-20737,BW-27266,2024-05-16,3100,5.51,A,7.1,MORTGAGE,55719,23.43,848,Credit Card Refinance,Current,730.81,44.29,0
LN-20738,BW-14566,2025-12-13,30500,16.83,C,3.9,RENT,34723,8.87,633,Debt Consolidation,Fully Paid,30500.0,11292.93,0
LN-20739,BW-10863,2024-06-10,20400,8.15,A,8.5,RENT,74359,24.6,749,Debt Consolidation,In Grace Period,3255.29,132.65,0
LN-20740,BW-10408,2024-11-02,30600,19.67,D,7.0,RENT,43647,28.05,588,Credit Card Refinance,Fully Paid,30600.0,13241.84,0
LN-20741,BW-24548,2025-05-30,3700,9.83,B,9.5,RENT,30432,29.79,721,Debt Consolidation,In Grace Period,624.99,30.72,0
LN-20742,BW-24886,2025-01-21,12700,7.19,A,6.9,MORTGAGE,38455,8.03,760,Debt Consolidation,Current,3493.52,276.3,0
LN-20743,BW-11834,2024-06-17,26600,7.41,A,3.0,MORTGAGE,36019,32.3,823,Credit Card Refinance,Charged Off,4294.4,159.11,0
LN-20744,BW-18844,2024-08-04,8600,13.71,C,1.7,RENT,32549,8.51,648,Debt Consolidation,Current,5623.65,848.1,0
LN-20745,BW-28077,2025-05-10,4200,9.41,A,2.8,RENT,102641,37.55,812,Credit Card Refinance,Charged Off,606.37,28.53,0
LN-20746,BW-10277,2025-12-20,29700,6.76,A,11.8,RENT,76093,37.14,790,Debt Consolidation,Current,11844.09,880.73,0
LN-20747,BW-26501,2025-11-29,3900,7.41,A,1.7,MORTGAGE,240169,10.32,849,Debt Consolidation,Current,2851.38,232.42,1
LN-20748,BW-17066,2024-12-15,26900,21.97,D,9.8,RENT,60555,35.7,618,Debt Consolidation,Fully Paid,26900.0,13001.85,2
LN-20749,BW-21806,2025-08-03,25300,18.65,D,7.7,OWN,52623,36.61,619,Major Purchase,Fully Paid,25300.0,10380.59,0
LN-20750,BW-10489,2024-10-13,37500,11.37,B,2.1,MORTGAGE,55713,10.33,690,Personal,Current,15450.79,1932.43,3
LN-20751,BW-18452,2024-10-20,20800,17.27,C,11.8,MORTGAGE,78970,16.99,666,Personal,Fully Paid,20800.0,7902.75,0
LN-20752,BW-14226,2025-11-29,19400,12.26,B,5.6,MORTGAGE,109490,33.95,712,Debt Consolidation,Late 16-30 Days,6658.65,408.18,1
LN-20753,BW-28376,2025-04-18,5200,7.78,A,0.6,OWN,33450,17.81,849,Debt Consolidation,Fully Paid,5200.0,890.03,0
LN-20754,BW-25351,2024-12-02,31300,8.43,A,7.9,MORTGAGE,187258,11.58,790,Credit Card Refinance,In Grace Period,4780.36,201.49,0
LN-20755,BW-16967,2024-08-06,38100,9.75,B,8.6,MORTGAGE,57493,9.8,689,Credit Card Refinance,Current,8336.05,894.04,0
LN-20756,BW-22461,2024-10-03,38200,13.81,C,1.2,RENT,116026,27.56,631,Home Improvement,Current,11676.34,1773.75,2
LN-20757,BW-23273,2025-03-14,9400,16.21,C,1.4,MORTGAGE,44792,6.77,646,Debt Consolidation,Current,6127.91,1092.67,2
LN-20758,BW-23733,2025-07-28,23900,10.98,B,6.0,OWN,130659,32.16,724,Debt Consolidation,Current,13342.82,1611.55,4
LN-20759,BW-14738,2025-11-21,34900,13.24,B,4.2,MORTGAGE,40371,8.75,711,Credit Card Refinance,Fully Paid,34900.0,10165.67,0
LN-20760,BW-10120,2025-07-13,39200,9.74,B,11.9,RENT,34119,18.87,727,Debt Consolidation,Current,21974.19,2354.31,0
LN-20761,BW-16873,2024-05-07,14000,9.66,B,11.5,RENT,48901,32.03,737,Debt Consolidation,Current,8250.86,876.74,0
LN-20762,BW-23447,2025-07-20,19700,10.04,B,4.5,MORTGAGE,77909,17.31,691,Debt Consolidation,Current,10355.46,1143.66,0
LN-20763,BW-24335,2025-05-23,25600,9.95,B,7.8,RENT,167214,18.57,681,Home Improvement,Current,14701.96,1609.13,0
LN-20764,BW-24552,2026-05-26,23200,10.47,B,6.3,OWN,69000,8.78,709,Credit Card Refinance,Fully Paid,23200.0,5343.89,3
LN-20765,BW-23531,2026-05-08,35500,7.53,A,10.9,RENT,42969,13.73,774,Small Business,Current,26468.89,2192.42,0
LN-20766,BW-10136,2026-01-29,34000,10.2,B,10.9,OWN,43584,22.13,703,Debt Consolidation,Fully Paid,34000.0,7629.6,0
LN-20767,BW-28749,2025-10-13,37400,12.83,B,11.9,MORTGAGE,75649,19.16,731,Home Improvement,Current,23818.85,3361.55,0
LN-20768,BW-20424,2026-02-19,24100,7.52,A,6.4,RENT,44332,17.94,820,Debt Consolidation,Current,8582.93,709.98,0
LN-20769,BW-20564,2025-07-10,8200,16.05,C,2.8,MORTGAGE,143025,25.4,667,Personal,Fully Paid,8200.0,2895.42,3
LN-20770,BW-10828,2025-07-02,36200,10.33,B,9.0,MORTGAGE,79735,14.8,721,Debt Consolidation,Current,23015.51,2615.25,0
LN-20771,BW-22389,2024-04-23,39400,8.01,A,9.4,MORTGAGE,68021,33.61,821,Credit Card Refinance,Fully Paid,39400.0,6943.07,0
LN-20772,BW-13508,2024-04-13,36700,19.77,D,2.1,MORTGAGE,61838,11.86,603,Small Business,Fully Paid,36700.0,15962.3,0
LN-20773,BW-25942,2024-06-13,26300,15.06,C,11.5,MORTGAGE,32500,19.88,650,Debt Consolidation,In Grace Period,1395.01,105.04,4
LN-20774,BW-29878,2026-01-29,23000,13.48,B,10.3,RENT,33840,10.23,718,Credit Card Refinance,Fully Paid,23000.0,6820.88,4
LN-20775,BW-10968,2024-12-01,6800,14.44,C,6.7,MORTGAGE,83538,12.16,653,Small Business,Charged Off,510.22,36.84,0
LN-20776,BW-14147,2025-05-22,13500,20.72,D,3.6,OWN,63058,29.59,621,Debt Consolidation,Current,10365.4,2362.48,0
LN-20777,BW-18195,2026-06-23,38300,6.16,A,2.5,MORTGAGE,39210,21.1,766,Credit Card Refinance,Current,21363.66,1447.6,0
LN-20778,BW-20444,2025-04-05,36200,25.73,E,7.7,RENT,49899,32.04,543,Credit Card Refinance,Charged Off,2176.63,280.02,0
LN-20779,BW-29230,2024-07-09,32800,5.62,A,5.2,OWN,84767,19.17,763,Credit Card Refinance,Fully Paid,32800.0,4055.39,2
LN-20780,BW-22188,2026-03-25,14800,12.28,B,2.2,MORTGAGE,85632,20.36,725,Credit Card Refinance,Current,5025.92,678.9,2
LN-20781,BW-29719,2025-03-07,5300,16.39,C,2.9,MORTGAGE,37125,34.46,672,Debt Consolidation,Fully Paid,5300.0,1911.07,0
LN-20782,BW-20489,2025-09-07,7000,13.46,B,2.8,RENT,31627,19.94,706,Credit Card Refinance,Fully Paid,7000.0,2072.84,0
LN-20783,BW-28887,2025-06-24,3900,6.02,A,0.7,RENT,30584,22.6,791,Debt Consolidation,In Grace Period,949.39,28.58,0
LN-20784,BW-23601,2024-02-18,31500,11.16,B,8.8,RENT,70788,21.3,715,Debt Consolidation,Fully Paid,31500.0,7733.88,0
LN-20785,BW-24895,2024-11-26,33500,9.71,B,6.2,OWN,33978,9.58,683,Home Improvement,Current,21257.49,2270.51,0
LN-20786,BW-12884,2024-03-17,6700,18.74,D,2.7,RENT,50324,36.26,582,Major Purchase,Charged Off,1717.72,160.95,0
LN-20787,BW-22437,2026-06-28,34800,14.07,C,3.6,RENT,59029,29.85,650,Credit Card Refinance,Current,25657.56,3971.02,0
LN-20788,BW-14009,2024-04-04,31500,21.9,D,6.5,RENT,81322,20.93,600,Debt Consolidation,Late 31-120 Days,4374.41,479.0,4
LN-20789,BW-17942,2025-01-29,27600,9.84,B,8.1,OWN,36746,20.45,680,Debt Consolidation,Current,7251.09,784.86,0
LN-20790,BW-29350,2024-05-13,8300,12.36,B,9.3,MORTGAGE,70537,21.65,721,Credit Card Refinance,Fully Paid,8300.0,2256.94,0
LN-20791,BW-24825,2026-06-09,18400,6.25,A,10.5,MORTGAGE,244912,27.65,775,Debt Consolidation,Current,4806.79,330.47,0
LN-20792,BW-13511,2024-09-28,27300,10.64,B,9.1,MORTGAGE,51088,19.94,710,Home Improvement,In Grace Period,5871.99,312.39,0
LN-20793,BW-16948,2025-01-26,16400,13.81,C,2.2,MORTGAGE,118288,6.62,647,Major Purchase,Fully Paid,16400.0,4982.65,0
LN-20794,BW-19633,2024-04-23,28000,25.42,E,2.7,RENT,68084,26.33,526,Debt Consolidation,Late 31-120 Days,1846.36,234.67,2
LN-20795,BW-17823,2025-12-09,10700,7.07,A,1.3,MORTGAGE,68053,32.19,752,Major Purchase,Fully Paid,10700.0,1664.28,0
LN-20796,BW-16670,2026-01-26,36500,9.97,B,4.5,MORTGAGE,39436,25.53,712,Credit Card Refinance,Fully Paid,36500.0,8005.91,0
LN-20797,BW-17819,2025-03-14,38600,13.11,B,2.5,OWN,32275,26.98,689,Home Improvement,Fully Paid,38600.0,11133.01,2
LN-20798,BW-12522,2024-01-18,20200,7.45,A,2.5,RENT,73079,6.49,771,Debt Consolidation,Fully Paid,20200.0,3310.78,0
LN-20799,BW-17480,2026-01-22,30100,5.9,A,6.5,RENT,164618,19.94,842,Debt Consolidation,Fully Paid,30100.0,3906.98,0
LN-20800,BW-25941,2026-05-27,35900,6.7,A,3.4,OWN,50889,30.56,782,Small Business,Fully Paid,35900.0,5291.66,0
LN-20801,BW-25871,2024-02-01,39800,8.93,A,1.8,MORTGAGE,47016,16.79,824,Credit Card Refinance,Current,25655.38,2520.13,0
LN-20802,BW-21777,2025-04-05,28000,9.36,A,2.9,MORTGAGE,32925,34.67,820,Home Improvement,Current,20318.36,2091.98,2
LN-20803,BW-20852,2024-05-05,28800,9.76,B,5.0,RENT,43673,32.53,713,Personal,Current,13622.88,1462.55,0
LN-20804,BW-21370,2025-07-25,22100,11.42,B,3.8,MORTGAGE,82698,14.56,689,Major Purchase,Fully Paid,22100.0,5552.4,0
LN-20805,BW-19445,2024-11-09,24700,10.45,B,1.2,RENT,39657,6.76,732,Small Business,Charged Off,3845.21,200.91,0
LN-20806,BW-11635,2025-12-31,23500,16.19,C,3.4,MORTGAGE,68565,36.47,679,Major Purchase,Fully Paid,23500.0,8370.23,0
LN-20807,BW-16446,2025-01-30,11800,19.68,D,5.5,MORTGAGE,99344,27.39,602,Debt Consolidation,Fully Paid,11800.0,5108.93,0
LN-20808,BW-13215,2026-02-25,32700,12.25,B,10.8,MORTGAGE,70365,9.59,700,Debt Consolidation,Current,9202.25,1240.0,0
LN-20809,BW-19865,2025-03-28,18900,7.0,A,4.0,RENT,120772,9.57,846,Credit Card Refinance,Fully Paid,18900.0,2910.6,0
LN-20810,BW-21716,2024-03-31,3500,7.35,A,5.9,MORTGAGE,80576,30.3,811,Debt Consolidation,Current,1991.94,161.05,0
LN-20811,BW-17951,2024-01-07,17200,5.71,A,7.2,MORTGAGE,58342,18.3,848,Debt Consolidation,Fully Paid,17200.0,2160.66,0
LN-20812,BW-26974,2026-04-21,6500,16.84,C,5.8,OWN,88585,24.61,671,Debt Consolidation,Fully Paid,6500.0,2408.12,0
LN-20813,BW-20856,2025-05-22,7900,8.31,A,10.4,MORTGAGE,83478,29.43,806,Debt Consolidation,Current,5822.55,532.24,0
LN-20814,BW-15071,2025-09-10,6800,16.03,C,4.0,MORTGAGE,40187,5.0,642,Small Business,Current,3480.88,613.78,0
LN-20815,BW-13394,2026-04-19,17700,13.21,B,5.9,MORTGAGE,46574,37.43,699,Credit Card Refinance,Current,12542.87,1822.6,0
LN-20816,BW-24389,2025-06-07,30400,6.24,A,10.4,OWN,94585,12.94,844,Personal,Current,16051.46,1101.77,0
LN-20817,BW-19503,2026-04-13,32500,11.13,B,3.8,MORTGAGE,82307,20.31,724,Small Business,Current,7045.43,862.57,0
LN-20818,BW-28488,2026-06-22,15800,9.77,B,5.0,MORTGAGE,69842,9.6,738,Debt Consolidation,Current,5785.05,621.72,0
LN-20819,BW-21722,2025-11-02,9000,7.06,A,6.3,RENT,107862,10.0,748,Major Purchase,Current,3632.17,282.07,0
LN-20820,BW-14588,2025-12-26,25200,15.07,C,3.7,RENT,39926,10.95,660,Debt Consolidation,Current,16764.02,2778.97,0
LN-20821,BW-14240,2024-04-08,34500,22.53,E,8.5,MORTGAGE,123306,10.25,521,Debt Consolidation,Fully Paid,34500.0,17100.27,0
LN-20822,BW-25611,2024-03-06,30800,20.8,D,4.2,MORTGAGE,185613,18.86,604,Debt Consolidation,Late 31-120 Days,3854.47,400.86,0
LN-20823,BW-24468,2025-08-10,16700,18.07,D,9.3,RENT,51931,37.63,608,Debt Consolidation,Current,5301.09,1053.7,0
LN-20824,BW-19374,2025-11-15,5700,16.75,C,3.1,MORTGAGE,35311,5.8,642,Credit Card Refinance,Late 31-120 Days,341.84,28.63,0
LN-20825,BW-21782,2026-05-02,26600,8.23,A,9.4,MORTGAGE,54717,21.37,833,Credit Card Refinance,Current,18528.11,1677.35,0
LN-20826,BW-21681,2024-03-21,16600,7.26,A,7.6,MORTGAGE,59036,7.34,820,Debt Consolidation,Current,8471.78,676.56,3
LN-20827,BW-17555,2025-12-21,37100,8.79,A,1.1,MORTGAGE,71688,13.3,777,Home Improvement,Current,26840.57,2595.21,2
LN-20828,BW-12450,2024-04-23,4600,10.82,B,6.6,MORTGAGE,37910,28.02,719,Credit Card Refinance,Fully Paid,4600.0,1094.98,0
LN-20829,BW-18619,2026-04-16,4700,6.3,A,8.0,MORTGAGE,72155,11.74,837,Credit Card Refinance,Fully Paid,4700.0,651.42,0
LN-20830,BW-12042,2026-06-27,30200,13.3,B,3.2,OWN,32389,35.67,718,Credit Card Refinance,Current,23192.4,3393.05,0
LN-20831,BW-11367,2024-08-21,31800,11.28,B,1.7,RENT,46272,33.92,699,Credit Card Refinance,Charged Off,2118.1,119.46,0
LN-20832,BW-16428,2025-12-19,16600,13.8,C,6.6,OWN,51186,9.13,679,Debt Consolidation,Fully Paid,16600.0,5039.76,3
LN-20833,BW-13866,2024-01-11,11400,15.3,C,10.8,RENT,73055,8.04,633,Debt Consolidation,Current,7392.73,1244.2,0
LN-20834,BW-27570,2024-11-17,18900,13.9,C,7.0,RENT,154912,14.33,638,Credit Card Refinance,Fully Paid,18900.0,5779.62,0
LN-20835,BW-18003,2025-05-21,11900,8.13,A,12.0,MORTGAGE,76072,22.94,749,Debt Consolidation,Current,8187.85,732.24,0
LN-20836,BW-17218,2025-12-15,22300,12.99,B,5.6,RENT,74048,13.83,695,Debt Consolidation,Current,5856.58,836.85,0
LN-20837,BW-23462,2026-01-29,39100,13.16,B,8.6,MORTGAGE,45932,12.61,733,Debt Consolidation,Current,10699.67,1548.88,0
LN-20838,BW-14651,2024-10-11,21200,21.79,D,0.9,MORTGAGE,78855,6.11,581,Credit Card Refinance,Current,8061.25,1932.2,0
LN-20839,BW-11956,2025-01-23,19200,16.96,C,3.7,MORTGAGE,75162,12.41,654,Debt Consolidation,In Grace Period,3443.05,291.97,2
LN-20840,BW-11025,2024-08-09,12300,13.2,B,6.7,MORTGAGE,51704,29.86,738,Debt Consolidation,Current,4976.17,722.54,0
LN-20841,BW-24223,2025-07-01,27900,28.2,E,10.5,RENT,31871,33.33,579,Credit Card Refinance,Charged Off,6187.68,872.46,0
LN-20842,BW-27003,2024-10-07,13000,10.11,B,3.5,MORTGAGE,42494,27.53,680,Credit Card Refinance,In Grace Period,1624.74,82.13,0
LN-20843,BW-21060,2024-01-13,27000,8.14,A,7.1,MORTGAGE,31265,30.46,840,Debt Consolidation,In Grace Period,5954.37,242.34,0
LN-20844,BW-18667,2026-05-14,38700,22.16,E,10.2,RENT,86132,20.85,522,Debt Consolidation,Current,17227.94,4199.48,0
LN-20845,BW-12606,2025-05-21,32000,10.3,B,3.7,MORTGAGE,70581,13.56,729,Home Improvement,In Grace Period,7651.25,394.04,4
LN-20846,BW-11624,2024-08-21,14400,12.96,B,3.2,RENT,62076,23.26,717,Credit Card Refinance,Charged Off,3806.85,246.68,0
LN-20847,BW-18435,2024-03-20,21500,14.96,C,0.7,RENT,52932,8.74,634,Debt Consolidation,Current,8502.68,1399.2,0
LN-20848,BW-23630,2025-10-29,15100,14.87,C,1.3,RENT,68553,18.47,653,Small Business,Current,11558.86,1890.68,0
LN-20849,BW-11020,2026-03-10,32800,5.92,A,2.3,MORTGAGE,69063,21.86,767,Debt Consolidation,Current,21978.63,1431.25,0
LN-20850,BW-17040,2024-08-17,5400,19.28,D,4.9,MORTGAGE,179342,7.55,621,Debt Consolidation,Fully Paid,5400.0,2290.46,0
LN-20851,BW-27964,2024-10-02,22200,11.97,B,8.9,RENT,47660,19.55,722,Credit Card Refinance,Fully Paid,22200.0,5846.15,0
LN-20852,BW-17996,2026-06-20,28500,8.49,A,4.3,RENT,41860,19.69,754,Credit Card Refinance,Current,7062.7,659.59,0
LN-20853,BW-12504,2025-02-21,37200,18.61,D,11.0,RENT,65097,13.08,588,Debt Consolidation,Fully Paid,37200.0,15230.42,0
LN-20854,BW-29842,2025-05-21,21400,9.92,B,3.5,OWN,105569,9.9,706,Credit Card Refinance,Current,14200.76,1549.59,0
LN-20855,BW-24878,2024-01-25,35100,16.5,C,0.7,RENT,77436,32.52,638,Debt Consolidation,Fully Paid,35100.0,12741.3,0
LN-20856,BW-14337,2024-05-01,23400,14.1,C,6.4,MORTGAGE,112680,28.5,674,Credit Card Refinance,Fully Paid,23400.0,7258.68,0
LN-20857,BW-21031,2026-05-04,17800,13.3,B,7.3,RENT,52965,19.84,738,Debt Consolidation,Fully Paid,17800.0,5208.28,0
LN-20858,BW-14410,2025-04-09,24700,17.09,C,8.9,RENT,83383,27.24,667,Debt Consolidation,Fully Paid,24700.0,9286.71,0
LN-20859,BW-26668,2025-08-16,23700,19.77,D,8.8,MORTGAGE,56351,34.61,583,Debt Consolidation,Current,17936.78,3900.71,0
LN-20860,BW-22585,2024-04-11,24100,11.28,B,4.2,MORTGAGE,59385,25.31,697,Debt Consolidation,Fully Paid,24100.0,5980.66,2
LN-20861,BW-18973,2024-10-12,6500,17.46,C,6.1,MORTGAGE,61097,12.65,678,Personal,Charged Off,728.34,63.58,0
LN-20862,BW-15532,2025-08-07,16400,8.83,A,0.8,MORTGAGE,62789,14.3,743,Small Business,Current,7657.07,743.73,3
LN-20863,BW-19664,2025-11-15,7600,10.63,B,11.1,MORTGAGE,113329,14.19,735,Credit Card Refinance,In Grace Period,1186.48,63.06,1
LN-20864,BW-12436,2025-12-05,27700,26.14,E,4.3,OWN,46615,7.44,552,Credit Card Refinance,Charged Off,9069.51,1185.38,0
LN-20865,BW-27081,2025-11-20,16600,14.56,C,4.2,MORTGAGE,52336,36.12,667,Credit Card Refinance,Charged Off,3171.17,230.86,0
LN-20866,BW-16131,2025-03-20,29600,13.31,B,8.9,RENT,39260,12.07,734,Debt Consolidation,Charged Off,6432.71,428.1,0
LN-20867,BW-15836,2026-06-17,22400,12.09,B,0.9,RENT,74923,36.49,710,Credit Card Refinance,Fully Paid,22400.0,5957.95,0
LN-20868,BW-19572,2026-06-21,6100,15.72,C,8.2,MORTGAGE,75704,8.71,648,Credit Card Refinance,Current,4016.01,694.45,0
LN-20869,BW-24652,2025-12-22,6800,13.33,B,4.2,MORTGAGE,43921,28.0,722,Debt Consolidation,In Grace Period,2139.63,142.61,0
LN-20870,BW-26029,2025-07-29,34400,11.58,B,7.4,MORTGAGE,210235,18.5,736,Credit Card Refinance,Current,12279.53,1564.17,0
LN-20871,BW-22824,2024-02-16,10700,10.65,B,9.8,MORTGAGE,76128,26.0,726,Small Business,Current,4770.99,558.92,0
LN-20872,BW-15457,2025-12-22,32600,21.78,D,6.7,MORTGAGE,145222,7.98,581,Home Improvement,In Grace Period,5079.41,553.15,0
LN-20873,BW-12079,2024-08-22,22600,9.44,A,8.0,OWN,46995,33.37,847,Small Business,Current,6708.64,696.63,0
LN-20874,BW-23546,2025-05-11,6300,8.52,A,3.0,RENT,50894,18.13,807,Debt Consolidation,In Grace Period,850.04,36.21,1
LN-20875,BW-11106,2024-03-19,35400,18.18,D,3.6,RENT,127945,33.45,627,Credit Card Refinance,Late 16-30 Days,9438.84,857.99,0
LN-20876,BW-23611,2025-03-11,34700,6.28,A,0.7,MORTGAGE,91263,30.9,817,Personal,Fully Paid,34700.0,4794.15,2
LN-20877,BW-25037,2025-05-09,38800,7.22,A,2.8,RENT,80894,23.51,768,Debt Consolidation,Fully Paid,38800.0,6162.99,0
LN-20878,BW-26600,2024-08-17,23000,13.31,B,3.3,MORTGAGE,30564,8.57,728,Major Purchase,Fully Paid,23000.0,6734.86,1
LN-20879,BW-24650,2025-07-28,26100,6.83,A,4.8,RENT,57141,7.76,843,Small Business,Fully Paid,26100.0,3921.79,0
LN-20880,BW-26050,2025-05-20,31000,15.64,C,7.3,RENT,59263,6.94,666,Credit Card Refinance,Current,11993.06,2063.29,0
LN-20881,BW-14935,2025-05-26,23600,12.29,B,0.9,OWN,76643,21.13,728,Debt Consolidation,Current,13952.44,1886.23,0
LN-20882,BW-25826,2024-05-04,3000,7.0,A,6.4,RENT,32668,22.16,836,Credit Card Refinance,Fully Paid,3000.0,462.0,0
LN-20883,BW-13724,2024-01-10,35300,15.5,C,0.9,RENT,43899,18.8,677,Home Improvement,Current,16283.45,2776.33,0
LN-20884,BW-18883,2025-01-15,32600,7.59,A,6.5,MORTGAGE,42177,36.42,766,Debt Consolidation,Fully Paid,32600.0,5443.55,0
LN-20885,BW-25167,2024-06-02,2900,12.39,B,2.9,MORTGAGE,58870,18.74,710,Debt Consolidation,Current,2308.36,314.61,1
LN-20886,BW-16529,2025-10-13,24800,9.84,B,8.5,MORTGAGE,80055,7.2,709,Small Business,Fully Paid,24800.0,5368.7,0
LN-20887,BW-10462,2024-09-17,16300,7.84,A,11.2,RENT,138789,30.31,779,Credit Card Refinance,Current,9534.84,822.28,0
LN-20888,BW-29419,2026-02-23,32400,25.71,E,2.3,MORTGAGE,37092,24.38,528,Debt Consolidation,Charged Off,7215.37,927.54,0
LN-20889,BW-29817,2024-05-30,5900,12.66,B,3.7,MORTGAGE,140701,31.51,693,Credit Card Refinance,In Grace Period,1136.57,71.94,0
LN-20890,BW-11710,2025-02-06,31000,19.04,D,2.1,MORTGAGE,44407,12.95,612,Debt Consolidation,Fully Paid,31000.0,12985.28,0
LN-20891,BW-25547,2025-10-10,10500,9.03,A,4.6,MORTGAGE,70774,10.48,847,Credit Card Refinance,Current,6581.49,653.74,0
LN-20892,BW-28366,2025-04-22,3400,16.14,C,5.6,MORTGAGE,57881,17.07,641,Major Purchase,Current,1385.82,246.04,0
LN-20893,BW-28343,2024-07-18,9800,9.23,A,10.6,RENT,75065,16.91,741,Debt Consolidation,Charged Off,1402.55,64.73,2
LN-20894,BW-18315,2024-09-16,4100,12.1,B,6.3,MORTGAGE,67894,27.95,705,Debt Consolidation,Fully Paid,4100.0,1091.42,4
LN-20895,BW-10997,2024-02-09,30600,7.39,A,10.4,RENT,79785,31.65,822,Major Purchase,Fully Paid,30600.0,4974.95,0
LN-20896,BW-15019,2024-03-04,4600,12.85,B,8.6,MORTGAGE,35796,26.04,687,Debt Consolidation,Current,3287.78,464.73,0
LN-20897,BW-16362,2025-01-10,36500,17.1,C,8.0,MORTGAGE,139872,24.37,640,Credit Card Refinance,Fully Paid,36500.0,13731.3,0
LN-20898,BW-23211,2024-10-09,5600,10.18,B,5.3,RENT,271472,19.63,697,Debt Consolidation,Fully Paid,5600.0,1254.18,0
LN-20899,BW-23410,2025-08-02,23800,18.12,D,2.5,MORTGAGE,70393,27.98,609,Small Business,Fully Paid,23800.0,9487.63,0
LN-20900,BW-15980,2025-04-16,2900,27.01,E,8.9,RENT,70808,26.05,570,Debt Consolidation,Late 31-120 Days,775.12,104.68,0
LN-20901,BW-16261,2025-02-27,13000,12.35,B,9.1,RENT,88496,23.65,691,Credit Card Refinance,Current,4068.31,552.68,0
LN-20902,BW-15803,2025-06-19,16100,7.46,A,11.8,MORTGAGE,78810,30.49,814,Credit Card Refinance,Current,9315.72,764.45,0
LN-20903,BW-11203,2026-03-26,15500,13.48,B,11.4,OWN,49176,31.76,707,Credit Card Refinance,Current,6282.28,931.54,0
LN-20904,BW-28075,2025-06-13,12300,10.61,B,10.0,MORTGAGE,195240,35.42,709,Debt Consolidation,Current,3835.82,447.68,4
LN-20905,BW-20583,2024-12-10,8500,20.37,D,4.8,MORTGAGE,52219,20.69,580,Personal,Current,2211.06,495.43,0
LN-20906,BW-20036,2025-03-21,19600,11.31,B,2.4,MORTGAGE,62201,24.01,719,Debt Consolidation,Current,9489.21,1180.55,0
LN-20907,BW-22229,2025-06-03,31100,9.38,A,7.4,RENT,76290,34.73,769,Credit Card Refinance,In Grace Period,5528.59,259.29,0
LN-20908,BW-28923,2024-07-22,38700,9.19,A,5.1,MORTGAGE,60750,36.11,816,Home Improvement,Current,20928.69,2115.68,2
LN-20909,BW-11762,2024-07-24,19800,11.39,B,11.7,RENT,59271,26.73,690,Debt Consolidation,Current,7539.23,944.59,1
LN-20910,BW-16662,2025-12-04,15400,13.62,C,5.5,RENT,38019,20.54,640,Credit Card Refinance,Fully Paid,15400.0,4614.46,0
LN-20911,BW-25476,2026-03-02,31100,11.11,B,8.2,RENT,45187,9.41,700,Credit Card Refinance,Fully Paid,31100.0,7601.46,0
LN-20912,BW-23913,2024-07-01,3500,12.21,B,7.4,RENT,47501,34.22,717,Debt Consolidation,Current,1475.18,198.13,0
LN-20913,BW-10052,2024-04-05,4200,22.98,E,7.5,MORTGAGE,43047,14.96,532,Debt Consolidation,Late 31-120 Days,1034.1,118.82,0
LN-20914,BW-19337,2025-04-21,28100,10.3,B,4.1,RENT,102107,32.53,705,Debt Consolidation,Fully Paid,28100.0,6367.46,0
LN-20915,BW-13322,2025-05-12,16900,6.01,A,8.0,RENT,95544,20.0,804,Small Business,Current,10175.78,672.72,0
LN-20916,BW-11786,2025-07-01,20300,15.56,C,4.0,RENT,124560,16.06,679,Debt Consolidation,Current,5420.17,927.72,3
LN-20917,BW-27423,2026-04-12,24600,9.29,A,9.2,MORTGAGE,32621,11.52,830,Debt Consolidation,Fully Paid,24600.0,5027.75,0
LN-20918,BW-24250,2024-09-15,35800,11.39,B,1.1,MORTGAGE,52612,27.65,683,Credit Card Refinance,Fully Paid,35800.0,8970.76,0
LN-20919,BW-10771,2024-04-24,13700,5.57,A,6.7,RENT,35856,6.18,781,Debt Consolidation,Fully Paid,13700.0,1678.8,3
LN-20920,BW-18147,2025-04-14,36000,12.07,B,2.5,MORTGAGE,56198,16.4,707,Home Improvement,Current,12472.58,1655.98,0
LN-20921,BW-27155,2026-06-22,39100,13.75,C,7.0,MORTGAGE,31331,26.05,668,Major Purchase,Late 16-30 Days,7968.18,547.81,0
LN-20922,BW-21068,2026-06-23,12100,10.32,B,11.2,RENT,77691,26.55,727,Credit Card Refinance,Late 16-30 Days,3916.82,202.11,0
LN-20923,BW-16279,2026-02-17,16500,26.54,E,7.1,MORTGAGE,120335,20.61,523,Home Improvement,Fully Paid,16500.0,9634.02,0
LN-20924,BW-16085,2025-11-03,10300,6.59,A,3.7,MORTGAGE,31498,30.81,792,Small Business,In Grace Period,1340.19,44.16,0
LN-20925,BW-20425,2026-04-26,13300,6.38,A,1.6,RENT,51185,28.5,818,Small Business,Fully Paid,13300.0,1866.79,0
LN-20926,BW-29504,2025-04-18,15500,14.94,C,4.3,MORTGAGE,81170,19.66,650,Home Improvement,Fully Paid,15500.0,5094.54,0
LN-20927,BW-27440,2025-07-28,38800,26.33,E,8.5,OWN,66758,25.84,556,Credit Card Refinance,Current,9694.38,2807.78,0
LN-20928,BW-27353,2025-08-01,24400,13.72,C,4.7,OWN,70666,25.6,669,Credit Card Refinance,Fully Paid,24400.0,7364.9,0
LN-20929,BW-10767,2024-05-06,16700,17.19,C,9.1,RENT,39302,36.31,638,Home Improvement,Charged Off,1928.71,165.77,0
LN-20930,BW-28702,2024-11-23,18200,10.97,B,3.8,RENT,76288,24.78,693,Debt Consolidation,Fully Paid,18200.0,4392.39,0
LN-20931,BW-20412,2024-06-09,13200,11.53,B,6.3,MORTGAGE,99753,35.51,709,Debt Consolidation,Current,4046.8,513.26,0
LN-20932,BW-27454,2024-07-12,18200,11.1,B,10.0,OWN,129785,18.8,721,Home Improvement,Fully Paid,18200.0,4444.44,0
LN-20933,BW-14540,2025-10-02,25400,28.15,E,7.5,MORTGAGE,46494,10.49,540,Debt Consolidation,In Grace Period,1963.16,276.31,0
LN-20934,BW-29704,2025-12-30,35300,11.39,B,10.7,MORTGAGE,83511,10.78,726,Debt Consolidation,Current,13895.3,1740.94,0
LN-20935,BW-11012,2024-04-23,39000,21.95,D,2.9,RENT,101060,21.51,591,Debt Consolidation,Current,27406.29,6617.25,0
LN-20936,BW-15218,2026-06-01,35000,8.23,A,3.3,OWN,50452,37.85,792,Credit Card Refinance,Fully Paid,35000.0,6337.1,0
LN-20937,BW-18520,2025-02-11,29700,11.31,B,10.7,RENT,47607,14.67,732,Credit Card Refinance,Fully Paid,29700.0,7389.95,0
LN-20938,BW-11307,2026-03-21,30900,14.0,C,4.7,MORTGAGE,172521,24.13,646,Small Business,Charged Off,3111.2,217.78,0
LN-20939,BW-21135,2025-12-27,28500,13.98,C,2.1,RENT,209340,20.12,671,Home Improvement,Fully Paid,28500.0,8765.46,0
LN-20940,BW-18519,2024-05-23,12800,20.68,D,4.4,RENT,71671,6.18,616,Debt Consolidation,Late 31-120 Days,1747.57,180.7,0
LN-20941,BW-22152,2024-10-28,20300,11.81,B,7.0,MORTGAGE,39542,19.52,699,Small Business,Current,13867.32,1801.5,4
LN-20942,BW-19579,2026-01-08,24400,11.87,B,10.4,MORTGAGE,38431,13.56,689,Small Business,Current,17620.2,2300.67,0
LN-20943,BW-25629,2026-06-05,14300,11.89,B,7.6,RENT,72559,17.35,712,Debt Consolidation,Current,8423.07,1101.65,0
LN-20944,BW-25795,2025-09-15,10200,10.94,B,2.5,RENT,50933,9.95,699,Small Business,Fully Paid,10200.0,2454.94,0
LN-20945,BW-16453,2025-02-12,10100,21.55,D,4.6,RENT,50800,26.92,627,Credit Card Refinance,Current,7789.29,1846.45,0
LN-20946,BW-18895,2026-01-27,11800,15.34,C,6.9,MORTGAGE,137293,13.45,663,Debt Consolidation,In Grace Period,3904.62,299.48,0
LN-20947,BW-17482,2024-03-06,30400,7.71,A,8.4,RENT,61629,29.2,751,Personal,Fully Paid,30400.0,5156.45,2
LN-20948,BW-11994,2024-03-15,4400,7.65,A,2.9,MORTGAGE,115427,31.07,840,Major Purchase,Fully Paid,4400.0,740.52,0
LN-20949,BW-25598,2024-04-24,24300,6.7,A,2.8,RENT,267725,33.42,741,Debt Consolidation,Fully Paid,24300.0,3581.82,0
LN-20950,BW-16383,2025-05-09,26200,11.95,B,7.3,RENT,50033,15.85,711,Debt Consolidation,Current,20196.57,2654.84,0
LN-20951,BW-27438,2024-11-22,38000,10.03,B,3.4,MORTGAGE,255355,21.09,728,Credit Card Refinance,Fully Paid,38000.0,8385.08,0
LN-20952,BW-26245,2025-07-05,19100,5.88,A,2.4,RENT,78313,26.05,850,Credit Card Refinance,Fully Paid,19100.0,2470.78,0
LN-20953,BW-17595,2025-08-07,13800,15.44,C,3.0,RENT,70014,25.11,673,Debt Consolidation,Fully Paid,13800.0,4687.58,0
LN-20954,BW-16288,2026-03-18,39300,10.87,B,9.3,RENT,60351,26.57,713,Debt Consolidation,Fully Paid,39300.0,9398.2,0
LN-20955,BW-17494,2025-04-05,15800,10.79,B,11.2,MORTGAGE,109301,29.59,726,Personal,Fully Paid,15800.0,3750.6,0
LN-20956,BW-23668,2024-01-20,39100,8.08,A,0.6,MORTGAGE,43240,30.31,757,Debt Consolidation,Fully Paid,39100.0,6950.42,0
LN-20957,BW-18386,2026-03-27,23400,21.08,D,3.9,RENT,42238,29.39,600,Small Business,Charged Off,4700.66,495.45,0
LN-20958,BW-13500,2024-02-17,20100,9.27,A,1.4,OWN,71331,37.05,815,Home Improvement,Fully Paid,20100.0,4099.19,0
LN-20959,BW-25959,2024-10-18,12900,9.82,B,3.4,MORTGAGE,74578,17.19,701,Debt Consolidation,In Grace Period,1164.68,57.19,0
LN-20960,BW-20634,2025-08-09,5800,15.84,C,11.7,MORTGAGE,218344,13.09,665,Debt Consolidation,Fully Paid,5800.0,2021.18,0
LN-20961,BW-28241,2026-05-23,29200,8.98,A,6.6,MORTGAGE,51433,15.36,829,Debt Consolidation,Current,19377.76,1914.14,0
LN-20962,BW-17038,2025-09-10,38900,10.9,B,2.6,RENT,64922,13.55,723,Debt Consolidation,Current,8320.05,997.57,3
LN-20963,BW-24002,2024-02-02,16500,17.87,D,5.1,RENT,53148,23.67,612,Debt Consolidation,Current,11943.5,2347.73,0
LN-20964,BW-27655,2024-04-25,6000,12.46,B,6.2,RENT,48835,23.42,716,Personal,Current,4074.93,558.51,0
LN-20965,BW-12874,2026-06-29,33200,27.01,E,7.1,MORTGAGE,62511,20.37,547,Small Business,Fully Paid,33200.0,19728.1,0
LN-20966,BW-20827,2024-01-22,33300,8.62,A,1.3,MORTGAGE,114757,19.27,834,Debt Consolidation,Fully Paid,33300.0,6315.01,0
LN-20967,BW-22777,2025-06-29,24400,18.74,D,0.7,MORTGAGE,37380,30.34,594,Debt Consolidation,Fully Paid,24400.0,10059.63,0
LN-20968,BW-28823,2026-05-14,6300,6.32,A,11.1,RENT,48902,22.6,763,Debt Consolidation,In Grace Period,555.64,17.56,0
LN-20969,BW-12269,2024-08-10,18400,10.39,B,4.3,RENT,128134,13.95,690,Debt Consolidation,Current,3981.35,455.03,0
LN-20970,BW-24406,2026-02-28,18900,11.08,B,1.9,OWN,42291,11.56,708,Debt Consolidation,Fully Paid,18900.0,4607.06,0
LN-20971,BW-13042,2025-01-01,37800,12.55,B,11.6,MORTGAGE,92976,29.44,687,Debt Consolidation,Fully Paid,37800.0,10436.58,0
LN-20972,BW-16258,2025-01-24,37900,14.6,C,2.9,MORTGAGE,108584,5.53,637,Debt Consolidation,Fully Paid,37900.0,12173.48,0
LN-20973,BW-13278,2025-02-03,5700,18.61,D,4.6,MORTGAGE,218826,26.24,624,Credit Card Refinance,Fully Paid,5700.0,2333.69,2
LN-20974,BW-20592,2024-02-09,7800,18.16,D,1.0,RENT,38159,20.5,589,Debt Consolidation,Charged Off,2267.57,205.9,0
LN-20975,BW-19603,2026-04-09,38700,14.28,C,4.8,OWN,112476,29.48,663,Major Purchase,Current,16216.88,2547.35,0
LN-20976,BW-15320,2024-01-27,25800,9.14,A,0.8,MORTGAGE,70059,5.94,773,Debt Consolidation,Fully Paid,25800.0,5187.86,0
LN-20977,BW-11121,2024-01-16,22200,12.57,B,9.0,RENT,34729,10.22,726,Debt Consolidation,Fully Paid,22200.0,6139.19,0
LN-20978,BW-23758,2026-04-08,19000,12.94,B,11.9,RENT,81175,33.28,714,Home Improvement,Fully Paid,19000.0,5408.92,0
LN-20979,BW-25384,2026-02-05,29400,13.33,B,10.8,MORTGAGE,58402,20.77,722,Debt Consolidation,Fully Paid,29400.0,8621.84,0
LN-20980,BW-14123,2024-04-17,17600,12.5,B,3.0,OWN,59346,34.27,725,Major Purchase,Fully Paid,17600.0,4840.0,0
LN-20981,BW-19866,2024-05-28,14800,8.54,A,4.3,OWN,45143,17.37,756,Debt Consolidation,Current,11259.46,1057.71,3
LN-20982,BW-11573,2025-08-08,8600,8.84,A,9.6,MORTGAGE,94369,15.64,770,Personal,Fully Paid,8600.0,1672.53,0
LN-20983,BW-16152,2024-10-13,23000,15.37,C,7.7,MORTGAGE,196319,8.89,646,Debt Consolidation,Current,11699.97,1978.11,0
LN-20984,BW-16105,2026-03-11,31100,20.54,D,3.4,RENT,45969,13.67,601,Credit Card Refinance,In Grace Period,7547.59,775.14,0
LN-20985,BW-14136,2024-03-25,14000,10.09,B,1.6,RENT,57284,19.39,702,Debt Consolidation,Fully Paid,14000.0,3107.72,0
LN-20986,BW-15983,2025-09-07,30000,12.63,B,5.1,MORTGAGE,46741,16.68,692,Home Improvement,Fully Paid,30000.0,8335.8,0
LN-20987,BW-27385,2025-11-27,8800,8.27,A,6.5,RENT,73768,10.24,807,Debt Consolidation,Current,5109.17,464.78,0
LN-20988,BW-14982,2025-03-07,13600,9.79,B,6.7,MORTGAGE,77789,34.73,705,Small Business,Current,6538.91,704.18,2
LN-20989,BW-10011,2024-06-13,7800,5.74,A,1.4,OWN,70422,20.87,792,Debt Consolidation,Current,5336.71,336.96,0
LN-20990,BW-17945,2024-10-09,5100,6.49,A,5.0,MORTGAGE,35224,36.79,784,Credit Card Refinance,Current,2248.41,160.51,0
LN-20991,BW-29199,2025-06-17,14800,8.19,A,11.4,MORTGAGE,34975,26.01,837,Debt Consolidation,Fully Paid,14800.0,2666.66,4
LN-20992,BW-25437,2026-02-11,19500,7.67,A,3.2,MORTGAGE,69584,7.32,818,Major Purchase,Fully Paid,19500.0,3290.43,0
LN-20993,BW-18916,2025-12-27,18500,10.04,B,11.4,MORTGAGE,206966,10.56,709,Major Purchase,Fully Paid,18500.0,4086.28,0
LN-20994,BW-19538,2025-03-18,21000,14.54,C,3.1,OWN,55805,28.15,672,Credit Card Refinance,Current,12239.55,1957.59,0
LN-20995,BW-19181,2024-03-26,33900,6.82,A,10.2,OWN,66494,37.44,825,Debt Consolidation,Charged Off,8947.18,305.1,0
LN-20996,BW-29194,2025-09-13,33500,14.01,C,6.2,OWN,78428,21.1,679,Debt Consolidation,Current,14254.03,2196.69,0
LN-20997,BW-22536,2025-12-27,11400,18.12,D,1.0,MORTGAGE,56461,24.14,628,Debt Consolidation,Fully Paid,11400.0,4544.5,0
LN-20998,BW-22902,2025-02-12,34900,16.92,C,8.8,MORTGAGE,72761,6.23,666,Major Purchase,Current,20132.8,3747.12,0
LN-20999,BW-10840,2025-04-12,18000,9.99,B,3.0,MORTGAGE,126322,5.94,738,Credit Card Refinance,Current,6337.95,696.48,0
LN-21000,BW-21273,2026-03-23,39700,14.87,C,4.6,MORTGAGE,68130,13.68,674,Home Improvement,In Grace Period,8636.47,642.12,0
LN-21001,BW-20547,2024-08-21,22700,19.07,D,9.0,RENT,163297,31.57,619,Debt Consolidation,Late 31-120 Days,3217.74,306.81,0
LN-21002,BW-12963,2024-12-25,12400,16.55,C,7.9,RENT,82585,28.34,642,Home Improvement,Fully Paid,12400.0,4514.84,0
LN-21003,BW-21844,2025-07-27,36600,10.34,B,9.2,MORTGAGE,71153,28.11,699,Credit Card Refinance,Fully Paid,36600.0,8325.77,0
LN-21004,BW-15829,2026-01-03,17700,16.38,C,5.1,RENT,63017,13.69,672,Debt Consolidation,Fully Paid,17700.0,6378.37,0
LN-21005,BW-14359,2025-07-15,19100,10.86,B,11.1,RENT,33395,6.35,694,Home Improvement,Current,15196.08,1815.32,1
LN-21006,BW-17175,2025-09-18,11600,14.17,C,3.3,MORTGAGE,78860,5.69,648,Major Purchase,Current,5375.09,837.82,0
LN-21007,BW-28615,2024-09-24,36300,12.05,B,2.7,MORTGAGE,83986,17.77,736,Home Improvement,Fully Paid,36300.0,9623.13,0
LN-21008,BW-18636,2025-12-20,7500,5.81,A,5.5,MORTGAGE,233605,33.38,828,Debt Consolidation,Fully Paid,7500.0,958.65,0
LN-21009,BW-14219,2025-12-19,11000,14.01,C,1.6,RENT,46628,16.5,668,Small Business,Current,5856.88,902.6,0
LN-21010,BW-25246,2024-01-23,4900,15.54,C,3.6,RENT,254786,37.86,657,Home Improvement,Current,2623.45,448.45,2
LN-21011,BW-25618,2026-01-15,12900,9.86,B,10.5,MORTGAGE,129697,13.32,726,Credit Card Refinance,Charged Off,2958.25,145.84,0
LN-21012,BW-14369,2025-02-20,32400,10.89,B,11.8,RENT,79630,21.76,716,Home Improvement,Current,16970.07,2032.84,0
LN-21013,BW-20304,2025-06-26,39200,20.18,D,10.4,RENT,49975,25.26,629,Debt Consolidation,Current,11631.59,2581.98,4
LN-21014,BW-15876,2025-12-02,38000,19.06,D,10.1,MORTGAGE,30966,23.94,586,Debt Consolidation,Current,16892.69,3541.72,0
LN-21015,BW-14538,2024-07-07,35500,10.29,B,10.2,MORTGAGE,35996,21.49,707,Credit Card Refinance,Fully Paid,35500.0,8036.49,0
LN-21016,BW-21508,2025-07-24,35500,11.64,B,11.8,RENT,72264,7.01,681,Credit Card Refinance,Charged Off,5749.02,334.59,4
LN-21017,BW-10412,2024-07-05,9600,27.6,E,0.6,OWN,70072,25.49,531,Home Improvement,Fully Paid,9600.0,5829.12,0
LN-21018,BW-13177,2025-06-03,34200,9.07,A,10.5,MORTGAGE,74522,30.48,830,Home Improvement,Current,23645.79,2359.14,0
LN-21019,BW-27615,2024-04-12,24600,10.96,B,10.7,MORTGAGE,70426,10.52,691,Credit Card Refinance,Current,13827.71,1667.07,0
LN-21020,BW-21055,2025-01-09,23300,28.14,E,11.3,OWN,136385,16.17,562,Home Improvement,Charged Off,7878.11,1108.45,0
LN-21021,BW-23247,2025-06-23,27400,8.89,A,1.0,RENT,81486,15.58,751,Credit Card Refinance,Current,17024.27,1664.8,0
LN-21022,BW-27903,2025-03-21,37900,12.58,B,7.9,RENT,39258,19.07,698,Debt Consolidation,Current,18733.18,2592.3,0
LN-21023,BW-20535,2024-02-26,13300,9.47,A,7.0,MORTGAGE,75481,27.57,838,Debt Consolidation,Fully Paid,13300.0,2770.92,0
LN-21024,BW-20063,2025-01-29,3500,12.48,B,10.8,MORTGAGE,222223,36.9,714,Credit Card Refinance,Current,2724.79,374.06,3
LN-21025,BW-26658,2024-08-14,19600,13.15,B,6.5,RENT,35842,11.13,686,Debt Consolidation,Current,4778.05,691.14,0
LN-21026,BW-16774,2024-09-03,37200,13.11,B,7.1,MORTGAGE,52965,5.16,687,Major Purchase,Current,27868.27,4018.88,0
LN-21027,BW-15801,2024-09-21,25000,9.77,B,11.9,OWN,74366,25.52,689,Debt Consolidation,Current,11342.61,1218.99,0
LN-21028,BW-20149,2024-07-13,16600,7.16,A,2.9,MORTGAGE,38933,32.81,792,Credit Card Refinance,Fully Paid,16600.0,2614.83,0
LN-21029,BW-29665,2024-04-28,10900,18.17,D,0.6,MORTGAGE,52740,26.04,624,Debt Consolidation,Late 31-120 Days,3132.19,284.56,4
LN-21030,BW-20727,2025-02-08,12300,6.64,A,2.4,MORTGAGE,38404,30.11,812,Credit Card Refinance,Fully Paid,12300.0,1796.78,0
LN-21031,BW-12834,2024-02-08,20500,21.98,D,6.9,MORTGAGE,63159,8.68,610,Debt Consolidation,Current,6369.08,1539.92,0
LN-21032,BW-12208,2026-02-24,4000,11.32,B,3.3,MORTGAGE,78712,35.81,729,Debt Consolidation,Current,2644.52,329.3,0
LN-21033,BW-11433,2025-01-24,36300,10.97,B,7.0,MORTGAGE,35004,6.86,692,Debt Consolidation,Fully Paid,36300.0,8760.64,0
LN-21034,BW-12085,2025-06-25,5100,5.6,A,3.1,OWN,255048,13.11,796,Home Improvement,Current,1512.96,93.2,0
LN-21035,BW-20405,2024-02-09,29700,16.01,C,1.2,MORTGAGE,76865,15.61,640,Home Improvement,Charged Off,2409.79,192.9,0
LN-21036,BW-22491,2024-03-16,26100,12.94,B,0.5,MORTGAGE,75397,23.6,728,Home Improvement,Late 16-30 Days,7756.91,501.87,0
LN-21037,BW-28726,2025-10-13,11900,8.23,A,7.9,OWN,75348,37.34,818,Credit Card Refinance,Current,8944.71,809.76,4
LN-21038,BW-21800,2024-11-03,30300,9.03,A,3.1,RENT,61427,19.25,787,Debt Consolidation,Current,14421.57,1432.49,0
LN-21039,BW-27743,2026-01-21,18300,6.33,A,10.3,OWN,58194,18.78,791,Debt Consolidation,Current,14117.07,982.97,0
LN-21040,BW-21069,2026-06-13,29200,6.32,A,4.2,OWN,58724,23.76,767,Credit Card Refinance,Fully Paid,29200.0,4059.97,0
LN-21041,BW-21908,2025-04-08,20100,10.43,B,10.9,MORTGAGE,109564,22.91,689,Home Improvement,Current,14064.63,1613.63,0
LN-21042,BW-23504,2024-01-25,18700,20.5,D,1.1,MORTGAGE,72131,36.13,613,Credit Card Refinance,Fully Paid,18700.0,8433.7,0
LN-21043,BW-15647,2024-09-08,8200,20.13,D,3.6,RENT,60215,15.44,592,Home Improvement,Fully Paid,8200.0,3631.45,3
LN-21044,BW-20361,2026-06-09,3300,16.67,C,7.5,MORTGAGE,52314,35.37,635,Credit Card Refinance,Charged Off,1009.07,84.11,0
LN-21045,BW-21688,2025-04-02,14300,11.02,B,2.8,MORTGAGE,157308,34.85,738,Credit Card Refinance,Fully Paid,14300.0,3466.89,0
LN-21046,BW-19494,2025-07-29,36600,7.16,A,4.0,RENT,60474,18.52,808,Debt Consolidation,Current,17631.71,1388.67,0
LN-21047,BW-18172,2026-02-24,20200,6.04,A,11.7,MORTGAGE,91362,20.74,788,Debt Consolidation,Late 16-30 Days,5180.02,156.44,0
LN-21048,BW-24448,2024-03-28,15400,9.29,A,7.2,OWN,79317,16.21,812,Credit Card Refinance,Current,3716.54,379.79,2
LN-21049,BW-22898,2025-09-09,38100,6.67,A,11.0,RENT,224070,7.74,841,Major Purchase,Current,18929.98,1388.89,0
LN-21050,BW-29343,2024-11-22,36400,11.6,B,5.3,MORTGAGE,73935,5.77,713,Major Purchase,Current,8415.92,1073.87,0
LN-21051,BW-20047,2024-12-06,27100,16.52,C,3.5,MORTGAGE,87652,26.76,678,Major Purchase,Current,7544.37,1370.96,0
LN-21052,BW-10349,2024-10-03,17100,9.12,A,8.9,MORTGAGE,69839,27.94,788,Debt Consolidation,Current,6863.61,688.56,0
LN-21053,BW-23910,2025-04-05,13100,15.75,C,5.2,OWN,58674,7.75,661,Home Improvement,Current,3286.49,569.38,0
LN-21054,BW-20440,2024-03-07,11600,12.74,B,10.4,MORTGAGE,173693,10.84,686,Small Business,Fully Paid,11600.0,3251.25,0
LN-21055,BW-12863,2026-06-11,5100,12.99,B,10.4,MORTGAGE,50882,24.23,719,Home Improvement,Fully Paid,5100.0,1457.48,0
LN-21056,BW-20842,2026-01-05,37200,14.38,C,9.5,MORTGAGE,33467,11.12,677,Debt Consolidation,Current,7525.73,1190.42,0
LN-21057,BW-17637,2025-09-11,9900,6.27,A,2.9,MORTGAGE,32602,37.6,844,Debt Consolidation,Current,4767.11,328.79,0
LN-21058,BW-29392,2026-06-18,39000,17.63,D,10.4,RENT,79001,13.69,591,Debt Consolidation,Fully Paid,39000.0,15126.54,0
LN-21059,BW-14063,2025-08-29,8600,16.55,C,8.6,RENT,32483,25.96,644,Debt Consolidation,Current,3847.38,700.42,0
LN-21060,BW-17151,2024-03-07,11900,16.15,C,5.4,MORTGAGE,141831,29.89,673,Debt Consolidation,Charged Off,2358.31,190.43,0
LN-21061,BW-11979,2026-02-28,27800,9.65,B,7.6,RENT,55240,15.51,727,Major Purchase,Current,11589.48,1230.22,0
LN-21062,BW-12158,2026-02-01,31100,19.23,D,7.0,MORTGAGE,79543,15.34,599,Credit Card Refinance,Late 16-30 Days,7033.85,676.3,2
LN-21063,BW-23426,2026-02-07,19500,15.41,C,5.8,RENT,71258,9.69,659,Debt Consolidation,Fully Paid,19500.0,6610.89,0
LN-21064,BW-14568,2024-06-03,33200,9.65,B,9.6,RENT,42499,34.88,730,Debt Consolidation,Current,10303.48,1093.71,3
LN-21065,BW-25475,2024-10-11,33600,11.13,B,2.2,OWN,62961,33.18,699,Debt Consolidation,Fully Paid,33600.0,8227.3,0
LN-21066,BW-26355,2025-05-03,5000,10.98,B,5.5,MORTGAGE,35237,15.67,686,Small Business,Fully Paid,5000.0,1207.8,4
LN-21067,BW-26194,2025-03-15,26100,12.06,B,9.7,MORTGAGE,43642,27.57,701,Home Improvement,Fully Paid,26100.0,6924.85,0
LN-21068,BW-27355,2024-11-30,16400,9.85,B,3.7,MORTGAGE,264132,13.12,708,Major Purchase,Current,12235.84,1325.75,0
LN-21069,BW-25603,2025-08-09,38700,8.29,A,9.5,MORTGAGE,72332,30.79,756,Small Business,Current,13055.68,1190.55,0
LN-21070,BW-17766,2026-02-07,21700,9.06,A,9.9,RENT,38162,8.15,780,Debt Consolidation,Fully Paid,21700.0,4325.24,0
LN-21071,BW-27341,2024-05-26,32200,7.06,A,6.1,RENT,49745,14.11,764,Debt Consolidation,Current,21466.31,1667.07,0
LN-21072,BW-17318,2024-11-17,38400,15.79,C,7.8,MORTGAGE,139057,21.0,647,Debt Consolidation,Fully Paid,38400.0,13339.39,0
LN-21073,BW-16166,2024-09-11,22100,16.47,C,11.5,MORTGAGE,57889,21.64,642,Small Business,Current,10028.86,1816.93,0
LN-21074,BW-10357,2025-04-21,31100,9.71,B,3.9,OWN,59442,7.6,721,Small Business,Current,24749.0,2643.44,0
LN-21075,BW-22518,2025-09-13,19600,18.07,D,6.9,RENT,79108,11.53,597,Personal,Fully Paid,19600.0,7791.78,1
LN-21076,BW-20577,2024-01-27,33700,24.46,E,11.5,RENT,34060,17.38,540,Debt Consolidation,Fully Paid,33700.0,18134.64,0
LN-21077,BW-22960,2025-05-23,29600,13.04,B,2.5,MORTGAGE,68541,28.55,683,Personal,Charged Off,2082.9,135.81,4
LN-21078,BW-15353,2024-03-12,5500,9.39,A,11.3,RENT,37700,16.34,783,Debt Consolidation,Fully Paid,5500.0,1136.19,0
LN-21079,BW-27192,2026-06-08,8500,8.76,A,5.3,OWN,163455,30.17,797,Debt Consolidation,Fully Paid,8500.0,1638.12,0
LN-21080,BW-28274,2024-05-20,38100,10.45,B,0.8,MORTGAGE,87779,36.5,694,Major Purchase,Current,15002.64,1724.55,0
LN-21081,BW-22969,2024-08-23,10000,7.7,A,0.7,OWN,82259,6.19,745,Debt Consolidation,Fully Paid,10000.0,1694.0,0
LN-21082,BW-29057,2024-10-15,36800,10.19,B,10.6,RENT,60760,29.56,680,Debt Consolidation,Current,15624.56,1751.36,0
LN-21083,BW-16605,2024-01-30,7000,13.1,B,9.2,RENT,71921,14.42,705,Credit Card Refinance,Fully Paid,7000.0,2017.4,0
LN-21084,BW-26770,2024-07-23,30400,24.58,E,9.4,RENT,62114,33.85,526,Small Business,Fully Paid,30400.0,16439.1,0
LN-21085,BW-19784,2026-05-13,11100,9.81,B,10.1,RENT,261578,34.38,720,Credit Card Refinance,Current,5623.92,606.88,0
LN-21086,BW-17091,2024-06-18,39400,12.41,B,10.0,MORTGAGE,63524,24.86,709,Home Improvement,Fully Paid,39400.0,10756.99,0
LN-21087,BW-29553,2024-01-12,3700,13.05,B,3.8,RENT,125395,6.65,734,Home Improvement,Current,2804.95,402.65,0
LN-21088,BW-22498,2025-01-16,38900,10.44,B,8.9,MORTGAGE,35226,29.48,692,Home Improvement,Charged Off,6817.07,355.85,0
LN-21089,BW-13934,2024-02-01,30400,10.07,B,4.0,RENT,79946,27.5,720,Debt Consolidation,Fully Paid,30400.0,6734.82,0
LN-21090,BW-15720,2025-12-09,23600,23.83,E,0.7,RENT,32821,7.09,564,Credit Card Refinance,Charged Off,1641.32,195.56,0
LN-21091,BW-10979,2026-02-27,36200,21.88,D,0.9,RENT,80521,26.67,616,Credit Card Refinance,Fully Paid,36200.0,17425.23,0
LN-21092,BW-25701,2024-01-02,11300,13.36,B,2.8,RENT,38758,19.78,692,Debt Consolidation,Current,2559.15,376.09,0
LN-21093,BW-24265,2025-04-28,24900,23.93,E,6.9,MORTGAGE,131896,20.06,525,Debt Consolidation,Current,10556.62,2778.82,0
LN-21094,BW-28055,2024-10-26,20000,11.86,B,6.7,RENT,72728,16.47,703,Debt Consolidation,Fully Paid,20000.0,5218.4,0
LN-21095,BW-26204,2025-04-22,15000,15.95,C,8.3,MORTGAGE,73615,16.84,638,Debt Consolidation,Fully Paid,15000.0,5263.5,0
LN-21096,BW-15383,2026-05-21,26200,11.94,B,10.7,MORTGAGE,41254,29.58,714,Credit Card Refinance,Fully Paid,26200.0,6882.22,1
LN-21097,BW-22987,2025-11-11,2700,25.43,E,1.4,MORTGAGE,57333,35.84,556,Debt Consolidation,Current,1738.33,486.26,0
LN-21098,BW-20973,2026-02-06,17200,7.59,A,6.1,RENT,74467,24.04,844,Credit Card Refinance,Fully Paid,17200.0,2872.06,0
LN-21099,BW-13487,2024-03-14,32500,16.39,C,3.1,RENT,60205,21.34,662,Debt Consolidation,Fully Paid,32500.0,11718.85,0
LN-21100,BW-23307,2026-04-27,13600,17.7,D,4.0,RENT,56330,11.83,581,Debt Consolidation,Fully Paid,13600.0,5295.84,2
LN-21101,BW-24830,2024-08-01,13800,5.54,A,11.4,MORTGAGE,43825,17.8,816,Major Purchase,Fully Paid,13800.0,1681.94,0
LN-21102,BW-25677,2025-12-18,14500,17.41,C,7.8,MORTGAGE,49442,6.02,661,Credit Card Refinance,Fully Paid,14500.0,5553.79,0
LN-21103,BW-27662,2024-03-29,4000,9.48,A,9.4,RENT,43851,21.09,788,Debt Consolidation,Fully Paid,4000.0,834.24,0
LN-21104,BW-12718,2026-03-06,3800,10.54,B,3.3,OWN,109894,15.22,710,Personal,Fully Paid,3800.0,881.14,0
LN-21105,BW-23454,2025-02-01,19900,5.78,A,1.6,MORTGAGE,51851,28.01,763,Debt Consolidation,Current,10375.82,659.69,0
LN-21106,BW-18296,2025-03-12,4000,18.89,D,7.2,MORTGAGE,82185,24.84,590,Small Business,Charged Off,385.76,36.44,0
LN-21107,BW-16524,2026-06-05,13800,8.59,A,6.0,MORTGAGE,50374,12.37,745,Home Improvement,Fully Paid,13800.0,2607.92,0
LN-21108,BW-17495,2025-01-10,23600,14.11,C,8.7,MORTGAGE,95777,19.46,668,Home Improvement,Fully Paid,23600.0,7325.91,0
LN-21109,BW-27208,2024-03-07,23400,9.73,B,10.8,RENT,264167,18.93,707,Home Improvement,In Grace Period,7332.02,356.7,0
LN-21110,BW-25552,2025-11-06,9500,6.15,A,5.1,RENT,92931,11.49,813,Credit Card Refinance,Fully Paid,9500.0,1285.35,0
LN-21111,BW-18618,2025-02-04,13800,14.51,C,6.0,MORTGAGE,77084,29.64,639,Credit Card Refinance,Charged Off,938.38,68.08,0
LN-21112,BW-13694,2025-05-06,14500,13.03,B,6.5,RENT,84769,13.04,688,Small Business,Current,4541.4,650.92,0
LN-21113,BW-25687,2026-02-17,34700,6.08,A,3.0,RENT,75419,9.8,756,Debt Consolidation,In Grace Period,7079.33,215.21,0
LN-21114,BW-28551,2026-03-10,18700,7.13,A,2.4,MORTGAGE,43549,33.73,836,Credit Card Refinance,Current,5901.04,462.82,0
LN-21115,BW-22244,2026-06-11,21600,7.42,A,5.0,RENT,64728,18.42,841,Major Purchase,Fully Paid,21600.0,3525.98,4
LN-21116,BW-27080,2024-05-29,5700,15.23,C,3.8,RENT,32459,34.42,665,Home Improvement,Current,1276.62,213.87,0
LN-21117,BW-19202,2026-06-11,21700,21.65,D,5.8,RENT,69890,17.74,610,Credit Card Refinance,Current,12016.09,2861.63,0
LN-21118,BW-29831,2025-09-23,39100,5.86,A,7.4,MORTGAGE,58996,22.58,802,Credit Card Refinance,Fully Paid,39100.0,5040.77,0
LN-21119,BW-18788,2024-12-22,36500,13.21,B,11.2,RENT,99932,23.68,700,Debt Consolidation,Fully Paid,36500.0,10607.63,2
LN-21120,BW-26963,2024-05-22,31300,8.18,A,8.3,RENT,67296,34.39,764,Debt Consolidation,Current,19186.88,1726.44,2
LN-21121,BW-27785,2024-09-09,29600,6.19,A,6.9,RENT,123126,14.62,832,Credit Card Refinance,Current,19949.42,1358.36,0
LN-21122,BW-15999,2024-12-15,37500,7.44,A,10.7,MORTGAGE,46284,20.15,774,Debt Consolidation,Fully Paid,37500.0,6138.0,0
LN-21123,BW-18275,2025-07-17,12100,10.34,B,1.9,OWN,75761,21.34,739,Debt Consolidation,Current,4431.69,504.06,0
LN-21124,BW-16527,2024-05-05,14200,15.46,C,3.6,RENT,44015,9.61,654,Debt Consolidation,Current,9667.07,1643.98,0
LN-21125,BW-19088,2025-11-07,18400,13.21,B,1.7,MORTGAGE,47538,6.32,723,Personal,Current,3788.81,550.55,0
LN-21126,BW-19082,2025-07-20,34000,9.21,A,3.8,RENT,99447,10.01,785,Credit Card Refinance,Current,22351.96,2264.48,3
LN-21127,BW-16656,2024-08-14,6100,27.28,E,6.7,RENT,60512,32.9,527,Debt Consolidation,Late 31-120 Days,1420.58,193.77,0
LN-21128,BW-17220,2024-08-06,25000,7.24,A,3.7,OWN,128986,17.76,850,Credit Card Refinance,Fully Paid,25000.0,3982.0,0
LN-21129,BW-23386,2024-10-05,16800,8.9,A,8.7,RENT,59856,22.86,836,Debt Consolidation,Current,10146.98,993.39,0
LN-21130,BW-27168,2024-03-20,10200,8.85,A,4.4,MORTGAGE,118264,9.77,817,Debt Consolidation,Current,6317.44,615.0,0
LN-21131,BW-23238,2026-06-17,36200,10.57,B,2.9,MORTGAGE,211865,17.52,698,Credit Card Refinance,Fully Paid,36200.0,8417.95,4
LN-21132,BW-17997,2025-03-22,16000,11.12,B,7.9,RENT,79639,5.68,702,Debt Consolidation,Current,11928.21,1459.06,2
LN-21133,BW-21410,2025-06-27,24500,10.26,B,3.1,MORTGAGE,67031,22.07,734,Debt Consolidation,Fully Paid,24500.0,5530.14,0
LN-21134,BW-22499,2025-06-21,23200,9.96,B,4.7,OWN,55897,13.26,724,Small Business,Current,10947.16,1199.37,0
LN-21135,BW-24283,2024-02-23,11200,6.17,A,3.7,RENT,36095,8.04,748,Credit Card Refinance,Fully Paid,11200.0,1520.29,0
LN-21136,BW-15765,2026-03-02,25100,17.68,D,3.8,MORTGAGE,77740,7.54,592,Small Business,Charged Off,7409.19,654.97,0
LN-21137,BW-25156,2024-06-24,32000,9.23,A,6.9,RENT,95009,15.74,771,Major Purchase,Fully Paid,32000.0,6497.92,0
LN-21138,BW-10678,2025-09-15,34200,17.81,D,6.3,MORTGAGE,75809,12.98,589,Debt Consolidation,Fully Paid,34200.0,13400.24,0
LN-21139,BW-19151,2024-03-09,26500,16.38,C,5.8,MORTGAGE,44907,29.9,640,Credit Card Refinance,Fully Paid,26500.0,9549.54,2
LN-21140,BW-25098,2024-12-28,38600,9.06,A,6.6,RENT,46054,36.13,799,Credit Card Refinance,Fully Paid,38600.0,7693.75,0
LN-21141,BW-23277,2025-09-06,32700,12.95,B,9.1,MORTGAGE,76718,11.83,688,Home Improvement,Current,23058.98,3284.75,3
LN-21142,BW-22536,2026-02-07,10600,10.37,B,4.8,RENT,51565,30.58,681,Debt Consolidation,In Grace Period,3281.33,170.14,0
LN-21143,BW-14582,2025-02-12,36400,9.66,B,8.0,RENT,39895,13.35,694,Home Improvement,Fully Paid,36400.0,7735.73,0
LN-21144,BW-16707,2025-04-21,13600,9.09,A,5.8,RENT,101081,6.75,752,Debt Consolidation,Current,9958.3,995.73,0
LN-21145,BW-12559,2024-11-13,5000,13.76,C,7.4,MORTGAGE,121151,15.94,660,Debt Consolidation,Current,1497.84,226.71,0
LN-21146,BW-14782,2025-02-17,22000,15.59,C,9.1,RENT,88925,5.8,670,Home Improvement,Fully Paid,22000.0,7545.56,0
LN-21147,BW-21368,2025-06-10,30900,15.88,C,7.7,MORTGAGE,74116,19.3,658,Small Business,Charged Off,8769.18,696.27,0
LN-21148,BW-28558,2024-07-20,12500,26.78,E,6.3,RENT,35024,9.69,560,Debt Consolidation,Late 31-120 Days,2064.59,276.45,0
LN-21149,BW-11372,2025-03-13,32500,7.78,A,1.0,RENT,97747,34.14,793,Debt Consolidation,Fully Paid,32500.0,5562.7,0
LN-21150,BW-16901,2024-06-18,5000,8.41,A,0.5,RENT,87456,20.45,840,Home Improvement,Fully Paid,5000.0,925.1,0
LN-21151,BW-12620,2024-12-04,35800,15.85,C,8.2,MORTGAGE,74388,31.87,665,Debt Consolidation,Current,14173.93,2471.22,4
LN-21152,BW-27040,2025-05-25,14800,15.29,C,8.3,MORTGAGE,66076,21.79,647,Debt Consolidation,Current,11762.86,1978.4,4
LN-21153,BW-19841,2024-09-11,31900,11.76,B,9.7,MORTGAGE,56980,34.06,734,Debt Consolidation,Fully Paid,31900.0,8253.17,0
LN-21154,BW-27767,2025-11-09,8600,18.92,D,6.3,OWN,43521,20.88,595,Debt Consolidation,Late 31-120 Days,1240.01,117.3,0
LN-21155,BW-24274,2024-08-29,37700,21.9,D,5.2,OWN,60096,8.9,601,Debt Consolidation,Current,30110.2,7253.55,0
LN-21156,BW-22987,2025-08-30,15100,14.55,C,7.3,MORTGAGE,78188,24.73,640,Debt Consolidation,Fully Paid,15100.0,4833.51,0
LN-21157,BW-12697,2025-12-15,37500,7.47,A,9.7,MORTGAGE,120414,31.19,751,Debt Consolidation,Fully Paid,37500.0,6162.75,0
LN-21158,BW-10068,2024-03-30,28700,8.21,A,5.9,MORTGAGE,31071,26.98,845,Credit Card Refinance,In Grace Period,9122.69,374.49,0
LN-21159,BW-11276,2026-04-23,32100,8.79,A,12.0,RENT,52590,34.6,764,Major Purchase,Current,8491.19,821.01,0
LN-21160,BW-27238,2025-06-11,8400,11.96,B,1.3,RENT,59085,30.61,696,Credit Card Refinance,Charged Off,1948.34,116.51,0
LN-21161,BW-11049,2025-10-31,38200,8.74,A,5.0,OWN,60670,15.11,785,Credit Card Refinance,Current,16833.08,1618.33,0
LN-21162,BW-17704,2025-08-24,8300,25.05,E,9.6,RENT,71405,7.62,565,Debt Consolidation,Current,2395.45,660.07,0
LN-21163,BW-14132,2025-02-23,11500,26.5,E,2.2,MORTGAGE,135487,20.89,557,Credit Card Refinance,Charged Off,2797.87,370.72,0
LN-21164,BW-28091,2024-02-02,9700,15.02,C,8.9,MORTGAGE,63748,7.18,655,Major Purchase,Fully Paid,9700.0,3205.27,0
LN-21165,BW-22765,2024-11-30,14600,12.66,B,2.6,RENT,244200,9.39,735,Debt Consolidation,Current,9116.69,1269.59,0
LN-21166,BW-28565,2024-12-08,6000,9.32,A,10.5,RENT,36028,33.89,793,Small Business,Fully Paid,6000.0,1230.24,0
LN-21167,BW-17865,2024-12-17,2800,11.23,B,6.4,RENT,68210,16.9,729,Major Purchase,Fully Paid,2800.0,691.77,0
LN-21168,BW-10089,2024-10-07,34700,14.9,C,1.7,MORTGAGE,63220,29.55,672,Debt Consolidation,Fully Paid,34700.0,11374.66,0
LN-21169,BW-29349,2026-02-12,24700,19.6,D,7.5,RENT,78505,14.58,626,Debt Consolidation,Current,9156.08,1974.05,4
LN-21170,BW-12057,2024-11-03,24700,9.19,A,6.0,OWN,43672,19.83,846,Debt Consolidation,Current,17569.08,1776.06,0
LN-21171,BW-28991,2025-03-16,19300,22.36,E,3.4,MORTGAGE,50281,18.1,572,Debt Consolidation,Late 16-30 Days,1405.65,157.15,0
LN-21172,BW-27539,2024-11-09,32300,21.42,D,9.9,RENT,47909,26.12,626,Credit Card Refinance,Current,19315.03,4551.01,0
LN-21173,BW-29011,2024-12-02,39600,27.57,E,3.0,MORTGAGE,48099,23.5,579,Debt Consolidation,Charged Off,9774.5,1347.41,3
LN-21174,BW-12610,2024-10-26,29900,14.11,C,4.3,MORTGAGE,81449,10.58,677,Debt Consolidation,Current,13435.43,2085.31,0
LN-21175,BW-16687,2024-03-19,28400,14.81,C,8.9,MORTGAGE,215702,26.09,664,Debt Consolidation,Current,20559.69,3349.38,0
LN-21176,BW-10109,2026-03-09,7100,12.58,B,11.5,MORTGAGE,32162,30.28,701,Debt Consolidation,Current,3595.92,497.6,0
LN-21177,BW-19119,2024-01-19,22900,19.31,D,9.5,RENT,56032,13.26,592,Credit Card Refinance,Current,13103.5,2783.31,0
LN-21178,BW-12831,2026-02-14,22600,15.64,C,11.9,MORTGAGE,59556,20.8,674,Debt Consolidation,Fully Paid,22600.0,7776.21,3
LN-21179,BW-24168,2025-12-15,20600,10.34,B,1.7,OWN,76376,24.35,720,Credit Card Refinance,Late 31-120 Days,7166.88,370.53,0
LN-21180,BW-26199,2025-08-07,3900,10.38,B,6.9,RENT,106117,11.21,682,Home Improvement,Fully Paid,3900.0,890.6,0
LN-21181,BW-22207,2024-04-29,24800,13.93,C,8.0,MORTGAGE,43616,23.53,636,Credit Card Refinance,Fully Paid,24800.0,7600.21,0
LN-21182,BW-28139,2026-04-21,14400,8.64,A,12.0,MORTGAGE,41164,15.3,821,Small Business,Current,3216.43,305.69,2
LN-21183,BW-14486,2025-05-25,39100,12.91,B,8.5,MORTGAGE,229114,17.0,684,Credit Card Refinance,Current,14853.78,2109.39,2
LN-21184,BW-20739,2024-11-21,39000,19.2,D,2.6,RENT,33049,30.34,586,Debt Consolidation,Fully Paid,39000.0,16473.6,1
LN-21185,BW-29078,2024-03-22,30800,8.87,A,9.7,MORTGAGE,53217,35.13,810,Credit Card Refinance,Fully Paid,30800.0,6010.31,0
LN-21186,BW-28918,2026-06-18,30700,9.99,B,10.5,MORTGAGE,69478,6.34,705,Home Improvement,Fully Paid,30700.0,6747.25,0
LN-21187,BW-18816,2025-02-19,4100,14.02,C,9.0,MORTGAGE,34485,31.71,660,Credit Card Refinance,Current,1470.13,226.72,0
LN-21188,BW-28389,2026-04-11,28800,18.41,D,10.8,MORTGAGE,106894,8.43,616,Debt Consolidation,Late 31-120 Days,3327.13,306.26,0
LN-21189,BW-15549,2026-03-05,12700,12.26,B,9.0,MORTGAGE,65637,31.22,736,Credit Card Refinance,Fully Paid,12700.0,3425.44,0
LN-21190,BW-17795,2025-08-15,17700,23.97,E,1.2,RENT,75457,24.5,528,Credit Card Refinance,Late 16-30 Days,2207.35,264.55,0
LN-21191,BW-14084,2025-08-13,30500,15.18,C,8.6,RENT,82616,27.81,642,Credit Card Refinance,In Grace Period,7388.51,560.79,1
LN-21192,BW-14340,2024-10-10,17300,12.45,B,8.7,MORTGAGE,37564,36.85,723,Debt Consolidation,Current,9424.09,1290.63,0
LN-21193,BW-13629,2024-05-06,8000,10.4,B,10.0,RENT,77090,26.38,689,Major Purchase,Current,3160.54,361.57,0
LN-21194,BW-27002,2025-11-09,9600,6.33,A,8.3,MORTGAGE,63209,26.97,785,Debt Consolidation,Fully Paid,9600.0,1336.9,0
LN-21195,BW-18975,2024-07-27,30600,14.22,C,5.5,MORTGAGE,50201,22.3,633,Debt Consolidation,Current,22300.79,3488.29,2
LN-21196,BW-15801,2025-04-05,15500,13.85,C,5.4,RENT,30451,26.26,659,Debt Consolidation,Current,11133.78,1696.23,0
LN-21197,BW-22799,2025-07-18,26700,13.67,C,3.6,RENT,45740,17.69,645,Debt Consolidation,Current,20302.3,3052.86,2
LN-21198,BW-27105,2026-06-25,17600,8.7,A,3.4,MORTGAGE,67814,7.08,835,Credit Card Refinance,Current,13011.07,1245.16,0
LN-21199,BW-18005,2026-02-25,8100,17.41,C,9.2,OWN,48217,5.65,630,Credit Card Refinance,Fully Paid,8100.0,3102.46,0
LN-21200,BW-28610,2026-04-03,31200,8.43,A,4.4,MORTGAGE,62676,13.29,832,Personal,Current,9974.02,924.89,0
LN-21201,BW-29712,2024-12-31,14700,8.0,A,7.0,MORTGAGE,56298,33.31,771,Debt Consolidation,Fully Paid,14700.0,2587.2,0
LN-21202,BW-20925,2024-07-28,11200,5.91,A,6.2,OWN,51077,33.6,757,Small Business,Fully Paid,11200.0,1456.22,0
LN-21203,BW-12379,2024-09-19,10700,6.38,A,1.7,RENT,47975,8.2,767,Credit Card Refinance,Charged Off,2420.87,77.23,2
LN-21204,BW-29288,2025-07-03,32700,15.99,C,10.7,MORTGAGE,56127,31.11,635,Credit Card Refinance,Fully Paid,32700.0,11503.21,0
LN-21205,BW-17903,2025-02-25,33100,13.21,B,1.0,RENT,60947,12.14,711,Home Improvement,Current,8607.86,1250.81,0
LN-21206,BW-17514,2024-01-28,19500,13.25,B,11.1,RENT,112991,27.97,728,Home Improvement,Current,15374.25,2240.8,0
LN-21207,BW-19019,2024-10-29,33500,8.43,A,2.7,RENT,133332,11.52,765,Major Purchase,Fully Paid,33500.0,6212.91,0
LN-21208,BW-17393,2025-12-04,35500,15.03,C,7.6,MORTGAGE,193521,14.89,678,Small Business,Fully Paid,35500.0,11738.43,0
LN-21209,BW-15212,2024-03-27,34100,7.63,A,5.9,RENT,61232,18.87,827,Credit Card Refinance,Fully Paid,34100.0,5724.03,0
LN-21210,BW-15037,2025-06-27,29300,23.8,E,5.3,MORTGAGE,44241,34.17,553,Debt Consolidation,Current,22245.48,5823.87,0
LN-21211,BW-29189,2025-09-17,38300,20.51,D,11.8,RENT,44845,19.02,593,Credit Card Refinance,Current,17887.84,4035.68,0
LN-21212,BW-29866,2025-08-18,19900,11.06,B,3.0,MORTGAGE,62863,8.0,714,Credit Card Refinance,In Grace Period,5141.27,284.31,0
LN-21213,BW-17528,2024-05-18,24300,11.14,B,9.0,RENT,47483,29.34,721,Home Improvement,Late 31-120 Days,2525.69,140.68,0
LN-21214,BW-14142,2024-04-05,5600,6.47,A,3.3,RENT,31663,22.33,810,Small Business,Current,2235.77,159.12,1
LN-21215,BW-11442,2024-03-14,21900,12.33,B,5.4,RENT,36727,25.62,685,Debt Consolidation,Current,12708.85,1723.7,2
LN-21216,BW-25102,2024-01-25,3500,16.59,C,2.4,RENT,72131,26.94,679,Personal,Current,2218.49,404.85,1
LN-21217,BW-29196,2025-10-07,26800,7.26,A,1.4,RENT,36239,6.89,808,Credit Card Refinance,Fully Paid,26800.0,4280.5,0
LN-21218,BW-14907,2024-09-24,26700,21.1,D,11.9,MORTGAGE,40251,29.83,612,Small Business,Charged Off,5706.66,602.05,4
LN-21219,BW-27695,2024-02-13,13300,18.26,D,6.0,RENT,46093,25.51,628,Debt Consolidation,Current,6401.62,1285.83,0
LN-21220,BW-25312,2025-01-05,15500,13.05,B,0.8,MORTGAGE,53202,16.27,704,Home Improvement,Fully Paid,15500.0,4450.05,0
LN-21221,BW-14913,2025-01-13,21700,14.18,C,5.2,MORTGAGE,100454,37.69,647,Small Business,Current,9108.06,1420.68,0
LN-21222,BW-28901,2025-09-20,11500,5.71,A,4.8,MORTGAGE,52581,24.87,766,Debt Consolidation,Current,6564.83,412.34,0
LN-21223,BW-10556,2025-02-05,4300,5.74,A,9.4,RENT,156913,9.04,842,Credit Card Refinance,Current,2223.73,140.41,0
LN-21224,BW-27343,2025-06-12,21200,25.6,E,9.0,MORTGAGE,127191,35.72,550,Credit Card Refinance,Charged Off,5627.63,720.34,0
LN-21225,BW-23097,2025-10-22,29700,12.01,B,3.6,RENT,94274,22.22,698,Credit Card Refinance,Fully Paid,29700.0,7847.33,0
LN-21226,BW-23357,2024-04-16,34200,11.04,B,3.9,RENT,30678,19.22,726,Credit Card Refinance,Current,22810.61,2770.12,0
LN-21227,BW-22785,2026-03-18,35300,12.55,B,3.9,MORTGAGE,42775,11.16,735,Debt Consolidation,Current,21372.4,2950.46,0
LN-21228,BW-16126,2025-08-12,13000,10.8,B,3.9,MORTGAGE,55545,14.59,730,Debt Consolidation,Fully Paid,13000.0,3088.8,0
LN-21229,BW-10737,2024-05-17,39300,11.62,B,9.4,RENT,74142,15.94,733,Credit Card Refinance,Fully Paid,39300.0,10046.65,0
LN-21230,BW-12016,2024-08-01,11500,28.46,E,8.2,MORTGAGE,41138,35.24,538,Debt Consolidation,Current,7985.17,2499.84,4
LN-21231,BW-18444,2025-04-10,5900,16.75,C,7.3,RENT,34003,28.47,636,Debt Consolidation,Fully Paid,5900.0,2174.15,0
LN-21232,BW-14055,2025-10-21,21000,16.06,C,6.8,RENT,49872,9.45,642,Debt Consolidation,Current,7044.04,1244.4,0
LN-21233,BW-11138,2025-02-20,19800,9.47,A,8.8,MORTGAGE,117550,21.52,752,Small Business,Fully Paid,19800.0,4125.13,0
LN-21234,BW-27185,2025-02-28,24500,17.49,C,10.8,OWN,30349,16.04,631,Debt Consolidation,Charged Off,2165.12,189.34,0
LN-21235,BW-10429,2026-01-12,33400,10.63,B,3.3,MORTGAGE,270378,24.67,698,Debt Consolidation,Current,25050.11,2929.11,0
LN-21236,BW-17002,2025-06-22,5200,9.9,B,5.0,RENT,49980,9.06,718,Major Purchase,Current,2834.09,308.63,2
LN-21237,BW-17400,2026-04-14,39900,15.89,C,3.2,MORTGAGE,81284,11.43,678,Personal,Fully Paid,39900.0,13948.24,0
LN-21238,BW-29876,2024-02-07,18200,6.6,A,7.4,OWN,100738,8.04,783,Debt Consolidation,Current,13001.47,943.91,0
LN-21239,BW-27028,2025-03-14,11400,12.63,B,6.7,MORTGAGE,31404,35.87,701,Debt Consolidation,Fully Paid,11400.0,3167.6,0
LN-21240,BW-11519,2026-06-14,37700,15.26,C,6.5,MORTGAGE,33145,36.15,631,Credit Card Refinance,Fully Paid,37700.0,12656.64,0
LN-21241,BW-16657,2026-02-02,19600,11.11,B,4.7,RENT,138620,15.57,723,Major Purchase,Current,15124.77,1848.4,0
LN-21242,BW-18323,2025-10-03,18900,11.59,B,10.8,RENT,138569,8.59,691,Debt Consolidation,Fully Paid,18900.0,4819.12,0
LN-21243,BW-28395,2025-07-21,6800,10.73,B,7.9,RENT,209150,15.03,682,Credit Card Refinance,Charged Off,1416.73,76.01,0
LN-21244,BW-16359,2025-09-21,10400,10.13,B,4.4,MORTGAGE,37779,26.29,682,Debt Consolidation,Fully Paid,10400.0,2317.74,2
LN-21245,BW-24795,2024-10-19,29000,17.47,C,8.4,MORTGAGE,118253,31.51,667,Home Improvement,Fully Paid,29000.0,11145.86,0
LN-21246,BW-24847,2025-11-03,32800,12.59,B,11.9,MORTGAGE,49100,33.7,716,Debt Consolidation,Current,17437.11,2414.87,0
LN-21247,BW-29670,2025-08-05,16200,10.17,B,9.1,MORTGAGE,44948,17.68,730,Personal,Fully Paid,16200.0,3624.59,0
LN-21248,BW-13373,2026-04-06,6600,17.32,C,3.9,RENT,70290,32.69,642,Debt Consolidation,Current,2485.95,473.62,3
LN-21249,BW-23245,2025-04-13,8300,13.46,B,7.0,MORTGAGE,76727,26.13,710,Debt Consolidation,Current,6502.27,962.73,3
LN-21250,BW-15698,2024-09-06,25100,6.8,A,9.1,OWN,40141,16.94,824,Debt Consolidation,Current,12854.34,961.5,0
LN-21251,BW-28387,2025-08-02,39300,17.06,C,9.2,MORTGAGE,39329,34.77,637,Debt Consolidation,Current,15908.79,2985.44,0
LN-21252,BW-14824,2025-02-20,16800,13.96,C,5.2,OWN,59609,17.48,665,Home Improvement,Fully Paid,16800.0,5159.62,0
LN-21253,BW-17098,2026-02-07,22300,8.57,A,0.7,MORTGAGE,45791,23.86,843,Small Business,Current,15743.46,1484.14,0
LN-21254,BW-23063,2024-06-17,34500,12.04,B,6.7,RENT,37884,32.47,682,Major Purchase,Current,11531.31,1527.21,4
LN-21255,BW-24229,2024-03-24,17000,12.85,B,7.4,MORTGAGE,42756,11.67,728,Debt Consolidation,Current,11706.0,1654.64,0
LN-21256,BW-10835,2024-03-15,5500,7.95,A,1.1,MORTGAGE,119591,25.79,775,Debt Consolidation,Current,2160.6,188.94,0
LN-21257,BW-15806,2024-08-13,7900,8.07,A,10.4,MORTGAGE,47098,29.09,820,Debt Consolidation,Current,2860.38,253.92,0
LN-21258,BW-24439,2026-02-20,35700,16.39,C,5.6,MORTGAGE,39224,28.96,658,Debt Consolidation,Current,21521.25,3880.07,0
LN-21259,BW-21290,2025-09-08,39300,9.19,A,0.7,RENT,82250,23.66,746,Personal,In Grace Period,11134.55,511.63,4
LN-21260,BW-27482,2025-01-01,7500,10.51,B,3.5,RENT,36398,35.74,739,Major Purchase,Fully Paid,7500.0,1734.15,2
LN-21261,BW-23150,2024-06-16,27900,18.5,D,1.8,RENT,115426,7.59,590,Credit Card Refinance,Late 16-30 Days,2337.63,216.23,0
LN-21262,BW-17797,2025-04-03,16600,20.0,D,10.0,RENT,58675,11.28,602,Debt Consolidation,Late 31-120 Days,4156.02,415.6,0
LN-21263,BW-18670,2024-04-06,21600,16.97,C,7.3,RENT,71170,37.11,648,Debt Consolidation,Fully Paid,21600.0,8064.14,0
LN-21264,BW-11733,2025-04-19,6600,11.15,B,3.2,MORTGAGE,36713,9.68,714,Debt Consolidation,Fully Paid,6600.0,1618.98,0
LN-21265,BW-26822,2025-07-03,20900,12.09,B,2.5,RENT,85919,32.08,736,Credit Card Refinance,Fully Paid,20900.0,5558.98,1
LN-21266,BW-18555,2025-03-24,31900,8.44,A,6.5,MORTGAGE,229166,27.66,802,Small Business,Current,14534.03,1349.34,0
LN-21267,BW-27673,2026-01-26,11100,11.19,B,3.3,MORTGAGE,83771,29.76,701,Personal,Late 31-120 Days,3171.07,177.42,0
LN-21268,BW-24047,2026-03-09,11300,11.17,B,5.1,MORTGAGE,79726,18.37,711,Major Purchase,Current,8091.49,994.2,0
LN-21269,BW-22324,2025-02-06,27800,16.05,C,6.7,MORTGAGE,96826,7.84,650,Debt Consolidation,Fully Paid,27800.0,9816.18,0
LN-21270,BW-10486,2026-02-27,30000,19.38,D,9.4,RENT,79314,22.25,589,Credit Card Refinance,Fully Paid,30000.0,12790.8,4
LN-21271,BW-14546,2025-03-16,31500,11.77,B,4.3,MORTGAGE,150338,13.86,714,Small Business,Current,16541.11,2141.58,0
LN-21272,BW-10529,2025-07-09,29900,9.31,A,11.5,OWN,52477,26.86,828,Debt Consolidation,Current,18882.25,1933.73,0
LN-21273,BW-18217,2025-10-24,21700,21.32,D,6.3,MORTGAGE,58519,25.77,619,Debt Consolidation,Charged Off,3342.53,356.31,0
LN-21274,BW-26630,2025-02-03,36100,17.2,C,5.8,RENT,91008,18.25,645,Debt Consolidation,Fully Paid,36100.0,13660.24,0
LN-21275,BW-16119,2025-04-17,29500,13.36,B,0.8,MORTGAGE,68016,26.9,684,Debt Consolidation,Current,15319.89,2251.41,0
LN-21276,BW-14912,2025-06-12,33900,12.4,B,10.4,RENT,48828,9.27,689,Credit Card Refinance,Fully Paid,33900.0,9247.92,0
LN-21277,BW-11251,2024-08-31,9500,17.6,D,9.6,RENT,70858,25.63,621,Home Improvement,Fully Paid,9500.0,3678.4,0
LN-21278,BW-10979,2024-06-20,3900,16.27,C,8.1,RENT,75570,27.21,666,Credit Card Refinance,Fully Paid,3900.0,1395.97,0
LN-21279,BW-21227,2026-04-26,17300,7.07,A,10.3,MORTGAGE,66464,9.63,815,Major Purchase,Fully Paid,17300.0,2690.84,0
LN-21280,BW-18081,2024-07-18,35000,8.66,A,7.8,RENT,84912,33.59,846,Home Improvement,Fully Paid,35000.0,6668.2,0
LN-21281,BW-28762,2026-02-18,36800,13.91,C,11.2,MORTGAGE,76536,11.16,673,Debt Consolidation,Fully Paid,36800.0,11261.54,0
LN-21282,BW-25836,2024-12-17,10800,7.11,A,2.5,RENT,95990,27.92,815,Credit Card Refinance,Fully Paid,10800.0,1689.34,0
LN-21283,BW-22125,2024-09-26,38200,6.98,A,1.7,OWN,56961,21.16,743,Debt Consolidation,Current,29404.31,2257.66,0
LN-21284,BW-10512,2026-06-17,14000,6.4,A,7.5,MORTGAGE,68829,25.56,764,Credit Card Refinance,Current,7103.41,500.08,0
LN-21285,BW-13709,2024-10-02,28900,23.37,E,11.0,MORTGAGE,152292,24.21,573,Credit Card Refinance,Current,7271.42,1869.26,0
LN-21286,BW-22927,2024-06-26,10100,6.81,A,4.0,MORTGAGE,69245,12.15,781,Credit Card Refinance,Current,7389.76,553.57,0
LN-21287,BW-25592,2024-09-29,4200,11.34,B,8.9,MORTGAGE,56382,36.67,700,Debt Consolidation,Current,1217.21,151.83,0
LN-21288,BW-13575,2024-05-04,25600,14.29,C,3.8,OWN,135878,36.28,654,Debt Consolidation,Fully Paid,25600.0,8048.13,0
LN-21289,BW-28398,2026-05-27,34200,6.94,A,1.2,RENT,211220,22.38,770,Home Improvement,Current,15093.01,1152.2,0
LN-21290,BW-20842,2025-04-05,21500,16.97,C,6.9,MORTGAGE,44029,31.15,667,Credit Card Refinance,Current,7906.04,1475.82,0
LN-21291,BW-14529,2025-01-07,30000,15.71,C,6.2,RENT,41071,18.92,651,Credit Card Refinance,Current,11711.89,2023.93,0
LN-21292,BW-19438,2024-01-27,28500,9.37,A,2.5,RENT,69959,37.52,843,Debt Consolidation,Current,20252.32,2087.41,0
LN-21293,BW-11404,2024-05-14,11200,11.89,B,2.3,MORTGAGE,74413,36.63,736,Credit Card Refinance,Current,7789.49,1018.79,0
LN-21294,BW-13792,2025-10-10,3800,14.86,C,9.7,MORTGAGE,98655,11.74,660,Small Business,Fully Paid,3800.0,1242.3,0
LN-21295,BW-13288,2025-05-26,39800,19.3,D,3.8,MORTGAGE,84067,21.19,619,Debt Consolidation,Current,24445.81,5189.85,0
LN-21296,BW-23863,2026-01-26,7400,6.1,A,5.7,RENT,69181,32.92,740,Debt Consolidation,Fully Paid,7400.0,993.08,0
LN-21297,BW-19434,2024-07-13,33100,12.36,B,2.9,OWN,99316,29.32,731,Debt Consolidation,Current,9128.23,1241.07,0
LN-21298,BW-10232,2024-06-12,11700,27.77,E,7.7,MORTGAGE,33034,13.66,553,Credit Card Refinance,Charged Off,2525.14,350.62,0
LN-21299,BW-27449,2025-05-06,32000,8.16,A,2.4,RENT,45455,34.7,762,Major Purchase,Current,11398.54,1023.13,0
LN-21300,BW-28416,2025-06-07,14700,16.96,C,7.7,OWN,58892,25.41,632,Major Purchase,Current,10480.03,1955.15,0
LN-21301,BW-22530,2024-05-03,35100,11.13,B,10.8,MORTGAGE,48146,28.7,715,Credit Card Refinance,Current,10717.06,1312.09,0
LN-21302,BW-17047,2025-09-21,8300,10.87,B,2.8,RENT,37119,36.52,691,Debt Consolidation,Current,3711.46,443.78,0
LN-21303,BW-23995,2024-11-28,7900,10.52,B,9.7,RENT,49175,34.59,715,Personal,Current,4909.71,568.15,0
LN-21304,BW-28926,2026-01-24,20800,18.77,D,10.3,MORTGAGE,63317,26.27,587,Personal,Current,10313.91,2129.51,3
LN-21305,BW-19497,2024-04-29,21200,7.81,A,3.3,MORTGAGE,30640,28.61,839,Credit Card Refinance,Fully Paid,21200.0,3642.58,0
LN-21306,BW-29079,2025-04-24,11700,10.23,B,5.5,OWN,36120,34.74,701,Credit Card Refinance,Current,8732.86,982.71,0
LN-21307,BW-17020,2024-04-10,3600,6.47,A,6.1,MORTGAGE,276039,27.28,759,Credit Card Refinance,Current,1506.9,107.25,0
LN-21308,BW-11778,2026-06-25,25200,16.57,C,6.8,RENT,209550,36.01,661,Small Business,Current,12652.33,2306.14,0
LN-21309,BW-24364,2024-03-03,26400,19.17,D,4.5,MORTGAGE,74393,18.01,595,Credit Card Refinance,Fully Paid,26400.0,11133.94,0
LN-21310,BW-11325,2024-11-24,24000,12.12,B,2.8,RENT,39113,31.21,732,Credit Card Refinance,Charged Off,1678.14,101.7,0
LN-21311,BW-15341,2025-08-23,31700,12.11,B,11.5,MORTGAGE,56133,29.08,690,Major Purchase,Current,18969.44,2526.92,1
LN-21312,BW-25662,2024-08-03,18100,17.16,C,3.7,MORTGAGE,46756,20.51,666,Debt Consolidation,Current,9048.54,1708.0,0
LN-21313,BW-13773,2025-12-18,6900,5.96,A,2.2,MORTGAGE,31586,27.66,760,Debt Consolidation,Current,3077.86,201.78,0
LN-21314,BW-14575,2024-05-03,7400,7.03,A,1.1,MORTGAGE,49852,10.96,753,Debt Consolidation,Fully Paid,7400.0,1144.48,1
LN-21315,BW-21237,2025-08-08,29900,17.21,C,8.1,OWN,101298,6.22,677,Home Improvement,In Grace Period,4906.14,422.17,0
LN-21316,BW-10439,2024-04-02,31900,14.0,C,8.1,RENT,135899,10.81,678,Debt Consolidation,Current,21497.48,3310.61,0
LN-21317,BW-27197,2024-01-18,24900,13.43,B,2.1,RENT,50573,17.39,689,Debt Consolidation,Current,13815.53,2040.97,0
LN-21318,BW-22016,2024-08-07,27100,8.74,A,11.9,MORTGAGE,136838,31.58,834,Debt Consolidation,Fully Paid,27100.0,5210.79,0
LN-21319,BW-21312,2024-10-09,38800,8.61,A,2.0,MORTGAGE,138969,8.92,769,Personal,Fully Paid,38800.0,7349.5,0
LN-21320,BW-28012,2026-01-30,12200,18.53,D,4.3,OWN,105116,7.47,581,Credit Card Refinance,Fully Paid,12200.0,4973.45,3
LN-21321,BW-11763,2024-03-03,4800,7.73,A,5.4,RENT,116413,24.77,775,Debt Consolidation,Current,3038.06,258.33,3
LN-21322,BW-29359,2026-06-03,15300,15.67,C,0.8,RENT,213768,13.62,636,Debt Consolidation,In Grace Period,4797.72,375.9,0
LN-21323,BW-10248,2025-05-23,16100,10.09,B,3.1,MORTGAGE,52123,34.87,719,Credit Card Refinance,Current,10642.86,1181.25,0
LN-21324,BW-23867,2025-03-11,39900,7.86,A,10.8,MORTGAGE,54253,17.28,839,Debt Consolidation,Current,30621.74,2647.56,0
LN-21325,BW-13487,2026-03-13,4700,5.94,A,2.1,RENT,80261,8.91,811,Home Improvement,Fully Paid,4700.0,614.2,0
LN-21326,BW-23519,2024-02-13,20800,16.58,C,6.9,MORTGAGE,79448,18.99,635,Major Purchase,Fully Paid,20800.0,7587.01,0
LN-21327,BW-22001,2025-06-04,4800,13.4,B,5.6,MORTGAGE,51998,7.79,725,Debt Consolidation,Charged Off,892.27,59.78,0
LN-21328,BW-25137,2024-07-23,38300,11.01,B,8.7,RENT,40883,21.24,713,Debt Consolidation,Fully Paid,38300.0,9277.03,1
LN-21329,BW-10812,2025-03-15,15800,21.38,D,0.7,RENT,107868,19.05,623,Debt Consolidation,Fully Paid,15800.0,7431.69,0
LN-21330,BW-16703,2025-03-26,33300,11.97,B,1.9,OWN,192525,35.34,690,Credit Card Refinance,Current,23409.85,3082.37,0
LN-21331,BW-24313,2024-01-20,7700,7.6,A,10.0,MORTGAGE,73150,33.17,846,Credit Card Refinance,Charged Off,2648.39,100.64,0
LN-21332,BW-23944,2025-04-23,19300,8.68,A,1.7,MORTGAGE,51635,21.03,746,Home Improvement,Fully Paid,19300.0,3685.53,0
LN-21333,BW-10643,2025-10-08,30900,21.21,D,9.1,MORTGAGE,38607,33.31,616,Home Improvement,Fully Paid,30900.0,14418.56,0
LN-21334,BW-20323,2025-08-26,25300,17.79,D,3.4,RENT,70754,6.25,619,Credit Card Refinance,Charged Off,7565.69,672.97,0
LN-21335,BW-22943,2024-05-03,19900,16.13,C,9.5,MORTGAGE,47340,19.49,642,Credit Card Refinance,Current,8543.72,1515.91,0
LN-21336,BW-19588,2024-09-11,20700,19.73,D,1.7,RENT,94729,23.84,583,Debt Consolidation,Charged Off,2116.75,208.82,0
LN-21337,BW-15997,2026-04-22,32800,9.48,A,2.9,RENT,46888,7.21,797,Debt Consolidation,Fully Paid,32800.0,6840.77,3
LN-21338,BW-14573,2025-02-24,34200,12.8,B,0.8,MORTGAGE,53342,8.49,714,Home Improvement,Charged Off,3334.76,213.42,0
LN-21339,BW-10898,2025-06-09,28800,10.52,B,7.8,MORTGAGE,120767,25.3,723,Home Improvement,Current,21051.95,2436.13,0
LN-21340,BW-24699,2024-10-23,21400,12.45,B,10.9,MORTGAGE,33668,24.39,714,Credit Card Refinance,Current,10805.51,1479.81,0
LN-21341,BW-12313,2024-12-30,19400,10.23,B,11.7,MORTGAGE,104931,34.05,687,Credit Card Refinance,Current,12463.87,1402.56,0
LN-21342,BW-24429,2025-04-30,12200,5.75,A,11.7,RENT,85756,6.55,743,Debt Consolidation,Current,7319.4,462.95,0
LN-21343,BW-15892,2025-06-07,27500,18.0,D,10.2,MORTGAGE,104632,35.83,621,Debt Consolidation,Current,16626.62,3292.07,0
LN-21344,BW-15418,2026-05-18,24200,16.43,C,7.4,MORTGAGE,94860,37.97,655,Small Business,Fully Paid,24200.0,8747.33,0
LN-21345,BW-18753,2024-04-25,5800,6.53,A,1.0,MORTGAGE,41620,24.17,841,Debt Consolidation,Fully Paid,5800.0,833.23,4
LN-21346,BW-18130,2026-05-29,37400,6.92,A,2.5,RENT,64689,24.17,839,Debt Consolidation,Fully Paid,37400.0,5693.78,0
LN-21347,BW-23046,2024-09-28,16900,16.86,C,2.6,RENT,77633,13.21,654,Small Business,Current,7733.19,1434.2,0
LN-21348,BW-26767,2024-12-30,17000,7.74,A,4.1,MORTGAGE,85762,10.27,753,Debt Consolidation,Fully Paid,17000.0,2894.76,0
LN-21349,BW-23324,2025-02-13,31700,9.37,A,3.7,RENT,58196,13.78,841,Debt Consolidation,Fully Paid,31700.0,6534.64,0
LN-21350,BW-11346,2024-03-10,22300,10.19,B,10.6,RENT,34504,24.86,728,Credit Card Refinance,Current,12798.94,1434.63,2
LN-21351,BW-12420,2024-08-26,10200,13.49,B,3.0,MORTGAGE,66272,18.44,735,Credit Card Refinance,Fully Paid,10200.0,3027.16,0
LN-21352,BW-10013,2025-12-18,17500,11.77,B,4.4,RENT,38146,30.73,686,Debt Consolidation,Late 31-120 Days,1744.26,102.65,0
LN-21353,BW-19123,2024-07-16,14400,16.0,C,9.1,RENT,59480,6.04,657,Credit Card Refinance,Fully Paid,14400.0,5068.8,0
LN-21354,BW-28586,2025-12-17,5000,17.1,C,5.3,RENT,80805,22.02,677,Debt Consolidation,Fully Paid,5000.0,1881.0,0
LN-21355,BW-27911,2024-10-04,6100,12.85,B,7.8,RENT,111261,7.63,689,Credit Card Refinance,Current,4322.91,611.04,1
LN-21356,BW-20697,2025-12-16,25700,16.0,C,7.7,MORTGAGE,42927,35.2,664,Major Purchase,Current,11243.66,1978.88,0
LN-21357,BW-24429,2024-11-17,14800,20.63,D,4.1,MORTGAGE,46604,24.42,585,Small Business,Fully Paid,14800.0,6717.13,0
LN-21358,BW-14416,2025-12-12,28600,9.48,A,8.8,RENT,35917,17.59,771,Debt Consolidation,In Grace Period,2402.87,113.9,0
LN-21359,BW-23843,2025-10-25,11800,18.51,D,8.4,RENT,32027,37.2,600,Debt Consolidation,Charged Off,2411.92,223.22,0
LN-21360,BW-22202,2024-05-19,26900,5.6,A,7.4,RENT,81819,14.94,823,Personal,Fully Paid,26900.0,3314.08,0
LN-21361,BW-18199,2025-03-17,34800,21.06,D,2.6,MORTGAGE,74664,25.24,627,Debt Consolidation,Current,8004.05,1854.22,0
LN-21362,BW-18589,2025-08-07,15200,7.46,A,2.4,OWN,40182,34.45,796,Debt Consolidation,Fully Paid,15200.0,2494.62,0
LN-21363,BW-20450,2026-03-29,34600,11.26,B,11.6,MORTGAGE,147574,17.19,695,Small Business,Current,14834.97,1837.46,1
LN-21364,BW-23721,2024-02-24,25300,8.03,A,4.4,MORTGAGE,39476,12.55,817,Personal,Charged Off,8338.24,334.78,0
LN-21365,BW-16119,2024-11-14,20400,11.27,B,1.9,MORTGAGE,69275,26.67,736,Debt Consolidation,Current,13429.02,1664.8,0
LN-21366,BW-22784,2024-09-14,39000,9.96,B,0.8,MORTGAGE,32590,21.61,738,Personal,Fully Paid,39000.0,8545.68,0
LN-21367,BW-22722,2025-07-26,20500,7.86,A,11.9,RENT,92101,21.32,790,Debt Consolidation,Current,14857.81,1284.61,4
LN-21368,BW-21742,2025-10-15,32200,9.48,A,5.6,MORTGAGE,30446,33.14,792,Small Business,Current,7911.02,824.96,0
LN-21369,BW-15394,2025-01-30,15500,14.93,C,1.1,MORTGAGE,47326,24.43,657,Debt Consolidation,Current,8050.3,1322.1,0
LN-21370,BW-21480,2026-02-08,7100,10.28,B,11.7,MORTGAGE,74150,23.4,688,Personal,Current,2801.51,316.79,0
LN-21371,BW-18793,2024-07-20,15200,10.71,B,1.0,RENT,105022,9.81,709,Debt Consolidation,Current,3739.54,440.56,1
LN-21372,BW-15051,2025-04-06,30000,16.26,C,11.2,RENT,135447,37.45,669,Small Business,Fully Paid,30000.0,10731.6,0
LN-21373,BW-16759,2025-12-02,33700,9.72,B,3.3,MORTGAGE,39616,22.78,735,Debt Consolidation,Current,8211.53,877.98,0
LN-21374,BW-10413,2025-10-12,4100,13.35,B,8.0,RENT,31991,15.86,732,Debt Consolidation,Fully Paid,4100.0,1204.17,0
LN-21375,BW-17521,2024-11-08,14900,6.57,A,4.2,MORTGAGE,139379,12.57,769,Credit Card Refinance,Late 31-120 Days,4579.54,150.44,0
LN-21376,BW-13402,2024-06-25,5000,10.72,B,6.4,MORTGAGE,116076,19.02,737,Debt Consolidation,Fully Paid,5000.0,1179.2,0
LN-21377,BW-21778,2025-05-01,35500,6.34,A,3.5,MORTGAGE,44008,27.72,808,Home Improvement,Fully Paid,35500.0,4951.54,0
LN-21378,BW-28103,2024-09-18,38500,18.25,D,1.7,RENT,65790,21.91,609,Small Business,Current,24686.38,4955.79,0
LN-21379,BW-28608,2024-11-18,28400,27.76,E,7.2,MORTGAGE,118718,7.01,568,Personal,In Grace Period,7410.22,1028.54,0
LN-21380,BW-13429,2025-09-04,5900,6.43,A,3.7,RENT,59014,29.05,843,Debt Consolidation,Current,4590.81,324.71,0
LN-21381,BW-15735,2024-06-03,11400,6.15,A,3.6,OWN,123824,31.15,770,Credit Card Refinance,Fully Paid,11400.0,1542.42,0
LN-21382,BW-28012,2025-12-29,35000,13.44,B,6.2,MORTGAGE,195074,35.5,713,Credit Card Refinance,Current,26406.58,3903.95,0
LN-21383,BW-11467,2025-04-17,4900,9.06,A,9.9,MORTGAGE,100075,22.23,742,Debt Consolidation,Fully Paid,4900.0,976.67,0
LN-21384,BW-26643,2025-01-16,5600,10.07,B,10.2,RENT,49558,14.75,715,Debt Consolidation,Fully Paid,5600.0,1240.62,0
LN-21385,BW-17708,2026-03-16,24600,20.42,D,10.8,RENT,39481,29.92,585,Major Purchase,Fully Paid,24600.0,11051.3,0
LN-21386,BW-28033,2024-04-10,14400,16.98,C,7.9,OWN,70635,27.32,667,Debt Consolidation,Charged Off,1577.76,133.95,0
LN-21387,BW-10553,2025-08-25,37900,21.2,D,5.8,MORTGAGE,61953,36.43,597,Major Purchase,In Grace Period,11378.62,1206.13,0
LN-21388,BW-11509,2024-11-02,26800,9.89,B,5.5,MORTGAGE,77662,35.23,737,Debt Consolidation,Current,16760.06,1823.33,0
LN-21389,BW-17366,2024-10-02,33200,9.99,B,11.8,RENT,79296,35.24,719,Debt Consolidation,Current,15991.12,1757.26,0
LN-21390,BW-10492,2026-01-13,23300,11.74,B,4.7,MORTGAGE,113174,17.47,698,Debt Consolidation,Fully Paid,23300.0,6017.92,0
LN-21391,BW-15220,2025-08-02,23300,15.71,C,5.0,MORTGAGE,51011,34.62,665,Debt Consolidation,Late 16-30 Days,4863.68,382.04,0
LN-21392,BW-25902,2024-03-20,9300,21.13,D,9.5,MORTGAGE,32380,19.97,607,Debt Consolidation,Current,6864.1,1595.42,4
LN-21393,BW-17757,2026-06-12,22100,11.37,B,2.0,OWN,58697,23.45,720,Major Purchase,Current,4614.82,577.18,0
LN-21394,BW-28130,2024-04-30,15100,21.05,D,10.3,MORTGAGE,74153,15.37,603,Home Improvement,Fully Paid,15100.0,6992.81,0
LN-21395,BW-12956,2026-03-27,5300,7.91,A,8.2,MORTGAGE,82000,22.88,840,Debt Consolidation,Fully Paid,5300.0,922.31,0
LN-21396,BW-19185,2024-12-08,7800,6.57,A,1.6,RENT,94029,36.12,760,Debt Consolidation,Current,1908.42,137.92,2
LN-21397,BW-22007,2024-11-22,20700,12.26,B,3.6,MORTGAGE,34321,32.56,703,Personal,Fully Paid,20700.0,5583.2,0
LN-21398,BW-10094,2024-02-20,24000,8.82,A,10.2,OWN,58280,35.96,830,Debt Consolidation,Charged Off,4074.95,179.71,0
LN-21399,BW-21212,2024-06-30,34300,21.24,D,5.2,MORTGAGE,80105,20.51,597,Debt Consolidation,Current,25784.18,6024.22,0
LN-21400,BW-19174,2024-04-02,12300,6.23,A,0.6,RENT,81817,19.94,828,Debt Consolidation,Current,5557.28,380.84,0
LN-21401,BW-27768,2026-02-10,37900,9.83,B,11.1,MORTGAGE,42227,26.17,702,Debt Consolidation,Current,9659.96,1044.53,0
LN-21402,BW-10033,2026-01-31,5500,10.83,B,7.5,RENT,57158,34.04,707,Debt Consolidation,Fully Paid,5500.0,1310.43,0
LN-21403,BW-24437,2025-11-27,32900,13.73,C,1.1,RENT,48661,24.59,634,Small Business,Charged Off,11090.4,761.36,0
LN-21404,BW-12838,2025-08-04,32900,16.33,C,10.6,MORTGAGE,121817,9.65,644,Debt Consolidation,Fully Paid,32900.0,11819.65,0
LN-21405,BW-28197,2026-01-20,31200,14.69,C,7.1,MORTGAGE,43504,18.64,660,Credit Card Refinance,Late 31-120 Days,7404.43,543.86,0
LN-21406,BW-14628,2024-09-21,29700,10.43,B,11.7,RENT,70373,7.33,729,Credit Card Refinance,Current,8679.45,995.79,0
LN-21407,BW-23214,2025-03-24,31900,10.43,B,3.1,OWN,54504,29.04,736,Debt Consolidation,Fully Paid,31900.0,7319.77,0
LN-21408,BW-17928,2026-02-02,39200,7.12,A,4.4,MORTGAGE,77570,19.37,774,Small Business,Current,12397.14,970.94,0
LN-21409,BW-18236,2026-03-27,32500,9.37,A,10.7,MORTGAGE,82990,17.63,780,Credit Card Refinance,Current,25396.42,2617.61,0
LN-21410,BW-14518,2025-01-03,12900,12.78,B,6.7,RENT,88479,6.65,739,Home Improvement,Fully Paid,12900.0,3626.96,0
LN-21411,BW-12623,2024-12-07,24800,8.42,A,4.7,OWN,98500,22.85,741,Credit Card Refinance,Current,9789.34,906.69,2
LN-21412,BW-10902,2025-02-01,19900,13.31,B,8.2,MORTGAGE,49663,21.75,686,Debt Consolidation,In Grace Period,6883.09,458.07,2
LN-21413,BW-19664,2024-08-27,17700,6.17,A,8.6,MORTGAGE,44587,25.49,743,Major Purchase,Fully Paid,17700.0,2402.6,0
LN-21414,BW-18783,2026-03-23,18900,20.53,D,8.5,RENT,85043,15.35,591,Credit Card Refinance,Fully Paid,18900.0,8536.37,0
LN-21415,BW-11950,2026-06-18,34900,14.03,C,0.6,MORTGAGE,90174,35.71,643,Debt Consolidation,Current,23689.02,3655.93,0
LN-21416,BW-29274,2025-12-22,21000,9.77,B,3.5,RENT,41134,30.24,733,Debt Consolidation,Fully Paid,21000.0,4513.74,4
LN-21417,BW-28046,2024-01-10,30700,9.15,A,1.1,RENT,41595,7.17,825,Debt Consolidation,Fully Paid,30700.0,6179.91,0
LN-21418,BW-17085,2024-08-07,7200,9.61,B,11.7,MORTGAGE,30399,6.04,702,Small Business,Fully Paid,7200.0,1522.22,0
LN-21419,BW-19313,2024-06-27,15100,17.33,C,1.2,RENT,164588,25.31,671,Credit Card Refinance,Current,6274.12,1196.04,0
LN-21420,BW-17983,2025-05-13,3700,15.01,C,11.0,MORTGAGE,151982,18.45,634,Credit Card Refinance,Fully Paid,3700.0,1221.81,0
LN-21421,BW-10629,2024-09-04,12400,8.37,A,5.1,MORTGAGE,53853,30.68,801,Credit Card Refinance,Current,6207.1,571.49,0
LN-21422,BW-14106,2024-08-18,38600,10.8,B,8.7,MORTGAGE,62704,17.37,724,Small Business,Charged Off,6476.66,349.74,0
LN-21423,BW-15150,2024-11-16,21000,16.83,C,4.3,MORTGAGE,64285,37.52,634,Home Improvement,Fully Paid,21000.0,7775.46,0
LN-21424,BW-16017,2024-06-02,38000,20.36,D,3.8,RENT,45052,28.18,622,Debt Consolidation,Charged Off,4423.07,450.27,0
LN-21425,BW-13121,2026-02-21,15900,12.87,B,1.3,RENT,127150,5.19,682,Small Business,Current,8482.2,1200.83,0
LN-21426,BW-18299,2024-01-07,32300,11.13,B,3.3,RENT,34963,25.34,694,Debt Consolidation,Current,19606.2,2400.39,0
LN-21427,BW-24959,2024-11-15,30100,17.99,D,4.3,RENT,79567,30.45,617,Major Purchase,Late 31-120 Days,1924.23,173.08,0
LN-21428,BW-17873,2025-04-18,22000,7.33,A,5.3,MORTGAGE,50556,7.57,785,Credit Card Refinance,Fully Paid,22000.0,3547.72,0
LN-21429,BW-29524,2024-07-04,29300,8.87,A,1.9,MORTGAGE,57507,23.17,768,Debt Consolidation,Fully Paid,29300.0,5717.6,0
LN-21430,BW-15513,2025-05-15,32000,13.14,B,1.6,RENT,61202,22.23,713,Debt Consolidation,Current,19578.79,2829.92,0
LN-21431,BW-24212,2025-08-25,23100,15.69,C,1.7,RENT,82974,7.69,651,Debt Consolidation,Current,12505.99,2158.41,0
LN-21432,BW-25415,2024-08-30,30600,13.77,C,2.4,RENT,75017,30.51,633,Debt Consolidation,Fully Paid,30600.0,9269.96,0
LN-21433,BW-29787,2025-06-05,20500,7.53,A,10.4,OWN,74605,10.69,814,Debt Consolidation,Fully Paid,20500.0,3396.03,0
LN-21434,BW-20190,2025-07-18,8600,12.42,B,10.5,RENT,33144,6.78,710,Credit Card Refinance,Fully Paid,8600.0,2349.86,0
LN-21435,BW-14176,2024-10-12,12900,17.86,D,7.7,MORTGAGE,180761,21.08,585,Debt Consolidation,Current,8239.04,1618.64,0
LN-21436,BW-27199,2024-01-14,7200,12.33,B,9.1,MORTGAGE,32163,25.7,723,Debt Consolidation,In Grace Period,1729.53,106.63,0
LN-21437,BW-19076,2025-12-13,16000,20.75,D,11.3,RENT,93599,35.7,611,Debt Consolidation,Fully Paid,16000.0,7304.0,0
LN-21438,BW-16355,2024-01-03,17800,6.84,A,1.0,OWN,91131,18.06,746,Credit Card Refinance,Fully Paid,17800.0,2678.54,0
LN-21439,BW-21286,2025-09-17,17400,15.38,C,8.7,OWN,49492,24.29,652,Credit Card Refinance,Current,4858.28,821.92,0
LN-21440,BW-15305,2024-06-11,34900,19.67,D,11.9,RENT,32937,6.35,604,Debt Consolidation,Fully Paid,34900.0,15102.63,0
LN-21441,BW-17148,2024-03-24,17200,9.86,B,1.9,MORTGAGE,67280,9.98,704,Major Purchase,Current,5535.21,600.35,3
LN-21442,BW-10458,2025-04-16,34100,9.38,A,6.3,RENT,121516,34.94,793,Credit Card Refinance,Current,24763.69,2555.12,1
LN-21443,BW-22910,2026-02-20,13900,15.01,C,11.2,OWN,32756,14.47,633,Debt Consolidation,Current,5286.2,872.8,3
LN-21444,BW-22829,2025-01-20,2800,11.81,B,11.8,RENT,132008,26.36,702,Major Purchase,Fully Paid,2800.0,727.5,1
LN-21445,BW-22626,2026-04-28,17900,10.6,B,2.0,RENT,33849,9.54,730,Credit Card Refinance,Current,13684.6,1595.62,0
LN-21446,BW-20504,2026-01-22,35700,21.34,D,3.6,RENT,56647,6.3,620,Debt Consolidation,Current,28267.16,6635.43,0
LN-21447,BW-13214,2025-09-07,33300,12.42,B,9.0,RENT,59668,7.79,738,Credit Card Refinance,Current,14257.72,1947.89,0
LN-21448,BW-28340,2025-01-08,35800,17.29,C,4.4,MORTGAGE,132197,27.0,641,Home Improvement,Current,11991.13,2280.59,0
LN-21449,BW-16629,2025-02-19,34300,12.35,B,11.4,RENT,90083,22.46,703,Debt Consolidation,Charged Off,11800.62,728.69,0
LN-21450,BW-25299,2026-03-27,24500,16.7,C,9.5,MORTGAGE,226724,34.53,655,Debt Consolidation,Current,15509.66,2849.12,0
LN-21451,BW-20993,2026-01-15,12700,7.76,A,11.4,MORTGAGE,65724,17.76,849,Credit Card Refinance,Current,6371.26,543.85,0
LN-21452,BW-12083,2024-01-09,3300,14.94,C,5.5,OWN,58289,28.03,653,Debt Consolidation,Fully Paid,3300.0,1084.64,0
LN-21453,BW-20038,2025-01-25,32000,11.92,B,6.3,RENT,62149,17.25,700,Credit Card Refinance,Current,22609.4,2964.54,1
LN-21454,BW-10443,2025-01-29,39500,8.61,A,5.7,RENT,39049,13.77,815,Home Improvement,Current,27183.21,2574.52,2
LN-21455,BW-27840,2026-04-09,35700,18.92,D,7.2,MORTGAGE,38120,12.05,600,Major Purchase,Charged Off,7852.98,742.89,0
LN-21456,BW-25004,2024-05-25,33300,7.48,A,3.1,MORTGAGE,30592,35.35,807,Major Purchase,Fully Paid,33300.0,5479.85,4
LN-21457,BW-24635,2024-06-29,38900,10.42,B,1.6,MORTGAGE,48251,14.22,732,Home Improvement,Fully Paid,38900.0,8917.44,0
LN-21458,BW-25094,2025-11-23,35100,10.36,B,3.5,RENT,53186,35.81,690,Debt Consolidation,Late 31-120 Days,7325.76,379.47,0
LN-21459,BW-14836,2024-07-18,28100,20.14,D,3.1,OWN,44572,18.42,605,Major Purchase,Fully Paid,28100.0,12450.55,0
LN-21460,BW-11528,2024-11-29,3400,13.24,B,11.1,OWN,138325,35.89,684,Small Business,Fully Paid,3400.0,990.35,0
LN-21461,BW-11495,2025-11-09,14100,26.77,E,0.9,MORTGAGE,81710,15.55,524,Debt Consolidation,Fully Paid,14100.0,8304.05,3
LN-21462,BW-10867,2025-05-21,32700,12.58,B,7.4,MORTGAGE,58089,27.91,713,Debt Consolidation,Current,24363.46,3371.42,1
LN-21463,BW-22389,2025-08-12,3500,14.29,C,7.7,RENT,118955,26.28,676,Debt Consolidation,Fully Paid,3500.0,1100.33,0
LN-21464,BW-18065,2026-02-28,8800,13.15,B,4.5,MORTGAGE,73085,26.12,689,Debt Consolidation,Current,2957.71,427.83,0
LN-21465,BW-27111,2026-05-01,28500,8.91,A,7.4,RENT,103831,34.52,828,Home Improvement,Fully Paid,28500.0,5586.57,0
LN-21466,BW-14233,2025-07-18,17400,21.88,D,3.1,RENT,43986,34.94,610,Debt Consolidation,Fully Paid,17400.0,8375.66,1
LN-21467,BW-22749,2025-05-18,16800,16.84,C,7.5,MORTGAGE,33958,8.26,642,Debt Consolidation,Late 31-120 Days,2837.99,238.96,0
LN-21468,BW-28141,2025-03-21,27500,9.35,A,3.1,MORTGAGE,48293,32.78,803,Home Improvement,Fully Paid,27500.0,5656.75,0
LN-21469,BW-27502,2024-08-09,7400,11.33,B,10.4,MORTGAGE,225017,11.92,696,Debt Consolidation,Current,5842.17,728.11,1
LN-21470,BW-26657,2026-01-04,34700,6.88,A,0.7,RENT,69139,23.68,825,Debt Consolidation,Fully Paid,34700.0,5252.19,0
LN-21471,BW-16033,2025-01-15,39700,14.31,C,2.6,RENT,41591,16.14,669,Credit Card Refinance,Fully Paid,39700.0,12498.35,0
LN-21472,BW-17937,2024-10-09,17400,15.67,C,10.1,RENT,66033,31.17,647,Debt Consolidation,Charged Off,2103.56,164.81,0
LN-21473,BW-20330,2024-03-14,8100,26.28,E,3.1,RENT,48313,34.32,540,Small Business,Charged Off,1341.44,176.27,0
LN-21474,BW-11878,2026-03-20,4900,12.16,B,6.4,OWN,39398,29.11,704,Debt Consolidation,Current,2042.9,273.26,0
LN-21475,BW-12382,2025-11-20,5200,13.41,B,9.7,MORTGAGE,74137,23.69,697,Credit Card Refinance,Fully Paid,5200.0,1534.1,0
LN-21476,BW-10554,2024-07-08,23000,20.2,D,7.1,OWN,123826,16.81,608,Debt Consolidation,Charged Off,6693.65,676.06,0
LN-21477,BW-10595,2025-11-08,21100,13.88,C,3.4,OWN,60375,9.49,671,Debt Consolidation,Charged Off,3001.35,208.29,0
LN-21478,BW-28729,2025-06-19,17700,11.81,B,3.3,OWN,44090,23.69,709,Debt Consolidation,Current,4327.93,562.24,0
LN-21479,BW-25855,2024-12-13,31200,12.14,B,3.2,MORTGAGE,62149,20.19,723,Major Purchase,Current,24282.99,3242.75,0
LN-21480,BW-25569,2025-12-10,23900,17.27,C,8.0,MORTGAGE,43774,35.22,673,Debt Consolidation,Current,6433.23,1222.12,3
LN-21481,BW-20774,2025-08-23,7900,6.23,A,4.1,MORTGAGE,129048,10.23,755,Credit Card Refinance,In Grace Period,2390.93,74.48,0
LN-21482,BW-25934,2024-01-02,20500,27.22,E,9.8,MORTGAGE,38922,28.46,538,Credit Card Refinance,Charged Off,6979.24,949.87,0
LN-21483,BW-20032,2024-04-01,19400,11.83,B,4.1,RENT,218052,15.21,717,Credit Card Refinance,Fully Paid,19400.0,5049.04,0
LN-21484,BW-21388,2025-04-26,15700,13.69,C,5.4,RENT,31106,28.07,645,Credit Card Refinance,Charged Off,3558.55,243.58,0
LN-21485,BW-18925,2025-08-05,23700,10.03,B,7.0,OWN,80436,16.82,720,Home Improvement,Fully Paid,23700.0,5229.64,0
LN-21486,BW-16746,2025-04-18,6600,10.3,B,1.1,MORTGAGE,132122,22.46,702,Credit Card Refinance,Current,2137.23,242.15,0
LN-21487,BW-12567,2025-03-21,37100,26.02,E,10.3,RENT,84375,18.66,542,Debt Consolidation,Charged Off,12677.53,1649.35,0
LN-21488,BW-19573,2025-09-09,25400,12.69,B,9.1,RENT,66869,18.05,699,Small Business,Current,16555.44,2310.97,0
LN-21489,BW-18469,2026-05-06,3100,13.02,B,3.7,OWN,68684,30.05,696,Debt Consolidation,Current,1664.12,238.34,0
LN-21490,BW-29441,2025-06-29,39600,8.39,A,4.3,MORTGAGE,43766,27.08,767,Credit Card Refinance,Current,28884.32,2665.73,0
LN-21491,BW-18834,2026-02-18,9000,10.1,B,1.6,MORTGAGE,56791,33.39,724,Credit Card Refinance,Charged Off,1332.42,67.29,0
LN-21492,BW-26992,2024-02-08,7400,25.12,E,4.5,RENT,77054,30.67,557,Credit Card Refinance,Charged Off,465.26,58.44,0
LN-21493,BW-24183,2026-06-14,3500,25.73,E,10.3,MORTGAGE,54201,34.61,572,Debt Consolidation,Charged Off,318.18,40.93,3
LN-21494,BW-20922,2025-04-27,15200,14.34,C,10.4,MORTGAGE,41673,27.36,667,Credit Card Refinance,Fully Paid,15200.0,4795.3,0
LN-21495,BW-24098,2024-12-01,13700,20.71,D,11.7,MORTGAGE,32584,13.56,615,Credit Card Refinance,Current,4558.98,1038.58,4
LN-21496,BW-28046,2024-02-04,37500,12.83,B,4.8,MORTGAGE,36707,29.45,690,Debt Consolidation,Current,11885.31,1677.37,0
LN-21497,BW-16000,2026-01-29,29300,23.58,E,3.5,RENT,57064,18.72,548,Debt Consolidation,Fully Paid,29300.0,15199.67,0
LN-21498,BW-22984,2025-01-25,7800,12.37,B,9.5,RENT,51837,33.39,737,Small Business,Fully Paid,7800.0,2122.69,0
LN-21499,BW-15013,2024-07-31,9600,5.76,A,10.7,RENT,32938,6.24,773,Debt Consolidation,Current,2256.65,142.98,0
LN-21500,BW-22013,2026-01-17,9300,11.25,B,11.4,MORTGAGE,60616,29.8,701,Debt Consolidation,Fully Paid,9300.0,2301.75,0
LN-21501,BW-15225,2024-04-20,7500,9.64,B,2.8,RENT,34373,18.24,681,Credit Card Refinance,Current,5450.17,577.94,0
LN-21502,BW-17191,2025-04-12,27600,8.44,A,2.8,MORTGAGE,113900,19.12,755,Debt Consolidation,Fully Paid,27600.0,5124.77,0
LN-21503,BW-24337,2024-06-26,11800,8.5,A,10.3,MORTGAGE,81352,29.7,780,Debt Consolidation,Fully Paid,11800.0,2206.6,0
LN-21504,BW-11836,2026-01-03,11300,8.76,A,1.4,MORTGAGE,65128,12.15,761,Credit Card Refinance,Current,7632.5,735.47,4
LN-21505,BW-19699,2024-02-23,27300,12.4,B,5.8,MORTGAGE,51074,9.37,690,Credit Card Refinance,Fully Paid,27300.0,7447.44,3
LN-21506,BW-18485,2024-11-24,26600,12.84,B,8.1,RENT,166632,27.8,710,Credit Card Refinance,Current,11926.16,1684.45,0
LN-21507,BW-29684,2025-03-27,11000,11.0,B,11.3,MORTGAGE,67283,33.79,714,Debt Consolidation,In Grace Period,2786.21,153.24,0
LN-21508,BW-21124,2024-12-17,38300,11.94,B,6.3,MORTGAGE,61789,30.8,731,Major Purchase,Fully Paid,38300.0,10060.64,0
LN-21509,BW-19232,2024-03-19,19400,18.7,D,8.7,RENT,59663,30.39,592,Credit Card Refinance,Current,5040.85,1036.9,0
LN-21510,BW-13906,2025-09-20,18100,9.43,A,6.6,RENT,52751,35.3,810,Small Business,Charged Off,5880.68,277.27,0
LN-21511,BW-12422,2025-08-24,24900,16.71,C,5.7,RENT,81768,16.63,644,Debt Consolidation,Fully Paid,24900.0,9153.74,0
LN-21512,BW-21631,2026-02-05,36400,6.19,A,2.5,RENT,57170,36.2,758,Debt Consolidation,Current,12091.61,823.32,0
LN-21513,BW-15359,2024-09-23,28000,11.07,B,0.7,RENT,94460,27.61,704,Personal,Fully Paid,28000.0,6819.12,0
LN-21514,BW-16303,2024-11-08,35400,10.75,B,11.0,RENT,98262,32.51,708,Debt Consolidation,Fully Paid,35400.0,8372.1,0
LN-21515,BW-26664,2025-11-30,2900,5.58,A,7.4,MORTGAGE,50770,17.35,761,Small Business,Current,1463.03,89.8,0
LN-21516,BW-20263,2026-06-17,27200,19.35,D,2.7,MORTGAGE,82561,10.28,620,Debt Consolidation,Current,10605.81,2257.45,0
LN-21517,BW-16061,2024-03-23,23800,10.22,B,5.7,RENT,184695,5.58,702,Debt Consolidation,Current,9747.86,1095.85,4
LN-21518,BW-14385,2026-02-26,37200,22.85,E,0.8,MORTGAGE,60333,36.52,540,Debt Consolidation,Late 31-120 Days,2329.18,266.11,0
LN-21519,BW-20348,2025-02-22,29500,10.55,B,9.2,RENT,49056,10.09,722,Debt Consolidation,Fully Paid,29500.0,6846.95,0
LN-21520,BW-19720,2025-10-23,12200,9.9,B,8.1,RENT,52802,21.97,722,Credit Card Refinance,Current,4926.18,536.46,0
LN-21521,BW-17308,2024-06-30,4900,12.35,B,8.0,RENT,31325,26.2,690,Credit Card Refinance,Fully Paid,4900.0,1331.33,1
LN-21522,BW-12499,2025-03-03,8300,8.34,A,4.8,RENT,128434,19.37,808,Debt Consolidation,Current,6597.34,605.24,0
LN-21523,BW-10276,2024-11-08,4700,14.62,C,1.7,MORTGAGE,57192,15.21,664,Debt Consolidation,Fully Paid,4700.0,1511.71,0
LN-21524,BW-10031,2024-09-07,19100,9.16,A,1.0,OWN,42722,22.31,803,Credit Card Refinance,Fully Paid,19100.0,3849.03,0
LN-21525,BW-22704,2024-08-10,24800,16.62,C,7.8,RENT,76169,28.9,637,Debt Consolidation,Current,7642.75,1397.25,0
LN-21526,BW-24290,2025-09-18,4900,9.67,B,9.8,MORTGAGE,54922,14.38,724,Credit Card Refinance,Fully Paid,4900.0,1042.43,0
LN-21527,BW-13695,2026-02-17,25600,5.86,A,3.7,RENT,122248,10.06,850,Credit Card Refinance,Current,14480.54,933.42,0
LN-21528,BW-19099,2024-02-28,6700,15.6,C,7.1,RENT,56327,23.14,642,Debt Consolidation,Current,3076.6,527.94,0
LN-21529,BW-15508,2024-07-12,15100,20.89,D,8.6,RENT,32044,22.95,614,Debt Consolidation,Fully Paid,15100.0,6939.66,0
LN-21530,BW-20703,2024-06-14,37600,11.74,B,9.8,RENT,38852,23.25,680,Debt Consolidation,Fully Paid,37600.0,9711.33,0
LN-21531,BW-15600,2026-02-13,18700,11.15,B,8.1,OWN,54093,32.15,724,Home Improvement,Current,6478.42,794.58,0
LN-21532,BW-28212,2025-05-10,38500,12.23,B,11.9,MORTGAGE,82873,12.08,736,Debt Consolidation,Current,24955.33,3357.24,0
LN-21533,BW-13737,2026-03-06,18800,11.37,B,10.7,RENT,47771,15.06,695,Home Improvement,In Grace Period,6428.55,365.46,4
LN-21534,BW-15139,2026-01-24,15600,8.42,A,2.8,RENT,91498,11.17,768,Small Business,Fully Paid,15600.0,2889.74,0
LN-21535,BW-27313,2026-01-10,4100,24.57,E,6.0,MORTGAGE,269240,29.93,561,Debt Consolidation,Charged Off,920.86,113.13,4
LN-21536,BW-27126,2024-04-29,25300,16.02,C,1.7,RENT,135484,36.57,659,Debt Consolidation,Fully Paid,25300.0,8916.73,0
LN-21537,BW-13626,2025-05-24,28500,16.11,C,4.6,RENT,77460,16.55,664,Debt Consolidation,In Grace Period,7201.01,580.04,0
LN-21538,BW-14937,2025-08-11,8900,7.64,A,8.6,MORTGAGE,130609,33.71,837,Debt Consolidation,Fully Paid,8900.0,1495.91,3
LN-21539,BW-16689,2024-01-10,27700,6.39,A,4.0,MORTGAGE,60651,25.73,774,Debt Consolidation,Current,17808.45,1251.76,0
LN-21540,BW-28983,2024-11-07,18000,10.16,B,10.4,RENT,30736,24.48,719,Small Business,Late 31-120 Days,3264.51,165.84,0
LN-21541,BW-25873,2024-10-18,28200,10.59,B,0.7,OWN,79969,33.07,702,Credit Card Refinance,Current,6913.53,805.36,0
LN-21542,BW-29931,2024-07-30,22000,14.55,C,9.7,RENT,57376,25.79,659,Credit Card Refinance,Current,12076.13,1932.78,0
LN-21543,BW-13500,2025-10-17,32200,14.73,C,12.0,MORTGAGE,84977,10.5,630,Debt Consolidation,Fully Paid,32200.0,10434.73,0
LN-21544,BW-10324,2025-02-13,38500,6.16,A,4.3,MORTGAGE,57751,6.29,757,Credit Card Refinance,Fully Paid,38500.0,5217.52,0
LN-21545,BW-12005,2026-06-17,31400,6.93,A,0.7,RENT,47837,5.02,753,Credit Card Refinance,Fully Paid,31400.0,4787.24,0
LN-21546,BW-11348,2024-12-21,30400,10.62,B,4.3,MORTGAGE,39998,8.5,734,Debt Consolidation,Current,21866.61,2554.46,3
LN-21547,BW-22142,2024-04-14,17100,16.25,C,11.0,RENT,50042,27.4,676,Home Improvement,Current,12340.44,2205.85,0
LN-21548,BW-16661,2025-07-08,23700,15.78,C,0.7,RENT,104188,32.24,679,Debt Consolidation,Current,17498.22,3037.34,0
LN-21549,BW-24707,2025-10-20,20200,12.15,B,7.0,RENT,81448,18.68,713,Debt Consolidation,Current,4418.51,590.53,0
LN-21550,BW-16686,2025-09-07,38100,13.18,B,5.4,RENT,100134,13.32,699,Home Improvement,Current,8609.06,1248.14,0
LN-21551,BW-21237,2024-05-09,16700,10.24,B,11.5,RENT,238101,30.98,682,Credit Card Refinance,Charged Off,5394.91,276.22,0
LN-21552,BW-24293,2024-12-05,9300,6.24,A,10.5,RENT,70672,25.1,849,Major Purchase,Current,7059.84,484.59,0
LN-21553,BW-19663,2026-03-15,13900,7.42,A,5.6,RENT,66949,14.52,789,Home Improvement,Fully Paid,13900.0,2269.04,0
LN-21554,BW-29686,2024-05-20,2700,19.95,D,5.5,OWN,35594,32.4,600,Debt Consolidation,Charged Off,725.21,72.34,0
LN-21555,BW-15446,2026-06-08,9400,19.34,D,8.6,MORTGAGE,53694,8.02,622,Credit Card Refinance,Charged Off,2492.31,241.01,0
LN-21556,BW-14691,2025-09-24,26600,12.61,B,7.8,RENT,82418,29.14,714,Personal,Fully Paid,26600.0,7379.37,0
LN-21557,BW-20526,2024-11-16,15500,6.18,A,6.9,RENT,123303,28.52,847,Debt Consolidation,In Grace Period,1312.8,40.57,0
LN-21558,BW-26031,2025-01-06,22300,10.91,B,4.7,MORTGAGE,79402,26.01,683,Small Business,Fully Paid,22300.0,5352.45,3
LN-21559,BW-24880,2026-06-13,31500,12.09,B,4.0,OWN,45453,14.82,702,Debt Consolidation,Current,20349.31,2706.25,0
LN-21560,BW-13674,2026-05-17,19700,12.34,B,10.1,RENT,218717,13.58,716,Personal,Fully Paid,19700.0,5348.16,0
LN-21561,BW-20923,2024-03-11,18300,14.09,C,3.2,MORTGAGE,46729,33.84,643,Major Purchase,Fully Paid,18300.0,5672.63,0
LN-21562,BW-27077,2025-07-24,35900,19.69,D,11.1,RENT,35970,31.8,614,Credit Card Refinance,Charged Off,10350.73,1019.03,0
LN-21563,BW-25571,2024-11-09,9300,16.27,C,2.8,RENT,97056,19.69,650,Debt Consolidation,Fully Paid,9300.0,3328.84,0
LN-21564,BW-16969,2025-03-11,23700,13.8,C,11.2,RENT,37419,8.54,662,Debt Consolidation,Current,7413.24,1125.33,0
LN-21565,BW-22501,2024-03-07,32800,13.24,B,6.2,RENT,45702,24.43,717,Credit Card Refinance,Current,10977.84,1598.81,0
LN-21566,BW-14474,2025-08-11,15300,10.62,B,7.3,MORTGAGE,66840,25.12,737,Credit Card Refinance,Fully Paid,15300.0,3574.69,0
LN-21567,BW-13675,2025-12-01,36500,11.85,B,1.1,RENT,49515,32.48,714,Debt Consolidation,Current,10885.6,1418.94,0
LN-21568,BW-27704,2026-03-06,12900,20.46,D,7.3,RENT,47107,35.95,604,Debt Consolidation,Fully Paid,12900.0,5806.55,0
LN-21569,BW-25001,2024-12-22,14800,16.81,C,7.2,RENT,44353,28.43,661,Credit Card Refinance,Fully Paid,14800.0,5473.34,4
LN-21570,BW-13642,2025-11-07,19900,7.26,A,10.2,RENT,61741,22.78,814,Home Improvement,Fully Paid,19900.0,3178.43,0
LN-21571,BW-12424,2025-04-18,34700,12.09,B,9.9,MORTGAGE,84657,34.66,738,Debt Consolidation,Late 31-120 Days,5151.21,311.39,0
LN-21572,BW-19805,2024-06-12,18500,21.08,D,11.0,MORTGAGE,38607,30.1,593,Credit Card Refinance,Current,8042.53,1864.9,0
LN-21573,BW-12719,2026-03-04,18800,7.51,A,2.6,RENT,51946,22.7,836,Major Purchase,Current,6532.19,539.62,0
LN-21574,BW-26111,2026-06-06,30200,9.05,A,10.1,RENT,32614,25.37,742,Credit Card Refinance,Fully Paid,30200.0,6012.82,0
LN-21575,BW-15469,2025-03-09,23500,15.04,C,10.1,MORTGAGE,152320,19.03,639,Home Improvement,Fully Paid,23500.0,7775.68,0
LN-21576,BW-22244,2026-05-06,38500,8.52,A,1.5,MORTGAGE,40259,5.39,799,Debt Consolidation,Current,12208.17,1144.15,0
LN-21577,BW-10654,2025-06-29,2900,12.67,B,9.1,MORTGAGE,57987,36.63,685,Debt Consolidation,Late 16-30 Days,643.95,40.79,0
LN-21578,BW-14404,2024-12-01,24000,12.42,B,7.9,MORTGAGE,40326,27.77,682,Debt Consolidation,Fully Paid,24000.0,6557.76,0
LN-21579,BW-26458,2025-02-14,10500,13.03,B,8.7,RENT,31399,20.21,699,Debt Consolidation,Late 16-30 Days,1606.24,104.65,0
LN-21580,BW-27397,2025-02-14,15600,17.95,D,6.2,MORTGAGE,76350,28.78,624,Credit Card Refinance,Fully Paid,15600.0,6160.44,0
LN-21581,BW-17929,2025-01-10,34100,15.72,C,9.7,RENT,227521,19.2,678,Credit Card Refinance,Fully Paid,34100.0,11793.14,0
LN-21582,BW-18071,2026-03-19,23800,10.53,B,1.5,MORTGAGE,75287,16.78,711,Debt Consolidation,Fully Paid,23800.0,5513.51,2
LN-21583,BW-18064,2026-05-25,20700,21.61,D,5.0,MORTGAGE,58784,20.08,610,Debt Consolidation,Late 31-120 Days,4726.85,510.74,0
LN-21584,BW-22393,2026-04-16,32800,11.63,B,5.2,RENT,66343,13.46,704,Small Business,Fully Paid,32800.0,8392.21,0
LN-21585,BW-11145,2025-02-23,33200,10.91,B,10.8,RENT,126590,35.33,735,Small Business,Current,7493.65,899.31,0
LN-21586,BW-14077,2024-08-01,12400,9.42,A,0.9,MORTGAGE,50081,21.06,741,Debt Consolidation,Current,9426.18,976.74,0
LN-21587,BW-13357,2024-08-04,11100,11.66,B,3.5,MORTGAGE,67734,15.46,717,Credit Card Refinance,Fully Paid,11100.0,2847.37,0
LN-21588,BW-28845,2025-10-03,36900,8.28,A,9.7,MORTGAGE,43709,33.39,850,Debt Consolidation,Fully Paid,36900.0,6721.7,0
LN-21589,BW-28666,2024-12-25,35200,15.37,C,2.5,OWN,46569,29.9,647,Debt Consolidation,Charged Off,9224.99,708.94,0
LN-21590,BW-20769,2025-03-11,9900,11.37,B,6.7,RENT,44866,26.18,736,Debt Consolidation,Current,7681.54,960.73,0
LN-21591,BW-13462,2024-03-07,21400,21.77,D,9.2,RENT,52302,22.25,617,Credit Card Refinance,Fully Paid,21400.0,10249.32,0
LN-21592,BW-25397,2026-04-29,31000,14.44,C,5.6,MORTGAGE,83553,19.83,648,Debt Consolidation,Current,10525.4,1671.85,0
LN-21593,BW-13693,2024-12-23,22900,21.87,D,11.3,RENT,41439,18.06,591,Debt Consolidation,Charged Off,2291.32,250.56,2
LN-21594,BW-12222,2024-10-01,19400,12.42,B,8.0,MORTGAGE,65247,9.42,702,Debt Consolidation,Current,4651.55,635.49,3
LN-21595,BW-29384,2025-07-18,39900,10.22,B,10.1,RENT,56535,12.93,703,Credit Card Refinance,Current,9404.36,1057.24,0
LN-21596,BW-20143,2025-07-25,3600,11.72,B,1.6,RENT,34733,29.1,709,Small Business,Fully Paid,3600.0,928.22,0
LN-21597,BW-18380,2026-03-23,39700,14.29,C,10.5,OWN,48819,32.79,635,Debt Consolidation,Late 31-120 Days,5434.29,388.28,0
LN-21598,BW-17011,2025-12-05,16800,9.74,B,2.5,OWN,57071,19.24,699,Credit Card Refinance,Current,3866.63,414.27,4
LN-21599,BW-23086,2026-04-01,31700,5.63,A,5.7,MORTGAGE,53676,12.8,782,Debt Consolidation,Fully Paid,31700.0,3926.36,4
LN-21600,BW-21809,2025-05-21,14200,7.36,A,2.8,RENT,52044,6.98,817,Debt Consolidation,Fully Paid,14200.0,2299.26,0
LN-21601,BW-28451,2024-06-24,31700,5.86,A,11.6,MORTGAGE,99169,26.59,836,Major Purchase,Current,8416.17,542.51,0
LN-21602,BW-22473,2024-09-16,7000,15.53,C,7.0,RENT,89953,31.54,641,Debt Consolidation,Current,5272.61,900.72,0
LN-21603,BW-23353,2024-09-19,20300,11.73,B,9.6,MORTGAGE,57272,5.21,684,Debt Consolidation,Current,9018.02,1163.6,0
LN-21604,BW-14741,2024-05-27,6000,10.32,B,10.0,MORTGAGE,69211,18.11,689,Credit Card Refinance,Current,1972.83,223.96,0
LN-21605,BW-12696,2024-01-24,35600,8.69,A,2.1,MORTGAGE,67800,17.4,800,Debt Consolidation,Current,11021.01,1053.5,0
LN-21606,BW-21571,2025-07-24,25100,17.95,D,4.1,OWN,37361,14.9,609,Debt Consolidation,Late 31-120 Days,8564.18,768.64,2
LN-21607,BW-21766,2025-07-03,24100,6.03,A,7.2,RENT,57337,8.64,753,Small Business,Current,16989.44,1126.91,3
LN-21608,BW-27710,2025-11-21,35500,7.72,A,10.6,RENT,77108,37.36,841,Debt Consolidation,Fully Paid,35500.0,6029.32,0
LN-21609,BW-22431,2025-03-24,3400,10.82,B,12.0,MORTGAGE,30316,29.72,696,Credit Card Refinance,Fully Paid,3400.0,809.34,0
LN-21610,BW-12902,2024-02-14,7400,12.02,B,11.7,OWN,52132,19.43,716,Small Business,Charged Off,1638.24,98.46,0
LN-21611,BW-27337,2024-10-02,39200,21.27,D,11.2,MORTGAGE,124842,14.19,600,Credit Card Refinance,Current,14200.26,3322.43,0
LN-21612,BW-11280,2026-05-26,18700,15.2,C,6.3,MORTGAGE,33842,9.89,647,Home Improvement,Late 31-120 Days,1304.8,99.16,3
LN-21613,BW-14862,2025-06-15,4800,8.55,A,10.5,RENT,85098,5.6,740,Debt Consolidation,Current,3244.64,305.16,0
LN-21614,BW-23215,2024-04-02,23900,13.61,C,5.7,RENT,49455,30.68,663,Small Business,Charged Off,2049.03,139.44,0
LN-21615,BW-10758,2025-04-12,28200,12.8,B,7.2,MORTGAGE,33025,11.65,688,Debt Consolidation,Current,15486.97,2180.57,0
LN-21616,BW-28912,2025-07-14,37900,18.92,D,8.9,RENT,75442,33.6,585,Debt Consolidation,Fully Paid,37900.0,15775.5,0
LN-21617,BW-22730,2024-04-09,11800,18.82,D,3.3,MORTGAGE,124107,8.92,594,Credit Card Refinance,Fully Paid,11800.0,4885.67,0
LN-21618,BW-24603,2024-09-22,23300,13.96,C,1.4,RENT,84301,17.19,668,Debt Consolidation,Current,6638.47,1019.4,0
LN-21619,BW-20126,2024-11-27,3000,8.72,A,2.2,RENT,62394,16.98,825,Credit Card Refinance,Current,1099.92,105.5,0
LN-21620,BW-24630,2024-04-07,19100,12.97,B,4.2,RENT,103572,28.63,707,Small Business,Late 31-120 Days,1745.44,113.19,0
LN-21621,BW-10525,2025-09-02,27000,10.19,B,9.8,MORTGAGE,130136,21.94,688,Debt Consolidation,Fully Paid,27000.0,6052.86,0
LN-21622,BW-10036,2024-11-28,5100,10.95,B,2.2,MORTGAGE,59224,13.65,736,Home Improvement,Fully Paid,5100.0,1228.59,0
LN-21623,BW-21747,2024-01-09,15400,9.3,A,7.8,MORTGAGE,36312,20.0,768,Home Improvement,Current,4553.51,465.82,4
LN-21624,BW-14570,2024-12-01,26100,12.28,B,6.8,OWN,40879,30.95,684,Personal,Fully Paid,26100.0,7051.18,3
LN-21625,BW-13749,2024-03-28,18500,14.45,C,10.7,MORTGAGE,80452,5.78,646,Credit Card Refinance,Charged Off,2269.78,163.99,0
LN-21626,BW-10970,2024-09-27,7200,17.9,D,1.5,MORTGAGE,35759,26.61,585,Debt Consolidation,Current,4530.23,892.0,3
LN-21627,BW-24261,2025-03-26,27100,16.43,C,9.1,MORTGAGE,66945,34.5,649,Home Improvement,Fully Paid,27100.0,9795.57,0
LN-21628,BW-19825,2026-03-28,16200,10.9,B,4.9,RENT,30824,28.73,680,Credit Card Refinance,Current,5232.19,627.34,0
LN-21629,BW-26115,2024-11-21,22600,5.83,A,10.2,MORTGAGE,65393,10.39,792,Personal,Fully Paid,22600.0,2898.68,0
LN-21630,BW-14135,2024-12-25,18200,11.59,B,10.0,MORTGAGE,75837,31.7,734,Credit Card Refinance,Current,12192.23,1554.39,0
LN-21631,BW-14260,2025-04-23,32100,15.59,C,3.7,MORTGAGE,78963,14.68,647,Small Business,Current,19177.66,3288.78,0
LN-21632,BW-16805,2024-05-29,20600,10.78,B,4.7,MORTGAGE,31196,14.94,716,Credit Card Refinance,In Grace Period,2965.62,159.85,0
LN-21633,BW-16864,2025-10-14,8200,7.69,A,4.0,RENT,77478,16.1,754,Debt Consolidation,Current,2883.67,243.93,0
LN-21634,BW-21674,2024-03-31,32500,16.17,C,2.4,OWN,86127,26.21,647,Debt Consolidation,Fully Paid,32500.0,11561.55,4
LN-21635,BW-26156,2024-11-10,34600,11.41,B,9.4,RENT,119813,19.16,680,Personal,Fully Paid,34600.0,8685.29,0
LN-21636,BW-19420,2024-01-24,24500,7.61,A,6.3,RENT,132450,18.85,775,Debt Consolidation,Current,10855.73,908.73,0
LN-21637,BW-10599,2025-11-03,35400,9.96,B,4.5,RENT,56604,15.26,732,Debt Consolidation,Fully Paid,35400.0,7756.85,1
LN-21638,BW-18098,2024-09-02,18400,11.98,B,10.4,RENT,76310,32.19,713,Home Improvement,Fully Paid,18400.0,4849.5,4
LN-21639,BW-22617,2026-04-27,6400,28.5,E,1.1,MORTGAGE,31915,19.74,532,Credit Card Refinance,Current,3600.86,1128.87,0
LN-21640,BW-12627,2026-02-07,33000,6.69,A,1.5,RENT,39044,12.94,800,Debt Consolidation,Current,21401.26,1574.92,0
LN-21641,BW-25290,2026-02-17,17000,9.04,A,9.3,MORTGAGE,48178,35.6,836,Credit Card Refinance,Fully Paid,17000.0,3380.96,0
LN-21642,BW-11668,2026-06-07,20000,21.32,D,8.8,MORTGAGE,123132,22.29,620,Small Business,Current,4113.11,964.61,1
LN-21643,BW-24337,2026-06-07,8700,22.24,E,4.4,RENT,41065,22.44,579,Debt Consolidation,Fully Paid,8700.0,4256.74,0
LN-21644,BW-10113,2025-12-07,6500,25.09,E,5.9,MORTGAGE,45334,5.91,546,Credit Card Refinance,Current,4338.87,1197.48,0
LN-21645,BW-15066,2026-05-07,22600,15.51,C,2.0,OWN,36645,21.01,637,Debt Consolidation,Fully Paid,22600.0,7711.57,0
LN-21646,BW-23737,2026-03-14,29600,20.01,D,6.9,MORTGAGE,50458,23.12,623,Debt Consolidation,Current,21320.26,4692.8,0
LN-21647,BW-10482,2026-04-24,38700,6.35,A,2.5,RENT,38417,10.35,790,Major Purchase,Current,21325.56,1489.59,0
LN-21648,BW-22597,2025-11-29,3200,11.15,B,7.4,RENT,208048,31.43,710,Debt Consolidation,Fully Paid,3200.0,784.96,4
LN-21649,BW-13879,2026-04-23,34000,9.81,B,3.3,MORTGAGE,59309,34.52,687,Credit Card Refinance,In Grace Period,2441.54,119.76,0
LN-21650,BW-10316,2025-12-20,8400,8.57,A,3.0,MORTGAGE,41926,33.0,840,Credit Card Refinance,Current,2247.03,211.83,0
LN-21651,BW-17278,2025-03-11,13800,14.46,C,7.1,MORTGAGE,69192,8.54,630,Credit Card Refinance,Fully Paid,13800.0,4390.06,0
LN-21652,BW-10506,2026-02-20,16600,6.97,A,4.1,MORTGAGE,37491,28.75,749,Home Improvement,Fully Paid,16600.0,2545.44,0
LN-21653,BW-22718,2024-01-18,5900,6.43,A,8.5,OWN,43247,5.1,810,Debt Consolidation,Fully Paid,5900.0,834.61,0
LN-21654,BW-19048,2026-05-26,32800,7.46,A,11.0,RENT,67012,30.98,844,Major Purchase,Current,12858.73,1055.19,0
LN-21655,BW-21041,2024-05-17,21000,13.13,B,4.2,MORTGAGE,58967,31.64,738,Debt Consolidation,Fully Paid,21000.0,6066.06,0
LN-21656,BW-28441,2025-09-04,4200,14.2,C,6.2,RENT,33226,27.16,670,Debt Consolidation,Fully Paid,4200.0,1312.08,0
LN-21657,BW-22561,2024-02-07,31500,12.61,B,0.7,MORTGAGE,69184,20.46,707,Major Purchase,Fully Paid,31500.0,8738.73,0
LN-21658,BW-10895,2025-06-28,12400,6.95,A,5.8,MORTGAGE,32003,26.53,843,Debt Consolidation,Fully Paid,12400.0,1895.96,0
LN-21659,BW-25766,2026-06-28,22400,14.84,C,8.1,RENT,64190,30.62,644,Debt Consolidation,Current,15518.78,2533.29,0
LN-21660,BW-26490,2025-02-07,15000,10.23,B,10.2,MORTGAGE,61867,30.43,691,Debt Consolidation,Current,6625.44,745.56,3
LN-21661,BW-16092,2025-01-21,2900,7.21,A,6.9,OWN,52995,26.54,757,Debt Consolidation,Current,830.24,65.85,0
LN-21662,BW-16767,2025-06-25,25100,12.3,B,11.3,RENT,76273,12.19,702,Debt Consolidation,Fully Paid,25100.0,6792.06,0
LN-21663,BW-25570,2025-11-26,22100,11.62,B,7.5,RENT,43318,17.98,739,Home Improvement,Current,5182.91,662.48,0
LN-21664,BW-22141,2025-08-14,31500,16.28,C,9.4,RENT,38510,20.65,668,Home Improvement,Current,7883.97,1411.86,0
LN-21665,BW-29535,2025-04-06,27100,14.83,C,10.3,MORTGAGE,66868,15.62,673,Debt Consolidation,Late 31-120 Days,5206.1,386.03,0
LN-21666,BW-25183,2024-09-04,24500,7.25,A,6.2,OWN,101692,33.47,749,Credit Card Refinance,Current,12646.44,1008.55,1
LN-21667,BW-25625,2024-05-30,9100,23.25,E,2.9,RENT,58536,36.14,565,Debt Consolidation,Late 16-30 Days,745.52,86.67,3
LN-21668,BW-22156,2024-10-28,18400,13.38,B,8.0,RENT,124764,6.89,686,Personal,Fully Paid,18400.0,5416.22,0
LN-21669,BW-22188,2025-08-15,37700,5.63,A,1.8,MORTGAGE,122823,32.57,762,Home Improvement,Charged Off,8495.85,239.16,0
LN-21670,BW-16133,2025-05-22,9400,13.97,C,0.8,RENT,77081,18.12,647,Debt Consolidation,Fully Paid,9400.0,2889.0,4
LN-21671,BW-10828,2024-07-17,39900,9.19,A,10.5,RENT,80445,18.2,843,Debt Consolidation,Current,26618.07,2690.82,0
LN-21672,BW-10353,2025-01-20,9400,11.21,B,11.3,MORTGAGE,39542,35.26,709,Debt Consolidation,Fully Paid,9400.0,2318.23,0
LN-21673,BW-24436,2024-02-03,22700,27.96,E,2.3,MORTGAGE,79072,36.61,520,Small Business,Current,14839.88,4564.15,0
LN-21674,BW-11994,2026-02-15,7300,12.48,B,2.3,MORTGAGE,71303,28.12,694,Debt Consolidation,Current,3829.22,525.68,4
LN-21675,BW-13862,2024-05-08,23600,14.76,C,10.0,MORTGAGE,127744,19.16,679,Debt Consolidation,Current,14894.33,2418.24,0
LN-21676,BW-20850,2026-02-05,24600,14.99,C,10.0,MORTGAGE,121240,13.74,643,Credit Card Refinance,Current,10434.85,1720.6,0
LN-21677,BW-10018,2026-05-16,39800,11.23,B,6.3,MORTGAGE,47895,29.87,711,Home Improvement,Fully Paid,39800.0,9832.99,4
LN-21678,BW-10335,2026-04-25,5400,6.16,A,8.1,MORTGAGE,61257,17.26,838,Debt Consolidation,Current,3938.06,266.84,0
LN-21679,BW-11067,2024-07-30,15600,10.28,B,3.7,RENT,52268,11.35,690,Debt Consolidation,Fully Paid,15600.0,3528.1,0
LN-21680,BW-18017,2024-04-26,15400,21.59,D,4.6,RENT,60091,37.12,601,Home Improvement,Fully Paid,15400.0,7314.69,0
LN-21681,BW-21063,2025-09-30,13200,16.77,C,3.8,MORTGAGE,31094,30.85,665,Debt Consolidation,Late 31-120 Days,3732.03,312.93,1
LN-21682,BW-19651,2026-02-03,22700,6.03,A,10.3,RENT,60697,16.45,843,Major Purchase,Current,18157.57,1204.39,0
LN-21683,BW-14139,2025-09-04,19200,17.03,C,10.1,MORTGAGE,90929,16.0,633,Home Improvement,Current,14296.4,2678.14,0
LN-21684,BW-14387,2025-01-15,20500,24.67,E,11.4,MORTGAGE,100908,15.2,524,Credit Card Refinance,Late 31-120 Days,1428.23,176.17,1
LN-21685,BW-29506,2025-08-23,25800,13.12,B,9.4,MORTGAGE,193255,31.3,701,Debt Consolidation,In Grace Period,4351.35,285.45,1
LN-21686,BW-13272,2026-05-23,20300,16.93,C,6.0,MORTGAGE,76266,9.99,647,Home Improvement,Current,15238.92,2837.94,0
LN-21687,BW-13371,2025-08-30,11100,18.13,D,10.8,RENT,51665,5.15,629,Debt Consolidation,Charged Off,3025.28,274.24,0
LN-21688,BW-18800,2026-05-30,4900,10.25,B,4.1,RENT,34503,27.81,686,Debt Consolidation,Fully Paid,4900.0,1104.95,0
LN-21689,BW-18877,2025-03-28,34000,14.77,C,2.9,MORTGAGE,56578,22.08,672,Debt Consolidation,Current,18862.11,3064.53,0
LN-21690,BW-18550,2024-08-29,38900,16.95,C,5.9,RENT,74535,21.56,639,Debt Consolidation,Fully Paid,38900.0,14505.81,0
LN-21691,BW-20529,2025-05-19,13800,8.44,A,8.6,MORTGAGE,57174,22.91,740,Debt Consolidation,In Grace Period,2729.82,115.2,0
LN-21692,BW-28827,2026-06-12,18600,11.9,B,2.8,MORTGAGE,36847,8.14,715,Debt Consolidation,Current,4357.9,570.45,0
LN-21693,BW-27789,2025-06-23,32000,10.9,B,8.2,MORTGAGE,68019,16.86,712,Credit Card Refinance,Current,22327.21,2677.03,0
LN-21694,BW-20506,2025-11-05,12500,9.67,B,8.5,OWN,58846,20.91,712,Credit Card Refinance,Current,3762.11,400.18,0
LN-21695,BW-17101,2024-01-09,9000,6.18,A,10.4,MORTGAGE,242706,33.7,760,Credit Card Refinance,Current,4679.73,318.13,0
LN-21696,BW-23295,2024-01-14,11900,14.34,C,2.4,RENT,79310,10.95,678,Home Improvement,Late 16-30 Days,3971.38,284.75,0
LN-21697,BW-18050,2025-03-03,3000,25.9,E,11.1,OWN,68840,28.17,570,Credit Card Refinance,Charged Off,898.33,116.33,0
LN-21698,BW-14403,2024-07-17,38600,12.83,B,5.2,MORTGAGE,30008,16.92,683,Debt Consolidation,Current,18772.28,2649.33,0
LN-21699,BW-11289,2025-09-26,16400,11.84,B,0.7,OWN,54907,11.63,695,Debt Consolidation,Current,4857.57,632.65,0
LN-21700,BW-13068,2024-05-27,38700,8.28,A,1.5,RENT,64562,35.75,793,Debt Consolidation,Current,23043.74,2098.82,0
LN-21701,BW-19207,2025-12-31,13100,8.98,A,5.1,MORTGAGE,43696,28.39,790,Credit Card Refinance,Fully Paid,13100.0,2588.04,4
LN-21702,BW-20668,2024-08-16,18500,5.86,A,3.1,MORTGAGE,251060,9.84,845,Debt Consolidation,Fully Paid,18500.0,2385.02,0
LN-21703,BW-16495,2024-07-23,38700,6.63,A,9.5,RENT,33757,14.89,751,Debt Consolidation,Current,16774.66,1223.38,0
LN-21704,BW-19427,2025-03-06,17100,25.11,E,1.8,MORTGAGE,36443,16.95,577,Debt Consolidation,Current,11136.05,3075.89,0
LN-21705,BW-16829,2024-12-01,18600,12.79,B,9.6,MORTGAGE,69158,7.29,736,Debt Consolidation,Fully Paid,18600.0,5233.67,4
LN-21706,BW-24463,2024-10-20,9400,6.19,A,0.7,RENT,125615,34.11,829,Credit Card Refinance,Fully Paid,9400.0,1280.09,0
LN-21707,BW-18736,2025-05-28,31800,14.65,C,9.4,MORTGAGE,82520,31.27,657,Credit Card Refinance,Fully Paid,31800.0,10249.14,0
LN-21708,BW-24700,2026-02-18,30500,27.05,E,7.1,RENT,60847,17.49,543,Debt Consolidation,Late 16-30 Days,6643.62,898.55,3
LN-21709,BW-15667,2026-06-14,24800,13.42,B,2.8,OWN,44217,12.5,680,Personal,Current,18138.27,2677.57,0
LN-21710,BW-18779,2025-08-18,3100,27.09,E,2.5,MORTGAGE,68254,31.34,558,Debt Consolidation,Fully Paid,3100.0,1847.54,0
LN-21711,BW-12544,2024-08-15,17900,8.89,A,3.5,MORTGAGE,53271,8.1,821,Debt Consolidation,Fully Paid,17900.0,3500.88,0
LN-21712,BW-27122,2025-10-29,22800,20.8,D,3.5,MORTGAGE,79953,19.9,585,Home Improvement,Current,9367.19,2143.21,0
LN-21713,BW-23569,2024-03-09,32800,24.69,E,10.3,MORTGAGE,134481,36.83,579,Debt Consolidation,Late 16-30 Days,4561.84,563.16,0
LN-21714,BW-27021,2024-01-12,8800,15.37,C,4.8,MORTGAGE,52200,32.82,674,Home Improvement,Fully Paid,8800.0,2975.63,0
LN-21715,BW-11343,2024-02-04,17900,9.41,A,8.5,MORTGAGE,75236,34.12,786,Home Improvement,Current,3972.06,411.15,0
LN-21716,BW-24555,2024-01-23,26700,5.61,A,3.6,OWN,83371,26.97,801,Personal,Fully Paid,26700.0,3295.31,0
LN-21717,BW-13940,2025-10-19,34700,11.24,B,6.8,MORTGAGE,34444,35.07,736,Debt Consolidation,Current,8632.3,1067.3,4
LN-21718,BW-24815,2024-02-17,27900,7.51,A,6.3,MORTGAGE,78240,31.68,782,Home Improvement,Current,18158.94,1500.11,0
LN-21719,BW-16696,2026-03-28,3400,12.55,B,4.0,RENT,83754,32.85,705,Debt Consolidation,Current,1338.21,184.74,2
LN-21720,BW-28710,2024-03-20,18300,12.13,B,2.1,OWN,88846,28.11,715,Debt Consolidation,Current,8068.17,1076.54,0
LN-21721,BW-10974,2025-11-23,31100,20.96,D,5.2,MORTGAGE,36748,24.07,605,Credit Card Refinance,Fully Paid,31100.0,14340.83,1
LN-21722,BW-29012,2026-06-23,8300,11.51,B,7.2,MORTGAGE,129100,28.18,715,Debt Consolidation,Current,5507.62,697.32,0
LN-21723,BW-12963,2024-01-31,17700,15.98,C,5.8,MORTGAGE,84990,14.63,640,Major Purchase,Current,10925.74,1920.53,0
LN-21724,BW-17681,2024-10-16,25100,12.28,B,11.7,MORTGAGE,106420,5.64,720,Debt Consolidation,Current,13537.65,1828.67,0
LN-21725,BW-24733,2025-09-13,9600,21.21,D,0.8,RENT,89163,17.14,608,Credit Card Refinance,Current,7441.48,1736.17,0
LN-21726,BW-28396,2026-01-28,35200,12.32,B,11.0,RENT,66080,27.38,730,Credit Card Refinance,Charged Off,9412.61,579.82,3
LN-21727,BW-26449,2024-12-17,27400,9.32,A,10.4,MORTGAGE,75321,27.37,774,Major Purchase,Fully Paid,27400.0,5618.1,0
LN-21728,BW-11697,2024-02-17,10000,9.96,B,1.7,MORTGAGE,59301,19.81,680,Credit Card Refinance,In Grace Period,663.2,33.03,0
LN-21729,BW-15114,2025-10-17,26100,14.39,C,5.2,MORTGAGE,114247,6.04,662,Small Business,Current,20268.32,3208.27,1
LN-21730,BW-23176,2025-06-23,13600,20.47,D,2.2,RENT,121063,14.87,629,Credit Card Refinance,Current,10443.66,2351.6,0
LN-21731,BW-10630,2024-10-09,26600,13.31,B,5.8,MORTGAGE,83269,20.41,691,Debt Consolidation,In Grace Period,4673.21,311.0,4
LN-21732,BW-13680,2024-05-16,3100,11.18,B,8.8,RENT,42611,6.09,688,Debt Consolidation,Current,1066.6,131.17,0
LN-21733,BW-15741,2025-10-07,14700,6.62,A,11.9,MORTGAGE,43804,24.63,767,Debt Consolidation,Current,8601.78,626.38,0
LN-21734,BW-27102,2025-11-04,13600,17.65,D,8.3,MORTGAGE,50385,26.84,627,Debt Consolidation,Late 16-30 Days,1342.21,118.45,0
LN-21735,BW-17043,2024-09-29,2800,15.39,C,5.2,RENT,95238,23.19,645,Credit Card Refinance,Fully Paid,2800.0,948.02,0
LN-21736,BW-11926,2026-05-14,11600,13.18,B,3.4,RENT,79417,15.5,698,Major Purchase,Current,7120.35,1032.31,2
LN-21737,BW-17284,2024-10-12,19000,12.33,B,8.5,RENT,66767,17.12,732,Credit Card Refinance,Current,14868.23,2016.58,0
LN-21738,BW-18912,2025-06-14,19400,21.45,D,10.2,MORTGAGE,59626,21.45,616,Debt Consolidation,In Grace Period,6435.39,690.2,0
LN-21739,BW-14989,2025-06-25,25200,15.09,C,12.0,RENT,113043,25.62,659,Debt Consolidation,Fully Paid,25200.0,8365.9,0
LN-21740,BW-14238,2025-06-21,38200,18.19,D,4.8,MORTGAGE,40171,11.14,583,Personal,Current,11439.81,2288.99,0
LN-21741,BW-14220,2024-12-19,24400,28.17,E,0.6,MORTGAGE,43662,10.84,556,Debt Consolidation,Late 16-30 Days,8432.15,1187.67,0
LN-21742,BW-29687,2025-07-23,20400,8.51,A,8.1,RENT,35056,37.09,834,Credit Card Refinance,Current,12771.81,1195.57,0
LN-21743,BW-16137,2026-06-06,9000,10.56,B,4.8,MORTGAGE,50810,22.27,713,Small Business,Current,6634.15,770.62,0
LN-21744,BW-13134,2025-02-16,5700,9.4,A,4.3,MORTGAGE,49763,37.7,816,Debt Consolidation,Late 31-120 Days,292.56,13.75,2
LN-21745,BW-11627,2026-05-23,30300,17.33,C,8.0,RENT,76143,26.82,649,Credit Card Refinance,Late 31-120 Days,4098.78,355.16,0
LN-21746,BW-12317,2026-05-13,14600,12.76,B,3.0,MORTGAGE,51094,34.74,711,Debt Consolidation,Fully Paid,14600.0,4098.51,4
LN-21747,BW-27699,2024-01-12,37700,12.49,B,5.5,RENT,40722,9.47,722,Debt Consolidation,Fully Paid,37700.0,10359.21,0
LN-21748,BW-14958,2025-09-15,20700,9.72,B,1.1,RENT,65305,19.08,739,Debt Consolidation,Fully Paid,20700.0,4426.49,2
LN-21749,BW-28307,2026-06-19,16400,12.13,B,10.9,MORTGAGE,122250,22.62,734,Debt Consolidation,Charged Off,3151.38,191.13,0
LN-21750,BW-10091,2026-02-21,39200,11.28,B,5.7,RENT,76807,10.05,701,Debt Consolidation,Current,25069.33,3110.6,0
LN-21751,BW-19515,2024-03-15,29200,15.51,C,10.3,MORTGAGE,101247,15.49,637,Debt Consolidation,Current,14287.48,2437.59,0
LN-21752,BW-23261,2024-12-24,5200,6.29,A,1.6,MORTGAGE,31698,37.69,761,Credit Card Refinance,Charged Off,913.71,28.74,0
LN-21753,BW-15876,2024-02-11,20700,7.86,A,11.6,RENT,34804,11.93,806,Home Improvement,Fully Paid,20700.0,3579.44,0
LN-21754,BW-19631,2024-01-27,31700,15.74,C,10.3,RENT,68027,21.28,630,Debt Consolidation,Current,24575.79,4255.05,0
LN-21755,BW-14216,2026-03-16,31700,11.21,B,9.4,MORTGAGE,40328,25.07,684,Debt Consolidation,Fully Paid,31700.0,7817.85,4
LN-21756,BW-21707,2024-02-07,16900,13.91,C,1.5,MORTGAGE,60910,37.06,652,Debt Consolidation,Current,4124.02,631.02,0
LN-21757,BW-26675,2026-03-30,19400,24.15,E,0.5,MORTGAGE,55181,13.95,573,Credit Card Refinance,Current,11668.05,3099.62,0
LN-21758,BW-13832,2026-04-28,2900,17.61,D,11.1,MORTGAGE,31536,13.11,598,Debt Consolidation,Current,1827.27,353.96,0
LN-21759,BW-20215,2026-04-03,23000,15.96,C,1.8,MORTGAGE,51205,10.88,675,Credit Card Refinance,Current,13997.42,2457.39,0
LN-21760,BW-22899,2024-10-12,23300,13.17,B,9.3,MORTGAGE,118669,27.59,714,Credit Card Refinance,Current,14353.36,2079.37,3
LN-21761,BW-27503,2024-10-16,5900,11.97,B,6.7,OWN,75674,34.74,701,Credit Card Refinance,Fully Paid,5900.0,1553.71,0
LN-21762,BW-16771,2025-04-24,37500,14.12,C,10.5,MORTGAGE,132241,24.96,633,Debt Consolidation,Current,26625.09,4135.41,0
LN-21763,BW-26620,2024-02-13,23400,12.41,B,10.9,MORTGAGE,44155,37.75,718,Debt Consolidation,Fully Paid,23400.0,6388.67,0
LN-21764,BW-29643,2025-02-03,34600,13.96,C,8.5,MORTGAGE,68491,9.79,673,Debt Consolidation,Current,8918.12,1369.47,0
LN-21765,BW-28138,2025-02-16,7000,10.54,B,4.4,MORTGAGE,72473,24.6,722,Debt Consolidation,Charged Off,2437.81,128.47,0
LN-21766,BW-15207,2025-12-29,20400,12.24,B,2.2,MORTGAGE,64804,14.0,710,Debt Consolidation,Current,9958.23,1340.78,0
LN-21767,BW-11858,2025-09-24,17100,8.5,A,10.4,MORTGAGE,34508,7.42,777,Debt Consolidation,Current,10901.54,1019.29,0
LN-21768,BW-23802,2025-08-13,11800,8.99,A,10.6,MORTGAGE,174674,28.2,763,Debt Consolidation,Current,2379.65,235.32,0
LN-21769,BW-10445,2025-04-04,20700,5.57,A,2.1,MORTGAGE,54829,23.33,787,Debt Consolidation,Charged Off,6666.54,185.66,0
LN-21770,BW-11586,2024-02-15,18800,15.15,C,4.3,OWN,31698,5.28,645,Credit Card Refinance,Late 31-120 Days,3934.29,298.02,0
LN-21771,BW-24055,2026-04-04,6900,15.89,C,3.6,MORTGAGE,30262,10.44,667,Debt Consolidation,Fully Paid,6900.0,2412.1,0
LN-21772,BW-14691,2025-08-05,37900,12.29,B,4.7,MORTGAGE,181440,29.98,729,Credit Card Refinance,Fully Paid,37900.0,10247.4,0
LN-21773,BW-17578,2026-06-02,22500,22.42,E,10.4,RENT,62234,6.42,565,Debt Consolidation,Fully Paid,22500.0,11097.9,0
LN-21774,BW-26154,2024-10-19,38200,21.92,D,11.2,RENT,66895,6.45,617,Debt Consolidation,Current,29703.81,7162.18,0
LN-21775,BW-19349,2025-09-01,23500,11.77,B,11.1,MORTGAGE,83673,28.71,720,Home Improvement,Current,13572.43,1757.22,0
LN-21776,BW-19286,2024-06-01,24900,6.13,A,10.7,RENT,71639,27.63,761,Debt Consolidation,Fully Paid,24900.0,3358.01,0
LN-21777,BW-11714,2024-05-22,6300,9.38,A,4.1,MORTGAGE,74897,18.86,792,Credit Card Refinance,Current,2859.16,295.01,0
LN-21778,BW-19710,2025-05-31,32500,10.11,B,5.7,OWN,77630,7.08,702,Credit Card Refinance,Current,7884.62,876.85,0
LN-21779,BW-10143,2025-03-26,18400,12.75,B,1.3,MORTGAGE,37549,16.45,700,Home Improvement,Fully Paid,18400.0,5161.2,0
LN-21780,BW-15873,2024-09-27,12500,10.8,B,3.4,MORTGAGE,63710,28.42,716,Small Business,Current,5240.25,622.54,2
LN-21781,BW-25320,2025-02-11,22200,12.56,B,7.2,RENT,80162,23.99,739,Debt Consolidation,Fully Paid,22200.0,6134.3,0
LN-21782,BW-19841,2024-11-26,23300,24.59,E,10.2,MORTGAGE,113160,11.43,527,Debt Consolidation,Fully Paid,23300.0,12604.83,0
LN-21783,BW-28335,2025-12-11,38900,13.79,C,5.8,MORTGAGE,47922,37.8,641,Debt Consolidation,Fully Paid,38900.0,11801.48,0
LN-21784,BW-12906,2025-05-15,3500,11.8,B,6.7,RENT,166283,16.88,690,Home Improvement,Fully Paid,3500.0,908.6,1
LN-21785,BW-29782,2024-05-16,9500,10.73,B,8.5,OWN,36969,23.5,682,Credit Card Refinance,Current,6249.59,737.64,0
LN-21786,BW-25079,2024-08-17,25800,19.53,D,4.8,RENT,49455,28.4,595,Debt Consolidation,Current,18588.38,3993.34,0
LN-21787,BW-11531,2024-08-21,4900,18.71,D,2.1,MORTGAGE,35975,25.36,580,Credit Card Refinance,Current,1495.05,307.7,0
LN-21788,BW-14531,2026-03-29,8100,11.96,B,2.9,RENT,82417,25.07,713,Debt Consolidation,Fully Paid,8100.0,2131.27,0
LN-21789,BW-20521,2024-11-27,4700,6.01,A,10.4,RENT,67612,35.56,789,Debt Consolidation,Current,2885.03,190.73,0
LN-21790,BW-16610,2024-08-06,32100,16.39,C,6.8,RENT,37246,37.49,655,Small Business,Current,9969.72,1797.44,0
LN-21791,BW-14933,2025-12-17,18000,10.45,B,11.0,RENT,79452,28.96,684,Credit Card Refinance,Current,13913.37,1599.34,0
LN-21792,BW-19789,2024-12-09,11400,7.73,A,8.9,MORTGAGE,85227,31.32,746,Credit Card Refinance,Fully Paid,11400.0,1938.68,4
LN-21793,BW-19969,2024-05-15,29100,8.06,A,2.1,MORTGAGE,39426,29.02,841,Debt Consolidation,Current,10538.54,934.35,0
LN-21794,BW-24232,2026-05-12,16400,11.37,B,5.9,MORTGAGE,95945,35.56,688,Debt Consolidation,Current,11451.2,1432.2,0
LN-21795,BW-18031,2025-02-25,35600,16.07,C,8.6,MORTGAGE,36255,31.25,655,Credit Card Refinance,Fully Paid,35600.0,12586.02,0
LN-21796,BW-24674,2025-08-07,39300,18.06,D,3.6,RENT,49497,28.07,593,Personal,Fully Paid,39300.0,15614.68,0
LN-21797,BW-27749,2026-04-13,30300,11.27,B,8.6,MORTGAGE,272668,34.33,717,Credit Card Refinance,Fully Paid,30300.0,7512.58,0
LN-21798,BW-29569,2026-02-02,13600,21.01,D,8.6,RENT,59367,9.21,607,Home Improvement,Late 31-120 Days,3089.15,324.52,0
LN-21799,BW-13323,2024-12-13,14900,16.18,C,2.0,RENT,159564,14.51,636,Credit Card Refinance,Current,3125.58,556.29,0
LN-21800,BW-15978,2025-05-24,28900,16.78,C,8.4,MORTGAGE,44317,15.04,663,Small Business,Current,20115.17,3712.86,0
LN-21801,BW-15295,2024-05-11,31500,9.85,B,4.4,MORTGAGE,83032,22.37,712,Small Business,Current,16238.75,1759.47,0
LN-21802,BW-25829,2024-07-23,28700,7.59,A,1.2,RENT,47912,37.59,789,Credit Card Refinance,Current,10138.29,846.45,0
LN-21803,BW-23133,2025-09-30,21800,12.54,B,4.0,MORTGAGE,146423,27.66,700,Debt Consolidation,Fully Paid,21800.0,6014.18,0
LN-21804,BW-22675,2025-07-10,32600,6.12,A,2.7,RENT,65824,6.67,790,Debt Consolidation,In Grace Period,10236.96,313.25,0
LN-21805,BW-22589,2025-02-20,30000,14.99,C,5.1,OWN,56486,27.58,650,Debt Consolidation,Fully Paid,30000.0,9893.4,0
LN-21806,BW-27129,2024-09-17,6200,13.07,B,11.4,RENT,134258,36.88,702,Debt Consolidation,Fully Paid,6200.0,1782.75,0
LN-21807,BW-10224,2024-10-25,32800,21.06,D,1.1,OWN,47163,33.24,606,Home Improvement,Current,13593.89,3149.16,0
LN-21808,BW-21563,2025-09-18,5100,12.96,B,3.4,MORTGAGE,60087,21.91,696,Small Business,Fully Paid,5100.0,1454.11,0
LN-21809,BW-14709,2026-05-06,3100,13.16,B,9.7,RENT,63212,30.59,707,Credit Card Refinance,Current,1494.11,216.29,0
LN-21810,BW-24831,2024-08-05,32900,13.04,B,0.7,MORTGAGE,38033,13.84,699,Credit Card Refinance,Current,14697.33,2108.19,2
LN-21811,BW-11589,2025-08-20,12600,16.51,C,6.7,RENT,64637,24.09,643,Credit Card Refinance,Fully Paid,12600.0,4576.57,0
LN-21812,BW-29903,2025-01-06,23300,6.85,A,6.0,MORTGAGE,45885,8.61,759,Credit Card Refinance,Fully Paid,23300.0,3511.31,0
LN-21813,BW-10431,2025-06-05,30700,12.54,B,3.9,RENT,80412,21.24,704,Debt Consolidation,Fully Paid,30700.0,8469.52,2
LN-21814,BW-26327,2024-02-16,33600,17.06,C,7.9,RENT,66464,30.12,667,Credit Card Refinance,Charged Off,11584.52,988.16,4
LN-21815,BW-18223,2025-06-17,39100,17.15,C,3.6,OWN,90900,9.62,668,Debt Consolidation,Current,27562.33,5199.63,1
LN-21816,BW-20229,2025-01-06,13200,12.19,B,2.3,MORTGAGE,56316,19.41,710,Debt Consolidation,Fully Paid,13200.0,3539.98,0
LN-21817,BW-13725,2024-01-04,22100,13.47,B,8.0,OWN,32185,10.25,723,Debt Consolidation,Current,14426.19,2137.53,4
LN-21818,BW-20485,2024-09-07,6500,21.15,D,9.5,RENT,75981,18.87,597,Credit Card Refinance,Current,2157.15,501.86,0
LN-21819,BW-24069,2025-06-12,33900,10.25,B,0.9,RENT,74691,14.65,706,Debt Consolidation,Current,24054.89,2712.19,0
LN-21820,BW-10081,2026-02-21,22400,11.05,B,4.9,MORTGAGE,35957,34.49,731,Debt Consolidation,Charged Off,4754.73,262.7,1
LN-21821,BW-22500,2024-05-27,11300,9.23,A,10.0,RENT,41137,20.19,759,Debt Consolidation,Current,5472.07,555.58,0
LN-21822,BW-26468,2026-04-12,24000,11.44,B,11.4,RENT,59929,6.19,732,Small Business,Current,18890.31,2377.16,0
LN-21823,BW-18936,2024-03-13,24300,12.76,B,10.5,MORTGAGE,213550,28.21,708,Credit Card Refinance,Fully Paid,24300.0,6821.5,0
LN-21824,BW-26266,2024-12-27,10400,12.89,B,4.1,MORTGAGE,90073,21.97,727,Home Improvement,Current,4079.33,578.41,0
LN-21825,BW-28278,2025-06-08,10400,14.25,C,7.2,RENT,83419,13.7,665,Debt Consolidation,Fully Paid,10400.0,3260.4,0
LN-21826,BW-10748,2024-04-27,17500,6.1,A,10.4,OWN,30553,8.59,815,Debt Consolidation,Current,11756.69,788.87,0
LN-21827,BW-20935,2025-06-07,27100,8.07,A,9.0,RENT,277100,30.16,848,Debt Consolidation,Current,18679.69,1658.2,3
LN-21828,BW-10230,2025-08-26,10700,15.37,C,11.0,MORTGAGE,52402,30.72,638,Credit Card Refinance,Current,4628.53,782.55,0
LN-21829,BW-17568,2024-11-19,37000,25.99,E,3.1,MORTGAGE,46756,13.01,549,Small Business,Charged Off,7298.21,948.4,0
LN-21830,BW-23558,2026-01-27,32500,20.64,D,10.4,RENT,62518,19.59,580,Small Business,Charged Off,3290.38,339.57,0
LN-21831,BW-17144,2024-02-03,14400,12.26,B,1.7,RENT,40789,27.31,729,Debt Consolidation,Fully Paid,14400.0,3883.97,0
LN-21832,BW-27196,2025-06-05,12400,20.73,D,6.0,MORTGAGE,64592,15.27,597,Home Improvement,Fully Paid,12400.0,5655.14,0
LN-21833,BW-20202,2026-05-21,39200,16.53,C,1.2,RENT,53369,31.18,644,Home Improvement,Charged Off,6671.01,551.36,0
LN-21834,BW-13730,2025-04-06,26500,12.5,B,4.2,MORTGAGE,124436,33.99,717,Credit Card Refinance,Fully Paid,26500.0,7287.5,0
LN-21835,BW-14657,2026-04-09,18000,7.55,A,3.2,OWN,39914,20.61,773,Debt Consolidation,Current,13481.78,1119.66,0
LN-21836,BW-23869,2025-05-06,37700,9.86,B,8.8,RENT,69541,25.23,693,Debt Consolidation,Current,18818.54,2041.06,0
LN-21837,BW-13900,2024-08-27,27600,20.25,D,4.6,MORTGAGE,181987,26.86,625,Debt Consolidation,Charged Off,4638.2,469.62,0
LN-21838,BW-16828,2026-04-21,13900,13.19,B,8.7,MORTGAGE,55815,10.4,722,Home Improvement,Fully Paid,13900.0,4033.5,0
LN-21839,BW-22317,2026-03-27,22700,12.04,B,10.3,RENT,42217,24.24,696,Debt Consolidation,Current,17434.52,2309.03,0
LN-21840,BW-19826,2025-08-09,7100,24.59,E,3.9,RENT,80864,29.52,566,Credit Card Refinance,Charged Off,958.72,117.87,3
LN-21841,BW-18773,2024-06-18,3000,11.32,B,9.0,OWN,156684,10.33,701,Credit Card Refinance,Late 16-30 Days,747.96,42.33,0
LN-21842,BW-28081,2024-02-29,20500,21.29,D,1.3,RENT,99938,28.07,622,Credit Card Refinance,Fully Paid,20500.0,9601.79,0
LN-21843,BW-28430,2024-05-08,24700,26.81,E,2.8,RENT,79475,28.73,528,Debt Consolidation,In Grace Period,3373.64,452.24,0
LN-21844,BW-17909,2025-08-22,3600,28.3,E,11.7,RENT,59933,28.96,567,Debt Consolidation,Charged Off,1064.7,150.66,1
LN-21845,BW-23618,2024-05-22,18800,17.46,C,4.8,RENT,58069,7.57,656,Credit Card Refinance,Current,12181.71,2339.62,0
LN-21846,BW-19105,2025-08-25,39200,14.12,C,2.5,MORTGAGE,173556,13.87,674,Debt Consolidation,Current,9542.15,1482.09,0
LN-21847,BW-24343,2025-04-08,3100,15.0,C,11.7,MORTGAGE,64465,20.65,677,Debt Consolidation,Fully Paid,3100.0,1023.0,0
LN-21848,BW-19975,2024-12-24,10400,9.7,B,3.7,RENT,43225,30.64,690,Credit Card Refinance,Charged Off,1468.62,71.23,0
LN-21849,BW-21812,2026-02-08,23100,8.75,A,5.5,OWN,59183,13.13,754,Debt Consolidation,Current,7644.05,735.74,0
LN-21850,BW-21688,2026-06-20,28200,12.09,B,9.0,RENT,108332,17.4,711,Major Purchase,Fully Paid,28200.0,7500.64,4
LN-21851,BW-11473,2024-08-01,15400,26.85,E,0.8,RENT,47942,29.04,541,Small Business,Fully Paid,15400.0,9096.78,0
LN-21852,BW-18882,2024-11-03,22600,10.3,B,9.5,RENT,38382,23.9,738,Debt Consolidation,Fully Paid,22600.0,5121.16,0
LN-21853,BW-17648,2024-06-01,13500,11.06,B,1.3,MORTGAGE,109771,32.37,710,Debt Consolidation,Current,3627.1,441.27,0
LN-21854,BW-29279,2024-01-15,35300,6.35,A,5.8,MORTGAGE,46942,5.27,757,Debt Consolidation,Current,13105.09,915.39,0
LN-21855,BW-24268,2025-12-14,4400,16.74,C,5.4,RENT,46837,8.3,662,Home Improvement,Current,3427.68,631.17,1
LN-21856,BW-29080,2026-03-30,18000,15.29,C,1.5,MORTGAGE,199990,25.83,664,Major Purchase,Late 31-120 Days,5211.53,398.42,3
LN-21857,BW-13188,2025-02-20,31000,18.93,D,1.0,RENT,250952,32.69,601,Debt Consolidation,Current,18321.58,3815.1,3
LN-21858,BW-28946,2024-02-24,9900,10.3,B,8.1,MORTGAGE,54726,18.34,727,Major Purchase,Current,2302.13,260.83,0
LN-21859,BW-24147,2024-04-08,8800,21.63,D,10.6,RENT,51237,29.45,588,Debt Consolidation,Late 31-120 Days,844.98,91.38,0
LN-21860,BW-25741,2026-05-30,7800,12.48,B,0.9,OWN,40323,8.15,716,Major Purchase,Fully Paid,7800.0,2141.57,0
LN-21861,BW-16743,2024-08-25,3900,8.91,A,10.3,RENT,93437,37.71,775,Debt Consolidation,Current,2153.83,211.1,1
LN-21862,BW-11546,2024-11-10,30900,8.9,A,4.8,RENT,51805,13.45,754,Debt Consolidation,Fully Paid,30900.0,6050.22,0
LN-21863,BW-16305,2026-01-20,32400,19.27,D,3.1,MORTGAGE,96898,10.22,587,Major Purchase,Fully Paid,32400.0,13735.66,0
LN-21864,BW-23491,2025-09-16,13700,14.32,C,8.3,MORTGAGE,99194,31.54,655,Credit Card Refinance,Current,9258.88,1458.46,4
LN-21865,BW-26777,2026-02-07,38200,16.45,C,5.4,MORTGAGE,36334,13.17,667,Debt Consolidation,Current,22996.88,4161.29,0
LN-21866,BW-17946,2024-12-08,17700,16.84,C,3.7,RENT,73628,30.56,652,Debt Consolidation,Current,14131.1,2617.64,0
LN-21867,BW-23247,2024-09-09,38500,12.58,B,4.8,RENT,54348,17.2,704,Major Purchase,Fully Paid,38500.0,10655.26,0
LN-21868,BW-23649,2024-06-12,34300,10.45,B,5.3,RENT,33448,28.03,705,Debt Consolidation,Fully Paid,34300.0,7885.57,0
LN-21869,BW-18873,2025-12-06,10300,16.2,C,11.1,MORTGAGE,42904,24.16,651,Debt Consolidation,Current,4579.72,816.11,0
LN-21870,BW-28893,2025-08-29,30800,6.31,A,6.8,RENT,66374,17.81,830,Credit Card Refinance,Current,8068.2,560.01,0
LN-21871,BW-15133,2025-07-15,37800,14.86,C,7.9,MORTGAGE,43708,14.46,643,Debt Consolidation,Fully Paid,37800.0,12357.58,0
LN-21872,BW-18072,2025-08-27,8000,11.13,B,8.2,RENT,77064,23.66,714,Debt Consolidation,Fully Paid,8000.0,1958.88,0
LN-21873,BW-27903,2025-02-07,38000,16.96,C,9.6,MORTGAGE,77216,7.75,673,Debt Consolidation,Fully Paid,38000.0,14178.56,0
LN-21874,BW-16446,2025-04-27,20300,7.49,A,8.5,OWN,51916,17.52,766,Debt Consolidation,Fully Paid,20300.0,3345.03,0
LN-21875,BW-10133,2025-01-30,3200,21.82,D,11.3,RENT,138381,34.58,625,Home Improvement,Fully Paid,3200.0,1536.13,0
LN-21876,BW-13860,2024-07-07,31900,7.87,A,2.0,RENT,68709,19.59,778,Credit Card Refinance,Current,11700.37,1012.9,4
LN-21877,BW-15388,2024-05-22,9700,23.41,E,5.0,RENT,134195,8.59,572,Major Purchase,Current,5345.16,1376.43,0
LN-21878,BW-19849,2025-01-27,9300,9.47,A,0.6,RENT,118137,18.65,754,Debt Consolidation,Current,5024.74,523.43,3
LN-21879,BW-24794,2025-02-02,25000,14.45,C,11.9,MORTGAGE,76981,6.08,644,Debt Consolidation,Charged Off,3874.28,279.92,0
LN-21880,BW-10902,2024-10-05,9800,12.57,B,1.8,MORTGAGE,67833,12.64,685,Debt Consolidation,Fully Paid,9800.0,2710.09,0
LN-21881,BW-23738,2024-09-28,23600,10.7,B,10.1,RENT,67933,31.31,732,Debt Consolidation,Late 31-120 Days,1619.5,86.64,3
LN-21882,BW-26175,2025-12-28,39100,14.0,C,7.4,OWN,54844,24.09,630,Debt Consolidation,Fully Paid,39100.0,12042.8,0
LN-21883,BW-10816,2024-05-01,35600,7.62,A,1.0,RENT,40208,33.16,846,Major Purchase,Fully Paid,35600.0,5967.98,0
LN-21884,BW-11080,2026-01-30,10000,14.16,C,9.1,RENT,52593,21.56,679,Credit Card Refinance,Current,3814.18,594.1,0
LN-21885,BW-15109,2024-04-08,20400,11.26,B,12.0,RENT,159579,37.48,724,Debt Consolidation,Fully Paid,20400.0,5053.49,0
LN-21886,BW-29388,2024-03-29,6200,10.86,B,1.6,RENT,88851,28.16,710,Credit Card Refinance,Current,1671.54,199.68,0
LN-21887,BW-13203,2025-06-17,35000,9.12,A,7.2,RENT,93871,10.33,825,Personal,Current,20759.3,2082.57,0
LN-21888,BW-13906,2025-09-14,37500,19.0,D,2.0,MORTGAGE,126419,7.48,611,Debt Consolidation,Charged Off,6781.57,644.25,0
LN-21889,BW-22075,2025-10-14,38600,6.46,A,6.1,RENT,39652,6.24,840,Home Improvement,Current,21955.67,1560.17,3
LN-21890,BW-14001,2024-08-31,35400,14.06,C,9.5,RENT,61097,7.51,648,Credit Card Refinance,Charged Off,5333.17,374.92,0
LN-21891,BW-23466,2024-11-26,33000,11.19,B,7.4,RENT,110464,16.13,696,Credit Card Refinance,Current,19588.56,2411.16,0
LN-21892,BW-12459,2025-09-20,24400,13.24,B,0.5,MORTGAGE,41904,24.71,709,Home Improvement,Current,12576.42,1831.63,0
LN-21893,BW-23956,2025-10-05,16300,9.42,A,5.0,RENT,83207,24.5,743,Debt Consolidation,Current,6592.37,683.1,0
LN-21894,BW-23169,2025-04-11,19300,12.92,B,2.9,MORTGAGE,83087,28.91,691,Debt Consolidation,In Grace Period,3305.36,213.53,0
LN-21895,BW-21849,2025-10-31,4100,11.46,B,5.2,RENT,110086,14.7,722,Credit Card Refinance,Fully Paid,4100.0,1033.69,1
LN-21896,BW-10166,2025-03-31,4000,12.96,B,11.8,OWN,250358,28.11,696,Credit Card Refinance,Fully Paid,4000.0,1140.48,0
LN-21897,BW-10112,2024-05-24,6300,16.22,C,11.6,MORTGAGE,43495,9.47,678,Debt Consolidation,Charged Off,1085.45,88.03,0
LN-21898,BW-13988,2024-01-14,9100,11.75,B,4.5,RENT,35286,10.12,691,Debt Consolidation,Current,4391.89,567.65,0
LN-21899,BW-27236,2025-04-08,29700,10.66,B,2.7,MORTGAGE,49857,23.29,682,Debt Consolidation,Current,8003.95,938.54,0
LN-21900,BW-13335,2026-03-09,14300,8.8,A,8.6,MORTGAGE,72743,15.52,839,Credit Card Refinance,Current,10819.2,1047.3,4
LN-21901,BW-29400,2024-02-11,16000,8.06,A,2.0,MORTGAGE,78619,21.15,825,Credit Card Refinance,Fully Paid,16000.0,2837.12,0
LN-21902,BW-17872,2025-12-30,25800,13.09,B,0.8,OWN,51127,35.03,686,Credit Card Refinance,Current,8915.21,1283.7,2
LN-21903,BW-14136,2026-01-20,17900,10.72,B,9.5,RENT,46729,19.99,715,Major Purchase,Current,4964.31,585.39,0
LN-21904,BW-26709,2025-10-19,21200,10.47,B,8.3,RENT,49996,35.12,702,Small Business,Current,4557.2,524.85,0
LN-21905,BW-25225,2024-09-13,29700,12.81,B,6.9,MORTGAGE,59563,28.72,719,Debt Consolidation,Fully Paid,29700.0,8370.05,0
LN-21906,BW-23189,2025-08-29,36800,7.71,A,7.4,MORTGAGE,30450,30.88,784,Home Improvement,Fully Paid,36800.0,6242.02,0
LN-21907,BW-10683,2024-02-20,38700,12.85,B,6.8,MORTGAGE,140174,23.69,718,Credit Card Refinance,Current,16082.62,2273.28,4
LN-21908,BW-27800,2026-02-13,19700,11.12,B,5.4,MORTGAGE,54370,12.71,706,Debt Consolidation,Fully Paid,19700.0,4819.41,0
LN-21909,BW-11416,2024-11-02,18200,5.87,A,1.5,MORTGAGE,59431,23.48,768,Small Business,Current,9666.06,624.14,1
LN-21910,BW-10671,2024-10-29,26500,16.0,C,6.4,RENT,36371,33.01,640,Debt Consolidation,Current,12611.33,2219.59,0
LN-21911,BW-15909,2024-11-04,36300,10.54,B,4.2,OWN,103481,10.75,689,Home Improvement,Current,23960.74,2778.01,0
LN-21912,BW-24888,2025-07-01,17400,10.93,B,8.7,MORTGAGE,57249,8.56,735,Debt Consolidation,Current,8267.11,993.95,0
LN-21913,BW-29167,2025-01-12,3100,7.75,A,11.2,RENT,270807,14.16,788,Major Purchase,Current,1064.84,90.78,0
LN-21914,BW-17262,2026-04-09,5600,13.23,B,8.1,MORTGAGE,41073,26.12,734,Debt Consolidation,Current,2419.9,352.17,0
LN-21915,BW-14581,2025-09-06,20700,15.33,C,7.5,RENT,42855,36.39,636,Small Business,Charged Off,1848.65,141.7,0
LN-21916,BW-23345,2026-05-29,16800,7.86,A,5.8,RENT,35794,11.93,791,Debt Consolidation,Fully Paid,16800.0,2905.06,1
LN-21917,BW-14135,2026-04-21,4200,7.85,A,9.9,MORTGAGE,64120,22.54,804,Credit Card Refinance,Fully Paid,4200.0,725.34,0
LN-21918,BW-23696,2025-09-10,16500,26.22,E,1.6,RENT,53195,12.45,533,Debt Consolidation,In Grace Period,3813.33,499.93,0
LN-21919,BW-16022,2025-11-24,15300,10.17,B,8.7,MORTGAGE,78200,28.61,733,Major Purchase,Fully Paid,15300.0,3423.22,0
LN-21920,BW-26846,2024-01-01,32900,15.86,C,9.0,MORTGAGE,70258,9.71,669,Debt Consolidation,Current,21970.02,3832.89,0
LN-21921,BW-17117,2024-12-05,22500,7.36,A,2.1,RENT,37678,7.49,840,Credit Card Refinance,Current,10454.74,846.42,0
LN-21922,BW-18030,2024-03-23,28700,14.36,C,5.6,MORTGAGE,69380,8.45,669,Credit Card Refinance,Current,22512.88,3556.13,0
LN-21923,BW-23786,2024-05-08,36100,20.5,D,8.7,MORTGAGE,53829,18.8,621,Credit Card Refinance,Late 16-30 Days,8037.65,823.86,0
LN-21924,BW-20523,2024-03-11,4700,8.69,A,6.0,OWN,31800,9.36,819,Personal,Current,2042.03,195.2,0
LN-21925,BW-24476,2025-07-06,9900,10.56,B,0.8,MORTGAGE,78022,21.05,689,Small Business,Current,2902.56,337.16,0
LN-21926,BW-22404,2024-10-19,36700,15.03,C,9.9,RENT,46935,7.77,644,Debt Consolidation,Fully Paid,36700.0,12135.22,0
LN-21927,BW-16309,2025-12-14,23900,12.61,B,0.7,MORTGAGE,30947,22.75,695,Credit Card Refinance,Fully Paid,23900.0,6630.34,0
LN-21928,BW-12396,2025-05-05,25500,8.91,A,2.9,OWN,38508,9.18,788,Credit Card Refinance,Current,13291.2,1302.67,0
LN-21929,BW-26085,2024-05-22,36100,15.82,C,8.1,RENT,112049,35.34,651,Credit Card Refinance,Charged Off,2870.26,227.04,0
LN-21930,BW-10993,2026-06-16,18700,11.13,B,9.9,RENT,130897,33.57,691,Credit Card Refinance,Fully Paid,18700.0,4578.88,0
LN-21931,BW-12084,2025-05-15,38600,17.28,C,9.8,MORTGAGE,61999,35.02,644,Credit Card Refinance,Current,16183.39,3076.14,0
LN-21932,BW-22645,2026-04-13,18500,19.85,D,7.6,RENT,67052,10.43,617,Credit Card Refinance,Fully Paid,18500.0,8078.95,0
LN-21933,BW-22045,2025-03-04,24200,6.76,A,10.1,MORTGAGE,70109,37.03,792,Debt Consolidation,Current,12591.24,936.28,0
LN-21934,BW-13599,2024-08-24,29200,16.53,C,2.1,MORTGAGE,31777,10.92,656,Debt Consolidation,Current,18141.73,3298.71,0
LN-21935,BW-29146,2025-11-03,13800,6.02,A,9.4,OWN,94076,33.67,754,Debt Consolidation,Fully Paid,13800.0,1827.67,1
LN-21936,BW-16418,2025-04-19,39000,10.72,B,3.9,RENT,80243,28.86,702,Debt Consolidation,Fully Paid,39000.0,9197.76,0
LN-21937,BW-27031,2025-04-08,22400,14.5,C,3.9,MORTGAGE,80079,8.09,669,Debt Consolidation,Current,15781.37,2517.13,0
LN-21938,BW-14719,2024-11-20,23800,12.3,B,9.4,MORTGAGE,36326,28.2,739,Debt Consolidation,Late 31-120 Days,7776.86,478.28,0
LN-21939,BW-24590,2025-06-16,34900,8.18,A,0.6,RENT,126297,37.32,848,Debt Consolidation,Current,7070.97,636.25,1
LN-21940,BW-14965,2026-06-09,17000,13.18,B,0.8,RENT,83948,13.35,688,Debt Consolidation,Fully Paid,17000.0,4929.32,0
LN-21941,BW-16963,2026-01-11,22800,18.33,D,5.4,OWN,86504,18.38,624,Debt Consolidation,Current,5733.66,1156.08,0
LN-21942,BW-10285,2026-01-02,36900,17.71,D,10.3,MORTGAGE,68746,14.24,603,Home Improvement,Fully Paid,36900.0,14376.98,1
LN-21943,BW-14770,2024-01-01,27000,11.06,B,3.5,MORTGAGE,56133,34.37,732,Home Improvement,Charged Off,8631.27,477.31,0
LN-21944,BW-13595,2026-02-14,30000,18.55,D,6.0,MORTGAGE,47386,24.04,613,Debt Consolidation,Current,6643.0,1355.5,0
LN-21945,BW-12232,2025-12-04,36000,6.89,A,1.2,MORTGAGE,32013,16.22,789,Credit Card Refinance,Current,14331.73,1086.2,0
LN-21946,BW-13376,2025-10-16,4400,6.78,A,3.7,MORTGAGE,81282,6.39,804,Debt Consolidation,Charged Off,1437.27,48.72,0
LN-21947,BW-20412,2024-02-08,5900,11.74,B,4.9,MORTGAGE,57209,35.6,682,Debt Consolidation,In Grace Period,1113.78,65.38,0
LN-21948,BW-13365,2025-06-12,18800,15.49,C,5.2,RENT,49867,8.52,636,Credit Card Refinance,Fully Paid,18800.0,6406.66,0
LN-21949,BW-26952,2025-12-30,18900,8.81,A,11.7,MORTGAGE,55583,24.11,789,Debt Consolidation,Current,11309.71,1096.02,0
LN-21950,BW-25613,2025-08-25,15900,24.5,E,10.5,RENT,106813,22.79,536,Debt Consolidation,Charged Off,2355.5,288.55,0
LN-21951,BW-27872,2024-04-06,17000,10.24,B,4.8,MORTGAGE,65691,26.76,690,Debt Consolidation,Current,11323.12,1275.44,0
LN-21952,BW-28335,2026-06-14,35100,7.69,A,1.0,RENT,112874,5.14,817,Debt Consolidation,Current,7156.05,605.33,0
LN-21953,BW-21172,2024-11-20,32900,15.28,C,2.9,MORTGAGE,61716,12.33,665,Debt Consolidation,Charged Off,5306.53,405.42,0
LN-21954,BW-12006,2026-04-17,2700,24.83,E,2.4,RENT,83939,22.96,535,Debt Consolidation,Charged Off,876.37,108.8,0
LN-21955,BW-28491,2024-06-19,23300,8.56,A,11.1,RENT,50523,28.6,768,Debt Consolidation,Current,15751.15,1483.13,0
LN-21956,BW-13799,2025-02-03,20500,10.1,B,1.9,MORTGAGE,94189,21.63,726,Debt Consolidation,Current,13696.86,1521.72,3
LN-21957,BW-12717,2026-06-28,27800,10.15,B,2.2,RENT,59278,21.13,698,Debt Consolidation,Current,6424.51,717.3,0
LN-21958,BW-25840,2024-04-20,24200,9.24,A,10.3,RENT,91157,25.82,826,Home Improvement,Current,15145.96,1539.44,0
LN-21959,BW-23066,2024-08-28,28000,7.93,A,5.1,RENT,76655,22.29,832,Home Improvement,Fully Paid,28000.0,4884.88,0
LN-21960,BW-10526,2024-07-19,16700,9.28,A,0.7,MORTGAGE,59984,28.52,826,Credit Card Refinance,Fully Paid,16700.0,3409.47,0
LN-21961,BW-15973,2025-01-05,28900,18.67,D,2.0,MORTGAGE,54977,20.14,619,Debt Consolidation,Current,14072.69,2890.11,0
LN-21962,BW-11640,2024-02-14,3900,5.83,A,9.3,MORTGAGE,82299,28.17,782,Debt Consolidation,Late 31-120 Days,1024.34,29.86,0
LN-21963,BW-23731,2026-05-14,29400,10.96,B,0.6,RENT,46512,27.09,716,Home Improvement,Current,11811.7,1424.02,0
LN-21964,BW-28229,2024-04-01,10300,19.83,D,11.1,MORTGAGE,36661,21.24,625,Debt Consolidation,Fully Paid,10300.0,4493.48,4
LN-21965,BW-23202,2025-10-10,21500,17.38,C,5.9,RENT,66525,18.63,675,Credit Card Refinance,Current,7958.84,1521.57,0
LN-21966,BW-15104,2025-06-14,18400,16.79,C,0.8,MORTGAGE,56005,9.83,656,Debt Consolidation,Charged Off,3088.51,259.28,0
LN-21967,BW-29406,2025-11-04,28300,5.66,A,10.9,RENT,46320,29.24,744,Small Business,Current,14932.85,929.72,0
LN-21968,BW-12829,2026-04-23,31200,15.9,C,4.0,MORTGAGE,162549,14.23,665,Debt Consolidation,Charged Off,9772.57,776.92,0
LN-21969,BW-16649,2026-05-02,16800,8.88,A,8.9,RENT,36492,28.52,767,Credit Card Refinance,Fully Paid,16800.0,3282.05,0
LN-21970,BW-12929,2025-03-30,24600,7.61,A,10.9,MORTGAGE,52472,7.18,816,Personal,Current,15652.27,1310.25,0
LN-21971,BW-20148,2024-03-07,15100,8.07,A,10.3,OWN,96370,36.41,769,Personal,Fully Paid,15100.0,2680.85,0
LN-21972,BW-29665,2024-09-05,19100,16.35,C,9.2,OWN,31657,19.02,670,Home Improvement,Current,8334.19,1498.9,0
LN-21973,BW-10810,2025-08-08,34500,11.63,B,6.4,MORTGAGE,93986,33.55,702,Debt Consolidation,Current,16398.48,2097.86,0
LN-21974,BW-18402,2024-12-23,34900,9.89,B,9.3,MORTGAGE,72773,7.91,733,Personal,Fully Paid,34900.0,7593.54,0
LN-21975,BW-18012,2025-08-21,39200,12.01,B,0.6,OWN,82585,8.12,698,Credit Card Refinance,Current,25409.35,3356.83,3
LN-21976,BW-29870,2025-05-05,17700,8.53,A,3.2,RENT,43375,21.03,753,Debt Consolidation,Fully Paid,17700.0,3321.58,3
LN-21977,BW-25686,2025-11-11,18700,11.2,B,5.1,MORTGAGE,84785,22.36,695,Debt Consolidation,Current,4015.73,494.74,0
LN-21978,BW-22992,2025-06-11,18400,20.21,D,10.6,MORTGAGE,185062,19.35,591,Credit Card Refinance,Current,9364.26,2081.77,0
LN-21979,BW-16380,2026-01-01,36900,6.18,A,5.6,RENT,55612,24.87,810,Debt Consolidation,Current,20867.6,1418.58,0
LN-21980,BW-29031,2024-11-26,20500,14.93,C,7.2,OWN,56959,10.03,660,Credit Card Refinance,Fully Paid,20500.0,6733.43,0
LN-21981,BW-22457,2024-03-15,3400,21.82,D,3.9,RENT,236825,5.97,614,Debt Consolidation,Current,2600.03,624.06,0
LN-21982,BW-24444,2026-06-02,7700,11.83,B,1.8,MORTGAGE,71605,36.59,732,Credit Card Refinance,Current,3371.75,438.77,0
LN-21983,BW-27510,2024-02-14,35200,15.27,C,6.6,MORTGAGE,57481,16.92,633,Credit Card Refinance,Late 31-120 Days,8132.63,620.93,0
LN-21984,BW-29476,2025-10-19,39700,10.96,B,8.6,RENT,84266,25.67,709,Credit Card Refinance,Charged Off,3667.83,201.0,0
LN-21985,BW-13331,2025-05-20,17200,17.88,D,8.9,OWN,34912,25.64,612,Debt Consolidation,Charged Off,3809.56,340.57,0
LN-21986,BW-23156,2024-05-01,17800,18.31,D,8.1,RENT,94781,11.96,592,Debt Consolidation,Current,3727.43,750.74,0
LN-21987,BW-10446,2025-12-28,9000,27.3,E,9.5,RENT,46334,17.7,570,Debt Consolidation,Charged Off,1150.82,157.09,0
LN-21988,BW-24785,2024-10-10,6000,19.78,D,4.7,RENT,68893,26.19,624,Debt Consolidation,Current,4605.73,1002.11,0
LN-21989,BW-22041,2024-11-07,32100,25.57,E,10.9,RENT,88258,16.94,551,Debt Consolidation,Charged Off,5193.89,664.04,0
LN-21990,BW-12149,2026-03-16,35200,6.29,A,3.7,MORTGAGE,44061,21.72,835,Credit Card Refinance,Current,22698.57,1570.51,0
LN-21991,BW-21572,2024-09-03,33600,10.44,B,8.0,RENT,60488,22.08,705,Major Purchase,Fully Paid,33600.0,7717.25,0
LN-21992,BW-25096,2025-10-28,11600,13.11,B,5.9,OWN,47187,30.51,698,Debt Consolidation,Fully Paid,11600.0,3345.67,0
LN-21993,BW-28378,2024-12-30,15100,13.49,B,3.0,MORTGAGE,69712,22.67,724,Debt Consolidation,Charged Off,4034.99,272.16,0
LN-21994,BW-11952,2025-04-13,30000,7.1,A,4.7,RENT,61461,5.27,761,Debt Consolidation,Fully Paid,30000.0,4686.0,4
LN-21995,BW-16427,2025-10-12,39000,13.14,B,7.0,OWN,45317,15.39,734,Debt Consolidation,Current,15881.41,2295.5,0
LN-21996,BW-10156,2024-05-15,6600,19.07,D,3.3,MORTGAGE,30936,6.27,602,Home Improvement,Current,3838.66,805.24,0
LN-21997,BW-21255,2024-09-28,7700,6.87,A,0.8,RENT,56175,20.31,748,Home Improvement,Fully Paid,7700.0,1163.78,0
LN-21998,BW-17619,2024-09-01,36500,16.71,C,10.0,RENT,46104,8.69,676,Credit Card Refinance,Fully Paid,36500.0,13418.13,0
LN-21999,BW-19003,2026-05-10,12400,13.05,B,11.9,RENT,108460,23.19,732,Debt Consolidation,Fully Paid,12400.0,3560.04,0
LN-22000,BW-21270,2024-12-22,23300,18.58,D,1.8,MORTGAGE,31674,27.34,592,Debt Consolidation,Charged Off,7837.37,728.09,0
LN-22001,BW-24135,2024-11-07,20400,19.03,D,11.7,RENT,55297,34.76,585,Debt Consolidation,Late 16-30 Days,3207.77,305.22,0
LN-22002,BW-17206,2024-09-10,6500,6.25,A,8.4,MORTGAGE,77387,20.04,848,Debt Consolidation,Fully Paid,6500.0,893.75,0
LN-22003,BW-14600,2025-03-11,35100,20.76,D,10.2,RENT,81171,10.5,628,Credit Card Refinance,In Grace Period,2823.83,293.11,0
LN-22004,BW-10941,2025-03-10,24600,7.07,A,6.4,OWN,118500,35.79,741,Debt Consolidation,Current,6157.42,478.86,0
LN-22005,BW-17880,2024-12-03,14200,20.88,D,0.7,MORTGAGE,37696,6.07,583,Debt Consolidation,Fully Paid,14200.0,6522.91,0
LN-22006,BW-27689,2024-08-08,38000,8.21,A,2.1,RENT,113883,36.42,752,Credit Card Refinance,Current,12824.66,1158.2,0
LN-22007,BW-28220,2024-02-28,27200,21.34,D,6.6,MORTGAGE,70223,26.46,585,Debt Consolidation,Charged Off,6319.7,674.31,0
LN-22008,BW-19757,2025-01-14,7500,10.02,B,4.7,MORTGAGE,61515,16.94,696,Debt Consolidation,Fully Paid,7500.0,1653.3,0
LN-22009,BW-29869,2025-06-17,12200,12.52,B,7.5,MORTGAGE,33611,34.54,720,Credit Card Refinance,Fully Paid,12200.0,3360.37,0
LN-22010,BW-19802,2025-08-22,27000,13.06,B,3.4,RENT,64748,10.17,723,Home Improvement,Fully Paid,27000.0,7757.64,0
LN-22011,BW-20508,2026-04-08,36400,11.96,B,0.7,RENT,57517,36.68,704,Credit Card Refinance,Charged Off,6754.91,403.94,0
LN-22012,BW-26686,2025-09-25,21400,12.5,B,1.8,MORTGAGE,59258,12.54,726,Home Improvement,Fully Paid,21400.0,5885.0,4
LN-22013,BW-18067,2024-01-28,31700,8.22,A,5.1,OWN,32474,8.76,795,Personal,Fully Paid,31700.0,5732.63,0
LN-22014,BW-24785,2024-02-22,4600,6.99,A,6.1,RENT,161228,14.05,765,Credit Card Refinance,Late 31-120 Days,1593.7,55.7,3
LN-22015,BW-27063,2025-05-30,4600,12.09,B,3.3,MORTGAGE,98963,24.62,736,Credit Card Refinance,Current,3021.0,401.76,0
LN-22016,BW-18919,2026-01-10,26000,12.25,B,0.6,MORTGAGE,36740,22.7,699,Debt Consolidation,Current,17505.4,2358.85,0
LN-22017,BW-13154,2024-09-07,30600,9.88,B,1.0,MORTGAGE,114256,8.3,735,Debt Consolidation,Fully Paid,30600.0,6651.22,4
LN-22018,BW-20174,2026-01-27,9000,19.19,D,2.3,OWN,56458,30.44,595,Small Business,Charged Off,2424.25,232.61,0
LN-22019,BW-22672,2025-10-26,27900,10.53,B,6.5,MORTGAGE,64567,27.45,716,Debt Consolidation,Current,13596.52,1574.88,0
LN-22020,BW-22464,2024-01-24,20600,20.45,D,7.4,RENT,123831,6.52,607,Debt Consolidation,In Grace Period,1529.3,156.37,0
LN-22021,BW-13267,2024-01-29,23500,15.29,C,9.5,RENT,114934,33.75,647,Small Business,Fully Paid,23500.0,7904.93,0
LN-22022,BW-29878,2025-08-21,31200,11.66,B,4.2,MORTGAGE,35908,34.11,685,Debt Consolidation,Fully Paid,31200.0,8003.42,0
LN-22023,BW-19959,2024-04-27,15400,10.15,B,4.7,MORTGAGE,124683,17.85,705,Debt Consolidation,Fully Paid,15400.0,3438.82,0
LN-22024,BW-26335,2024-05-24,21300,16.28,C,1.4,OWN,133128,18.7,673,Debt Consolidation,Current,7333.82,1313.34,0
LN-22025,BW-13491,2025-04-14,16500,15.72,C,2.0,OWN,135880,21.32,631,Debt Consolidation,Late 16-30 Days,3520.13,276.68,0
LN-22026,BW-25657,2024-10-22,37300,14.45,C,9.1,OWN,31524,30.13,671,Debt Consolidation,Current,28976.46,4605.81,0
LN-22027,BW-22811,2024-03-14,13600,8.41,A,10.7,MORTGAGE,35764,27.44,740,Major Purchase,Current,6115.34,565.73,2
LN-22028,BW-15705,2026-01-24,25000,15.59,C,7.7,MORTGAGE,33351,37.68,637,Credit Card Refinance,Current,18307.63,3139.58,0
LN-22029,BW-25702,2025-05-09,17000,25.55,E,0.8,MORTGAGE,105526,21.85,556,Home Improvement,Fully Paid,17000.0,9555.7,0
LN-22030,BW-28061,2024-08-21,28100,11.71,B,6.9,MORTGAGE,86856,35.38,711,Credit Card Refinance,Current,9447.44,1216.92,0
LN-22031,BW-21289,2024-12-03,20600,12.18,B,7.1,MORTGAGE,59501,6.9,690,Debt Consolidation,Fully Paid,20600.0,5519.98,0
LN-22032,BW-11431,2025-06-09,22900,7.82,A,10.9,RENT,133682,10.62,750,Credit Card Refinance,Current,11172.65,961.07,0
LN-22033,BW-10669,2025-09-19,15000,20.47,D,1.5,RENT,79252,19.79,610,Major Purchase,Fully Paid,15000.0,6755.1,0
LN-22034,BW-27060,2024-05-18,14300,26.1,E,8.0,MORTGAGE,81265,35.69,523,Debt Consolidation,Charged Off,1247.98,162.86,0
LN-22035,BW-23409,2024-01-10,27400,25.64,E,9.6,RENT,73328,37.83,554,Credit Card Refinance,Charged Off,5418.48,694.65,0
LN-22036,BW-20268,2025-01-10,24900,8.82,A,5.2,RENT,56208,37.38,761,Credit Card Refinance,Current,11682.55,1133.44,3
LN-22037,BW-13386,2024-08-04,5200,9.16,A,5.3,MORTGAGE,76904,23.94,804,Debt Consolidation,Current,3191.99,321.62,0
LN-22038,BW-29030,2024-01-14,31100,20.67,D,10.7,RENT,75688,26.22,587,Debt Consolidation,Fully Paid,31100.0,14142.41,0
LN-22039,BW-26179,2026-04-01,9800,8.71,A,4.5,RENT,198145,35.39,828,Personal,Fully Paid,9800.0,1877.88,4
LN-22040,BW-27264,2025-11-19,33800,14.81,C,4.3,MORTGAGE,52401,13.01,668,Debt Consolidation,In Grace Period,5312.59,393.4,0
LN-22041,BW-26904,2025-08-23,35000,13.12,B,9.4,MORTGAGE,46499,27.44,732,Debt Consolidation,Current,24448.17,3528.36,2
LN-22042,BW-17137,2025-12-18,12700,10.01,B,7.4,MORTGAGE,35050,32.51,731,Debt Consolidation,Current,4998.76,550.41,0
LN-22043,BW-12187,2025-12-24,33200,9.12,A,7.7,MORTGAGE,38325,37.72,753,Home Improvement,Current,22797.07,2287.0,4
LN-22044,BW-22948,2024-11-21,29600,13.98,C,3.2,RENT,67113,23.31,643,Debt Consolidation,Current,11495.77,1767.82,0
LN-22045,BW-11727,2024-02-17,15200,15.63,C,7.4,OWN,30284,36.61,677,Credit Card Refinance,Current,6949.28,1194.79,0
LN-22046,BW-21873,2025-09-11,23600,13.17,B,10.6,MORTGAGE,48982,29.73,682,Debt Consolidation,Current,14669.07,2125.11,0
LN-22047,BW-16166,2025-04-26,10200,9.85,B,4.3,MORTGAGE,77430,36.78,736,Credit Card Refinance,Current,4664.21,505.37,1
LN-22048,BW-13965,2026-05-21,8900,10.79,B,6.0,RENT,85735,10.63,721,Credit Card Refinance,Current,2282.27,270.88,0
LN-22049,BW-17521,2024-01-15,18800,18.41,D,9.8,OWN,32009,15.18,595,Debt Consolidation,Charged Off,4009.73,369.1,0
LN-22050,BW-20158,2024-09-07,3700,6.12,A,3.8,MORTGAGE,35511,27.87,825,Home Improvement,Fully Paid,3700.0,498.17,0
LN-22051,BW-10239,2025-03-12,6900,20.69,D,8.5,RENT,78785,29.28,585,Small Business,Current,5436.68,1237.33,0
LN-22052,BW-18977,2024-03-07,25800,11.53,B,0.6,MORTGAGE,68679,25.46,692,Major Purchase,Fully Paid,25800.0,6544.43,0
LN-22053,BW-20483,2026-04-24,26300,13.46,B,4.1,RENT,34398,6.84,723,Credit Card Refinance,Current,18832.03,2788.27,0
LN-22054,BW-12313,2024-06-28,30600,7.97,A,0.8,MORTGAGE,110122,24.59,763,Debt Consolidation,In Grace Period,10313.52,410.99,0
LN-22055,BW-22524,2025-01-27,15500,12.62,B,8.7,RENT,77750,12.65,716,Credit Card Refinance,In Grace Period,1937.72,122.27,0
LN-22056,BW-27752,2026-05-29,7300,12.66,B,9.5,MORTGAGE,51065,26.57,699,Debt Consolidation,Current,1469.64,204.66,0
LN-22057,BW-15822,2024-08-23,27800,18.49,D,6.4,MORTGAGE,36154,22.78,599,Small Business,Current,9852.67,2003.93,0
LN-22058,BW-13359,2026-04-11,18800,12.45,B,11.3,OWN,47262,31.68,712,Debt Consolidation,Current,6966.66,954.08,0
LN-22059,BW-15786,2025-08-14,15300,15.35,C,4.9,MORTGAGE,34376,32.48,643,Home Improvement,Current,4557.16,769.48,0
LN-22060,BW-28331,2024-09-11,34100,9.02,A,7.8,MORTGAGE,47139,33.57,801,Debt Consolidation,Fully Paid,34100.0,6766.8,0
LN-22061,BW-29826,2024-12-02,34000,14.86,C,10.5,MORTGAGE,68572,20.52,636,Debt Consolidation,Late 16-30 Days,6370.65,473.34,0
LN-22062,BW-27138,2024-10-18,10500,11.75,B,2.8,RENT,102955,14.07,709,Debt Consolidation,Current,5946.28,768.56,0
LN-22063,BW-22363,2026-05-23,28800,15.38,C,6.4,RENT,44209,20.1,656,Debt Consolidation,Current,6144.46,1039.52,0
LN-22064,BW-24196,2026-03-28,3500,17.14,C,7.2,MORTGAGE,32785,30.04,635,Personal,Current,2371.85,447.19,0
LN-22065,BW-24681,2024-03-19,14700,15.23,C,1.7,MORTGAGE,42851,26.54,676,Home Improvement,Current,7395.72,1239.0,0
LN-22066,BW-13143,2025-09-17,10300,10.4,B,4.9,MORTGAGE,121896,36.86,724,Small Business,Current,8137.31,930.91,0
LN-22067,BW-20736,2026-03-20,17800,16.12,C,0.7,RENT,39117,28.34,656,Debt Consolidation,Current,8734.17,1548.74,0
LN-22068,BW-14447,2024-12-05,28900,5.79,A,10.0,MORTGAGE,38660,24.4,846,Credit Card Refinance,Current,7936.6,505.48,0
LN-22069,BW-14261,2024-11-04,30800,7.21,A,4.3,OWN,37887,33.86,762,Home Improvement,Current,20751.54,1645.8,0
LN-22070,BW-18171,2024-11-26,4400,12.95,B,6.4,MORTGAGE,246747,17.72,735,Debt Consolidation,Fully Paid,4400.0,1253.56,0
LN-22071,BW-12771,2024-08-01,38800,11.94,B,0.7,RENT,32603,25.14,685,Credit Card Refinance,Late 31-120 Days,5361.53,320.08,0
LN-22072,BW-22087,2024-12-01,4300,15.07,C,2.2,OWN,107956,12.14,660,Credit Card Refinance,Fully Paid,4300.0,1425.62,1
LN-22073,BW-23843,2026-01-05,24900,11.17,B,3.0,MORTGAGE,68433,29.66,729,Debt Consolidation,Fully Paid,24900.0,6118.93,0
LN-22074,BW-14932,2025-04-04,34100,9.95,B,2.8,MORTGAGE,129541,34.77,725,Personal,Current,23969.54,2623.47,0
LN-22075,BW-19878,2025-02-05,35900,14.27,C,3.7,MORTGAGE,80212,17.81,656,Small Business,Fully Paid,35900.0,11270.45,0
LN-22076,BW-11348,2025-09-19,38700,10.63,B,6.4,RENT,48162,33.34,711,Major Purchase,Fully Paid,38700.0,9050.38,0
LN-22077,BW-17845,2026-06-18,30600,12.91,B,11.3,RENT,46463,30.98,708,Debt Consolidation,Current,6624.83,940.79,0
LN-22078,BW-17865,2026-06-06,35200,6.63,A,6.0,RENT,77519,5.74,773,Debt Consolidation,Current,16908.23,1233.12,4
LN-22079,BW-24586,2024-03-01,10300,20.92,D,4.5,MORTGAGE,89983,30.64,629,Debt Consolidation,Current,2419.61,556.8,0
LN-22080,BW-28709,2026-01-09,8100,19.17,D,10.3,OWN,31097,29.58,612,Debt Consolidation,Late 31-120 Days,998.32,95.69,0
LN-22081,BW-20929,2025-02-25,34900,21.8,D,8.0,OWN,73951,9.29,592,Debt Consolidation,Current,7647.81,1833.94,0
LN-22082,BW-10441,2026-01-23,30100,12.94,B,10.4,MORTGAGE,67055,7.31,716,Major Purchase,Current,11576.43,1647.79,0
LN-22083,BW-21851,2024-03-23,17500,11.81,B,10.0,RENT,32549,15.37,727,Debt Consolidation,In Grace Period,1409.46,83.23,0
LN-22084,BW-26462,2024-04-05,14000,9.9,B,3.0,OWN,44674,19.81,726,Debt Consolidation,Fully Paid,14000.0,3049.2,0
LN-22085,BW-23381,2026-03-11,17500,8.43,A,6.4,MORTGAGE,68394,26.48,792,Debt Consolidation,Current,9249.38,857.7,4
LN-22086,BW-10518,2025-09-25,16600,17.41,C,9.0,MORTGAGE,74174,22.38,667,Credit Card Refinance,Charged Off,4407.28,383.65,0
LN-22087,BW-17587,2025-11-27,14300,17.14,C,0.5,MORTGAGE,62186,32.66,631,Debt Consolidation,In Grace Period,3010.28,257.98,1
LN-22088,BW-12198,2025-04-06,3700,19.94,D,3.4,RENT,41618,20.99,604,Debt Consolidation,Current,1213.34,266.13,0
LN-22089,BW-12958,2024-12-01,33500,19.6,D,3.4,RENT,95988,5.09,599,Debt Consolidation,Current,12368.72,2666.7,1
LN-22090,BW-17403,2026-02-11,36800,13.47,B,9.5,RENT,45756,27.5,714,Credit Card Refinance,Current,16492.73,2443.73,0
LN-22091,BW-26282,2024-05-24,21500,13.18,B,6.0,RENT,63356,11.2,684,Debt Consolidation,Fully Paid,21500.0,6234.14,0
LN-22092,BW-18766,2025-01-08,37600,14.96,C,10.9,OWN,160588,30.6,669,Small Business,Current,23171.37,3813.08,0
LN-22093,BW-29736,2026-04-07,39200,9.17,A,4.3,RENT,84244,15.9,810,Debt Consolidation,Current,28704.57,2895.43,0
LN-22094,BW-22346,2026-02-19,24500,17.28,C,5.8,OWN,64099,15.26,636,Debt Consolidation,Current,6247.99,1187.62,0
LN-22095,BW-11345,2026-04-16,12200,27.64,E,8.9,MORTGAGE,84923,28.22,532,Credit Card Refinance,Late 31-120 Days,3957.9,546.98,4
LN-22096,BW-22123,2024-07-16,14300,14.28,C,7.1,RENT,37935,20.58,662,Home Improvement,Current,11355.45,1783.71,0
LN-22097,BW-23158,2024-02-09,38200,19.19,D,1.5,MORTGAGE,233418,15.58,583,Debt Consolidation,Late 16-30 Days,11175.04,1072.25,0
LN-22098,BW-24738,2024-11-23,13900,19.19,D,5.6,RENT,56542,30.35,615,Small Business,Current,8963.46,1892.1,0
LN-22099,BW-17778,2024-04-10,39000,8.63,A,9.1,RENT,71335,24.72,834,Home Improvement,Current,29766.97,2825.78,0
LN-22100,BW-29593,2024-04-15,25700,12.27,B,3.6,MORTGAGE,35003,29.21,739,Debt Consolidation,Charged Off,8776.8,538.46,0
LN-22101,BW-22531,2025-06-23,34000,27.83,E,11.8,MORTGAGE,56114,28.18,576,Debt Consolidation,Current,10064.76,3081.12,0
LN-22102,BW-14046,2025-05-26,28300,9.2,A,5.2,RENT,34633,25.88,759,Home Improvement,Fully Paid,28300.0,5727.92,0
LN-22103,BW-15586,2025-12-26,12700,19.93,D,8.0,RENT,42485,23.91,620,Small Business,Charged Off,649.79,64.75,0
LN-22104,BW-17549,2024-05-29,4300,11.75,B,2.1,MORTGAGE,82262,11.64,709,Debt Consolidation,Charged Off,1453.61,85.4,0
LN-22105,BW-18759,2024-10-29,7900,15.77,C,6.9,MORTGAGE,101652,16.54,637,Small Business,Fully Paid,7900.0,2740.83,0
LN-22106,BW-11464,2024-02-14,17500,21.62,D,4.3,MORTGAGE,51512,31.6,613,Debt Consolidation,Charged Off,1025.57,110.86,0
LN-22107,BW-15961,2024-12-15,28500,18.76,D,3.5,MORTGAGE,73503,25.03,605,Debt Consolidation,Charged Off,6380.34,598.48,0
LN-22108,BW-12733,2025-02-02,12200,11.13,B,7.8,RENT,106659,6.16,724,Credit Card Refinance,Current,8596.1,1052.42,0
LN-22109,BW-14408,2025-03-11,29800,13.21,B,3.0,MORTGAGE,82253,17.57,708,Home Improvement,Current,22254.45,3233.79,0
LN-22110,BW-17787,2024-03-31,34100,27.76,E,1.4,OWN,112309,5.76,528,Home Improvement,Current,23175.0,7076.72,0
LN-22111,BW-28219,2025-08-14,36300,16.2,C,4.9,MORTGAGE,81588,7.63,658,Credit Card Refinance,Fully Paid,36300.0,12937.32,0
LN-22112,BW-10546,2024-10-23,8800,12.45,B,2.9,RENT,224582,28.7,715,Credit Card Refinance,Current,4870.56,667.02,0
LN-22113,BW-18507,2026-06-22,23500,6.73,A,5.8,MORTGAGE,53132,24.42,756,Debt Consolidation,Current,15069.37,1115.59,0
LN-22114,BW-11844,2026-02-16,23400,11.52,B,9.9,RENT,93264,33.53,731,Credit Card Refinance,Fully Paid,23400.0,5930.5,0
LN-22115,BW-27325,2025-11-09,16300,15.91,C,9.1,MORTGAGE,43561,26.9,640,Debt Consolidation,Current,5074.89,888.16,0
LN-22116,BW-27220,2025-03-23,11700,11.66,B,10.9,RENT,134817,11.92,689,Debt Consolidation,Fully Paid,11700.0,3001.28,0
LN-22117,BW-23995,2024-10-12,3200,8.06,A,6.7,MORTGAGE,247350,36.32,804,Small Business,Current,1699.2,150.65,0
LN-22118,BW-18808,2024-03-24,11200,10.91,B,8.9,MORTGAGE,48826,25.99,685,Debt Consolidation,Fully Paid,11200.0,2688.22,0
LN-22119,BW-21292,2025-12-03,19700,14.67,C,8.4,RENT,60397,14.12,675,Debt Consolidation,Charged Off,4744.43,348.0,0
LN-22120,BW-22640,2025-09-23,30600,8.54,A,8.4,MORTGAGE,78085,8.89,847,Debt Consolidation,Fully Paid,30600.0,5749.13,0
LN-22121,BW-20965,2026-06-27,31700,13.88,C,3.1,MORTGAGE,73305,19.38,652,Debt Consolidation,Late 31-120 Days,5420.41,376.18,0
LN-22122,BW-23984,2024-04-22,33200,10.97,B,3.2,RENT,53266,7.01,712,Debt Consolidation,Fully Paid,33200.0,8012.49,0
LN-22123,BW-12813,2026-02-16,7900,14.27,C,9.2,RENT,81156,22.3,647,Credit Card Refinance,Current,5111.81,802.4,0
LN-22124,BW-29667,2025-12-11,31200,15.81,C,2.4,RENT,121261,19.38,663,Credit Card Refinance,Charged Off,2335.13,184.59,0
LN-22125,BW-26585,2026-05-24,23300,10.37,B,11.7,RENT,38997,7.38,699,Home Improvement,Current,7724.05,881.08,0
LN-22126,BW-22279,2026-06-20,14700,5.92,A,9.6,RENT,267395,13.99,784,Home Improvement,Charged Off,1815.66,53.74,3
LN-22127,BW-11340,2024-12-06,21100,12.07,B,7.6,MORTGAGE,44333,6.59,688,Debt Consolidation,Current,9221.81,1224.38,0
LN-22128,BW-19794,2026-01-26,39300,12.37,B,7.7,RENT,57018,18.49,732,Debt Consolidation,Current,23960.43,3260.3,0
LN-22129,BW-21941,2024-09-08,33900,20.78,D,9.0,OWN,108424,12.18,621,Debt Consolidation,Fully Paid,33900.0,15497.72,0
LN-22130,BW-24876,2025-01-14,12200,7.05,A,4.4,MORTGAGE,59094,36.1,793,Debt Consolidation,Current,7134.67,553.29,0
LN-22131,BW-22957,2025-12-14,27500,16.84,C,0.5,MORTGAGE,139473,34.49,635,Credit Card Refinance,Fully Paid,27500.0,10188.2,4
LN-22132,BW-12119,2024-11-10,12900,25.76,E,5.7,OWN,42276,8.17,564,Debt Consolidation,Fully Paid,12900.0,7310.69,1
LN-22133,BW-13286,2024-10-05,15100,7.57,A,5.4,RENT,61656,23.82,822,Home Improvement,Current,6955.42,579.18,0
LN-22134,BW-20460,2025-12-26,25500,10.87,B,7.2,RENT,31202,26.41,726,Credit Card Refinance,Fully Paid,25500.0,6098.07,0
LN-22135,BW-17295,2024-05-24,32500,18.05,D,11.8,OWN,128074,10.77,606,Major Purchase,Fully Paid,32500.0,12905.75,0
LN-22136,BW-18704,2025-04-19,15500,18.91,D,9.3,OWN,81908,16.88,587,Debt Consolidation,Current,12345.22,2567.93,0
LN-22137,BW-13597,2024-09-03,13300,12.95,B,1.9,MORTGAGE,115301,36.71,729,Debt Consolidation,Current,9192.8,1309.51,0
LN-22138,BW-27581,2024-12-16,17500,9.35,A,6.1,RENT,73095,8.43,783,Home Improvement,Fully Paid,17500.0,3599.75,0
LN-22139,BW-25984,2026-05-31,27400,19.66,D,4.1,RENT,84995,10.0,619,Home Improvement,Charged Off,4384.43,430.99,0
LN-22140,BW-28110,2025-02-22,37300,12.85,B,0.7,MORTGAGE,72546,8.22,703,Debt Consolidation,Current,10937.49,1546.01,0
LN-22141,BW-27396,2026-03-16,10500,11.2,B,9.4,RENT,135902,29.29,695,Debt Consolidation,Current,4002.3,493.08,0
LN-22142,BW-25237,2026-04-08,27600,18.72,D,1.7,RENT,43121,21.14,611,Credit Card Refinance,Fully Paid,27600.0,11366.78,0
LN-22143,BW-19530,2024-10-17,29200,13.48,B,1.9,OWN,122481,21.48,713,Credit Card Refinance,Fully Paid,29200.0,8659.55,0
LN-22144,BW-11215,2024-02-01,19800,5.9,A,1.9,MORTGAGE,62515,25.32,749,Debt Consolidation,Current,4427.05,287.32,0
LN-22145,BW-22557,2025-11-27,37900,26.58,E,5.8,RENT,52192,15.32,531,Credit Card Refinance,Charged Off,12171.95,1617.65,2
LN-22146,BW-28949,2025-05-13,39900,12.24,B,9.8,RENT,37744,31.09,702,Credit Card Refinance,Fully Paid,39900.0,10744.27,0
LN-22147,BW-21666,2024-10-03,7500,9.83,B,8.6,MORTGAGE,87981,22.76,688,Major Purchase,Current,5851.67,632.74,0
LN-22148,BW-21318,2024-06-17,20100,10.34,B,9.9,OWN,50479,33.29,718,Credit Card Refinance,Current,7755.66,882.13,0
LN-22149,BW-24162,2024-10-01,35700,7.27,A,5.2,OWN,116444,36.37,844,Debt Consolidation,Current,7618.67,609.27,0
LN-22150,BW-10360,2024-06-06,34100,16.62,C,8.1,RENT,137730,23.5,657,Major Purchase,Current,7335.39,1341.06,2
LN-22151,BW-15946,2024-05-24,29000,12.76,B,11.4,MORTGAGE,65551,31.4,696,Major Purchase,Fully Paid,29000.0,8140.88,0
LN-22152,BW-27140,2024-09-27,32400,12.22,B,5.0,MORTGAGE,90798,10.49,692,Credit Card Refinance,Fully Paid,32400.0,8710.42,1
LN-22153,BW-22373,2026-02-15,25700,12.89,B,1.4,MORTGAGE,33545,15.1,731,Debt Consolidation,Current,12102.21,1715.97,0
LN-22154,BW-18940,2024-04-22,13000,8.25,A,4.8,MORTGAGE,42199,35.51,780,Major Purchase,Fully Paid,13000.0,2359.5,0
LN-22155,BW-27443,2024-12-12,21700,9.19,A,8.2,RENT,55593,5.6,764,Home Improvement,Fully Paid,21700.0,4387.31,0
LN-22156,BW-27690,2024-10-13,6200,11.6,B,1.7,OWN,49435,30.69,729,Credit Card Refinance,Current,4733.45,603.99,0
LN-22157,BW-14409,2024-04-09,14600,10.55,B,2.4,MORTGAGE,32441,37.17,695,Debt Consolidation,Late 31-120 Days,2669.97,140.84,0
LN-22158,BW-22752,2025-08-09,36500,9.18,A,0.6,MORTGAGE,243519,6.52,799,Home Improvement,Charged Off,6443.58,295.76,0
LN-22159,BW-24270,2025-03-07,25100,19.26,D,1.7,OWN,65548,5.09,627,Home Improvement,Current,15396.99,3262.01,3
LN-22160,BW-16079,2025-11-03,21900,11.73,B,11.5,MORTGAGE,46350,23.51,734,Debt Consolidation,Current,10963.19,1414.58,0
LN-22161,BW-17286,2024-04-21,25600,8.68,A,1.0,RENT,75371,20.42,772,Credit Card Refinance,Current,6399.71,611.04,1
LN-22162,BW-29963,2024-01-16,29100,9.36,A,8.3,MORTGAGE,148701,21.06,832,Credit Card Refinance,Current,8101.82,834.16,0
LN-22163,BW-13751,2025-08-10,30200,22.89,E,8.6,MORTGAGE,49535,17.33,524,Debt Consolidation,Charged Off,5107.78,584.59,0
LN-22164,BW-28991,2024-09-11,37100,5.97,A,5.0,MORTGAGE,80302,7.21,782,Credit Card Refinance,Current,16278.88,1069.03,2
LN-22165,BW-15631,2025-12-25,37300,15.25,C,5.1,MORTGAGE,59215,5.83,677,Debt Consolidation,Fully Paid,37300.0,12514.15,0
LN-22166,BW-19055,2025-11-29,21400,15.73,C,6.4,RENT,98041,14.84,678,Debt Consolidation,Current,12481.91,2159.74,2
LN-22167,BW-24700,2025-12-07,16700,10.92,B,3.3,RENT,55536,12.18,696,Debt Consolidation,Fully Paid,16700.0,4012.01,1
LN-22168,BW-12670,2025-10-12,14900,6.26,A,4.0,RENT,32897,21.94,813,Debt Consolidation,Current,7290.79,502.04,0
LN-22169,BW-17226,2024-07-15,34600,13.22,B,4.4,RENT,91552,28.08,685,Credit Card Refinance,Charged Off,5994.16,396.21,0
LN-22170,BW-11867,2025-02-05,16800,9.14,A,10.8,RENT,54831,15.89,829,Debt Consolidation,Current,11516.25,1157.84,0
LN-22171,BW-28195,2026-05-02,30900,7.73,A,7.3,MORTGAGE,114375,19.97,754,Credit Card Refinance,Fully Paid,30900.0,5254.85,0
LN-22172,BW-24273,2026-03-29,34100,14.81,C,10.4,MORTGAGE,75414,35.73,671,Debt Consolidation,Fully Paid,34100.0,11110.46,0
LN-22173,BW-17640,2026-04-28,24300,14.48,C,10.2,RENT,65489,18.87,646,Credit Card Refinance,Current,11438.33,1821.9,0
LN-22174,BW-26379,2025-08-23,36100,10.78,B,10.8,RENT,72301,33.34,697,Credit Card Refinance,Fully Paid,36100.0,8561.48,0
LN-22175,BW-24378,2024-10-23,3200,9.46,A,8.8,MORTGAGE,57673,16.25,789,Debt Consolidation,Current,738.81,76.88,0
LN-22176,BW-29125,2025-08-12,6400,7.15,A,10.7,RENT,137609,6.69,755,Major Purchase,Current,2457.63,193.29,0
LN-22177,BW-19500,2025-01-31,32100,14.18,C,8.2,MORTGAGE,41504,10.01,666,Debt Consolidation,Current,10466.3,1632.53,0
LN-22178,BW-18793,2026-05-28,38400,11.97,B,11.3,MORTGAGE,123009,17.55,696,Home Improvement,Fully Paid,38400.0,10112.26,0
LN-22179,BW-24217,2025-07-15,7500,5.77,A,4.9,MORTGAGE,61928,18.52,806,Debt Consolidation,Current,4311.58,273.66,0
LN-22180,BW-24441,2025-02-20,23900,8.53,A,10.7,RENT,44386,34.47,766,Debt Consolidation,Current,7975.25,748.32,0
LN-22181,BW-16020,2024-05-06,31000,22.45,E,10.6,MORTGAGE,54572,37.62,548,Debt Consolidation,Late 31-120 Days,7102.79,797.29,0
LN-22182,BW-23332,2026-03-17,37800,10.5,B,6.7,RENT,35502,12.98,723,Credit Card Refinance,Current,21548.63,2488.87,0
LN-22183,BW-18265,2025-12-25,23700,16.85,C,3.7,OWN,76289,37.15,654,Credit Card Refinance,In Grace Period,7705.8,649.21,0
LN-22184,BW-21265,2025-06-01,25000,6.79,A,8.0,RENT,36249,7.98,757,Debt Consolidation,Current,12235.91,913.9,0
LN-22185,BW-11081,2024-04-19,31700,6.65,A,9.5,RENT,38680,16.24,801,Credit Card Refinance,Current,17346.06,1268.86,0
LN-22186,BW-27048,2024-09-10,22400,21.84,D,9.5,MORTGAGE,38386,5.21,589,Credit Card Refinance,Fully Paid,22400.0,10762.75,0
LN-22187,BW-19918,2025-06-26,38900,11.47,B,11.7,OWN,71825,19.0,735,Credit Card Refinance,Current,18204.35,2296.84,0
LN-22188,BW-15912,2024-04-05,36900,14.57,C,1.0,RENT,58524,6.13,634,Credit Card Refinance,Current,23256.19,3727.27,0
LN-22189,BW-23149,2025-06-15,20700,11.81,B,11.6,RENT,58633,35.35,729,Debt Consolidation,Current,14403.47,1871.15,0
LN-22190,BW-18244,2025-02-05,20300,18.36,D,9.7,RENT,73744,27.0,587,Debt Consolidation,Late 31-120 Days,1714.47,157.39,1
LN-22191,BW-15988,2025-05-14,28800,13.68,C,6.7,RENT,50435,10.9,635,Debt Consolidation,Fully Paid,28800.0,8667.65,0
LN-22192,BW-14917,2024-10-05,16000,13.92,C,11.3,OWN,60435,17.1,661,Credit Card Refinance,Charged Off,2122.05,147.69,0
LN-22193,BW-14505,2024-01-19,20000,11.22,B,8.1,OWN,32233,26.46,735,Debt Consolidation,Current,8266.14,1020.21,0
LN-22194,BW-28715,2026-02-24,17400,10.5,B,5.6,MORTGAGE,61195,20.88,726,Debt Consolidation,Current,11152.82,1288.15,0
LN-22195,BW-16181,2025-07-01,28300,10.15,B,2.8,MORTGAGE,74410,12.13,695,Major Purchase,Current,5837.71,651.78,0
LN-22196,BW-18507,2024-12-16,12500,7.11,A,4.4,MORTGAGE,49477,26.9,749,Major Purchase,Fully Paid,12500.0,1955.25,3
LN-22197,BW-10228,2024-05-12,27600,15.54,C,1.6,RENT,31451,5.91,660,Credit Card Refinance,Fully Paid,27600.0,9435.89,0
LN-22198,BW-11514,2025-04-05,28900,14.09,C,1.9,RENT,48427,36.99,644,Debt Consolidation,Current,20195.45,3130.09,0
LN-22199,BW-16478,2025-10-08,15400,11.91,B,9.2,MORTGAGE,49185,36.83,686,Credit Card Refinance,Fully Paid,15400.0,4035.11,0
LN-22200,BW-14092,2026-04-30,36400,7.91,A,1.4,RENT,79074,20.4,742,Debt Consolidation,Current,13891.05,1208.66,0
LN-22201,BW-20150,2024-03-22,17000,15.87,C,11.0,MORTGAGE,80655,16.41,640,Credit Card Refinance,Fully Paid,17000.0,5935.38,0
LN-22202,BW-12296,2025-05-06,18800,18.64,D,2.5,MORTGAGE,80791,31.05,621,Debt Consolidation,Charged Off,5178.44,482.63,0
LN-22203,BW-20017,2025-01-05,25100,19.88,D,2.8,MORTGAGE,41226,33.61,590,Small Business,Current,10103.63,2209.46,0
LN-22204,BW-20072,2024-10-03,4300,15.99,C,3.1,RENT,52819,31.6,666,Debt Consolidation,Fully Paid,4300.0,1512.65,0
LN-22205,BW-19726,2025-03-05,13300,8.38,A,1.9,MORTGAGE,88314,24.85,812,Home Improvement,Fully Paid,13300.0,2451.99,0
LN-22206,BW-25659,2024-09-24,33700,12.31,B,5.3,RENT,60997,9.15,724,Small Business,Fully Paid,33700.0,9126.63,0
LN-22207,BW-17235,2024-03-01,37100,16.4,C,5.2,MORTGAGE,88477,25.77,647,Debt Consolidation,Fully Paid,37100.0,13385.68,0
LN-22208,BW-14859,2024-09-21,17400,6.24,A,5.9,RENT,57449,35.08,763,Debt Consolidation,Fully Paid,17400.0,2388.67,0
LN-22209,BW-23798,2024-08-10,36900,11.63,B,7.1,RENT,30417,31.31,688,Debt Consolidation,Current,20903.54,2674.19,0
LN-22210,BW-18942,2025-03-03,26800,8.84,A,5.7,MORTGAGE,95350,15.66,837,Personal,Fully Paid,26800.0,5212.06,0
LN-22211,BW-25771,2026-01-29,18700,8.66,A,9.6,RENT,73129,35.12,761,Small Business,Current,11914.83,1135.01,0
LN-22212,BW-20631,2024-11-03,38900,11.84,B,0.6,MORTGAGE,59389,6.83,725,Small Business,Current,17269.56,2249.19,0
LN-22213,BW-20215,2024-02-23,14700,12.88,B,4.0,MORTGAGE,44798,13.57,725,Small Business,Current,5446.12,771.61,0
LN-22214,BW-14094,2024-10-01,38100,16.47,C,5.1,MORTGAGE,156035,31.78,658,Debt Consolidation,Fully Paid,38100.0,13805.15,0
LN-22215,BW-16437,2026-06-04,30200,14.68,C,4.0,MORTGAGE,145040,27.17,643,Home Improvement,In Grace Period,10491.56,770.08,0
LN-22216,BW-26822,2024-01-21,6200,14.57,C,5.9,RENT,71914,12.3,662,Credit Card Refinance,Current,2104.69,337.32,0
LN-22217,BW-16822,2024-09-16,13500,21.32,D,1.1,MORTGAGE,37536,20.7,589,Debt Consolidation,Charged Off,2983.73,318.07,0
LN-22218,BW-25028,2026-04-21,17500,6.8,A,2.3,RENT,65084,9.14,749,Small Business,Current,4506.29,337.07,0
LN-22219,BW-21981,2025-10-25,4500,20.39,D,11.4,RENT,82680,10.01,624,Credit Card Refinance,Current,2722.78,610.69,0
LN-22220,BW-22886,2026-04-12,14500,16.94,C,4.0,RENT,60242,21.85,638,Debt Consolidation,Charged Off,2840.47,240.59,0
LN-22221,BW-29214,2024-09-17,29800,12.39,B,1.5,MORTGAGE,231566,15.23,694,Debt Consolidation,Current,23377.02,3186.05,0
LN-22222,BW-25415,2025-06-11,18700,21.78,D,1.8,MORTGAGE,70583,12.61,605,Credit Card Refinance,Current,5214.99,1249.41,0
LN-22223,BW-18061,2025-07-03,5300,22.96,E,0.7,RENT,133824,27.1,574,Debt Consolidation,Current,3895.85,983.94,0
LN-22224,BW-17780,2024-11-17,4100,21.73,D,4.1,OWN,50051,10.08,600,Debt Consolidation,Fully Paid,4100.0,1960.05,0
LN-22225,BW-26415,2024-01-25,10600,18.95,D,9.8,MORTGAGE,79190,36.82,623,Credit Card Refinance,Fully Paid,10600.0,4419.14,0
LN-22226,BW-29426,2024-06-01,4400,12.46,B,0.9,MORTGAGE,31446,12.15,734,Small Business,Fully Paid,4400.0,1206.13,0
LN-22227,BW-26411,2024-09-05,17200,12.72,B,6.9,RENT,213675,8.78,737,Home Improvement,Current,4615.26,645.77,0
LN-22228,BW-25503,2025-10-04,24800,13.24,B,8.6,RENT,55807,37.77,739,Major Purchase,Late 31-120 Days,5638.62,373.28,0
LN-22229,BW-23115,2026-01-01,3000,18.37,D,9.2,MORTGAGE,60507,36.33,582,Home Improvement,Fully Paid,3000.0,1212.42,0
LN-22230,BW-28152,2025-06-12,18200,11.39,B,1.8,MORTGAGE,39515,5.59,702,Debt Consolidation,Fully Paid,18200.0,4560.56,0
LN-22231,BW-10943,2025-08-06,31000,15.95,C,11.5,OWN,53259,24.27,663,Home Improvement,Current,18132.7,3181.38,0
LN-22232,BW-19307,2025-03-21,12400,18.74,D,7.5,RENT,115242,6.17,610,Debt Consolidation,Fully Paid,12400.0,5112.27,0
LN-22233,BW-23692,2024-02-16,18400,21.53,D,5.7,MORTGAGE,32240,16.69,585,Home Improvement,In Grace Period,4274.06,460.1,0
LN-22234,BW-23178,2024-05-30,27100,7.52,A,2.9,RENT,66315,11.91,820,Debt Consolidation,Charged Off,1618.19,60.84,0
LN-22235,BW-21341,2024-07-23,32300,20.7,D,5.4,MORTGAGE,65744,5.61,610,Debt Consolidation,Charged Off,6412.8,663.72,0
LN-22236,BW-13547,2024-04-15,27700,10.7,B,7.3,MORTGAGE,92061,5.42,710,Debt Consolidation,Current,16588.75,1952.5,2
LN-22237,BW-19505,2024-02-07,21500,11.9,B,4.4,RENT,53789,29.56,682,Debt Consolidation,Fully Paid,21500.0,5628.7,0
LN-22238,BW-28040,2024-04-09,20400,18.64,D,10.2,MORTGAGE,82505,15.23,612,Credit Card Refinance,Current,4241.44,869.66,0
LN-22239,BW-19243,2024-11-10,10900,15.86,C,3.4,MORTGAGE,53896,10.19,648,Debt Consolidation,Fully Paid,10900.0,3803.23,0
LN-22240,BW-10581,2025-06-08,18000,14.82,C,6.2,RENT,248207,17.79,647,Small Business,Fully Paid,18000.0,5868.72,0
LN-22241,BW-21771,2024-02-27,31700,19.08,D,1.6,MORTGAGE,74746,25.85,608,Home Improvement,Charged Off,2796.52,266.79,1
LN-22242,BW-19403,2026-01-24,27200,14.32,C,0.9,MORTGAGE,80678,22.12,635,Credit Card Refinance,Late 31-120 Days,3501.14,250.68,0
LN-22243,BW-15439,2024-04-27,4100,7.15,A,9.4,MORTGAGE,50785,22.89,795,Debt Consolidation,Current,1355.07,106.58,4
LN-22244,BW-28131,2024-11-30,32500,20.17,D,3.9,RENT,81845,18.74,604,Credit Card Refinance,Late 31-120 Days,5436.35,548.26,0
LN-22245,BW-28076,2025-07-22,32500,5.56,A,9.8,RENT,39235,13.56,760,Debt Consolidation,Current,16965.48,1037.61,0
LN-22246,BW-16271,2026-05-07,4100,17.94,D,8.8,MORTGAGE,100382,36.12,603,Debt Consolidation,Current,1090.3,215.16,0
LN-22247,BW-14997,2025-01-27,27600,11.96,B,4.9,RENT,57982,18.49,695,Debt Consolidation,In Grace Period,3563.39,213.09,0
LN-22248,BW-13031,2024-11-18,32500,8.76,A,10.5,OWN,58136,9.13,842,Debt Consolidation,Current,13878.12,1337.3,0
LN-22249,BW-29636,2024-04-05,10800,14.73,C,2.1,MORTGAGE,111818,7.59,632,Major Purchase,In Grace Period,766.02,56.42,4
LN-22250,BW-13393,2025-11-15,6800,6.13,A,4.1,MORTGAGE,55632,33.84,821,Credit Card Refinance,Late 16-30 Days,976.11,29.92,2
LN-22251,BW-23568,2025-06-23,27300,19.59,D,0.5,RENT,53131,21.61,598,Debt Consolidation,Charged Off,1543.39,151.18,2
LN-22252,BW-22770,2026-03-20,39100,19.61,D,3.6,OWN,45525,24.79,622,Debt Consolidation,Late 31-120 Days,10466.8,1026.27,1
LN-22253,BW-24736,2024-08-22,11800,15.96,C,3.6,MORTGAGE,114477,8.52,644,Debt Consolidation,Current,9225.27,1619.59,0
LN-22254,BW-12915,2026-04-08,10900,12.85,B,2.6,MORTGAGE,43255,19.08,681,Credit Card Refinance,Current,3708.68,524.22,4
LN-22255,BW-11490,2024-10-29,25100,5.82,A,4.5,RENT,149492,26.25,808,Small Business,Current,6444.99,412.61,0
LN-22256,BW-22981,2026-06-16,17500,24.92,E,0.9,RENT,213636,24.78,553,Credit Card Refinance,Current,11636.42,3189.78,0
LN-22257,BW-27000,2024-01-26,11700,7.37,A,7.3,OWN,118867,31.67,823,Home Improvement,Current,8807.9,714.06,0
LN-22258,BW-25352,2024-07-21,24000,16.15,C,0.5,MORTGAGE,79132,15.23,650,Personal,Fully Paid,24000.0,8527.2,0
LN-22259,BW-11211,2024-02-07,31000,14.02,C,5.6,MORTGAGE,33383,32.46,675,Credit Card Refinance,Current,6639.44,1023.93,0
LN-22260,BW-18783,2025-06-15,11200,7.29,A,3.8,RENT,73375,26.96,769,Debt Consolidation,Current,6034.41,483.9,0
LN-22261,BW-21221,2024-08-27,3500,25.17,E,4.8,MORTGAGE,64996,11.97,563,Debt Consolidation,Late 31-120 Days,1127.22,141.86,0
LN-22262,BW-11815,2026-01-27,29500,21.91,D,4.1,RENT,49191,28.68,593,Major Purchase,Fully Paid,29500.0,14219.59,0
LN-22263,BW-24954,2025-05-22,36700,12.58,B,3.2,RENT,64186,14.01,724,Debt Consolidation,Fully Paid,36700.0,10157.09,1
LN-22264,BW-28355,2025-02-01,35000,21.28,D,10.0,MORTGAGE,74650,26.74,589,Debt Consolidation,Fully Paid,35000.0,16385.6,0
LN-22265,BW-18545,2025-02-03,31200,12.69,B,8.6,MORTGAGE,122782,35.27,737,Debt Consolidation,Current,6864.84,958.26,2
LN-22266,BW-28324,2025-02-01,6900,11.4,B,7.9,RENT,223737,28.66,688,Debt Consolidation,In Grace Period,395.71,22.56,0
LN-22267,BW-29249,2025-12-11,10300,11.13,B,6.9,RENT,74314,24.55,705,Debt Consolidation,Fully Paid,10300.0,2522.06,2
LN-22268,BW-20736,2024-04-11,20300,14.58,C,4.6,RENT,65125,32.72,638,Debt Consolidation,Current,16064.18,2576.37,0
LN-22269,BW-29110,2024-02-24,37100,10.88,B,11.6,MORTGAGE,93267,17.85,719,Debt Consolidation,Charged Off,9276.59,504.65,0
LN-22270,BW-13640,2024-07-16,5100,11.25,B,8.2,RENT,55451,24.32,706,Debt Consolidation,Fully Paid,5100.0,1262.25,0
LN-22271,BW-26851,2024-07-16,21700,12.22,B,1.4,RENT,65139,26.62,715,Small Business,Current,8284.48,1113.6,0
LN-22272,BW-28774,2024-09-25,5300,18.47,D,7.7,OWN,48372,13.7,593,Debt Consolidation,Fully Paid,5300.0,2153.6,0
LN-22273,BW-25276,2024-03-14,25200,20.79,D,11.4,MORTGAGE,77047,9.17,584,Debt Consolidation,Current,13058.23,2986.29,1
LN-22274,BW-10687,2025-10-06,20500,12.81,B,5.2,OWN,84490,7.08,687,Home Improvement,Fully Paid,20500.0,5777.31,0
LN-22275,BW-10952,2024-07-12,25300,20.64,D,2.3,MORTGAGE,43548,18.98,607,Debt Consolidation,Charged Off,6013.88,620.63,0
LN-22276,BW-23560,2025-08-08,24200,6.09,A,10.2,MORTGAGE,44239,7.23,840,Debt Consolidation,Current,14402.72,964.84,0
LN-22277,BW-14584,2024-09-03,9100,16.74,C,9.6,MORTGAGE,47486,34.31,636,Home Improvement,Current,3239.8,596.58,0
LN-22278,BW-28601,2025-12-01,31100,9.13,A,4.2,MORTGAGE,188500,13.52,793,Small Business,Fully Paid,31100.0,6246.75,0
LN-22279,BW-18136,2024-08-15,6900,13.0,B,9.7,RENT,78509,15.2,736,Home Improvement,Current,3143.99,449.59,4
LN-22280,BW-10803,2025-12-11,24800,14.84,C,4.2,MORTGAGE,81386,26.78,652,Debt Consolidation,Charged Off,6003.89,445.49,0
LN-22281,BW-15468,2024-01-17,24100,14.27,C,9.5,MORTGAGE,47388,27.71,652,Debt Consolidation,Current,8672.82,1361.37,0
LN-22282,BW-17712,2025-06-04,10600,7.08,A,5.9,MORTGAGE,244029,11.28,742,Debt Consolidation,Fully Paid,10600.0,1651.06,0
LN-22283,BW-10219,2026-03-26,29600,15.43,C,2.5,MORTGAGE,72591,37.02,644,Debt Consolidation,Current,16605.2,2818.4,0
LN-22284,BW-26019,2024-03-06,12600,23.73,E,10.3,RENT,72693,7.82,548,Major Purchase,In Grace Period,1448.64,171.88,0
LN-22285,BW-24943,2024-04-15,19900,11.13,B,0.6,OWN,77899,19.23,721,Debt Consolidation,Current,15300.01,1873.18,0
LN-22286,BW-15254,2025-12-17,3700,6.95,A,2.9,OWN,50945,36.28,771,Debt Consolidation,Fully Paid,3700.0,565.73,0
LN-22287,BW-18281,2024-02-10,34900,6.39,A,11.9,MORTGAGE,118508,31.38,847,Small Business,Fully Paid,34900.0,4906.24,0
LN-22288,BW-27095,2024-10-24,39300,18.61,D,6.5,MORTGAGE,61257,30.16,607,Home Improvement,Fully Paid,39300.0,16090.21,0
LN-22289,BW-25464,2025-03-23,12000,6.05,A,2.0,MORTGAGE,79439,27.22,800,Small Business,Fully Paid,12000.0,1597.2,4
LN-22290,BW-24086,2024-04-03,29900,10.21,B,9.3,MORTGAGE,157360,16.66,726,Small Business,Current,6329.55,710.87,0
LN-22291,BW-12646,2025-12-07,18600,8.34,A,0.9,RENT,69896,10.71,756,Debt Consolidation,In Grace Period,2100.71,87.6,3
LN-22292,BW-14411,2025-11-30,36400,6.42,A,2.0,RENT,95063,27.1,830,Debt Consolidation,Fully Paid,36400.0,5141.14,0
LN-22293,BW-18999,2025-07-27,31300,7.8,A,2.8,RENT,71686,9.67,795,Major Purchase,In Grace Period,7256.7,283.01,0
LN-22294,BW-22989,2024-09-11,29800,16.86,C,3.0,RENT,77937,15.08,660,Debt Consolidation,Fully Paid,29800.0,11053.42,2
LN-22295,BW-19124,2025-12-03,24300,15.3,C,11.0,OWN,51237,5.14,646,Debt Consolidation,Current,9090.39,1529.91,0
LN-22296,BW-28098,2024-06-23,38000,18.92,D,0.8,RENT,56225,32.39,617,Debt Consolidation,Current,20968.75,4364.02,0
LN-22297,BW-13899,2026-03-02,18100,12.0,B,4.6,MORTGAGE,40415,29.12,725,Home Improvement,Fully Paid,18100.0,4778.4,0
LN-22298,BW-15322,2024-02-19,27300,12.32,B,8.6,RENT,60473,37.33,688,Home Improvement,Fully Paid,27300.0,7399.39,0
LN-22299,BW-16327,2025-12-31,4600,13.19,B,11.8,RENT,231709,28.08,727,Debt Consolidation,Fully Paid,4600.0,1334.83,0
LN-22300,BW-15713,2024-11-23,31600,5.85,A,11.3,RENT,73864,31.96,782,Debt Consolidation,Current,14575.22,937.92,3
LN-22301,BW-27802,2024-08-31,12900,9.92,B,6.8,RENT,76337,24.39,708,Home Improvement,Charged Off,4160.8,206.38,0
LN-22302,BW-27486,2026-05-19,18700,5.97,A,10.7,OWN,50459,31.38,809,Credit Card Refinance,Current,13016.89,854.82,4
LN-22303,BW-17215,2024-12-27,4200,11.93,B,4.7,RENT,69335,29.3,691,Debt Consolidation,Fully Paid,4200.0,1102.33,0
LN-22304,BW-24579,2025-12-26,32400,8.64,A,6.2,MORTGAGE,49898,12.38,815,Debt Consolidation,Fully Paid,32400.0,6158.59,0
LN-22305,BW-23489,2026-05-19,2500,9.94,B,11.7,MORTGAGE,106309,23.81,704,Major Purchase,Current,1295.91,141.69,0
LN-22306,BW-11277,2025-06-18,10200,14.31,C,9.7,OWN,72848,17.5,679,Debt Consolidation,Current,4340.88,683.3,4
LN-22307,BW-16414,2024-08-20,21900,12.08,B,3.6,RENT,44176,25.38,736,Debt Consolidation,Charged Off,7588.72,458.36,0
LN-22308,BW-22793,2024-04-17,34200,7.81,A,10.9,OWN,66150,9.18,850,Credit Card Refinance,Current,25903.5,2225.37,0
LN-22309,BW-11593,2026-04-28,22000,12.52,B,11.0,OWN,119136,16.64,736,Credit Card Refinance,Current,9224.54,1270.4,0
LN-22310,BW-28376,2025-08-12,12200,11.73,B,10.4,MORTGAGE,75990,12.75,729,Credit Card Refinance,Current,7539.67,972.84,4
LN-22311,BW-10280,2025-10-31,34400,20.31,D,7.9,MORTGAGE,45409,36.11,619,Small Business,Current,23017.05,5142.24,0
LN-22312,BW-18278,2025-03-12,36500,7.31,A,10.5,MORTGAGE,68161,10.62,814,Credit Card Refinance,Current,21321.46,1714.46,0
LN-22313,BW-19332,2026-03-30,28400,9.47,A,8.0,MORTGAGE,139418,6.02,753,Debt Consolidation,Current,9931.24,1034.54,0
LN-22314,BW-26888,2025-03-15,28900,7.35,A,2.9,RENT,71587,23.89,817,Debt Consolidation,Current,20606.95,1666.07,0
LN-22315,BW-17306,2024-11-09,14100,7.01,A,11.1,RENT,46281,32.19,807,Debt Consolidation,Current,6955.3,536.32,0
LN-22316,BW-16898,2025-10-14,6000,7.36,A,1.2,OWN,56414,35.4,789,Debt Consolidation,Current,2338.69,189.34,0
LN-22317,BW-26119,2024-10-16,29300,6.09,A,6.3,RENT,75422,21.53,765,Credit Card Refinance,Late 31-120 Days,9412.83,286.62,0
LN-22318,BW-29263,2024-05-21,5800,16.44,C,7.4,RENT,71826,37.99,644,Debt Consolidation,Fully Paid,5800.0,2097.74,0
LN-22319,BW-22864,2025-09-30,14900,12.31,B,4.1,MORTGAGE,100591,8.92,725,Debt Consolidation,Current,5326.59,721.27,0
LN-22320,BW-16172,2026-06-26,18400,25.22,E,2.1,MORTGAGE,102554,25.21,538,Debt Consolidation,Charged Off,2261.5,285.18,0
LN-22321,BW-22063,2025-03-04,20100,9.76,B,4.5,MORTGAGE,44794,7.43,687,Debt Consolidation,Current,7221.56,775.31,0
LN-22322,BW-21811,2024-04-05,11800,10.02,B,7.0,RENT,75666,26.87,716,Small Business,Current,3404.12,375.2,0
LN-22323,BW-10467,2025-07-08,8800,18.05,D,10.2,MORTGAGE,51945,9.93,589,Small Business,Fully Paid,8800.0,3494.48,0
LN-22324,BW-10865,2024-11-27,37600,6.49,A,4.7,RENT,68566,17.24,740,Credit Card Refinance,Current,15192.87,1084.62,0
LN-22325,BW-14131,2025-11-19,31300,15.55,C,11.6,MORTGAGE,71813,24.99,661,Debt Consolidation,Current,21163.54,3620.02,0
LN-22326,BW-14485,2024-09-07,9200,13.74,C,6.1,MORTGAGE,36281,29.48,663,Debt Consolidation,Current,3921.2,592.65,0
LN-22327,BW-14656,2025-11-23,19200,14.18,C,11.4,RENT,51139,36.31,666,Debt Consolidation,Late 31-120 Days,1560.1,110.61,0
LN-22328,BW-11216,2024-07-31,6500,28.22,E,5.5,OWN,45146,6.28,563,Debt Consolidation,Fully Paid,6500.0,4035.46,0
LN-22329,BW-20136,2025-07-18,16800,21.53,D,7.5,RENT,78602,29.03,587,Major Purchase,Current,10273.54,2433.08,0
LN-22330,BW-17576,2024-12-11,8000,21.05,D,7.3,RENT,60326,5.08,619,Debt Consolidation,Charged Off,1552.92,163.44,3
LN-22331,BW-11380,2025-04-09,19200,10.51,B,10.5,OWN,58253,14.23,709,Credit Card Refinance,Current,7475.21,864.21,0
LN-22332,BW-20621,2024-06-11,4800,9.06,A,6.1,RENT,79158,11.39,758,Home Improvement,Current,2453.43,244.51,0
LN-22333,BW-10845,2025-05-30,18100,13.12,B,11.5,RENT,35485,18.83,696,Small Business,Current,5111.67,737.72,0
LN-22334,BW-26091,2024-06-08,33600,12.12,B,5.2,RENT,77326,13.75,736,Debt Consolidation,Current,11902.52,1586.84,0
LN-22335,BW-21227,2024-09-24,21100,12.31,B,2.5,RENT,45107,34.9,710,Debt Consolidation,Late 31-120 Days,1077.81,66.34,0
LN-22336,BW-29857,2025-09-21,39800,12.62,B,3.6,MORTGAGE,40422,7.85,683,Debt Consolidation,Current,22447.13,3116.11,0
LN-22337,BW-15018,2025-02-14,21700,8.68,A,6.8,OWN,76142,37.63,757,Credit Card Refinance,Current,5267.03,502.9,0
LN-22338,BW-22375,2025-03-10,5300,6.28,A,3.5,OWN,51760,22.03,803,Debt Consolidation,In Grace Period,880.64,27.65,0
LN-22339,BW-27784,2025-01-11,38900,15.07,C,6.4,MORTGAGE,36595,24.05,660,Credit Card Refinance,Current,11149.02,1848.17,0
LN-22340,BW-16255,2026-05-08,27700,14.53,C,10.8,OWN,67204,13.91,653,Credit Card Refinance,Fully Paid,27700.0,8854.58,4
LN-22341,BW-29789,2024-01-02,37400,19.9,D,1.5,RENT,48231,8.91,580,Home Improvement,Fully Paid,37400.0,16373.72,0
LN-22342,BW-23119,2025-04-27,6400,15.47,C,6.1,RENT,150331,36.32,671,Debt Consolidation,Current,1503.55,255.86,0
LN-22343,BW-23914,2024-10-27,28700,11.93,B,11.7,MORTGAGE,48972,26.39,708,Home Improvement,Fully Paid,28700.0,7532.6,0
LN-22344,BW-20732,2025-07-22,4400,9.8,B,11.7,MORTGAGE,33001,8.5,710,Major Purchase,Current,954.12,102.85,2
LN-22345,BW-11575,2025-11-21,9100,8.31,A,2.2,MORTGAGE,39471,7.7,819,Home Improvement,Current,6740.66,616.16,0
LN-22346,BW-29760,2025-04-07,14500,8.97,A,5.9,MORTGAGE,45096,33.61,794,Credit Card Refinance,Fully Paid,14500.0,2861.43,0
LN-22347,BW-15472,2026-03-08,17700,5.72,A,4.5,RENT,66903,8.73,750,Debt Consolidation,Fully Paid,17700.0,2227.37,0
LN-22348,BW-11289,2026-06-08,39400,11.39,B,11.3,OWN,56090,30.32,729,Major Purchase,Current,17897.42,2242.37,0
LN-22349,BW-28790,2024-01-05,36300,10.05,B,9.4,RENT,79314,30.32,723,Debt Consolidation,Current,14234.62,1573.64,0
LN-22350,BW-12896,2025-06-12,13700,12.72,B,9.8,RENT,69739,28.88,713,Personal,Current,5000.77,699.71,0
LN-22351,BW-11142,2024-09-18,4200,10.27,B,6.4,MORTGAGE,72113,16.73,727,Debt Consolidation,Fully Paid,4200.0,948.95,4
LN-22352,BW-28925,2025-08-28,8000,16.58,C,6.9,RENT,36851,19.57,650,Debt Consolidation,Charged Off,2563.27,212.5,0
LN-22353,BW-26976,2024-11-25,23300,21.55,D,4.8,OWN,251226,37.85,619,Credit Card Refinance,Fully Paid,23300.0,11046.53,0
LN-22354,BW-12502,2025-12-12,33200,12.2,B,3.3,OWN,77005,19.98,683,Small Business,Current,12117.97,1626.23,0
LN-22355,BW-27428,2025-11-09,25600,14.63,C,0.6,RENT,94687,36.29,652,Debt Consolidation,Current,5252.89,845.35,0
LN-22356,BW-19715,2026-04-03,38800,8.37,A,6.8,MORTGAGE,35372,33.18,758,Debt Consolidation,Current,30382.17,2797.29,0
LN-22357,BW-27689,2025-05-08,37600,6.2,A,3.7,MORTGAGE,75336,36.63,771,Debt Consolidation,Current,28249.28,1926.6,0
LN-22358,BW-15906,2026-03-30,4300,7.5,A,1.4,MORTGAGE,55147,13.96,808,Debt Consolidation,Fully Paid,4300.0,709.5,0
LN-22359,BW-15928,2024-12-04,22200,25.87,E,5.4,MORTGAGE,82994,36.04,554,Credit Card Refinance,Charged Off,3303.73,427.34,0
LN-22360,BW-24808,2025-08-18,37200,14.05,C,9.2,RENT,103196,9.49,669,Debt Consolidation,Current,29396.66,4543.25,0
LN-22361,BW-10106,2024-09-14,39500,10.9,B,8.4,MORTGAGE,96928,24.19,684,Debt Consolidation,Current,13805.94,1655.33,0
LN-22362,BW-13633,2024-12-23,18300,7.41,A,2.3,RENT,39135,31.01,771,Debt Consolidation,Fully Paid,18300.0,2983.27,0
LN-22363,BW-12290,2026-04-10,35000,8.3,A,11.8,OWN,174686,7.05,770,Credit Card Refinance,Fully Paid,35000.0,6391.0,0
LN-22364,BW-20986,2025-10-12,7400,10.0,B,7.6,MORTGAGE,51983,9.31,682,Small Business,Fully Paid,7400.0,1628.0,0
LN-22365,BW-11732,2024-11-01,26300,5.77,A,3.0,MORTGAGE,61552,10.34,792,Debt Consolidation,Fully Paid,26300.0,3338.52,0
LN-22366,BW-23709,2024-07-09,3000,10.42,B,2.7,RENT,56891,22.97,724,Debt Consolidation,Current,1478.89,169.51,0
LN-22367,BW-11556,2025-01-20,21600,10.95,B,10.9,MORTGAGE,55084,21.95,735,Debt Consolidation,Fully Paid,21600.0,5203.44,0
LN-22368,BW-19714,2025-11-09,5400,6.2,A,1.4,MORTGAGE,60830,10.65,757,Home Improvement,Current,2830.55,193.04,0
LN-22369,BW-11359,2025-12-10,22600,12.57,B,11.0,RENT,67860,34.39,691,Home Improvement,Current,17946.41,2481.45,0
LN-22370,BW-11179,2026-06-06,33000,12.87,B,4.3,MORTGAGE,65896,22.83,690,Debt Consolidation,Current,8405.18,1189.92,0
LN-22371,BW-15491,2026-03-17,18900,17.28,C,2.9,MORTGAGE,35221,14.67,663,Debt Consolidation,Fully Paid,18900.0,7185.02,0
LN-22372,BW-25746,2024-01-30,22300,6.24,A,6.8,RENT,78016,29.38,758,Credit Card Refinance,Fully Paid,22300.0,3061.34,4
LN-22373,BW-25830,2024-08-21,17800,13.33,B,5.7,RENT,113681,26.97,680,Credit Card Refinance,Current,6400.45,938.5,0
LN-22374,BW-22067,2025-04-08,34700,13.32,B,6.0,MORTGAGE,77872,33.1,688,Credit Card Refinance,Fully Paid,34700.0,10168.49,0
LN-22375,BW-11197,2024-05-08,20100,10.99,B,1.1,MORTGAGE,40832,7.01,717,Credit Card Refinance,Fully Paid,20100.0,4859.78,0
LN-22376,BW-14147,2024-06-05,12000,8.34,A,2.5,MORTGAGE,41285,30.19,840,Debt Consolidation,Fully Paid,12000.0,2201.76,0
LN-22377,BW-23452,2025-07-04,18100,23.98,E,6.5,MORTGAGE,79483,37.05,526,Debt Consolidation,Current,4370.97,1152.97,0
LN-22378,BW-23806,2024-12-17,34100,14.51,C,7.8,RENT,76197,37.55,655,Debt Consolidation,Current,7027.86,1121.72,0
LN-22379,BW-19127,2025-12-07,9200,14.41,C,6.4,RENT,78262,32.99,675,Small Business,Charged Off,1962.44,141.39,0
LN-22380,BW-27519,2024-11-16,27900,17.08,C,5.9,MORTGAGE,250950,13.64,645,Home Improvement,Fully Paid,27900.0,10483.7,0
LN-22381,BW-19143,2024-03-01,23300,11.21,B,11.5,MORTGAGE,67996,15.66,720,Small Business,In Grace Period,7763.94,435.17,1
LN-22382,BW-28871,2024-08-17,31000,7.5,A,6.4,MORTGAGE,65816,9.74,850,Debt Consolidation,Fully Paid,31000.0,5115.0,0
LN-22383,BW-11747,2024-10-13,33200,28.16,E,4.2,MORTGAGE,54961,11.82,543,Personal,Fully Paid,33200.0,20568.06,3
LN-22384,BW-25020,2025-01-09,39900,8.57,A,0.7,OWN,274086,35.56,749,Debt Consolidation,Fully Paid,39900.0,7522.75,0
LN-22385,BW-22061,2025-01-11,25400,6.86,A,5.8,RENT,69387,17.24,783,Debt Consolidation,Charged Off,3880.64,133.11,0
LN-22386,BW-17864,2026-05-09,21800,15.33,C,8.4,OWN,58783,33.89,649,Debt Consolidation,Fully Paid,21800.0,7352.27,1
LN-22387,BW-21304,2026-03-03,37800,14.16,C,11.3,MORTGAGE,58585,34.51,633,Home Improvement,Current,29707.4,4627.22,0
LN-22388,BW-22922,2025-12-28,36500,5.87,A,8.0,MORTGAGE,124994,21.22,846,Debt Consolidation,Current,10561.74,681.97,0
LN-22389,BW-11322,2026-01-18,19900,20.97,D,9.6,MORTGAGE,81037,5.85,596,Credit Card Refinance,Current,5669.47,1307.78,0
LN-22390,BW-16178,2024-10-19,39700,8.64,A,10.0,MORTGAGE,65858,33.98,834,Debt Consolidation,Late 16-30 Days,10348.57,447.06,0
LN-22391,BW-24303,2025-01-05,33400,16.71,C,3.2,MORTGAGE,90915,34.74,635,Personal,Current,19907.09,3659.12,0
LN-22392,BW-28732,2024-03-31,20400,10.7,B,4.1,MORTGAGE,131361,35.13,732,Personal,In Grace Period,6594.69,352.82,0
LN-22393,BW-15041,2026-01-17,10100,21.8,D,4.2,RENT,43324,14.99,587,Home Improvement,Current,3607.64,865.11,0
LN-22394,BW-22022,2024-03-30,19800,12.3,B,5.9,RENT,124376,23.05,737,Home Improvement,Fully Paid,19800.0,5357.88,0
LN-22395,BW-14208,2024-08-17,29000,16.02,C,1.8,RENT,33817,21.58,674,Major Purchase,Charged Off,3972.99,318.24,0
LN-22396,BW-28365,2026-04-08,16700,8.35,A,0.9,RENT,278489,18.6,814,Credit Card Refinance,Fully Paid,16700.0,3067.79,4
LN-22397,BW-13528,2025-07-29,9700,9.87,B,8.3,RENT,180392,17.95,693,Credit Card Refinance,Current,5991.83,650.53,1
LN-22398,BW-17651,2025-05-10,35500,13.4,B,9.2,RENT,82051,37.69,725,Credit Card Refinance,Charged Off,10915.44,731.33,0
LN-22399,BW-27952,2024-09-01,33000,6.66,A,10.9,RENT,33022,6.0,781,Debt Consolidation,Fully Paid,33000.0,4835.16,0
LN-22400,BW-10751,2024-09-19,3500,11.91,B,9.3,MORTGAGE,67855,21.27,707,Credit Card Refinance,Fully Paid,3500.0,917.07,0
LN-22401,BW-22807,2024-03-18,27000,6.93,A,4.5,MORTGAGE,46250,10.02,850,Credit Card Refinance,Fully Paid,27000.0,4116.42,0
LN-22402,BW-16847,2026-05-23,29800,21.82,D,1.9,MORTGAGE,30855,8.06,612,Credit Card Refinance,Current,23421.66,5621.67,3
LN-22403,BW-11015,2024-12-19,35100,13.84,C,11.5,RENT,135561,5.75,655,Debt Consolidation,Current,12936.5,1969.45,0
LN-22404,BW-23005,2024-01-30,10700,13.45,B,5.1,MORTGAGE,131905,20.22,695,Debt Consolidation,Current,6904.86,1021.57,0
LN-22405,BW-10291,2024-08-09,18300,8.12,A,9.5,OWN,211919,13.24,811,Major Purchase,Current,12931.29,1155.02,0
LN-22406,BW-23311,2025-09-30,28500,27.74,E,4.4,RENT,104213,23.22,554,Debt Consolidation,Fully Paid,28500.0,17392.98,3
LN-22407,BW-20979,2024-05-24,36800,7.6,A,7.4,MORTGAGE,97223,32.67,781,Personal,Fully Paid,36800.0,6152.96,0
LN-22408,BW-21064,2026-03-11,36000,7.98,A,9.0,MORTGAGE,70734,36.51,754,Credit Card Refinance,Charged Off,4119.53,164.37,0
LN-22409,BW-15409,2026-05-11,9800,7.69,A,9.5,MORTGAGE,37707,33.98,802,Debt Consolidation,Current,2814.78,238.1,0
LN-22410,BW-10556,2024-10-07,18000,11.02,B,0.9,RENT,37713,34.65,699,Debt Consolidation,Fully Paid,18000.0,4363.92,0
LN-22411,BW-18708,2024-12-19,11000,6.02,A,1.6,OWN,135249,20.09,791,Small Business,Fully Paid,11000.0,1456.84,0
LN-22412,BW-25754,2024-10-02,6400,10.78,B,5.1,RENT,274581,29.73,712,Credit Card Refinance,Fully Paid,6400.0,1517.82,3
LN-22413,BW-15841,2024-04-14,18000,9.07,A,6.8,RENT,131075,17.58,749,Credit Card Refinance,Current,13508.28,1347.72,0
LN-22414,BW-22289,2025-01-23,15200,27.11,E,1.4,OWN,145803,25.81,541,Credit Card Refinance,Current,11337.07,3380.83,3
LN-22415,BW-26409,2025-05-26,38900,13.21,B,11.7,RENT,83198,37.73,729,Debt Consolidation,Current,30854.83,4483.52,0
LN-22416,BW-16501,2024-01-30,27800,8.89,A,3.8,RENT,38935,31.0,785,Debt Consolidation,Charged Off,9667.25,429.71,0
LN-22417,BW-13038,2025-08-24,38800,12.62,B,7.4,MORTGAGE,94974,17.42,694,Credit Card Refinance,Fully Paid,38800.0,10772.43,0
LN-22418,BW-14119,2025-08-17,27200,18.62,D,8.4,MORTGAGE,44582,33.87,603,Credit Card Refinance,Charged Off,6902.11,642.59,0
LN-22419,BW-29184,2025-12-10,5100,9.73,B,2.7,MORTGAGE,55573,18.59,687,Debt Consolidation,Fully Paid,5100.0,1091.71,0
LN-22420,BW-10631,2024-02-04,38500,6.26,A,3.3,OWN,47291,31.83,835,Home Improvement,Charged Off,6775.68,212.08,0
LN-22421,BW-28691,2024-10-18,24800,24.05,E,4.3,OWN,48887,16.73,531,Debt Consolidation,Current,10721.51,2836.38,0
LN-22422,BW-19623,2024-01-08,20300,12.89,B,2.1,MORTGAGE,81194,10.56,688,Major Purchase,Fully Paid,20300.0,5756.67,0
LN-22423,BW-24641,2025-11-21,24400,8.29,A,2.9,RENT,123009,12.73,780,Home Improvement,Fully Paid,24400.0,4450.07,0
LN-22424,BW-16974,2026-05-22,5900,20.27,D,6.8,OWN,274844,36.53,625,Debt Consolidation,Charged Off,455.18,46.13,4
LN-22425,BW-13389,2024-10-04,30200,21.79,D,1.9,MORTGAGE,72141,6.35,627,Small Business,Fully Paid,30200.0,14477.28,0
LN-22426,BW-28555,2026-03-30,35900,18.36,D,4.0,MORTGAGE,55890,32.98,625,Debt Consolidation,Charged Off,9480.83,870.34,0
LN-22427,BW-27754,2025-07-22,27200,20.74,D,2.8,MORTGAGE,36988,23.93,605,Personal,Late 31-120 Days,3058.25,317.14,0
LN-22428,BW-23584,2025-06-14,6100,13.31,B,10.7,MORTGAGE,67952,7.73,710,Debt Consolidation,Fully Paid,6100.0,1786.2,0
LN-22429,BW-12121,2024-01-03,5200,16.68,C,10.1,RENT,52459,28.81,647,Credit Card Refinance,Fully Paid,5200.0,1908.19,0
LN-22430,BW-13800,2024-04-15,29200,18.73,D,11.9,MORTGAGE,54986,7.7,604,Credit Card Refinance,Fully Paid,29200.0,12032.15,0
LN-22431,BW-17900,2024-08-05,13800,18.36,D,1.2,RENT,48892,35.3,629,Credit Card Refinance,Fully Paid,13800.0,5574.1,0
LN-22432,BW-26914,2025-11-21,20600,28.5,E,11.0,MORTGAGE,41025,14.65,562,Home Improvement,Fully Paid,20600.0,12916.2,0
LN-22433,BW-25023,2024-03-29,15000,14.93,C,0.6,RENT,57930,8.13,641,Home Improvement,Current,9543.66,1567.36,0
LN-22434,BW-11009,2025-02-19,4800,11.83,B,6.8,RENT,266635,18.5,717,Debt Consolidation,Current,1016.24,132.24,0
LN-22435,BW-21815,2025-11-15,14000,11.39,B,11.0,OWN,64091,30.01,706,Credit Card Refinance,Fully Paid,14000.0,3508.12,0
LN-22436,BW-10038,2024-03-03,11700,24.96,E,10.0,MORTGAGE,80959,22.17,571,Small Business,Fully Paid,11700.0,6424.7,0
LN-22437,BW-23661,2025-08-07,32300,7.49,A,11.1,MORTGAGE,95763,28.31,847,Major Purchase,Fully Paid,32300.0,5322.39,0
LN-22438,BW-17686,2025-12-01,22800,11.52,B,3.6,RENT,60129,33.55,699,Debt Consolidation,In Grace Period,3943.35,227.14,3
LN-22439,BW-19384,2024-10-09,20200,15.32,C,8.2,MORTGAGE,38815,16.89,657,Debt Consolidation,Charged Off,4634.38,354.99,0
LN-22440,BW-24639,2024-05-15,9800,13.61,C,12.0,RENT,82664,16.02,632,Credit Card Refinance,Fully Paid,9800.0,2934.32,3
LN-22441,BW-15883,2024-12-19,27400,8.88,A,5.1,RENT,53824,34.83,789,Debt Consolidation,Fully Paid,27400.0,5352.86,0
LN-22442,BW-24526,2024-03-29,30000,8.6,A,3.1,RENT,52164,12.49,745,Small Business,Fully Paid,30000.0,5676.0,0
LN-22443,BW-14865,2025-10-10,23400,10.09,B,3.6,RENT,81368,20.91,725,Personal,Current,18487.56,2051.93,2
LN-22444,BW-16879,2024-06-02,10600,15.52,C,5.1,MORTGAGE,43375,13.51,644,Debt Consolidation,Fully Paid,10600.0,3619.26,0
LN-22445,BW-23115,2024-12-11,21100,17.09,C,2.3,RENT,176652,10.83,644,Debt Consolidation,Fully Paid,21100.0,7933.18,0
LN-22446,BW-11158,2024-07-31,24400,9.63,B,3.2,RENT,139038,9.7,724,Home Improvement,Fully Paid,24400.0,5169.38,0
LN-22447,BW-16698,2025-10-03,9900,10.51,B,9.0,OWN,67505,9.09,728,Credit Card Refinance,Current,6795.54,785.63,0
LN-22448,BW-19205,2024-08-12,37100,13.07,B,4.7,RENT,58381,13.89,720,Personal,Current,20607.75,2962.78,0
LN-22449,BW-22179,2024-10-29,39100,11.71,B,9.2,MORTGAGE,33724,25.72,737,Debt Consolidation,Fully Paid,39100.0,10072.94,0
LN-22450,BW-20065,2025-11-15,32200,16.2,C,4.0,MORTGAGE,109095,20.3,664,Credit Card Refinance,In Grace Period,4405.27,356.83,0
LN-22451,BW-14766,2024-05-15,25600,15.64,C,7.7,RENT,44755,13.68,653,Personal,Current,13661.58,2350.34,0
LN-22452,BW-28748,2025-11-24,27700,17.16,C,0.9,MORTGAGE,49766,33.46,673,Debt Consolidation,In Grace Period,7147.04,613.22,1
LN-22453,BW-13099,2024-12-05,28200,12.64,B,7.3,RENT,42259,5.99,723,Debt Consolidation,Late 31-120 Days,5097.81,322.18,0
LN-22454,BW-27170,2026-06-10,21000,10.47,B,5.2,MORTGAGE,31206,20.54,699,Debt Consolidation,Fully Paid,21000.0,4837.14,0
LN-22455,BW-27429,2024-11-13,11200,9.06,A,5.4,RENT,73487,16.05,740,Debt Consolidation,Fully Paid,11200.0,2232.38,0
LN-22456,BW-15534,2025-11-23,19100,10.54,B,2.3,RENT,122093,11.79,723,Credit Card Refinance,Current,6431.19,745.63,0
LN-22457,BW-21036,2026-03-08,13200,10.85,B,11.0,RENT,39470,16.96,727,Debt Consolidation,Current,5554.57,662.94,0
LN-22458,BW-26827,2024-07-27,30100,13.66,C,6.1,MORTGAGE,53512,36.18,639,Credit Card Refinance,Current,12811.34,1925.03,0
LN-22459,BW-15496,2025-04-07,10200,6.18,A,4.5,OWN,80226,35.3,833,Debt Consolidation,Fully Paid,10200.0,1386.79,0
LN-22460,BW-12140,2025-06-15,25100,7.82,A,5.4,RENT,50334,14.98,744,Home Improvement,Current,15863.16,1364.55,0
LN-22461,BW-24495,2025-08-07,31500,13.2,B,2.9,MORTGAGE,219746,23.4,708,Credit Card Refinance,Current,10036.57,1457.31,0
LN-22462,BW-21711,2025-09-05,33100,12.7,B,7.6,RENT,39155,27.14,730,Debt Consolidation,Fully Paid,33100.0,9248.14,3
LN-22463,BW-19589,2025-03-04,33000,14.97,C,11.0,RENT,41984,28.62,661,Debt Consolidation,Current,17978.04,2960.44,0
LN-22464,BW-26179,2024-05-13,35900,8.48,A,9.6,OWN,78868,28.48,840,Debt Consolidation,Fully Paid,35900.0,6697.5,0
LN-22465,BW-20870,2025-03-29,36000,7.27,A,5.0,RENT,190170,29.42,842,Credit Card Refinance,In Grace Period,7509.58,272.97,0
LN-22466,BW-26464,2025-09-25,33200,24.37,E,3.2,MORTGAGE,67921,21.77,558,Credit Card Refinance,Late 31-120 Days,2064.14,251.52,2
LN-22467,BW-11892,2024-09-28,25300,6.62,A,2.2,MORTGAGE,31477,26.11,842,Debt Consolidation,Fully Paid,25300.0,3684.69,0
LN-22468,BW-17608,2024-12-30,9500,10.29,B,4.6,RENT,76588,8.37,687,Home Improvement,Fully Paid,9500.0,2150.61,0
LN-22469,BW-26528,2025-01-25,14100,10.42,B,5.7,RENT,151799,25.52,735,Debt Consolidation,Fully Paid,14100.0,3232.28,0
LN-22470,BW-29248,2024-05-05,18600,7.27,A,9.7,OWN,111370,35.16,798,Credit Card Refinance,Current,13555.76,1084.05,0
LN-22471,BW-16103,2024-12-25,28000,12.44,B,2.5,MORTGAGE,41076,28.06,732,Personal,Current,12467.43,1706.04,0
LN-22472,BW-12298,2025-01-16,25100,18.14,D,7.8,MORTGAGE,31455,12.09,613,Debt Consolidation,Charged Off,5349.87,485.23,0
LN-22473,BW-23143,2024-12-12,34800,8.5,A,0.5,RENT,105565,10.52,838,Personal,Current,17022.5,1591.6,0
LN-22474,BW-10378,2024-04-04,20000,12.76,B,1.7,RENT,54495,36.78,734,Home Improvement,Current,10707.24,1502.87,0
LN-22475,BW-12969,2024-12-10,16500,12.04,B,7.4,OWN,57598,33.94,726,Small Business,Late 31-120 Days,1294.7,77.94,0
LN-22476,BW-29435,2025-05-09,32300,5.83,A,3.1,MORTGAGE,48887,21.25,795,Home Improvement,Charged Off,1726.13,50.32,0
LN-22477,BW-14836,2024-06-06,6300,13.67,C,7.4,OWN,36684,18.94,674,Debt Consolidation,Current,2091.61,314.52,0
LN-22478,BW-12432,2024-02-23,32800,13.76,C,9.3,MORTGAGE,73136,6.36,679,Debt Consolidation,Current,22832.28,3455.89,0
LN-22479,BW-12393,2025-07-07,8300,15.77,C,11.3,RENT,276879,19.82,654,Debt Consolidation,Charged Off,1409.57,111.14,1
LN-22480,BW-23582,2024-03-16,24700,13.18,B,9.6,RENT,127577,32.4,704,Debt Consolidation,Fully Paid,24700.0,7162.01,0
LN-22481,BW-13057,2025-11-15,27500,7.67,A,2.4,MORTGAGE,78287,9.35,755,Debt Consolidation,Current,18368.57,1549.76,0
LN-22482,BW-29945,2025-08-17,30500,10.99,B,11.2,OWN,53886,30.38,735,Debt Consolidation,Current,8582.54,1037.54,0
LN-22483,BW-14936,2026-05-16,21400,7.72,A,3.0,OWN,72338,24.97,828,Debt Consolidation,Fully Paid,21400.0,3634.58,0
LN-22484,BW-29093,2024-03-07,3700,17.37,C,8.6,MORTGAGE,76514,10.39,652,Major Purchase,Late 16-30 Days,239.34,20.79,0
LN-22485,BW-23834,2024-09-16,35900,8.6,A,0.6,RENT,76539,30.37,828,Home Improvement,Fully Paid,35900.0,6792.28,0
LN-22486,BW-23338,2026-05-10,3900,13.14,B,10.2,MORTGAGE,54940,30.56,696,Credit Card Refinance,Fully Paid,3900.0,1127.41,0
LN-22487,BW-20671,2026-04-28,32900,5.55,A,3.5,MORTGAGE,245891,29.43,827,Personal,Fully Paid,32900.0,4017.09,0
LN-22488,BW-23564,2025-07-13,10800,11.29,B,10.0,RENT,107314,25.4,715,Debt Consolidation,Fully Paid,10800.0,2682.5,0
LN-22489,BW-11331,2025-01-02,27200,18.23,D,6.1,RENT,219967,14.58,619,Debt Consolidation,Current,19465.32,3903.38,0
LN-22490,BW-24125,2026-04-05,25200,24.7,E,2.6,MORTGAGE,36243,33.98,544,Debt Consolidation,Charged Off,1599.42,197.53,0
LN-22491,BW-19361,2024-11-23,29200,17.46,C,6.2,RENT,76271,34.37,673,Debt Consolidation,Fully Paid,29200.0,11216.3,3
LN-22492,BW-14242,2025-02-12,7600,16.56,C,7.5,RENT,44614,28.73,654,Credit Card Refinance,Current,5022.05,914.82,0
LN-22493,BW-27107,2026-02-02,16700,6.0,A,2.0,RENT,116662,32.69,787,Debt Consolidation,Fully Paid,16700.0,2204.4,0
LN-22494,BW-11468,2024-07-26,14600,9.94,B,2.3,MORTGAGE,93660,14.03,689,Credit Card Refinance,Current,5912.16,646.44,0
LN-22495,BW-11109,2026-05-19,19500,7.9,A,0.5,RENT,84242,8.56,748,Credit Card Refinance,In Grace Period,5495.38,217.07,2
LN-22496,BW-17460,2025-09-19,36900,15.61,C,4.3,RENT,32872,5.55,653,Debt Consolidation,Current,21188.19,3638.22,0
LN-22497,BW-14895,2024-09-21,35400,13.04,B,3.3,RENT,34157,13.94,738,Debt Consolidation,Fully Paid,35400.0,10155.55,0
LN-22498,BW-13571,2024-08-15,37200,12.75,B,9.6,OWN,103419,21.02,714,Debt Consolidation,Fully Paid,37200.0,10434.6,0
LN-22499,BW-16449,2024-04-27,4200,16.29,C,8.3,OWN,81570,9.9,649,Credit Card Refinance,Current,2177.88,390.25,0
LN-22500,BW-17111,2025-08-03,38500,10.03,B,6.2,MORTGAGE,48541,31.53,680,Credit Card Refinance,Current,27601.0,3045.22,3
LN-22501,BW-21265,2024-10-16,21400,12.25,B,11.9,MORTGAGE,78523,19.9,703,Major Purchase,Current,15462.91,2083.63,0
LN-22502,BW-23664,2025-10-03,30900,14.16,C,3.0,RENT,82917,21.3,677,Small Business,Late 31-120 Days,4426.27,313.38,0
LN-22503,BW-14202,2025-07-20,28000,9.1,A,7.9,MORTGAGE,71427,29.99,807,Credit Card Refinance,Charged Off,1786.92,81.3,0
LN-22504,BW-21023,2025-02-10,2800,13.35,B,4.7,OWN,48154,13.65,690,Debt Consolidation,Fully Paid,2800.0,822.36,0
LN-22505,BW-22414,2024-03-21,28600,6.7,A,8.6,OWN,58422,21.52,830,Personal,Current,7940.19,585.19,0
LN-22506,BW-20269,2024-05-19,16400,7.92,A,2.9,MORTGAGE,37049,29.75,753,Personal,Fully Paid,16400.0,2857.54,0
LN-22507,BW-25753,2025-01-31,33200,10.46,B,10.2,MORTGAGE,209030,5.5,720,Home Improvement,In Grace Period,10842.88,567.08,0
LN-22508,BW-29361,2024-03-11,12700,12.36,B,9.6,MORTGAGE,75032,11.76,699,Debt Consolidation,Current,7205.96,979.72,0
LN-22509,BW-14013,2025-09-29,24300,13.06,B,8.4,MORTGAGE,64863,19.88,730,Credit Card Refinance,Current,13830.55,1986.9,0
LN-22510,BW-11497,2025-12-18,16200,7.9,A,9.1,RENT,39913,28.48,803,Small Business,Current,8601.05,747.43,0
LN-22511,BW-12255,2026-04-08,38100,11.6,B,8.9,MORTGAGE,47153,37.87,683,Debt Consolidation,Current,10262.7,1309.52,0
LN-22512,BW-15028,2024-10-22,21800,17.41,C,6.2,MORTGAGE,38360,21.2,644,Major Purchase,Fully Paid,21800.0,8349.84,1
LN-22513,BW-17025,2024-10-23,37400,10.63,B,1.9,RENT,62204,19.49,682,Personal,Current,22868.51,2674.01,0
LN-22514,BW-27215,2024-08-14,12100,15.44,C,3.0,RENT,80365,20.15,661,Debt Consolidation,Fully Paid,12100.0,4110.13,0
LN-22515,BW-21575,2024-07-04,34500,6.15,A,5.1,MORTGAGE,30122,8.96,810,Credit Card Refinance,Fully Paid,34500.0,4667.85,0
LN-22516,BW-14163,2024-09-24,31100,15.47,C,1.9,RENT,36964,9.41,646,Personal,Fully Paid,31100.0,10584.57,0
LN-22517,BW-16749,2026-02-17,18700,8.08,A,2.8,RENT,69620,10.48,847,Debt Consolidation,In Grace Period,3191.88,128.95,0
LN-22518,BW-23011,2024-12-14,27000,14.31,C,0.9,MORTGAGE,73090,13.73,646,Credit Card Refinance,Current,17177.47,2703.91,0
LN-22519,BW-28429,2024-01-30,38800,10.97,B,1.6,MORTGAGE,47067,10.98,689,Debt Consolidation,Fully Paid,38800.0,9363.99,0
LN-22520,BW-25325,2025-01-20,29700,18.95,D,6.9,MORTGAGE,32894,12.44,625,Small Business,In Grace Period,9946.74,942.45,3
LN-22521,BW-21077,2024-07-21,11800,14.25,C,7.2,MORTGAGE,41843,23.94,669,Debt Consolidation,Fully Paid,11800.0,3699.3,0
LN-22522,BW-23438,2025-05-02,19800,14.29,C,2.7,MORTGAGE,72050,22.15,655,Home Improvement,Fully Paid,19800.0,6224.72,0
LN-22523,BW-21825,2024-12-20,39900,5.86,A,9.6,RENT,54713,7.41,772,Personal,Current,27467.77,1770.57,0
LN-22524,BW-27947,2025-11-26,10000,21.36,D,8.0,MORTGAGE,39757,25.03,592,Home Improvement,Current,7097.15,1667.55,0
LN-22525,BW-11086,2024-07-06,38800,10.9,B,1.6,RENT,167857,15.16,713,Personal,Fully Paid,38800.0,9304.24,0
LN-22526,BW-18228,2026-03-30,22200,17.98,D,6.2,OWN,35121,17.99,626,Debt Consolidation,Current,14794.13,2925.98,0
LN-22527,BW-18194,2024-01-28,10900,14.94,C,10.0,MORTGAGE,163479,26.83,660,Debt Consolidation,Fully Paid,10900.0,3582.61,0
LN-22528,BW-28752,2026-03-31,27800,17.41,C,4.9,RENT,75370,8.9,667,Debt Consolidation,In Grace Period,3005.22,261.6,2
LN-22529,BW-17330,2025-01-06,39300,11.81,B,8.3,RENT,31872,34.56,708,Debt Consolidation,Fully Paid,39300.0,10210.93,0
LN-22530,BW-21928,2025-11-25,6800,15.42,C,4.7,MORTGAGE,62811,16.08,637,Debt Consolidation,Fully Paid,6800.0,2306.83,0
LN-22531,BW-25287,2025-06-04,18400,9.62,B,8.3,RENT,61986,16.23,717,Debt Consolidation,Current,9597.89,1015.65,0
LN-22532,BW-28032,2025-05-27,20300,10.94,B,5.3,MORTGAGE,52290,36.08,718,Debt Consolidation,Current,15853.0,1907.75,0
LN-22533,BW-29371,2024-06-02,4400,6.59,A,3.9,MORTGAGE,62750,17.63,803,Debt Consolidation,Current,3096.69,224.48,0
LN-22534,BW-21490,2025-08-20,16900,16.16,C,7.3,RENT,38645,13.56,654,Small Business,Fully Paid,16900.0,6008.29,0
LN-22535,BW-12565,2024-09-16,3900,16.97,C,4.5,RENT,68028,26.07,671,Credit Card Refinance,Late 31-120 Days,621.52,52.74,0
LN-22536,BW-15559,2024-09-21,35400,20.29,D,7.4,RENT,30182,26.18,600,Credit Card Refinance,In Grace Period,2056.59,208.64,0
LN-22537,BW-21449,2025-01-15,10600,15.06,C,3.7,MORTGAGE,119405,29.07,664,Major Purchase,Current,5811.0,962.65,4
LN-22538,BW-13960,2024-08-14,32900,5.67,A,3.3,MORTGAGE,277590,5.96,775,Credit Card Refinance,Current,7672.86,478.56,0
LN-22539,BW-19005,2024-04-15,12200,8.74,A,1.5,RENT,75319,5.97,830,Debt Consolidation,In Grace Period,3311.43,144.71,2
LN-22540,BW-26925,2025-10-25,37200,6.32,A,3.2,MORTGAGE,47464,20.42,777,Credit Card Refinance,Current,22877.78,1590.46,0
LN-22541,BW-22913,2025-04-30,33300,21.58,D,10.4,RENT,31223,23.82,592,Home Improvement,Charged Off,5018.39,541.48,0
LN-22542,BW-28860,2025-06-30,18900,6.22,A,3.8,OWN,53498,20.94,802,Home Improvement,Current,13689.49,936.63,0
LN-22543,BW-22836,2024-08-29,20100,15.46,C,3.9,MORTGAGE,46965,22.11,670,Debt Consolidation,Fully Paid,20100.0,6836.41,0
LN-22544,BW-18637,2024-12-15,22300,14.65,C,3.4,RENT,79307,11.94,660,Debt Consolidation,Charged Off,6524.28,477.9,0
LN-22545,BW-16010,2024-03-02,15000,12.96,B,5.2,MORTGAGE,86901,29.96,710,Credit Card Refinance,Current,8728.58,1244.35,0
LN-22546,BW-27752,2024-08-11,17500,14.53,C,8.3,RENT,124303,8.13,676,Small Business,Fully Paid,17500.0,5594.05,3
LN-22547,BW-25129,2025-02-25,36600,8.3,A,3.4,MORTGAGE,104504,13.2,766,Debt Consolidation,Current,17111.84,1562.31,0
LN-22548,BW-26548,2025-10-18,32600,8.53,A,9.5,MORTGAGE,82066,18.35,820,Debt Consolidation,Current,23858.92,2238.68,0
LN-22549,BW-18759,2026-01-18,26700,20.95,D,1.0,MORTGAGE,79824,19.57,623,Major Purchase,In Grace Period,9096.57,952.87,0
LN-22550,BW-17471,2024-01-08,27200,9.22,A,3.4,OWN,80307,27.77,782,Debt Consolidation,Current,19763.1,2004.37,0
LN-22551,BW-25702,2026-03-21,35100,12.98,B,2.6,MORTGAGE,50649,21.7,715,Debt Consolidation,Current,15232.56,2174.9,0
LN-22552,BW-18051,2024-09-24,21300,6.8,A,9.0,RENT,78051,13.81,819,Home Improvement,Current,15618.32,1168.25,0
LN-22553,BW-28760,2025-01-15,3800,13.48,B,10.9,RENT,192404,25.67,720,Credit Card Refinance,Fully Paid,3800.0,1126.93,0
LN-22554,BW-21215,2024-05-13,36700,10.22,B,2.3,MORTGAGE,58140,6.25,733,Debt Consolidation,Current,20510.53,2305.79,0
LN-22555,BW-22487,2024-09-07,15700,12.91,B,2.8,MORTGAGE,60823,36.98,705,Debt Consolidation,Charged Off,3598.01,232.25,0
LN-22556,BW-21574,2025-10-05,3500,6.33,A,3.7,MORTGAGE,61797,9.82,760,Home Improvement,Current,1151.5,80.18,0
LN-22557,BW-20694,2025-12-10,7800,12.19,B,0.6,RENT,58391,6.29,714,Credit Card Refinance,Fully Paid,7800.0,2091.8,0
LN-22558,BW-14139,2024-02-27,23700,12.65,B,9.8,RENT,69724,35.03,682,Small Business,Fully Paid,23700.0,6595.71,0
LN-22559,BW-27389,2024-07-28,20700,7.27,A,3.8,RENT,44689,19.75,845,Debt Consolidation,Fully Paid,20700.0,3310.76,0
LN-22560,BW-14927,2025-05-12,34700,16.84,C,3.6,RENT,71458,22.68,653,Debt Consolidation,Charged Off,8798.09,740.8,0
LN-22561,BW-14524,2025-01-06,21400,16.99,C,5.5,MORTGAGE,38994,11.09,636,Home Improvement,Current,10276.77,1920.63,0
LN-22562,BW-27297,2026-01-14,7100,18.67,D,9.5,MORTGAGE,72056,18.97,612,Credit Card Refinance,Fully Paid,7100.0,2916.25,0
LN-22563,BW-19939,2024-10-28,3100,12.23,B,3.5,RENT,110408,28.38,701,Home Improvement,Current,1144.01,153.9,0
LN-22564,BW-20660,2024-12-06,13400,14.72,C,9.0,RENT,206928,12.83,675,Debt Consolidation,Charged Off,4419.76,325.29,0
LN-22565,BW-21832,2025-12-29,34700,11.58,B,4.5,RENT,63785,21.76,684,Debt Consolidation,Fully Paid,34700.0,8840.17,3
LN-22566,BW-20804,2024-04-30,16400,19.24,D,4.0,RENT,82549,34.02,591,Debt Consolidation,Charged Off,3350.43,322.31,2
LN-22567,BW-29228,2026-06-14,21000,7.96,A,9.8,RENT,81623,28.45,742,Debt Consolidation,Fully Paid,21000.0,3677.52,0
LN-22568,BW-19312,2024-05-15,36000,9.19,A,6.8,RENT,77267,19.4,848,Debt Consolidation,Fully Paid,36000.0,7278.48,0
LN-22569,BW-23820,2024-06-21,15400,11.02,B,8.1,OWN,95096,5.99,694,Debt Consolidation,Current,7061.75,856.03,0
LN-22570,BW-10682,2026-04-04,20600,19.76,D,4.8,RENT,60150,16.89,623,Home Improvement,Charged Off,2779.11,274.58,0
LN-22571,BW-13708,2024-10-16,33200,9.13,A,8.5,RENT,36617,6.84,821,Debt Consolidation,Fully Paid,33200.0,6668.55,0
LN-22572,BW-17885,2024-05-05,37100,13.06,B,9.6,RENT,125796,31.45,703,Debt Consolidation,Current,19846.5,2851.15,0
LN-22573,BW-17034,2026-04-02,15900,13.81,C,2.8,RENT,45848,5.26,669,Credit Card Refinance,Current,4054.42,615.91,0
LN-22574,BW-11665,2024-06-11,20200,9.14,A,3.9,RENT,32603,15.59,827,Debt Consolidation,Fully Paid,20200.0,4061.82,0
LN-22575,BW-24968,2024-09-05,37700,9.05,A,7.2,MORTGAGE,37309,27.49,839,Debt Consolidation,Current,22655.35,2255.34,0
LN-22576,BW-27154,2025-01-15,39200,20.44,D,7.1,RENT,46962,6.1,581,Debt Consolidation,Fully Paid,39200.0,17627.46,0
LN-22577,BW-29569,2025-12-26,13200,5.67,A,1.4,MORTGAGE,74211,6.09,791,Credit Card Refinance,Current,8008.7,499.5,0
LN-22578,BW-17115,2025-07-10,27500,10.32,B,11.3,OWN,44202,34.35,680,Credit Card Refinance,Fully Paid,27500.0,6243.6,0
LN-22579,BW-15556,2024-04-11,38200,15.66,C,11.4,MORTGAGE,84885,19.84,648,Credit Card Refinance,Current,17087.95,2943.57,0
LN-22580,BW-23244,2024-10-28,21700,11.72,B,3.4,OWN,133441,8.06,699,Debt Consolidation,Current,14312.34,1845.15,0
LN-22581,BW-25752,2026-02-22,23500,14.6,C,3.7,MORTGAGE,43534,30.29,671,Small Business,Charged Off,4664.08,340.48,0
LN-22582,BW-23319,2024-11-05,20300,16.26,C,3.3,OWN,71448,32.22,665,Debt Consolidation,Fully Paid,20300.0,7261.72,0
LN-22583,BW-20194,2025-09-23,10600,11.1,B,5.0,RENT,207435,31.17,719,Debt Consolidation,Fully Paid,10600.0,2588.52,0
LN-22584,BW-20716,2025-01-22,2900,23.35,E,4.3,RENT,76436,10.04,537,Small Business,Fully Paid,2900.0,1489.73,0
LN-22585,BW-10364,2024-05-04,39800,11.12,B,10.2,RENT,48525,22.14,722,Debt Consolidation,Current,20802.05,2544.51,0
LN-22586,BW-28892,2024-02-23,20900,18.77,D,9.5,MORTGAGE,65925,11.13,615,Debt Consolidation,Charged Off,2347.84,220.34,0
LN-22587,BW-28284,2026-06-23,20900,10.39,B,9.4,MORTGAGE,31744,14.93,706,Credit Card Refinance,Fully Paid,20900.0,4777.32,0
LN-22588,BW-26245,2024-11-29,28200,6.81,A,6.3,OWN,67400,35.14,789,Home Improvement,Current,13243.1,992.04,0
LN-22589,BW-22184,2024-05-14,15100,5.72,A,10.0,MORTGAGE,82927,33.04,785,Credit Card Refinance,Current,8793.04,553.26,0
LN-22590,BW-23905,2024-04-19,20000,9.16,A,3.5,MORTGAGE,67300,17.13,761,Home Improvement,Fully Paid,20000.0,4030.4,0
LN-22591,BW-16320,2025-03-29,39300,10.74,B,10.7,MORTGAGE,61638,21.83,685,Debt Consolidation,Fully Paid,39300.0,9285.8,0
LN-22592,BW-22080,2024-01-23,15500,15.83,C,2.1,MORTGAGE,38177,36.15,663,Major Purchase,Fully Paid,15500.0,5398.03,0
LN-22593,BW-13318,2025-12-27,36700,20.35,D,3.2,MORTGAGE,40374,32.49,592,Credit Card Refinance,Fully Paid,36700.0,16430.59,0
LN-22594,BW-25590,2024-05-11,29400,12.22,B,10.8,OWN,43459,30.72,724,Major Purchase,Current,15546.14,2089.71,0
LN-22595,BW-26561,2024-12-23,25100,6.95,A,7.6,RENT,82183,22.45,756,Debt Consolidation,Fully Paid,25100.0,3837.79,0
LN-22596,BW-19682,2024-12-25,20200,6.84,A,7.2,RENT,73715,28.21,756,Home Improvement,Fully Paid,20200.0,3039.7,0
LN-22597,BW-13704,2026-01-19,2700,9.77,B,9.7,RENT,70745,20.97,735,Major Purchase,Current,1705.66,183.31,0
LN-22598,BW-24028,2024-07-24,19600,15.17,C,1.4,MORTGAGE,60037,16.19,667,Debt Consolidation,Current,5216.32,870.45,0
LN-22599,BW-17838,2024-03-30,19100,13.92,C,11.6,MORTGAGE,35078,13.21,638,Small Business,In Grace Period,3390.16,235.96,0
LN-22600,BW-11416,2024-05-29,21600,28.3,E,2.5,RENT,76327,18.81,541,Debt Consolidation,Charged Off,3191.59,451.61,0
LN-22601,BW-23794,2026-01-11,30500,7.12,A,5.8,RENT,53549,9.75,800,Home Improvement,Current,6241.21,488.81,0
LN-22602,BW-21673,2024-03-13,19800,7.82,A,10.9,MORTGAGE,81945,7.51,780,Debt Consolidation,Current,4948.76,425.69,0
LN-22603,BW-22552,2026-04-02,32500,17.39,C,5.7,RENT,49622,11.19,653,Credit Card Refinance,Current,20077.1,3840.55,0
LN-22604,BW-22143,2024-10-30,4600,10.89,B,3.6,RENT,90368,19.6,732,Debt Consolidation,Current,3295.49,394.77,0
LN-22605,BW-17444,2025-12-01,31900,7.15,A,0.9,MORTGAGE,38893,25.73,807,Small Business,Current,8492.46,667.93,0
LN-22606,BW-19980,2025-09-13,31700,20.0,D,1.3,RENT,131537,8.25,582,Credit Card Refinance,Late 31-120 Days,4289.96,429.0,0
LN-22607,BW-18120,2024-11-05,29100,17.63,D,3.1,OWN,202421,17.15,610,Credit Card Refinance,Charged Off,7570.86,667.37,4
LN-22608,BW-27703,2024-04-08,3700,18.63,D,10.8,MORTGAGE,76583,26.34,608,Credit Card Refinance,Fully Paid,3700.0,1516.48,2
LN-22609,BW-24445,2024-08-05,33800,11.75,B,1.2,MORTGAGE,72349,12.39,723,Small Business,Current,19487.45,2518.75,0
LN-22610,BW-25423,2024-12-29,25200,10.02,B,1.6,MORTGAGE,74518,17.37,704,Debt Consolidation,Current,12502.94,1378.07,0
LN-22611,BW-28441,2026-02-26,5600,16.41,C,3.2,RENT,53750,17.49,667,Credit Card Refinance,Fully Paid,5600.0,2021.71,0
LN-22612,BW-12412,2024-11-03,29300,13.71,C,6.1,RENT,36942,13.5,668,Home Improvement,Charged Off,4544.89,311.55,0
LN-22613,BW-19699,2025-11-10,34000,11.83,B,11.2,RENT,41630,20.41,739,Debt Consolidation,Current,25986.14,3381.58,0
LN-22614,BW-22080,2025-10-30,26800,11.43,B,0.6,RENT,38551,19.04,736,Debt Consolidation,Current,8291.19,1042.45,1
LN-22615,BW-23456,2026-01-27,21700,5.99,A,0.8,RENT,75102,33.55,795,Debt Consolidation,In Grace Period,7528.98,225.49,0
LN-22616,BW-17218,2025-04-23,33000,12.89,B,5.5,RENT,212965,7.22,680,Debt Consolidation,Late 16-30 Days,10286.34,662.95,0
LN-22617,BW-26370,2025-04-17,27600,13.22,B,8.4,MORTGAGE,35507,27.78,731,Personal,Current,13650.09,1985.0,0
LN-22618,BW-11630,2025-10-25,6400,7.53,A,1.5,MORTGAGE,80419,16.08,752,Debt Consolidation,Current,4103.36,339.88,0
LN-22619,BW-20024,2025-12-03,17100,17.35,C,5.5,RENT,98257,31.34,653,Debt Consolidation,Late 31-120 Days,3896.28,338.0,0
LN-22620,BW-21603,2026-01-26,29800,10.54,B,10.5,RENT,33936,23.77,739,Personal,Fully Paid,29800.0,6910.02,0
LN-22621,BW-27388,2024-09-29,6500,5.69,A,9.5,MORTGAGE,61450,20.41,785,Home Improvement,Fully Paid,6500.0,813.67,0
LN-22622,BW-23633,2024-09-25,6700,20.02,D,7.8,OWN,171628,28.99,626,Debt Consolidation,Fully Paid,6700.0,2950.95,0
LN-22623,BW-19245,2025-01-30,10600,12.15,B,6.2,OWN,65648,12.76,699,Debt Consolidation,Fully Paid,10600.0,2833.38,0
LN-22624,BW-14069,2025-08-14,36000,5.75,A,2.5,OWN,52366,19.05,788,Debt Consolidation,Current,15440.91,976.64,0
LN-22625,BW-28917,2026-02-22,10500,10.53,B,1.5,OWN,43770,7.52,682,Debt Consolidation,Current,5607.91,649.56,3
LN-22626,BW-27379,2024-02-24,9200,10.88,B,2.0,RENT,201715,27.76,701,Debt Consolidation,Current,5568.96,666.49,0
LN-22627,BW-26087,2024-07-20,24700,7.73,A,3.4,RENT,58120,26.93,791,Debt Consolidation,Current,10399.54,884.27,0
LN-22628,BW-28696,2024-01-09,19800,5.83,A,11.7,RENT,122946,19.24,822,Major Purchase,Current,10703.78,686.43,0
LN-22629,BW-24397,2025-07-30,29700,12.3,B,4.8,RENT,106343,30.77,711,Personal,Late 16-30 Days,4163.84,256.08,1
LN-22630,BW-19871,2025-05-21,5400,15.56,C,2.9,MORTGAGE,40461,27.77,674,Credit Card Refinance,Fully Paid,5400.0,1848.53,0
LN-22631,BW-14611,2025-12-19,32000,7.56,A,10.8,MORTGAGE,60350,17.56,833,Debt Consolidation,Fully Paid,32000.0,5322.24,0
LN-22632,BW-21545,2026-03-20,22600,7.81,A,11.9,RENT,66816,34.37,792,Debt Consolidation,Fully Paid,22600.0,3883.13,4
LN-22633,BW-27599,2026-04-01,26600,14.49,C,4.1,MORTGAGE,76198,14.0,667,Small Business,Late 16-30 Days,7601.08,550.7,2
LN-22634,BW-14781,2024-01-02,8100,19.13,D,10.4,RENT,49431,35.39,617,Debt Consolidation,Charged Off,1679.71,160.66,4
LN-22635,BW-23620,2025-05-29,10400,24.47,E,7.5,OWN,64034,15.12,540,Credit Card Refinance,Current,2564.0,690.15,3
LN-22636,BW-11231,2024-10-20,35100,9.81,B,10.3,RENT,39816,32.62,685,Debt Consolidation,Fully Paid,35100.0,7575.28,0
LN-22637,BW-15287,2024-05-06,2600,19.43,D,4.9,RENT,39892,10.87,590,Debt Consolidation,Fully Paid,2600.0,1111.4,0
LN-22638,BW-18213,2026-02-07,20900,25.75,E,9.6,RENT,59443,33.38,520,Debt Consolidation,Charged Off,5223.38,672.51,0
LN-22639,BW-22613,2024-02-21,29500,19.68,D,4.9,MORTGAGE,139605,6.67,583,Credit Card Refinance,Fully Paid,29500.0,12772.32,0
LN-22640,BW-28700,2025-10-09,15100,10.02,B,6.5,RENT,113934,7.46,692,Major Purchase,Current,3793.79,418.15,1
LN-22641,BW-15421,2025-03-22,4100,17.9,D,3.8,MORTGAGE,33496,25.04,612,Major Purchase,Charged Off,1225.9,109.72,0
LN-22642,BW-21002,2025-06-14,29900,15.3,C,3.6,MORTGAGE,64309,5.41,653,Debt Consolidation,Current,22850.3,3845.71,0
LN-22643,BW-12206,2025-04-29,6200,15.31,C,4.3,MORTGAGE,70939,17.32,669,Debt Consolidation,Fully Paid,6200.0,2088.28,0
LN-22644,BW-20787,2025-10-28,6900,8.76,A,2.5,OWN,39962,27.62,850,Major Purchase,Fully Paid,6900.0,1329.77,0
LN-22645,BW-29909,2025-01-05,10600,9.63,B,3.6,MORTGAGE,69019,21.94,685,Credit Card Refinance,Fully Paid,10600.0,2245.72,0
LN-22646,BW-28915,2024-06-15,2700,15.21,C,7.2,RENT,57930,8.98,639,Home Improvement,Current,589.46,98.62,0
LN-22647,BW-11407,2025-02-16,21800,24.89,E,2.2,MORTGAGE,69840,22.18,552,Debt Consolidation,Charged Off,3034.31,377.62,4
LN-22648,BW-14812,2024-04-14,14800,11.38,B,5.8,RENT,58168,25.02,722,Credit Card Refinance,Current,5732.08,717.54,0
LN-22649,BW-28897,2024-04-10,27000,26.7,E,1.9,RENT,40268,34.45,555,Debt Consolidation,Charged Off,5540.8,739.7,0
LN-22650,BW-17134,2026-01-02,13400,13.06,B,1.7,MORTGAGE,43193,22.92,695,Debt Consolidation,Current,8527.22,1225.02,2
LN-22651,BW-22928,2024-11-16,8400,16.06,C,2.5,RENT,42879,37.83,679,Debt Consolidation,In Grace Period,2524.28,202.7,0
LN-22652,BW-18294,2024-05-17,16900,16.77,C,2.3,RENT,150317,15.26,660,Debt Consolidation,Current,10799.85,1992.25,0
LN-22653,BW-29334,2026-06-16,4400,9.14,A,9.1,MORTGAGE,243584,22.79,778,Small Business,Fully Paid,4400.0,884.75,0
LN-22654,BW-14393,2025-12-16,3300,12.89,B,1.4,MORTGAGE,72154,32.47,683,Debt Consolidation,Late 16-30 Days,948.46,61.13,0
LN-22655,BW-10611,2024-12-20,15400,16.71,C,8.4,RENT,49606,11.03,638,Home Improvement,Fully Paid,15400.0,5661.35,4
LN-22656,BW-29418,2025-07-18,29100,8.51,A,8.2,MORTGAGE,49448,12.72,836,Debt Consolidation,Fully Paid,29100.0,5448.1,4
LN-22657,BW-13388,2024-06-19,9700,9.13,A,9.8,MORTGAGE,83508,27.13,822,Major Purchase,Current,4613.82,463.37,0
LN-22658,BW-26907,2024-03-21,19600,10.97,B,0.7,MORTGAGE,31301,26.46,738,Debt Consolidation,Fully Paid,19600.0,4730.26,0
LN-22659,BW-28966,2025-12-25,9700,8.2,A,3.2,RENT,77944,13.23,823,Credit Card Refinance,Fully Paid,9700.0,1749.88,0
LN-22660,BW-25377,2024-10-31,23200,9.62,B,11.8,MORTGAGE,82481,30.55,715,Small Business,Current,13808.03,1461.17,0
LN-22661,BW-23090,2025-07-13,7200,11.22,B,2.8,MORTGAGE,41354,7.33,706,Debt Consolidation,Fully Paid,7200.0,1777.25,0
LN-22662,BW-28966,2024-12-06,8600,6.61,A,4.6,RENT,133487,17.24,761,Debt Consolidation,Fully Paid,8600.0,1250.61,1
LN-22663,BW-11132,2026-02-04,27200,20.16,D,9.0,OWN,104278,16.69,593,Major Purchase,Fully Paid,27200.0,12063.74,0
LN-22664,BW-10849,2025-02-15,32800,8.19,A,7.4,RENT,107455,19.15,850,Credit Card Refinance,Current,21007.77,1892.59,2
LN-22665,BW-10997,2025-05-13,7500,10.15,B,3.4,MORTGAGE,46096,33.58,696,Debt Consolidation,Current,5040.81,562.81,0
LN-22666,BW-11295,2026-06-13,19100,10.15,B,11.9,RENT,99188,34.27,685,Small Business,Current,10949.12,1222.47,0
LN-22667,BW-17538,2026-02-06,5100,21.46,D,4.6,RENT,79041,10.32,587,Debt Consolidation,Charged Off,1144.46,122.8,0
LN-22668,BW-26319,2024-01-17,11400,7.93,A,10.7,MORTGAGE,54610,37.6,766,Major Purchase,Fully Paid,11400.0,1988.84,0
LN-22669,BW-15307,2024-01-27,35800,16.65,C,11.7,MORTGAGE,78311,27.22,667,Small Business,Late 16-30 Days,10532.78,876.85,0
LN-22670,BW-26693,2024-03-10,3900,16.39,C,9.7,MORTGAGE,37977,6.47,673,Small Business,Fully Paid,3900.0,1406.26,0
LN-22671,BW-18284,2025-04-26,4900,15.62,C,0.8,MORTGAGE,32858,25.94,657,Debt Consolidation,Fully Paid,4900.0,1683.84,0
LN-22672,BW-16277,2024-01-22,10400,21.39,D,2.6,RENT,265370,9.24,580,Debt Consolidation,Charged Off,2529.99,270.58,0
LN-22673,BW-18382,2026-04-04,16000,14.01,C,3.0,OWN,36715,33.74,656,Personal,Charged Off,4848.59,339.64,0
LN-22674,BW-19577,2024-02-18,19600,6.84,A,1.8,RENT,65363,15.01,835,Home Improvement,Fully Paid,19600.0,2949.41,0
LN-22675,BW-14808,2025-11-03,39800,7.19,A,8.4,RENT,65206,20.32,850,Credit Card Refinance,Fully Paid,39800.0,6295.56,0
LN-22676,BW-12515,2026-06-04,30100,11.52,B,8.7,MORTGAGE,49657,35.29,710,Debt Consolidation,Charged Off,6020.91,346.8,0
LN-22677,BW-12505,2024-10-11,26300,12.0,B,2.0,MORTGAGE,55507,10.3,721,Debt Consolidation,Fully Paid,26300.0,6943.2,0
LN-22678,BW-19008,2024-03-27,37400,16.48,C,4.7,RENT,229544,31.68,656,Home Improvement,Fully Paid,37400.0,13559.74,0
LN-22679,BW-17318,2025-10-10,27900,16.64,C,3.7,RENT,47647,13.18,676,Major Purchase,Fully Paid,27900.0,10213.63,0
LN-22680,BW-25874,2024-11-29,31300,9.13,A,9.8,RENT,71723,22.8,753,Credit Card Refinance,Current,13608.57,1366.71,2
LN-22681,BW-19139,2024-09-14,5500,15.88,C,10.0,RENT,135280,23.6,658,Debt Consolidation,Charged Off,952.45,75.62,0
LN-22682,BW-23778,2025-07-26,31300,17.36,C,10.8,RENT,262752,11.51,634,Debt Consolidation,Current,9751.42,1862.13,0
LN-22683,BW-21349,2024-02-06,13100,12.23,B,4.6,MORTGAGE,72058,30.06,697,Debt Consolidation,Fully Paid,13100.0,3524.69,0
LN-22684,BW-26913,2026-06-16,39000,13.01,B,8.6,MORTGAGE,43539,24.4,714,Debt Consolidation,Current,24549.89,3513.33,0
LN-22685,BW-13468,2026-02-13,37200,16.25,C,9.3,MORTGAGE,52537,5.71,630,Debt Consolidation,Fully Paid,37200.0,13299.0,0
LN-22686,BW-12229,2024-01-16,27600,12.28,B,11.9,RENT,69337,22.73,703,Small Business,Current,10148.33,1370.84,0
LN-22687,BW-10753,2025-03-19,12100,17.96,D,11.5,RENT,78019,14.02,606,Major Purchase,Charged Off,1666.21,149.63,0
LN-22688,BW-26304,2025-04-22,39200,5.96,A,1.2,RENT,38479,21.57,742,Credit Card Refinance,Fully Paid,39200.0,5139.9,0
LN-22689,BW-15145,2024-11-11,3600,10.47,B,4.3,RENT,68696,13.06,728,Small Business,Fully Paid,3600.0,829.22,0
LN-22690,BW-27370,2024-08-21,31600,12.54,B,7.0,RENT,45823,13.61,720,Debt Consolidation,Current,8236.87,1136.19,0
LN-22691,BW-29490,2026-05-25,13100,12.88,B,10.6,OWN,46390,5.74,690,Debt Consolidation,Fully Paid,13100.0,3712.02,1
LN-22692,BW-11939,2025-01-23,12400,10.57,B,1.6,MORTGAGE,68902,16.79,732,Small Business,Current,3200.92,372.17,0
LN-22693,BW-15441,2025-04-16,12700,9.82,B,5.8,MORTGAGE,138536,34.82,695,Debt Consolidation,Fully Paid,12700.0,2743.71,0
LN-22694,BW-15064,2024-08-03,38800,13.39,B,4.6,RENT,80737,27.73,730,Credit Card Refinance,Current,15097.91,2223.77,0
LN-22695,BW-15073,2024-01-28,24700,8.05,A,2.9,RENT,101898,35.37,754,Debt Consolidation,Fully Paid,24700.0,4374.37,0
LN-22696,BW-26017,2024-11-12,9100,19.19,D,1.7,MORTGAGE,63363,37.27,588,Credit Card Refinance,Charged Off,2220.57,213.06,0
LN-22697,BW-24343,2024-05-02,7600,25.69,E,8.0,MORTGAGE,38006,30.57,562,Small Business,Charged Off,1313.33,168.7,0
LN-22698,BW-20245,2026-04-26,5700,11.21,B,8.2,MORTGAGE,70388,14.08,724,Debt Consolidation,Fully Paid,5700.0,1405.73,0
LN-22699,BW-20378,2024-10-03,16300,20.77,D,6.7,MORTGAGE,119732,22.62,619,Home Improvement,Fully Paid,16300.0,7448.12,0
LN-22700,BW-20189,2025-06-07,24700,6.89,A,11.6,MORTGAGE,62551,32.24,787,Credit Card Refinance,Late 16-30 Days,2763.34,95.2,0
LN-22701,BW-20920,2026-06-12,32700,24.25,E,10.6,RENT,35616,15.43,579,Credit Card Refinance,In Grace Period,8165.05,990.01,3
LN-22702,BW-16940,2024-09-16,20300,6.62,A,4.6,MORTGAGE,58619,21.13,829,Home Improvement,Fully Paid,20300.0,2956.49,0
LN-22703,BW-28530,2025-08-04,4300,15.27,C,5.0,RENT,49244,5.29,633,Debt Consolidation,Fully Paid,4300.0,1444.54,0
LN-22704,BW-14447,2025-08-30,32600,11.02,B,5.0,OWN,47902,21.4,703,Debt Consolidation,Fully Paid,32600.0,7903.54,0
LN-22705,BW-28431,2025-04-24,35700,10.14,B,4.5,MORTGAGE,39511,13.39,681,Credit Card Refinance,Current,14861.08,1657.6,0
LN-22706,BW-21607,2026-05-24,24000,16.55,C,8.9,MORTGAGE,49760,37.72,633,Debt Consolidation,Fully Paid,24000.0,8738.4,0
LN-22707,BW-18286,2024-05-07,29000,15.01,C,5.9,MORTGAGE,111027,14.79,636,Small Business,Fully Paid,29000.0,9576.38,0
LN-22708,BW-17130,2024-09-21,24900,6.49,A,2.0,MORTGAGE,134121,35.84,821,Debt Consolidation,Current,18991.19,1355.78,0
LN-22709,BW-28782,2024-12-10,23900,7.87,A,4.6,RENT,90952,28.95,773,Major Purchase,Current,9172.26,794.04,0
LN-22710,BW-21611,2024-04-21,19300,9.0,A,8.7,RENT,133041,11.37,762,Small Business,Current,13981.87,1384.21,0
LN-22711,BW-14709,2024-06-14,28100,12.92,B,5.6,MORTGAGE,84675,34.77,739,Home Improvement,Fully Paid,28100.0,7987.14,0
LN-22712,BW-22915,2024-10-10,29100,19.63,D,10.4,RENT,81182,30.29,597,Debt Consolidation,Current,10676.76,2305.43,0
LN-22713,BW-21021,2024-12-24,38400,10.5,B,8.1,RENT,55294,36.84,685,Home Improvement,Charged Off,3485.08,182.97,0
LN-22714,BW-14301,2024-12-31,28000,16.62,C,6.6,RENT,49762,16.17,648,Major Purchase,In Grace Period,9349.01,776.9,0
LN-22715,BW-14418,2024-08-10,10400,18.4,D,5.6,RENT,116557,28.07,619,Debt Consolidation,Fully Paid,10400.0,4209.92,0
LN-22716,BW-24968,2026-04-24,30500,15.97,C,2.7,OWN,34364,11.17,679,Credit Card Refinance,Fully Paid,30500.0,10715.87,0
LN-22717,BW-14520,2025-12-14,36000,17.9,D,4.9,MORTGAGE,183289,25.68,592,Debt Consolidation,Fully Paid,36000.0,14176.8,0
LN-22718,BW-28653,2024-01-27,15900,22.54,E,8.2,MORTGAGE,99194,13.2,577,Debt Consolidation,Late 31-120 Days,815.52,91.91,0
LN-22719,BW-16374,2025-04-05,10400,9.8,B,1.3,RENT,44849,12.69,719,Credit Card Refinance,Fully Paid,10400.0,2242.24,0
LN-22720,BW-13455,2026-02-24,15200,8.47,A,11.8,MORTGAGE,62634,34.49,806,Credit Card Refinance,Current,9335.8,869.82,0
LN-22721,BW-22226,2024-06-03,2500,7.68,A,7.5,RENT,84439,6.94,742,Debt Consolidation,Current,1341.16,113.3,0
LN-22722,BW-12798,2024-11-27,24900,14.95,C,10.5,RENT,33972,26.22,645,Debt Consolidation,Current,16520.04,2716.72,1
LN-22723,BW-12470,2024-06-20,32100,25.05,E,9.8,RENT,46911,5.98,548,Credit Card Refinance,Charged Off,9492.46,1188.93,0
LN-22724,BW-27643,2026-03-25,15100,21.73,D,1.2,MORTGAGE,50199,10.59,609,Debt Consolidation,Current,4123.18,985.56,0
LN-22725,BW-10787,2025-07-08,20700,11.61,B,1.0,MORTGAGE,77735,16.24,730,Major Purchase,Current,16446.88,2100.43,0
LN-22726,BW-28842,2025-02-26,9100,7.97,A,9.2,MORTGAGE,39950,13.19,796,Credit Card Refinance,Fully Paid,9100.0,1595.59,0
LN-22727,BW-14192,2024-02-10,13300,19.98,D,5.6,RENT,78132,27.76,587,Credit Card Refinance,Charged Off,4525.91,452.14,0
LN-22728,BW-28135,2024-09-24,6500,13.14,B,3.6,RENT,53014,33.93,689,Major Purchase,Fully Paid,6500.0,1879.02,0
LN-22729,BW-29817,2025-01-21,38000,12.66,B,10.5,OWN,48808,29.82,738,Credit Card Refinance,Fully Paid,38000.0,10583.76,0
LN-22730,BW-24470,2025-01-03,37600,12.47,B,6.9,MORTGAGE,121939,34.65,735,Debt Consolidation,Current,17593.46,2413.29,0
LN-22731,BW-12819,2025-10-01,38100,21.9,D,1.1,MORTGAGE,79998,21.63,598,Small Business,Charged Off,8523.7,933.35,0
LN-22732,BW-20388,2026-01-28,35500,18.83,D,3.0,MORTGAGE,53434,8.61,593,Debt Consolidation,Charged Off,8972.15,844.73,0
LN-22733,BW-14824,2025-08-26,13500,10.65,B,11.2,RENT,113741,20.92,680,Debt Consolidation,Fully Paid,13500.0,3163.05,0
LN-22734,BW-26677,2026-02-14,28600,13.44,B,10.1,MORTGAGE,136536,24.45,737,Small Business,Charged Off,9759.15,655.81,0
LN-22735,BW-17227,2025-05-10,7800,16.63,C,8.2,RENT,98654,17.85,637,Credit Card Refinance,Fully Paid,7800.0,2853.71,0
LN-22736,BW-15056,2025-08-24,34800,11.39,B,10.3,RENT,30159,16.51,712,Credit Card Refinance,In Grace Period,4184.3,238.3,0
LN-22737,BW-15951,2024-12-07,34500,15.86,C,4.4,MORTGAGE,86293,33.89,676,Debt Consolidation,Fully Paid,34500.0,12037.74,0
LN-22738,BW-16974,2024-09-08,36600,9.72,B,5.2,MORTGAGE,53027,7.41,737,Debt Consolidation,Current,16228.34,1735.13,0
LN-22739,BW-14096,2026-06-05,25100,12.0,B,7.3,MORTGAGE,78422,33.35,723,Debt Consolidation,Current,11664.33,1539.69,0
LN-22740,BW-26329,2024-09-02,6200,18.8,D,9.7,MORTGAGE,270737,14.17,604,Debt Consolidation,Charged Off,1137.96,106.97,0
LN-22741,BW-19102,2025-10-14,18900,10.37,B,8.9,MORTGAGE,81995,26.79,715,Home Improvement,Current,14022.56,1599.55,0
LN-22742,BW-25021,2025-01-18,30200,16.72,C,5.5,MORTGAGE,32599,13.41,630,Debt Consolidation,Current,13960.74,2567.66,1
LN-22743,BW-19518,2024-03-06,16100,10.26,B,9.2,OWN,46366,12.72,712,Debt Consolidation,Fully Paid,16100.0,3634.09,0
LN-22744,BW-29803,2024-06-13,23900,8.34,A,6.3,MORTGAGE,112412,7.71,827,Debt Consolidation,Current,15015.28,1377.5,0
LN-22745,BW-29176,2024-05-05,3000,11.8,B,10.1,RENT,47175,28.06,681,Debt Consolidation,Fully Paid,3000.0,778.8,0
LN-22746,BW-10220,2025-11-13,5200,19.45,D,3.8,MORTGAGE,83519,32.39,610,Debt Consolidation,Charged Off,1405.18,136.65,0
LN-22747,BW-22447,2024-11-13,17600,7.81,A,5.0,MORTGAGE,70687,32.02,752,Debt Consolidation,Fully Paid,17600.0,3024.03,0
LN-22748,BW-26107,2025-02-07,17500,12.41,B,11.1,OWN,76182,13.31,704,Credit Card Refinance,Charged Off,2727.14,169.22,2
LN-22749,BW-14576,2025-07-04,4800,9.88,B,7.2,MORTGAGE,71597,23.92,703,Home Improvement,Fully Paid,4800.0,1043.33,0
LN-22750,BW-29440,2024-03-19,7800,6.7,A,6.9,MORTGAGE,115673,5.16,775,Credit Card Refinance,Current,4152.77,306.06,0
LN-22751,BW-23571,2024-03-04,31900,12.12,B,10.7,RENT,35576,14.1,707,Debt Consolidation,Current,15547.15,2072.75,0
LN-22752,BW-24148,2024-07-13,9800,23.74,E,2.8,MORTGAGE,31226,22.95,523,Debt Consolidation,Current,6786.08,1772.12,0
LN-22753,BW-10649,2025-06-28,17500,14.63,C,10.8,RENT,57343,13.3,631,Small Business,Current,8992.24,1447.12,0
LN-22754,BW-14372,2025-04-13,12900,14.01,C,8.5,MORTGAGE,60059,18.6,634,Credit Card Refinance,Current,5261.46,810.84,0
LN-22755,BW-27146,2024-09-04,29200,16.14,C,2.9,RENT,79693,7.94,659,Credit Card Refinance,Current,22814.77,4050.53,0
LN-22756,BW-24156,2024-03-10,22600,16.37,C,11.7,MORTGAGE,38108,26.92,677,Debt Consolidation,Current,11759.48,2117.53,3
LN-22757,BW-11504,2025-10-11,18400,10.1,B,8.5,MORTGAGE,57265,24.89,735,Personal,Fully Paid,18400.0,4088.48,0
LN-22758,BW-15508,2025-08-27,33900,7.6,A,7.3,MORTGAGE,68610,21.01,786,Home Improvement,Current,15609.74,1304.97,0
LN-22759,BW-29864,2024-03-19,33100,10.11,B,10.7,MORTGAGE,31592,21.32,739,Small Business,Current,7774.43,864.59,0
LN-22760,BW-20250,2025-01-09,7200,18.3,D,10.3,MORTGAGE,34168,33.4,588,Debt Consolidation,Fully Paid,7200.0,2898.72,0
LN-22761,BW-18978,2024-06-03,12600,27.32,E,10.8,MORTGAGE,139150,27.72,566,Credit Card Refinance,Charged Off,2106.79,287.79,0
LN-22762,BW-17112,2025-01-27,13300,9.74,B,7.8,RENT,129441,29.15,689,Major Purchase,Charged Off,1624.92,79.13,0
LN-22763,BW-19060,2024-03-08,30900,17.28,C,0.7,RENT,222148,32.66,668,Debt Consolidation,Fully Paid,30900.0,11746.94,0
LN-22764,BW-12008,2024-01-15,4300,16.54,C,2.1,MORTGAGE,104499,14.24,652,Credit Card Refinance,Fully Paid,4300.0,1564.68,0
LN-22765,BW-16958,2026-03-21,37800,16.93,C,9.0,OWN,38085,23.65,670,Debt Consolidation,Fully Paid,37800.0,14078.99,2
LN-22766,BW-10128,2025-11-24,27600,7.37,A,4.0,RENT,55639,10.74,752,Major Purchase,Current,16937.45,1373.12,0
LN-22767,BW-14234,2024-03-07,15400,11.51,B,9.2,RENT,46022,19.55,702,Debt Consolidation,Current,7180.83,909.16,0
LN-22768,BW-17380,2024-04-18,36600,17.26,C,4.4,MORTGAGE,103881,18.41,641,Debt Consolidation,Fully Paid,36600.0,13897.75,0
LN-22769,BW-29008,2024-03-11,4400,6.22,A,3.0,RENT,124795,9.58,830,Debt Consolidation,Fully Paid,4400.0,602.1,0
LN-22770,BW-13218,2026-01-28,8400,7.78,A,2.9,RENT,38345,25.42,795,Credit Card Refinance,Fully Paid,8400.0,1437.74,0
LN-22771,BW-20831,2024-05-14,33700,23.48,E,6.3,OWN,116009,7.31,576,Major Purchase,Fully Paid,33700.0,17408.07,0
LN-22772,BW-11422,2024-11-18,23800,6.89,A,3.0,MORTGAGE,255764,30.99,771,Debt Consolidation,Current,17898.83,1356.55,0
LN-22773,BW-15923,2026-05-26,33700,17.43,C,1.5,OWN,129129,28.3,632,Debt Consolidation,Fully Paid,33700.0,12922.6,0
LN-22774,BW-29596,2024-10-24,35400,18.43,D,1.5,MORTGAGE,68095,17.95,596,Debt Consolidation,Late 31-120 Days,10517.82,969.22,0
LN-22775,BW-28462,2025-10-08,39300,6.13,A,9.8,OWN,56089,28.35,837,Debt Consolidation,Late 31-120 Days,9383.87,287.62,3
LN-22776,BW-23040,2025-04-01,26000,7.53,A,8.8,MORTGAGE,37830,34.78,848,Debt Consolidation,Fully Paid,26000.0,4307.16,0
LN-22777,BW-25807,2024-03-02,4100,6.37,A,1.7,MORTGAGE,97345,6.43,741,Credit Card Refinance,Fully Paid,4100.0,574.57,0
LN-22778,BW-14604,2024-06-18,23200,10.71,B,4.4,RENT,43897,8.98,703,Debt Consolidation,Current,8942.2,1053.48,0
LN-22779,BW-10911,2025-10-26,13300,14.46,C,3.3,MORTGAGE,77601,17.49,675,Credit Card Refinance,Current,8730.52,1388.68,0
LN-22780,BW-27313,2024-07-27,7000,8.44,A,3.8,RENT,104444,15.32,782,Credit Card Refinance,Current,5550.07,515.27,4
LN-22781,BW-22007,2024-12-01,16000,19.18,D,1.7,MORTGAGE,75945,24.14,616,Major Purchase,Current,3321.03,700.67,0
LN-22782,BW-17492,2025-10-14,30100,15.82,C,8.6,MORTGAGE,70630,22.02,655,Personal,Charged Off,1583.6,125.26,1
LN-22783,BW-20684,2025-04-09,16300,13.18,B,1.6,RENT,38702,28.77,720,Debt Consolidation,Current,5507.95,798.54,0
LN-22784,BW-11476,2025-07-12,25700,14.43,C,3.6,MORTGAGE,59433,20.57,641,Debt Consolidation,Late 31-120 Days,7376.48,532.21,4
LN-22785,BW-28335,2025-09-13,9600,18.97,D,2.1,OWN,63128,10.04,622,Small Business,Current,2109.72,440.24,0
LN-22786,BW-20014,2024-12-02,26700,16.74,C,7.0,MORTGAGE,260814,24.52,673,Small Business,In Grace Period,1771.03,148.24,0
LN-22787,BW-27645,2025-06-01,4400,12.28,B,11.2,MORTGAGE,82692,37.24,681,Home Improvement,In Grace Period,620.55,38.1,0
LN-22788,BW-22849,2025-02-22,26300,12.25,B,4.8,MORTGAGE,113275,11.94,716,Debt Consolidation,Fully Paid,26300.0,7087.85,0
LN-22789,BW-21664,2025-08-07,32000,11.86,B,10.9,RENT,30537,19.1,701,Debt Consolidation,Fully Paid,32000.0,8349.44,3
LN-22790,BW-28532,2025-10-09,33000,10.88,B,9.1,MORTGAGE,34795,21.1,727,Credit Card Refinance,Fully Paid,33000.0,7898.88,0
LN-22791,BW-23528,2025-11-19,20000,26.76,E,11.1,RENT,49848,11.35,537,Debt Consolidation,Current,7039.78,2072.23,0
LN-22792,BW-24104,2024-03-30,25000,9.25,A,5.3,MORTGAGE,53013,29.54,778,Debt Consolidation,Fully Paid,25000.0,5087.5,0
LN-22793,BW-26816,2024-06-22,37800,16.31,C,5.1,MORTGAGE,75305,25.33,660,Personal,Current,13243.16,2375.96,0
LN-22794,BW-18349,2024-03-29,29000,21.81,D,10.7,RENT,38054,18.76,619,Credit Card Refinance,Charged Off,4057.35,442.45,4
LN-22795,BW-27702,2024-10-01,17300,11.72,B,3.1,MORTGAGE,37711,29.46,687,Debt Consolidation,Current,9538.7,1229.73,0
LN-22796,BW-16667,2026-03-29,35400,9.96,B,6.2,MORTGAGE,46181,10.28,723,Credit Card Refinance,Charged Off,5864.6,292.06,2
LN-22797,BW-15910,2026-04-13,5200,24.43,E,0.9,MORTGAGE,123007,11.43,533,Debt Consolidation,Fully Paid,5200.0,2794.79,0
LN-22798,BW-17105,2025-07-16,4200,17.95,D,8.3,MORTGAGE,50320,13.07,611,Credit Card Refinance,Fully Paid,4200.0,1658.58,0
LN-22799,BW-16137,2025-11-10,34300,11.96,B,0.9,RENT,61989,13.08,737,Small Business,Current,16861.01,2218.23,0
LN-22800,BW-28851,2026-02-05,24300,12.29,B,8.5,MORTGAGE,130820,37.92,721,Credit Card Refinance,Charged Off,4589.64,282.03,0
LN-22801,BW-16965,2026-03-07,31900,14.53,C,9.9,MORTGAGE,35707,21.84,643,Small Business,Current,13513.82,2159.91,2
LN-22802,BW-26148,2025-05-09,23200,13.1,B,4.0,OWN,57443,5.36,724,Credit Card Refinance,Current,18105.68,2609.03,0
LN-22803,BW-18339,2026-05-07,23800,14.7,C,1.1,MORTGAGE,85634,8.76,675,Debt Consolidation,Current,6377.29,1031.21,0
LN-22804,BW-10413,2026-02-11,11300,8.29,A,0.8,RENT,96663,27.55,809,Debt Consolidation,Current,7083.28,645.92,0
LN-22805,BW-21827,2024-10-24,20000,10.04,B,2.2,RENT,60750,16.43,707,Major Purchase,Current,15454.82,1706.83,0
LN-22806,BW-15487,2025-04-24,6700,7.1,A,10.7,MORTGAGE,46190,31.51,804,Personal,Current,4322.72,337.6,0
LN-22807,BW-14446,2024-06-22,17400,14.9,C,11.5,RENT,61765,13.47,662,Small Business,Current,5921.52,970.54,1
LN-22808,BW-11336,2024-01-13,3400,6.33,A,7.6,MORTGAGE,116676,36.2,849,Small Business,Fully Paid,3400.0,473.48,4
LN-22809,BW-27101,2024-09-22,32300,9.71,B,3.7,MORTGAGE,53975,5.09,700,Small Business,Current,9634.77,1029.09,0
LN-22810,BW-26036,2025-07-26,21000,15.3,C,5.6,MORTGAGE,37624,29.22,669,Major Purchase,Fully Paid,21000.0,7068.6,0
LN-22811,BW-10776,2024-12-01,37500,8.82,A,8.0,RENT,42868,12.67,783,Debt Consolidation,Fully Paid,37500.0,7276.5,3
LN-22812,BW-15354,2025-07-14,3500,7.69,A,5.6,RENT,79013,32.94,812,Small Business,Current,973.92,82.38,0
LN-22813,BW-12948,2024-03-15,34400,7.21,A,9.1,RENT,32071,22.63,765,Personal,Current,19192.54,1522.16,0
LN-22814,BW-15857,2025-05-01,29200,16.23,C,4.0,RENT,43147,14.01,670,Debt Consolidation,Fully Paid,29200.0,10426.15,0
LN-22815,BW-25102,2025-06-06,19000,9.26,A,1.1,MORTGAGE,120440,19.38,849,Debt Consolidation,Fully Paid,19000.0,3870.68,0
LN-22816,BW-12934,2024-09-09,22900,10.8,B,2.4,OWN,146617,7.65,699,Credit Card Refinance,Current,13616.03,1617.58,0
LN-22817,BW-14072,2024-03-13,17600,25.3,E,1.6,OWN,71973,19.49,564,Home Improvement,Fully Paid,17600.0,9796.16,0
LN-22818,BW-18780,2024-12-05,6000,11.82,B,7.0,MORTGAGE,30949,18.93,730,Credit Card Refinance,Charged Off,1919.09,113.42,0
LN-22819,BW-25292,2024-08-23,28900,20.04,D,9.2,RENT,58450,16.55,596,Debt Consolidation,Late 16-30 Days,5821.63,583.33,3
LN-22820,BW-14455,2025-06-20,28400,20.4,D,4.2,RENT,36212,22.56,621,Home Improvement,Current,13762.09,3088.21,0
LN-22821,BW-26450,2025-12-01,15200,14.44,C,6.2,RENT,45026,20.6,676,Small Business,Current,4530.29,719.59,0
LN-22822,BW-10983,2025-01-28,32500,10.36,B,10.8,MORTGAGE,37952,15.18,718,Debt Consolidation,Current,12076.95,1376.29,3
LN-22823,BW-18141,2024-03-20,7400,12.7,B,7.2,OWN,70913,12.91,702,Debt Consolidation,Fully Paid,7400.0,2067.56,0
LN-22824,BW-24875,2024-11-15,11000,13.4,B,5.2,MORTGAGE,35096,12.74,735,Debt Consolidation,Current,8397.91,1237.85,0
LN-22825,BW-11852,2024-05-16,6900,6.58,A,10.3,RENT,77796,27.81,747,Debt Consolidation,Current,3029.2,219.25,2
LN-22826,BW-15801,2024-08-10,23400,12.72,B,11.7,RENT,43618,11.0,713,Debt Consolidation,Fully Paid,23400.0,6548.26,0
LN-22827,BW-19283,2026-06-11,37900,16.49,C,3.7,RENT,137378,11.71,671,Credit Card Refinance,Fully Paid,37900.0,13749.36,0
LN-22828,BW-13448,2025-10-08,8800,11.46,B,5.9,OWN,104204,31.83,698,Credit Card Refinance,Current,5554.17,700.16,2
LN-22829,BW-22404,2026-02-09,39200,12.03,B,3.2,MORTGAGE,33593,18.46,687,Home Improvement,Current,22197.8,2937.43,0
LN-22830,BW-22694,2025-09-28,10200,6.51,A,3.8,MORTGAGE,113978,12.08,833,Personal,Fully Paid,10200.0,1460.84,0
LN-22831,BW-22276,2024-09-24,19900,12.93,B,9.3,RENT,57750,31.71,683,Debt Consolidation,Current,15249.81,2168.98,4
LN-22832,BW-17216,2024-09-23,33000,5.69,A,10.4,MORTGAGE,61628,23.4,799,Debt Consolidation,Current,10492.08,656.7,4
LN-22833,BW-13007,2024-06-21,33500,19.95,D,2.1,RENT,100638,17.67,623,Debt Consolidation,Fully Paid,33500.0,14703.15,0
LN-22834,BW-12326,2025-01-21,17100,12.47,B,11.1,MORTGAGE,43623,28.94,717,Credit Card Refinance,Fully Paid,17100.0,4691.21,0
LN-22835,BW-23540,2025-06-15,32500,17.04,C,3.3,MORTGAGE,70285,31.26,639,Debt Consolidation,Fully Paid,32500.0,12183.6,0
LN-22836,BW-11211,2024-06-17,24300,7.25,A,4.9,MORTGAGE,77836,8.38,784,Major Purchase,Fully Paid,24300.0,3875.85,1
LN-22837,BW-12667,2025-09-27,8700,14.33,C,5.3,MORTGAGE,134909,35.64,660,Credit Card Refinance,Current,5859.64,923.66,0
LN-22838,BW-26758,2025-07-15,12400,20.04,D,11.6,OWN,96315,28.17,585,Debt Consolidation,Late 16-30 Days,2003.56,200.76,0
LN-22839,BW-22944,2024-03-27,4800,10.24,B,9.3,RENT,118113,7.23,739,Credit Card Refinance,Current,1736.7,195.62,0
LN-22840,BW-10453,2024-12-28,36900,12.35,B,7.9,MORTGAGE,82004,7.24,714,Home Improvement,Fully Paid,36900.0,10025.73,2
LN-22841,BW-29627,2025-05-16,18900,12.17,B,8.6,MORTGAGE,67909,34.55,724,Major Purchase,Current,10683.84,1430.25,1
LN-22842,BW-10940,2024-08-01,26500,8.14,A,4.4,RENT,46348,33.0,816,Debt Consolidation,Current,12209.32,1093.22,0
LN-22843,BW-13267,2024-10-14,6400,26.77,E,1.0,MORTGAGE,64315,5.15,554,Debt Consolidation,Current,2162.76,636.87,1
LN-22844,BW-21173,2025-01-27,26200,10.99,B,11.7,RENT,279131,25.43,715,Debt Consolidation,Fully Paid,26200.0,6334.64,4
LN-22845,BW-23734,2024-03-30,34200,13.14,B,2.9,RENT,80672,31.31,700,Personal,Charged Off,6844.19,449.66,1
LN-22846,BW-14481,2024-10-27,34500,27.71,E,4.9,OWN,56802,16.39,528,Credit Card Refinance,Late 31-120 Days,5337.56,739.52,0
LN-22847,BW-17672,2026-02-21,11700,12.72,B,4.2,RENT,42238,30.51,721,Debt Consolidation,Current,6486.78,907.63,3
LN-22848,BW-23675,2026-03-29,12000,7.44,A,11.1,MORTGAGE,115065,31.81,850,Home Improvement,Current,7637.43,625.05,0
LN-22849,BW-20821,2024-03-25,24700,7.18,A,1.4,MORTGAGE,71690,26.13,841,Credit Card Refinance,Fully Paid,24700.0,3901.61,0
LN-22850,BW-15567,2026-06-17,34300,7.75,A,10.3,MORTGAGE,61480,19.13,837,Personal,Fully Paid,34300.0,5848.15,0
LN-22851,BW-23022,2025-03-24,21900,16.8,C,6.2,RENT,53457,13.88,672,Debt Consolidation,Late 31-120 Days,4775.98,401.18,0
LN-22852,BW-21222,2024-08-14,14500,7.16,A,7.1,MORTGAGE,32691,34.34,834,Credit Card Refinance,Fully Paid,14500.0,2284.04,0
LN-22853,BW-12267,2024-05-13,13200,10.9,B,8.6,RENT,81594,7.32,719,Credit Card Refinance,Fully Paid,13200.0,3165.36,0
LN-22854,BW-10713,2024-03-19,10200,7.09,A,3.6,RENT,73211,34.21,771,Credit Card Refinance,Late 31-120 Days,2342.38,83.04,0
LN-22855,BW-16188,2024-08-11,36000,13.12,B,5.7,RENT,61768,11.22,718,Credit Card Refinance,Current,8087.04,1167.12,4
LN-22856,BW-12161,2025-05-31,32600,13.44,B,6.0,MORTGAGE,53164,12.64,727,Debt Consolidation,Current,12229.08,1807.95,2
LN-22857,BW-18185,2024-08-15,25200,12.24,B,5.3,RENT,128580,11.57,720,Debt Consolidation,Current,13406.28,1805.02,1
LN-22858,BW-12189,2026-05-23,31900,15.54,C,0.9,MORTGAGE,37873,20.01,659,Small Business,Fully Paid,31900.0,10905.97,0
LN-22859,BW-24946,2025-05-31,10300,16.01,C,4.8,RENT,72846,34.68,633,Debt Consolidation,Charged Off,1537.25,123.06,0
LN-22860,BW-18195,2024-08-28,24000,19.28,D,2.8,MORTGAGE,88312,17.26,593,Debt Consolidation,Fully Paid,24000.0,10179.84,0
LN-22861,BW-14433,2025-11-01,30400,14.4,C,2.7,OWN,127782,7.3,673,Home Improvement,Fully Paid,30400.0,9630.72,0
LN-22862,BW-10933,2025-03-26,32300,11.29,B,5.8,MORTGAGE,34694,5.47,731,Debt Consolidation,Fully Paid,32300.0,8022.67,0
LN-22863,BW-19730,2024-09-07,38500,18.07,D,4.0,RENT,81295,23.56,606,Debt Consolidation,Current,13589.93,2701.27,4
LN-22864,BW-24863,2024-06-20,20400,25.73,E,3.4,RENT,68473,10.57,572,Debt Consolidation,Fully Paid,20400.0,11547.62,2
LN-22865,BW-26621,2026-02-23,9300,10.23,B,7.6,MORTGAGE,44875,13.73,714,Home Improvement,Fully Paid,9300.0,2093.06,0
LN-22866,BW-29390,2025-08-19,28000,17.31,C,8.2,RENT,69672,16.02,654,Home Improvement,Late 16-30 Days,7337.7,635.08,0
LN-22867,BW-20274,2024-01-07,7900,14.58,C,10.1,RENT,69216,32.21,650,Home Improvement,Charged Off,566.94,41.33,0
LN-22868,BW-19933,2025-05-29,35900,19.05,D,10.5,MORTGAGE,47246,30.99,611,Major Purchase,Current,23595.47,4944.43,0
LN-22869,BW-21359,2024-08-21,37500,13.26,B,9.3,MORTGAGE,34093,27.41,727,Small Business,Fully Paid,37500.0,10939.5,2
LN-22870,BW-11456,2026-04-28,20600,8.16,A,9.0,RENT,51826,28.47,799,Debt Consolidation,Current,7102.63,637.53,0
LN-22871,BW-23872,2025-09-24,3000,10.46,B,1.0,RENT,56937,21.08,699,Credit Card Refinance,In Grace Period,766.71,40.1,2
LN-22872,BW-21470,2026-06-13,21400,12.13,B,6.0,MORTGAGE,35815,35.41,725,Debt Consolidation,Fully Paid,21400.0,5710.8,4
LN-22873,BW-23094,2025-06-04,36500,16.25,C,6.1,OWN,90919,17.91,657,Debt Consolidation,Late 16-30 Days,5751.38,467.3,0
LN-22874,BW-20652,2025-08-02,35900,19.42,D,4.7,RENT,43627,37.35,617,Debt Consolidation,Late 31-120 Days,11856.57,1151.27,0
LN-22875,BW-18220,2024-03-14,18000,18.98,D,5.2,MORTGAGE,122269,33.5,624,Small Business,Charged Off,4069.87,386.23,0
LN-22876,BW-16156,2024-05-11,25300,6.09,A,2.7,MORTGAGE,273893,7.22,790,Home Improvement,Fully Paid,25300.0,3389.69,3
LN-22877,BW-28596,2025-06-03,20600,20.04,D,5.7,RENT,122994,29.87,613,Credit Card Refinance,Current,16361.37,3606.7,0
LN-22878,BW-12794,2025-08-07,12200,11.53,B,7.1,MORTGAGE,37355,11.76,683,Major Purchase,Fully Paid,12200.0,3094.65,0
LN-22879,BW-15912,2024-10-15,37800,18.19,D,9.3,RENT,55150,9.43,580,Credit Card Refinance,Fully Paid,37800.0,15126.8,0
LN-22880,BW-10327,2025-11-29,34800,25.75,E,1.8,OWN,63357,13.04,552,Debt Consolidation,Current,24433.53,6920.8,0
LN-22881,BW-21334,2025-04-26,18000,10.28,B,3.1,MORTGAGE,42724,16.49,680,Debt Consolidation,Fully Paid,18000.0,4070.88,0
LN-22882,BW-26067,2024-01-09,2600,6.74,A,5.7,RENT,68962,14.83,748,Credit Card Refinance,Current,1627.5,120.66,0
LN-22883,BW-15221,2026-06-04,9000,14.8,C,5.9,RENT,64287,19.67,663,Credit Card Refinance,Current,3857.06,627.93,0
LN-22884,BW-20645,2024-01-14,21800,5.82,A,2.0,RENT,37512,29.84,811,Small Business,Current,15279.24,978.18,0
LN-22885,BW-24066,2025-10-27,5000,9.37,A,10.4,MORTGAGE,118134,16.05,824,Debt Consolidation,Current,3623.86,373.51,0
LN-22886,BW-13076,2025-10-14,3600,15.42,C,8.0,RENT,82933,36.0,668,Debt Consolidation,Fully Paid,3600.0,1221.26,0
LN-22887,BW-17488,2024-11-30,8400,13.89,C,5.0,MORTGAGE,81468,36.4,645,Debt Consolidation,Current,3090.6,472.21,1
LN-22888,BW-26100,2025-11-13,15400,7.46,A,7.5,MORTGAGE,35669,27.72,767,Debt Consolidation,Fully Paid,15400.0,2527.45,0
LN-22889,BW-15088,2025-08-19,18000,13.32,B,8.7,MORTGAGE,130173,32.41,701,Credit Card Refinance,Current,4112.31,602.54,0
LN-22890,BW-18176,2025-02-11,7200,7.32,A,1.1,RENT,43199,33.32,748,Debt Consolidation,Fully Paid,7200.0,1159.49,0
LN-22891,BW-19571,2025-06-03,25000,6.14,A,9.6,RENT,233203,21.68,832,Credit Card Refinance,Current,7538.72,509.17,0
LN-22892,BW-20748,2024-03-27,5800,11.21,B,1.9,MORTGAGE,49238,18.2,716,Debt Consolidation,Fully Paid,5800.0,1430.4,0
LN-22893,BW-23563,2025-08-04,30700,8.31,A,10.2,MORTGAGE,83302,8.58,843,Debt Consolidation,Current,18233.63,1666.74,0
LN-22894,BW-28466,2025-11-18,24300,11.79,B,8.2,MORTGAGE,58588,14.78,696,Personal,Fully Paid,24300.0,6302.93,0
LN-22895,BW-20480,2024-12-14,34200,9.17,A,5.8,OWN,202316,16.33,808,Debt Consolidation,Charged Off,9269.58,425.01,0
LN-22896,BW-11112,2024-07-11,17500,7.88,A,8.6,MORTGAGE,55925,19.64,832,Debt Consolidation,Fully Paid,17500.0,3033.8,0
LN-22897,BW-21947,2025-10-14,31800,13.2,B,11.5,MORTGAGE,49370,7.87,717,Debt Consolidation,Fully Paid,31800.0,9234.72,0
LN-22898,BW-13475,2025-03-24,22600,26.62,E,7.0,RENT,111855,37.84,551,Debt Consolidation,Late 16-30 Days,5665.42,754.07,1
LN-22899,BW-17034,2025-05-03,25700,13.64,C,6.8,RENT,47993,18.07,666,Credit Card Refinance,Current,8529.93,1279.83,0
LN-22900,BW-16532,2024-01-01,16600,25.32,E,7.9,OWN,135748,18.88,577,Home Improvement,In Grace Period,1331.19,168.53,0
LN-22901,BW-10082,2024-02-04,24600,21.29,D,4.5,RENT,82138,21.14,592,Home Improvement,Late 16-30 Days,4116.27,438.18,0
LN-22902,BW-29694,2025-03-11,39800,20.2,D,3.3,RENT,66467,13.93,627,Small Business,Fully Paid,39800.0,17687.12,0
LN-22903,BW-26225,2026-05-20,18600,19.88,D,9.1,MORTGAGE,37899,9.11,612,Credit Card Refinance,Late 31-120 Days,2114.89,210.22,4
LN-22904,BW-15770,2024-02-03,21600,21.93,D,5.4,RENT,58375,6.61,629,Home Improvement,Fully Paid,21600.0,10421.14,0
LN-22905,BW-20022,2024-01-14,32000,8.83,A,0.7,MORTGAGE,69260,30.36,817,Small Business,Charged Off,2275.26,100.45,0
LN-22906,BW-11821,2026-02-15,12200,11.58,B,11.6,MORTGAGE,98739,19.55,700,Major Purchase,Fully Paid,12200.0,3108.07,0
LN-22907,BW-26257,2025-06-27,6400,7.72,A,3.8,MORTGAGE,138758,8.54,775,Debt Consolidation,Current,3488.92,296.28,0
LN-22908,BW-27159,2026-03-22,22800,6.68,A,3.0,RENT,85870,13.35,824,Debt Consolidation,Fully Paid,22800.0,3350.69,0
LN-22909,BW-12220,2024-06-19,30500,11.94,B,1.7,RENT,49101,24.07,735,Home Improvement,Current,11273.17,1480.62,0
LN-22910,BW-20273,2025-04-03,11800,16.57,C,7.0,RENT,199840,22.89,638,Home Improvement,Fully Paid,11800.0,4301.57,0
LN-22911,BW-22752,2026-05-07,24100,27.49,E,10.3,RENT,31188,15.57,553,Credit Card Refinance,Charged Off,2665.55,366.38,0
LN-22912,BW-20149,2024-07-18,13400,15.68,C,0.7,MORTGAGE,80828,28.09,648,Home Improvement,Charged Off,1071.68,84.02,1
LN-22913,BW-15278,2025-06-06,16900,26.62,E,8.4,MORTGAGE,126527,17.6,531,Small Business,Late 16-30 Days,867.38,115.45,2
LN-22914,BW-28325,2025-02-28,5400,12.82,B,1.4,MORTGAGE,57683,20.51,686,Home Improvement,Charged Off,979.1,62.76,0
LN-22915,BW-24821,2025-06-27,11000,12.58,B,6.2,MORTGAGE,131160,35.42,735,Debt Consolidation,Fully Paid,11000.0,3044.36,0
LN-22916,BW-20472,2024-01-14,9500,12.03,B,9.7,RENT,52196,27.43,738,Small Business,Current,1973.87,261.2,0
LN-22917,BW-27362,2026-06-20,16700,20.51,D,6.0,MORTGAGE,263772,16.27,591,Debt Consolidation,Fully Paid,16700.0,7535.37,3
LN-22918,BW-19234,2024-12-30,14100,9.97,B,7.1,MORTGAGE,81237,12.55,727,Debt Consolidation,Current,5827.06,639.05,0
LN-22919,BW-19737,2025-08-10,27100,22.99,E,8.3,MORTGAGE,46980,36.29,546,Home Improvement,Current,16919.01,4278.65,0
LN-22920,BW-21970,2024-12-18,32000,11.46,B,11.4,OWN,57355,22.93,695,Debt Consolidation,Charged Off,6015.49,344.69,0
LN-22921,BW-23777,2024-07-26,2800,20.9,D,6.2,MORTGAGE,88951,25.08,614,Personal,Fully Paid,2800.0,1287.44,0
LN-22922,BW-12218,2025-03-14,31000,12.34,B,10.4,OWN,37318,15.56,691,Major Purchase,Charged Off,10122.18,624.54,0
LN-22923,BW-21275,2024-10-12,38900,6.48,A,4.8,MORTGAGE,63538,16.87,819,Credit Card Refinance,Fully Paid,38900.0,5545.58,0
LN-22924,BW-21108,2024-07-26,22900,11.17,B,1.4,RENT,41050,32.19,714,Debt Consolidation,Fully Paid,22900.0,5627.45,0
LN-22925,BW-14762,2025-12-05,31500,20.89,D,5.8,MORTGAGE,42371,28.6,604,Home Improvement,Current,18243.61,4192.2,0
LN-22926,BW-25161,2025-12-01,26200,13.32,B,11.5,MORTGAGE,81550,5.81,693,Home Improvement,Current,15480.83,2268.25,0
LN-22927,BW-28358,2024-06-07,36900,15.83,C,9.2,MORTGAGE,77081,31.29,642,Major Purchase,Charged Off,8176.06,647.14,0
LN-22928,BW-15757,2024-12-22,40000,12.98,B,11.2,MORTGAGE,140256,17.93,728,Small Business,Current,21914.37,3128.93,0
LN-22929,BW-13106,2025-06-26,25500,18.82,D,11.0,MORTGAGE,41813,15.5,614,Home Improvement,Fully Paid,25500.0,10558.02,0
LN-22930,BW-12802,2025-06-01,10100,7.11,A,3.5,MORTGAGE,231005,35.19,743,Credit Card Refinance,Fully Paid,10100.0,1579.84,0
LN-22931,BW-20694,2025-08-21,18500,15.01,C,8.2,RENT,30297,31.18,636,Major Purchase,Current,10962.11,1809.95,1
LN-22932,BW-22015,2024-08-03,17000,13.14,B,1.2,MORTGAGE,120383,36.69,700,Debt Consolidation,Current,7343.33,1061.4,0
LN-22933,BW-27165,2025-06-17,16100,11.85,B,10.0,MORTGAGE,61459,19.5,734,Personal,Current,9509.31,1239.54,0
LN-22934,BW-25297,2025-01-31,3100,7.09,A,11.2,MORTGAGE,98720,23.29,771,Credit Card Refinance,In Grace Period,591.25,20.96,0
LN-22935,BW-14988,2026-03-12,21800,10.82,B,6.4,RENT,30467,31.73,683,Debt Consolidation,Fully Paid,21800.0,5189.27,0
LN-22936,BW-28709,2025-11-27,29000,10.59,B,1.4,RENT,78385,33.33,721,Debt Consolidation,Charged Off,9652.23,511.09,0
LN-22937,BW-22720,2024-10-24,33900,15.64,C,5.2,MORTGAGE,96726,15.1,653,Debt Consolidation,Current,17629.8,3033.03,0
LN-22938,BW-22398,2024-02-07,14200,12.07,B,2.3,RENT,73069,19.09,712,Debt Consolidation,Current,11210.29,1488.39,0
LN-22939,BW-11433,2024-09-25,3200,6.68,A,9.0,MORTGAGE,61971,8.43,815,Home Improvement,Current,1284.16,94.36,0
LN-22940,BW-13471,2025-07-12,18100,9.88,B,11.0,OWN,105465,25.67,681,Debt Consolidation,Current,7089.22,770.46,0
LN-22941,BW-17236,2024-08-04,36700,9.82,B,10.3,OWN,54991,14.04,691,Debt Consolidation,Current,19940.63,2153.99,0
LN-22942,BW-18331,2025-09-23,28300,12.1,B,10.2,OWN,80207,29.95,680,Debt Consolidation,Fully Paid,28300.0,7533.46,1
LN-22943,BW-10836,2025-11-03,15200,5.88,A,11.9,MORTGAGE,77896,35.69,809,Credit Card Refinance,Fully Paid,15200.0,1966.27,0
LN-22944,BW-18346,2026-02-15,28600,14.27,C,5.7,OWN,40380,14.66,665,Debt Consolidation,Current,8407.5,1319.73,0
LN-22945,BW-15895,2024-05-22,34700,5.69,A,6.3,OWN,108367,27.44,815,Home Improvement,Current,16110.95,1008.38,0
LN-22946,BW-10117,2025-05-03,34400,10.25,B,1.9,OWN,252752,30.06,682,Small Business,Fully Paid,34400.0,7757.2,0
LN-22947,BW-14452,2024-06-21,33200,23.63,E,3.7,MORTGAGE,49665,27.7,535,Debt Consolidation,Charged Off,9049.02,1069.14,2
LN-22948,BW-29672,2025-11-26,13600,15.57,C,5.1,RENT,65710,30.04,648,Small Business,Current,6651.74,1139.24,0
LN-22949,BW-18417,2025-06-19,9700,16.48,C,2.9,RENT,67434,37.52,631,Debt Consolidation,Current,3422.12,620.36,4
LN-22950,BW-23482,2024-10-05,39000,12.77,B,8.0,MORTGAGE,53068,29.88,701,Small Business,Current,19761.09,2775.84,0
LN-22951,BW-13467,2025-09-21,20800,13.15,B,4.3,MORTGAGE,70641,8.46,709,Small Business,Late 16-30 Days,2619.56,172.24,0
LN-22952,BW-28756,2024-01-11,37700,11.44,B,8.4,MORTGAGE,48612,33.19,711,Credit Card Refinance,Late 31-120 Days,9915.39,567.16,0
LN-22953,BW-27297,2026-03-10,30800,6.82,A,8.3,RENT,46519,20.8,802,Small Business,Current,13152.1,986.67,0
LN-22954,BW-10160,2025-07-25,12400,16.59,C,5.6,MORTGAGE,75806,9.88,660,Debt Consolidation,Late 31-120 Days,625.85,51.91,0
LN-22955,BW-29471,2024-08-09,25900,16.25,C,2.9,RENT,93701,5.16,667,Credit Card Refinance,Current,17203.53,3075.13,0
LN-22956,BW-14480,2025-07-26,18200,14.12,C,5.1,OWN,81664,14.56,657,Debt Consolidation,Current,6009.95,933.47,0
LN-22957,BW-24003,2024-09-11,33800,10.83,B,2.8,RENT,84292,23.26,696,Debt Consolidation,Current,16646.19,1983.06,0
LN-22958,BW-15135,2025-09-05,31100,9.64,B,7.5,RENT,65076,16.81,719,Small Business,Fully Paid,31100.0,6595.69,0
LN-22959,BW-23013,2024-10-24,33900,25.94,E,1.0,RENT,72658,34.03,555,Small Business,Current,7394.17,2109.85,4
LN-22960,BW-29739,2026-05-26,27700,8.41,A,6.1,MORTGAGE,79839,26.59,765,Credit Card Refinance,Current,10118.14,936.03,0
LN-22961,BW-11305,2026-05-30,33400,11.95,B,7.1,RENT,43664,17.85,703,Credit Card Refinance,Current,16284.67,2140.62,0
LN-22962,BW-29975,2025-07-08,10200,5.58,A,4.9,MORTGAGE,135680,34.6,800,Debt Consolidation,Fully Paid,10200.0,1252.15,0
LN-22963,BW-13164,2025-10-01,38700,20.71,D,11.1,MORTGAGE,51323,15.35,611,Credit Card Refinance,Fully Paid,38700.0,17632.49,0
LN-22964,BW-11038,2024-03-10,19600,16.17,C,5.9,MORTGAGE,129873,19.98,662,Debt Consolidation,Current,8910.28,1584.87,0
LN-22965,BW-29273,2024-02-02,14100,10.5,B,1.7,MORTGAGE,115317,7.31,695,Small Business,Current,10087.24,1165.08,0
LN-22966,BW-28216,2026-05-01,20400,7.04,A,11.0,MORTGAGE,79443,10.27,843,Debt Consolidation,In Grace Period,6949.05,244.61,0
LN-22967,BW-29229,2025-11-20,8700,7.54,A,10.2,OWN,35447,24.06,823,Credit Card Refinance,Current,5000.0,414.7,0
LN-22968,BW-27361,2024-08-07,4800,11.41,B,3.9,RENT,71938,31.23,694,Major Purchase,Current,2159.02,270.98,2
LN-22969,BW-22072,2025-12-28,33800,11.3,B,7.0,MORTGAGE,46188,13.42,719,Debt Consolidation,Current,8696.3,1080.95,0
LN-22970,BW-10074,2024-05-05,8100,11.04,B,0.6,MORTGAGE,256540,30.55,682,Credit Card Refinance,Late 16-30 Days,1432.43,79.07,0
LN-22971,BW-11322,2025-11-08,9100,7.6,A,5.6,RENT,49898,23.54,760,Debt Consolidation,Fully Paid,9100.0,1521.52,0
LN-22972,BW-20010,2025-01-18,25000,11.85,B,2.3,RENT,67523,34.57,727,Major Purchase,Charged Off,7645.22,452.98,0
LN-22973,BW-25743,2026-05-05,30000,21.96,D,8.4,OWN,43469,17.09,608,Major Purchase,Fully Paid,30000.0,14493.6,0
LN-22974,BW-17975,2025-10-25,30400,14.33,C,11.5,MORTGAGE,45870,9.71,667,Credit Card Refinance,Current,7085.82,1116.94,0
LN-22975,BW-26238,2024-08-17,6500,17.61,D,5.8,OWN,71222,14.55,620,Debt Consolidation,Current,2303.02,446.12,0
LN-22976,BW-15170,2025-05-21,17800,10.38,B,4.5,MORTGAGE,53064,18.1,686,Debt Consolidation,Current,5137.0,586.54,0
LN-22977,BW-10019,2024-01-10,10500,5.91,A,5.5,MORTGAGE,35103,36.6,795,Personal,Current,7119.57,462.84,0
LN-22978,BW-25024,2026-01-06,26100,10.42,B,2.3,RENT,51542,21.07,715,Debt Consolidation,Current,11447.03,1312.06,0
LN-22979,BW-15503,2024-08-25,17400,14.82,C,10.3,RENT,94427,37.47,634,Debt Consolidation,Fully Paid,17400.0,5673.1,0
LN-22980,BW-20124,2025-06-08,13100,11.23,B,11.9,MORTGAGE,81621,31.63,732,Major Purchase,In Grace Period,3222.75,180.96,0
LN-22981,BW-24281,2024-08-31,9400,22.31,E,7.6,MORTGAGE,105990,35.04,572,Debt Consolidation,Late 16-30 Days,2448.43,273.12,0
LN-22982,BW-25442,2025-02-19,18700,12.78,B,3.1,RENT,60141,19.49,725,Credit Card Refinance,Fully Paid,18700.0,5257.69,0
LN-22983,BW-10139,2024-12-08,39200,8.27,A,4.2,RENT,95275,14.16,792,Credit Card Refinance,Current,11759.95,1069.8,0
LN-22984,BW-24232,2024-08-17,3700,18.65,D,11.0,MORTGAGE,108967,15.99,613,Credit Card Refinance,Late 31-120 Days,433.17,40.39,0
LN-22985,BW-24535,2024-05-02,7500,10.9,B,10.4,OWN,75222,8.64,703,Debt Consolidation,Charged Off,400.05,21.8,0
LN-22986,BW-21973,2024-09-30,22400,13.74,C,11.8,MORTGAGE,95253,34.35,655,Credit Card Refinance,Fully Paid,22400.0,6771.07,1
LN-22987,BW-21261,2026-06-14,23500,9.23,A,11.2,RENT,185439,24.69,780,Debt Consolidation,Current,9122.35,926.19,3
LN-22988,BW-16130,2025-04-02,38200,25.19,E,4.3,MORTGAGE,54123,33.79,568,Debt Consolidation,Fully Paid,38200.0,21169.68,0
LN-22989,BW-29170,2026-02-22,19500,18.56,D,2.8,OWN,47071,11.53,591,Credit Card Refinance,Current,13344.65,2724.44,0
LN-22990,BW-10651,2024-10-10,18100,10.04,B,8.2,RENT,77729,7.94,697,Debt Consolidation,Fully Paid,18100.0,3997.93,1
LN-22991,BW-24140,2026-03-03,32200,10.1,B,9.4,RENT,59907,34.8,723,Debt Consolidation,Fully Paid,32200.0,7154.84,0
LN-22992,BW-26713,2025-09-22,24400,12.29,B,1.6,MORTGAGE,30079,19.61,690,Debt Consolidation,Current,8868.95,1198.99,0
LN-22993,BW-28204,2026-04-18,36900,15.76,C,7.4,RENT,66139,26.38,678,Credit Card Refinance,Current,10023.2,1737.62,3
LN-22994,BW-26886,2025-08-29,14600,15.63,C,1.8,RENT,66367,22.88,631,Debt Consolidation,Fully Paid,14600.0,5020.36,4
LN-22995,BW-11369,2026-05-08,15200,14.7,C,6.8,MORTGAGE,38774,6.1,631,Debt Consolidation,Fully Paid,15200.0,4915.68,0
LN-22996,BW-11580,2025-08-27,18700,8.38,A,4.4,RENT,127047,31.47,824,Credit Card Refinance,Charged Off,1969.36,82.52,1
LN-22997,BW-12244,2026-06-20,5300,27.79,E,1.6,MORTGAGE,112396,35.12,560,Credit Card Refinance,Late 31-120 Days,948.96,131.86,0
LN-22998,BW-23828,2026-06-03,29800,16.35,C,9.4,MORTGAGE,92521,23.68,676,Debt Consolidation,In Grace Period,8439.29,689.91,2
LN-22999,BW-26687,2024-01-01,2700,12.9,B,10.0,RENT,124245,24.1,704,Credit Card Refinance,Fully Paid,2700.0,766.26,2
LN-23000,BW-24179,2025-06-08,15800,12.56,B,4.7,RENT,82469,33.07,705,Debt Consolidation,Fully Paid,15800.0,4365.86,0
LN-23001,BW-19352,2025-10-26,27800,17.22,C,11.8,MORTGAGE,53758,18.07,666,Debt Consolidation,Charged Off,3647.39,314.04,3
LN-23002,BW-14724,2024-05-31,11000,12.6,B,10.6,RENT,97454,20.57,734,Debt Consolidation,Current,8096.08,1122.12,0
LN-23003,BW-28107,2026-04-14,27600,7.15,A,11.1,RENT,42633,23.76,767,Major Purchase,Current,18424.87,1449.12,0
LN-23004,BW-20505,2024-11-15,21400,8.25,A,6.8,MORTGAGE,83030,24.03,849,Credit Card Refinance,Current,4744.0,430.52,0
LN-23005,BW-18889,2024-05-07,23700,11.61,B,7.8,OWN,129259,35.62,702,Debt Consolidation,Current,4955.83,632.91,0
LN-23006,BW-22218,2024-09-02,18800,12.76,B,4.9,RENT,36427,10.39,709,Debt Consolidation,Fully Paid,18800.0,5277.54,0
LN-23007,BW-15702,2024-12-18,25300,10.4,B,5.9,MORTGAGE,66667,29.84,727,Debt Consolidation,Fully Paid,25300.0,5788.64,0
LN-23008,BW-25410,2024-03-23,5800,9.08,A,10.1,MORTGAGE,60552,19.99,742,Debt Consolidation,Current,1253.04,125.15,2
LN-23009,BW-21890,2026-03-06,13200,12.18,B,10.5,MORTGAGE,30580,20.01,716,Credit Card Refinance,Fully Paid,13200.0,3537.07,0
LN-23010,BW-13128,2025-12-18,9500,9.72,B,11.9,RENT,66169,12.87,693,Home Improvement,In Grace Period,1981.48,96.3,0
LN-23011,BW-23990,2025-10-11,12100,8.06,A,11.6,MORTGAGE,53273,20.91,835,Home Improvement,Current,2795.63,247.86,0
LN-23012,BW-12604,2024-06-26,30300,15.59,C,8.1,OWN,69352,32.92,645,Major Purchase,Current,20465.02,3509.55,0
LN-23013,BW-24646,2024-05-16,30500,10.33,B,5.9,MORTGAGE,45587,14.32,739,Major Purchase,Fully Paid,30500.0,6931.43,0
LN-23014,BW-14249,2025-01-05,9300,7.41,A,2.0,RENT,73599,20.05,838,Credit Card Refinance,Fully Paid,9300.0,1516.09,0
LN-23015,BW-15401,2025-03-18,37200,22.7,E,11.9,RENT,84442,22.37,579,Home Improvement,Current,12512.76,3124.44,0
LN-23016,BW-27407,2026-02-05,32900,13.01,B,3.1,MORTGAGE,82060,5.52,691,Debt Consolidation,Fully Paid,32900.0,9416.64,0
LN-23017,BW-20853,2026-06-20,19300,27.17,E,10.9,MORTGAGE,66161,20.67,539,Debt Consolidation,Charged Off,5027.05,682.92,0
LN-23018,BW-18009,2024-11-20,4500,10.11,B,8.3,RENT,84487,37.7,720,Debt Consolidation,Current,1119.28,124.48,0
LN-23019,BW-25538,2026-02-18,27400,16.11,C,7.3,RENT,76969,7.25,663,Small Business,Fully Paid,27400.0,9711.11,0
LN-23020,BW-17053,2026-03-15,31800,12.01,B,8.8,RENT,32569,15.82,698,Home Improvement,Fully Paid,31800.0,8402.2,0
LN-23021,BW-12118,2024-03-30,15000,14.27,C,1.8,MORTGAGE,71976,25.8,670,Debt Consolidation,Current,7145.64,1121.65,0
LN-23022,BW-28708,2025-09-29,13500,27.75,E,5.4,MORTGAGE,43140,36.68,542,Credit Card Refinance,Fully Paid,13500.0,8241.75,0
LN-23023,BW-28684,2026-03-18,29400,9.68,B,1.5,MORTGAGE,60073,9.07,715,Credit Card Refinance,Late 31-120 Days,8017.57,388.05,3
LN-23024,BW-23638,2026-06-06,24500,10.86,B,7.4,OWN,61941,8.55,700,Debt Consolidation,Current,15994.91,1910.75,3
LN-23025,BW-24591,2025-05-10,37800,12.38,B,1.6,RENT,83506,21.99,720,Home Improvement,Current,13749.31,1872.38,0
LN-23026,BW-25852,2024-07-22,25700,20.7,D,10.4,MORTGAGE,75827,31.93,588,Credit Card Refinance,Current,19786.7,4505.43,0
LN-23027,BW-24963,2024-07-29,10600,13.85,C,1.9,MORTGAGE,60177,35.03,671,Debt Consolidation,Fully Paid,10600.0,3229.82,0
LN-23028,BW-17602,2026-01-09,19200,12.25,B,11.4,RENT,45181,13.27,711,Home Improvement,Fully Paid,19200.0,5174.4,2
LN-23029,BW-27433,2024-04-04,26800,5.54,A,10.3,RENT,53152,19.44,830,Debt Consolidation,Fully Paid,26800.0,3266.38,0
LN-23030,BW-25642,2025-05-07,39700,5.84,A,1.4,OWN,83424,24.68,824,Debt Consolidation,Current,31675.41,2034.83,0
LN-23031,BW-23510,2024-06-23,5900,21.09,D,7.4,RENT,46303,8.95,627,Credit Card Refinance,In Grace Period,702.57,74.09,0
LN-23032,BW-26398,2025-08-09,17000,14.96,C,8.0,RENT,38027,37.63,642,Debt Consolidation,Current,4872.96,801.89,0
LN-23033,BW-27433,2026-02-03,38900,8.42,A,5.6,MORTGAGE,82088,30.06,800,Small Business,Charged Off,7770.89,327.15,0
LN-23034,BW-17339,2024-03-14,30600,13.29,B,8.0,OWN,39749,36.85,706,Credit Card Refinance,Current,13076.19,1911.61,0
LN-23035,BW-29906,2024-09-18,15000,14.29,C,2.9,MORTGAGE,65502,28.04,658,Home Improvement,In Grace Period,4653.7,332.51,2
LN-23036,BW-12085,2024-05-28,26900,21.99,D,7.7,RENT,41039,11.63,583,Debt Consolidation,Fully Paid,26900.0,13013.68,0
LN-23037,BW-21753,2026-05-17,38700,15.59,C,8.3,RENT,42741,31.72,677,Home Improvement,Fully Paid,38700.0,13273.33,0
LN-23038,BW-26430,2025-11-17,29900,13.01,B,1.7,RENT,135145,29.7,724,Credit Card Refinance,Fully Paid,29900.0,8557.98,0
LN-23039,BW-21956,2025-12-14,17200,20.16,D,11.2,RENT,45818,20.21,614,Credit Card Refinance,Late 31-120 Days,2720.4,274.22,0
LN-23040,BW-29161,2024-04-08,16900,8.27,A,8.7,MORTGAGE,31210,30.26,817,Debt Consolidation,Fully Paid,16900.0,3074.79,0
LN-23041,BW-15999,2024-08-05,31600,7.8,A,11.7,RENT,45671,32.24,767,Debt Consolidation,Current,13735.16,1178.48,0
LN-23042,BW-25432,2024-03-18,22900,6.5,A,9.9,OWN,43785,22.68,837,Major Purchase,Current,11203.09,801.02,0
LN-23043,BW-29907,2024-03-28,15700,5.75,A,11.9,RENT,47245,18.65,815,Major Purchase,Fully Paid,15700.0,1986.05,0
LN-23044,BW-21946,2024-11-26,35600,8.27,A,4.4,RENT,60258,27.8,786,Debt Consolidation,Fully Paid,35600.0,6477.06,0
LN-23045,BW-24325,2024-05-27,32400,7.93,A,2.7,MORTGAGE,120845,16.77,768,Debt Consolidation,Fully Paid,32400.0,5652.5,0
LN-23046,BW-26313,2026-05-20,17900,10.77,B,1.7,MORTGAGE,72987,26.92,690,Debt Consolidation,Current,6437.73,762.68,0
LN-23047,BW-21794,2025-07-17,37100,10.0,B,4.2,RENT,59889,9.06,680,Credit Card Refinance,Current,23580.19,2593.82,4
LN-23048,BW-11609,2024-12-12,30600,16.79,C,11.2,MORTGAGE,45734,29.66,652,Debt Consolidation,Fully Paid,30600.0,11303.03,0
LN-23049,BW-20487,2025-05-26,32600,11.5,B,6.6,OWN,33567,13.58,711,Small Business,Fully Paid,32600.0,8247.8,0
LN-23050,BW-24632,2024-12-04,26300,12.84,B,6.6,RENT,77969,17.83,730,Debt Consolidation,Current,8719.89,1231.6,0
LN-23051,BW-24555,2026-03-23,36000,9.31,A,5.6,RENT,76767,9.88,813,Debt Consolidation,Current,22155.72,2268.97,0
LN-23052,BW-15579,2025-05-25,10300,6.37,A,6.3,RENT,32433,34.24,777,Credit Card Refinance,Current,8159.31,571.72,1
LN-23053,BW-13778,2025-05-04,30700,14.58,C,7.4,MORTGAGE,70939,5.87,638,Debt Consolidation,Current,17958.19,2880.13,0
LN-23054,BW-29502,2026-02-08,16700,21.9,D,1.4,MORTGAGE,201930,23.88,606,Debt Consolidation,Current,6517.18,1569.99,4
LN-23055,BW-13051,2025-06-25,10200,7.06,A,5.5,MORTGAGE,39766,19.56,786,Home Improvement,Fully Paid,10200.0,1584.26,0
LN-23056,BW-19812,2025-07-02,6700,11.37,B,6.3,RENT,234951,25.85,695,Home Improvement,Current,2395.03,299.55,0
LN-23057,BW-29691,2024-10-11,11900,10.31,B,11.2,OWN,78518,20.73,710,Credit Card Refinance,Current,6951.1,788.32,1
LN-23058,BW-26632,2024-03-24,32000,21.57,D,3.7,RENT,109196,35.28,584,Debt Consolidation,Current,20914.31,4962.34,0
LN-23059,BW-25370,2024-03-02,26500,8.76,A,4.3,RENT,46147,5.94,745,Credit Card Refinance,Current,5495.49,529.55,0
LN-23060,BW-13712,2024-08-17,29900,10.71,B,5.5,MORTGAGE,71109,7.22,700,Debt Consolidation,Fully Paid,29900.0,7045.04,0
LN-23061,BW-19517,2026-03-04,37700,11.98,B,5.2,MORTGAGE,45379,35.04,695,Debt Consolidation,Fully Paid,37700.0,9936.21,0
LN-23062,BW-17757,2024-01-21,33300,10.82,B,2.8,MORTGAGE,36381,27.13,738,Home Improvement,Current,26590.69,3164.82,1
LN-23063,BW-13933,2026-05-30,26200,12.58,B,7.3,RENT,84430,21.64,700,Major Purchase,Fully Paid,26200.0,7251.11,0
LN-23064,BW-25600,2026-04-12,19600,11.89,B,11.8,MORTGAGE,45239,24.17,710,Debt Consolidation,Current,6827.77,893.0,0
LN-23065,BW-22609,2026-03-20,37400,11.56,B,5.2,RENT,82737,37.21,700,Debt Consolidation,Current,8719.78,1108.81,0
LN-23066,BW-19091,2026-01-16,37900,7.9,A,12.0,OWN,31519,34.53,760,Credit Card Refinance,Fully Paid,37900.0,6587.02,0
LN-23067,BW-10891,2024-05-31,38100,8.34,A,8.4,MORTGAGE,125119,18.36,828,Debt Consolidation,Current,11239.62,1031.12,0
LN-23068,BW-17785,2024-07-27,5000,7.2,A,0.7,RENT,55139,19.59,755,Credit Card Refinance,Fully Paid,5000.0,792.0,0
LN-23069,BW-24493,2025-05-21,27700,8.18,A,2.4,MORTGAGE,131969,15.04,804,Credit Card Refinance,Current,10782.34,970.19,0
LN-23070,BW-28042,2024-08-10,20400,6.85,A,9.8,OWN,62832,19.43,820,Debt Consolidation,Current,15653.61,1179.5,3
LN-23071,BW-10787,2024-11-21,31700,7.29,A,4.5,RENT,111788,22.65,748,Credit Card Refinance,Fully Paid,31700.0,5084.05,0
LN-23072,BW-24742,2024-06-08,35400,6.4,A,9.5,RENT,227452,23.37,812,Debt Consolidation,Current,27863.85,1961.62,0
LN-23073,BW-15591,2025-08-02,35700,23.64,E,4.1,MORTGAGE,37297,27.72,575,Debt Consolidation,Charged Off,12038.67,1422.97,0
LN-23074,BW-17069,2024-05-06,31700,18.5,D,0.9,MORTGAGE,67093,30.18,607,Small Business,Current,9419.02,1916.77,0
LN-23075,BW-23944,2026-03-14,15600,11.47,B,4.4,MORTGAGE,53010,16.74,739,Debt Consolidation,Current,11675.17,1473.06,0
LN-23076,BW-19522,2024-10-27,7400,11.48,B,1.7,OWN,70871,37.25,722,Debt Consolidation,Charged Off,1098.63,63.06,0
LN-23077,BW-27471,2025-05-11,19300,27.26,E,8.0,MORTGAGE,86691,11.97,553,Debt Consolidation,In Grace Period,5342.66,728.2,0
LN-23078,BW-14881,2025-04-23,5700,9.66,B,1.0,MORTGAGE,30697,6.96,698,Home Improvement,Current,4342.21,461.4,0
LN-23079,BW-18018,2025-10-12,33300,7.21,A,1.8,RENT,119276,7.84,827,Home Improvement,Current,14300.49,1134.17,0
LN-23080,BW-17568,2025-07-19,35200,5.68,A,8.0,RENT,68055,15.29,745,Home Improvement,Current,27082.1,1692.09,0
LN-23081,BW-14514,2025-09-30,14100,13.21,B,2.0,RENT,45648,31.06,704,Credit Card Refinance,Fully Paid,14100.0,4097.74,0
LN-23082,BW-21412,2024-10-26,10400,16.68,C,9.0,MORTGAGE,46587,12.18,655,Debt Consolidation,Current,7513.96,1378.66,0
LN-23083,BW-20656,2026-03-02,15600,12.45,B,9.4,MORTGAGE,81754,30.82,695,Home Improvement,Fully Paid,15600.0,4272.84,0
LN-23084,BW-16028,2024-09-23,31400,16.22,C,3.5,OWN,204956,29.08,632,Debt Consolidation,Current,17427.59,3109.43,0
LN-23085,BW-27982,2025-01-20,13800,21.31,D,0.7,RENT,77337,27.69,586,Debt Consolidation,Late 31-120 Days,2501.37,266.52,0
LN-23086,BW-26448,2025-02-20,38800,21.79,D,11.4,OWN,54818,34.29,612,Home Improvement,Current,28968.79,6943.53,0
LN-23087,BW-17530,2025-01-25,6100,16.25,C,10.4,MORTGAGE,109886,6.8,665,Credit Card Refinance,Current,2175.66,388.9,0
LN-23088,BW-15028,2025-05-27,7300,6.38,A,4.8,MORTGAGE,231536,18.28,753,Credit Card Refinance,Current,2214.3,155.4,0
LN-23089,BW-29136,2025-06-01,4700,6.96,A,4.6,RENT,46324,23.61,811,Debt Consolidation,Current,2212.81,169.41,0
LN-23090,BW-17587,2025-01-26,3900,18.01,D,8.0,MORTGAGE,270033,14.17,607,Small Business,Current,2715.13,537.89,0
LN-23091,BW-18273,2024-10-17,16400,6.55,A,5.6,MORTGAGE,87418,19.19,753,Debt Consolidation,Fully Paid,16400.0,2363.24,0
LN-23092,BW-26391,2026-05-09,12100,8.41,A,9.0,RENT,133401,26.78,787,Home Improvement,Current,8834.03,817.24,0
LN-23093,BW-25168,2024-07-15,9600,6.04,A,6.9,MORTGAGE,83161,23.07,817,Small Business,Current,5342.76,354.97,0
LN-23094,BW-15399,2024-05-03,20700,5.51,A,4.1,RENT,35689,26.78,842,Personal,Current,7388.2,447.8,0
LN-23095,BW-18855,2024-12-15,13100,10.34,B,0.5,RENT,130469,15.74,692,Credit Card Refinance,Fully Paid,13100.0,2979.99,0
LN-23096,BW-14698,2025-01-03,37700,10.41,B,9.9,MORTGAGE,59991,33.48,696,Credit Card Refinance,Fully Paid,37700.0,8634.05,0
LN-23097,BW-28862,2025-02-15,20500,12.61,B,8.2,RENT,126185,5.22,735,Debt Consolidation,Fully Paid,20500.0,5687.11,0
LN-23098,BW-12023,2024-07-29,5200,11.31,B,6.4,RENT,38974,17.91,710,Debt Consolidation,Current,3199.87,398.1,4
LN-23099,BW-16943,2025-02-23,11800,15.43,C,6.1,MORTGAGE,94926,10.1,658,Major Purchase,Charged Off,2172.94,167.64,0
LN-23100,BW-24384,2025-01-29,26300,21.38,D,3.9,MORTGAGE,137003,14.67,617,Debt Consolidation,Fully Paid,26300.0,12370.47,0
LN-23101,BW-25001,2025-03-03,9800,6.57,A,9.2,RENT,49122,7.41,818,Debt Consolidation,Current,5706.77,412.43,0
LN-23102,BW-23214,2025-05-28,18400,10.5,B,5.2,MORTGAGE,38540,19.49,721,Debt Consolidation,Current,5741.45,663.14,3
LN-23103,BW-14044,2024-07-31,11600,15.93,C,10.9,MORTGAGE,57033,6.36,651,Credit Card Refinance,Current,6036.72,1057.81,0
LN-23104,BW-20449,2024-09-12,22800,15.15,C,9.6,MORTGAGE,86031,5.37,647,Small Business,Fully Paid,22800.0,7599.24,0
LN-23105,BW-13907,2026-06-25,6600,9.32,A,10.5,OWN,82817,14.11,749,Small Business,Fully Paid,6600.0,1353.26,0
LN-23106,BW-25860,2024-03-27,34800,10.61,B,6.8,OWN,33088,24.13,685,Credit Card Refinance,Late 31-120 Days,5681.94,301.43,0
LN-23107,BW-26387,2025-02-24,17400,10.98,B,5.3,OWN,65446,36.37,698,Home Improvement,Fully Paid,17400.0,4203.14,0
LN-23108,BW-14703,2025-03-12,39700,14.01,C,4.1,RENT,58640,9.83,665,Credit Card Refinance,Fully Paid,39700.0,12236.33,1
LN-23109,BW-21054,2026-05-14,5400,19.93,D,1.0,OWN,43625,33.59,582,Debt Consolidation,Current,2965.47,650.12,0
LN-23110,BW-10578,2025-02-09,35000,12.11,B,5.0,MORTGAGE,54214,18.95,691,Debt Consolidation,Current,14857.55,1979.17,0
LN-23111,BW-17026,2024-07-19,19100,18.1,D,5.3,RENT,121514,12.46,582,Debt Consolidation,Charged Off,4885.23,442.11,0
LN-23112,BW-19193,2026-05-15,3500,11.95,B,9.2,MORTGAGE,51173,6.72,689,Credit Card Refinance,Current,2096.42,275.57,0
LN-23113,BW-25806,2025-06-19,36000,7.55,A,0.6,OWN,68648,19.81,781,Home Improvement,Current,25411.32,2110.41,0
LN-23114,BW-12068,2024-07-31,8200,9.06,A,3.2,MORTGAGE,64970,30.89,762,Small Business,Current,4468.49,445.33,0
LN-23115,BW-15723,2025-12-01,34500,10.76,B,11.6,MORTGAGE,40747,13.21,722,Home Improvement,Current,25383.4,3004.38,0
LN-23116,BW-22052,2024-02-23,25000,8.65,A,3.9,MORTGAGE,120194,20.0,786,Home Improvement,In Grace Period,7354.93,318.1,0
LN-23117,BW-28808,2026-05-12,33800,7.14,A,2.5,RENT,78083,12.99,816,Credit Card Refinance,Fully Paid,33800.0,5309.3,0
LN-23118,BW-21976,2025-05-26,4000,11.7,B,8.0,MORTGAGE,72033,33.86,703,Debt Consolidation,Current,3126.34,402.36,0
LN-23119,BW-11776,2025-08-24,32300,5.88,A,8.9,RENT,33786,30.27,749,Personal,Current,6505.83,420.8,1
LN-23120,BW-13604,2024-02-01,4300,18.76,D,9.8,RENT,77566,15.31,587,Debt Consolidation,Charged Off,1012.33,94.96,1
LN-23121,BW-20711,2026-01-31,10300,13.81,C,2.6,MORTGAGE,96414,37.66,666,Debt Consolidation,Current,6760.09,1026.93,0
LN-23122,BW-17429,2025-05-01,9600,21.58,D,3.2,RENT,104192,5.26,589,Credit Card Refinance,Charged Off,1772.77,191.28,0
LN-23123,BW-29073,2024-01-30,27500,16.57,C,3.9,MORTGAGE,66388,23.9,668,Credit Card Refinance,Fully Paid,27500.0,10024.85,0
LN-23124,BW-10380,2025-03-03,26400,16.71,C,0.6,OWN,40902,10.19,644,Credit Card Refinance,Current,11058.46,2032.66,0
LN-23125,BW-25461,2024-07-09,37900,5.94,A,9.7,RENT,73692,9.95,823,Credit Card Refinance,Current,29697.89,1940.46,0
LN-23126,BW-22332,2024-06-20,3300,19.04,D,6.0,MORTGAGE,53561,14.73,607,Debt Consolidation,Current,1385.34,290.15,0
LN-23127,BW-24542,2025-05-22,9700,5.84,A,3.8,MORTGAGE,52874,9.24,783,Credit Card Refinance,Current,5571.94,357.94,0
LN-23128,BW-26161,2025-12-21,37900,10.83,B,8.5,MORTGAGE,110806,22.25,709,Debt Consolidation,Current,28603.65,3407.55,0
LN-23129,BW-13779,2024-03-09,35000,17.39,C,5.1,OWN,66337,8.74,650,Debt Consolidation,Current,22189.7,4244.67,2
LN-23130,BW-26408,2026-01-28,37600,14.45,C,4.1,MORTGAGE,41936,19.64,673,Debt Consolidation,Fully Paid,37600.0,11953.04,0
LN-23131,BW-18640,2025-05-02,27000,14.81,C,1.6,RENT,76862,22.91,650,Small Business,Fully Paid,27000.0,8797.14,2
LN-23132,BW-10243,2024-02-07,6400,7.35,A,10.8,MORTGAGE,82305,26.46,789,Debt Consolidation,Fully Paid,6400.0,1034.88,0
LN-23133,BW-24809,2024-09-07,5800,26.14,E,3.0,RENT,55930,10.36,561,Debt Consolidation,Fully Paid,5800.0,3335.46,0
LN-23134,BW-22474,2026-01-23,27500,13.85,C,4.6,RENT,67009,33.12,634,Home Improvement,Fully Paid,27500.0,8379.25,0
LN-23135,BW-14255,2024-07-29,7100,16.92,C,9.5,MORTGAGE,31875,33.71,634,Major Purchase,Current,4353.01,810.18,0
LN-23136,BW-12284,2025-06-24,7900,12.17,B,10.1,RENT,81001,35.02,707,Credit Card Refinance,In Grace Period,937.31,57.04,0
LN-23137,BW-23940,2024-02-26,37000,12.71,B,10.8,MORTGAGE,58277,13.64,707,Debt Consolidation,Current,25308.61,3538.4,0
LN-23138,BW-21393,2026-05-15,17200,17.19,C,1.6,MORTGAGE,41073,9.85,657,Credit Card Refinance,Current,6397.96,1209.79,0
LN-23139,BW-16171,2024-11-27,2900,11.86,B,9.3,MORTGAGE,37655,6.11,700,Debt Consolidation,Fully Paid,2900.0,756.67,0
LN-23140,BW-13149,2026-01-30,27800,17.23,C,8.4,OWN,127813,26.15,671,Major Purchase,Current,9598.22,1819.15,0
LN-23141,BW-26264,2025-01-19,30600,11.85,B,6.7,RENT,31491,19.94,723,Debt Consolidation,Charged Off,6647.19,393.85,0
LN-23142,BW-17452,2026-05-07,26500,8.04,A,11.8,MORTGAGE,38987,21.12,775,Credit Card Refinance,Current,9086.07,803.57,0
LN-23143,BW-22160,2025-05-29,3800,20.94,D,11.8,RENT,49946,26.94,610,Credit Card Refinance,Fully Paid,3800.0,1750.58,2
LN-23144,BW-17910,2024-03-25,23600,13.44,B,1.4,RENT,88197,20.63,730,Credit Card Refinance,Current,6356.55,939.75,0
LN-23145,BW-23036,2026-01-11,8800,26.82,E,6.9,MORTGAGE,67608,5.7,542,Debt Consolidation,Fully Paid,8800.0,5192.35,0
LN-23146,BW-11065,2025-06-01,29900,11.67,B,7.4,MORTGAGE,45829,17.89,708,Debt Consolidation,Charged Off,9983.55,582.54,0
LN-23147,BW-29868,2024-10-02,5900,17.27,C,7.5,RENT,68876,16.43,636,Credit Card Refinance,Charged Off,1516.3,130.93,0
LN-23148,BW-22492,2024-02-25,39900,11.59,B,2.5,RENT,83607,29.59,714,Debt Consolidation,Fully Paid,39900.0,10173.7,0
LN-23149,BW-12917,2026-06-20,23300,11.95,B,9.3,RENT,115170,30.69,736,Personal,In Grace Period,2852.5,170.44,2
LN-23150,BW-22785,2024-05-06,37900,11.62,B,6.1,RENT,72690,34.43,702,Debt Consolidation,Current,23249.38,2971.74,0
LN-23151,BW-18559,2025-12-17,14300,10.34,B,1.6,RENT,39151,21.23,692,Credit Card Refinance,Fully Paid,14300.0,3252.96,0
LN-23152,BW-13317,2024-09-24,24800,18.41,D,8.3,RENT,59900,34.58,608,Debt Consolidation,Late 16-30 Days,6072.15,558.94,0
LN-23153,BW-19420,2026-06-09,32300,12.19,B,2.1,RENT,122132,12.47,734,Debt Consolidation,Current,22094.53,2962.66,4
LN-23154,BW-21932,2025-04-16,31900,11.14,B,4.6,RENT,117400,21.12,722,Debt Consolidation,Current,15066.34,1846.23,0
LN-23155,BW-13261,2025-10-13,6400,5.84,A,5.4,MORTGAGE,178952,26.77,781,Debt Consolidation,In Grace Period,1578.76,46.1,0
LN-23156,BW-25578,2026-03-05,13000,15.18,C,4.3,MORTGAGE,52907,22.33,666,Debt Consolidation,Fully Paid,13000.0,4341.48,0
LN-23157,BW-13394,2025-06-20,23400,21.37,D,2.5,MORTGAGE,58265,30.92,582,Home Improvement,Current,17126.24,4025.87,0
LN-23158,BW-25548,2025-07-29,39400,10.57,B,1.2,OWN,98580,37.17,680,Debt Consolidation,Current,30545.79,3551.56,0
LN-23159,BW-15552,2026-04-09,4500,6.06,A,1.9,MORTGAGE,33657,5.22,823,Debt Consolidation,Current,2105.21,140.33,0
LN-23160,BW-17598,2025-10-27,19200,7.66,A,1.4,MORTGAGE,69766,14.18,765,Home Improvement,Current,12369.75,1042.28,0
LN-23161,BW-14040,2024-11-16,8800,7.8,A,1.6,MORTGAGE,36844,32.8,790,Debt Consolidation,Current,4081.2,350.17,0
LN-23162,BW-10499,2026-01-10,10200,11.62,B,0.7,RENT,73336,13.71,734,Credit Card Refinance,In Grace Period,890.42,51.73,0
LN-23163,BW-28199,2025-05-18,29800,5.73,A,9.8,MORTGAGE,65227,22.65,757,Credit Card Refinance,Current,23398.12,1474.78,0
LN-23164,BW-21161,2026-06-24,31400,9.47,A,6.4,OWN,115442,8.31,794,Home Improvement,Fully Paid,31400.0,6541.88,0
LN-23165,BW-17089,2025-11-09,21000,11.22,B,9.1,MORTGAGE,109991,26.27,737,Major Purchase,Fully Paid,21000.0,5183.64,0
LN-23166,BW-17632,2024-12-11,39600,8.29,A,1.5,RENT,132097,24.48,753,Home Improvement,Current,8527.35,777.61,0
LN-23167,BW-16735,2024-01-09,25900,6.42,A,8.9,OWN,36236,37.09,803,Debt Consolidation,Current,8519.69,601.66,0
LN-23168,BW-16920,2025-05-03,16400,10.72,B,0.8,MORTGAGE,58987,9.28,738,Debt Consolidation,Current,4229.56,498.75,2
LN-23169,BW-24705,2026-03-19,11600,15.78,C,11.7,RENT,39783,16.89,660,Credit Card Refinance,Fully Paid,11600.0,4027.06,3
LN-23170,BW-20763,2024-05-02,37800,11.1,B,10.1,MORTGAGE,51578,25.6,738,Debt Consolidation,In Grace Period,11125.81,617.48,0
LN-23171,BW-11120,2025-07-04,14500,12.31,B,7.6,RENT,51488,35.37,724,Debt Consolidation,Charged Off,3354.53,206.47,0
LN-23172,BW-23579,2025-12-14,19300,24.19,E,6.7,RENT,38619,37.9,565,Debt Consolidation,Current,12889.98,3429.89,0
LN-23173,BW-24655,2025-01-13,16100,5.72,A,3.5,MORTGAGE,52204,7.8,821,Home Improvement,Fully Paid,16100.0,2026.02,0
LN-23174,BW-23756,2024-11-19,17300,5.69,A,6.1,MORTGAGE,121961,21.45,833,Home Improvement,Fully Paid,17300.0,2165.61,0
LN-23175,BW-17953,2026-01-25,13900,12.97,B,0.9,MORTGAGE,30787,6.1,685,Home Improvement,Current,3215.04,458.69,0
LN-23176,BW-10626,2024-02-11,2700,14.81,C,7.1,MORTGAGE,67811,6.62,646,Major Purchase,Fully Paid,2700.0,879.71,2
LN-23177,BW-23511,2025-07-02,10400,11.1,B,3.4,MORTGAGE,66510,29.15,730,Home Improvement,Fully Paid,10400.0,2539.68,0
LN-23178,BW-21838,2024-07-16,19100,15.26,C,5.2,RENT,59305,7.0,650,Major Purchase,Current,11803.96,1981.41,0
LN-23179,BW-12592,2025-01-16,15700,16.69,C,1.5,MORTGAGE,46618,27.48,654,Debt Consolidation,Charged Off,3964.42,330.83,0
LN-23180,BW-20810,2024-03-13,35100,21.74,D,7.4,MORTGAGE,92134,35.68,608,Debt Consolidation,Current,12426.58,2971.69,0
LN-23181,BW-18995,2026-04-22,38600,16.04,C,6.0,MORTGAGE,45866,12.55,674,Debt Consolidation,In Grace Period,4796.11,384.65,0
LN-23182,BW-23172,2025-01-23,12000,5.9,A,5.9,RENT,35313,14.65,805,Debt Consolidation,Fully Paid,12000.0,1557.6,0
LN-23183,BW-26550,2026-03-02,22800,5.84,A,7.5,RENT,66469,11.11,825,Credit Card Refinance,In Grace Period,1742.05,50.87,0
LN-23184,BW-17932,2024-06-09,29200,12.59,B,10.4,MORTGAGE,34161,31.96,739,Debt Consolidation,Current,13856.42,1918.98,0
LN-23185,BW-28831,2024-12-13,24000,22.23,E,1.6,OWN,69618,15.21,520,Credit Card Refinance,Fully Paid,24000.0,11737.44,0
LN-23186,BW-18358,2024-01-19,32500,25.69,E,10.8,RENT,37688,21.31,573,Debt Consolidation,Fully Paid,32500.0,18368.35,0
LN-23187,BW-17992,2024-02-16,37200,16.93,C,6.0,MORTGAGE,77399,19.94,660,Debt Consolidation,Fully Paid,37200.0,13855.51,0
LN-23188,BW-14850,2024-11-09,34300,22.88,E,4.5,MORTGAGE,48445,23.86,528,Home Improvement,Late 31-120 Days,10016.27,1145.86,0
LN-23189,BW-23116,2024-12-16,16800,9.08,A,9.2,MORTGAGE,124413,13.35,760,Debt Consolidation,Fully Paid,16800.0,3355.97,0
LN-23190,BW-16900,2025-08-11,30700,8.67,A,1.8,MORTGAGE,82521,19.77,793,Credit Card Refinance,Current,17714.22,1689.41,0
LN-23191,BW-24289,2025-05-07,12900,12.18,B,8.9,MORTGAGE,116781,19.7,734,Debt Consolidation,Current,10276.33,1376.82,0
LN-23192,BW-21646,2025-01-12,3200,9.48,A,9.8,MORTGAGE,53632,7.82,835,Debt Consolidation,Current,1131.61,118.0,0
LN-23193,BW-27636,2024-09-30,20900,13.47,B,4.2,RENT,242091,36.34,693,Credit Card Refinance,Fully Paid,20900.0,6193.51,0
LN-23194,BW-21696,2024-07-07,15200,6.34,A,4.4,RENT,110584,13.96,845,Debt Consolidation,Charged Off,4885.35,154.87,0
LN-23195,BW-28523,2025-12-24,20100,6.14,A,10.8,MORTGAGE,50647,22.42,833,Debt Consolidation,Fully Paid,20100.0,2715.11,3
LN-23196,BW-28736,2025-03-12,8400,8.87,A,4.3,MORTGAGE,82636,34.09,850,Home Improvement,Fully Paid,8400.0,1639.18,3
LN-23197,BW-23882,2025-07-07,28100,16.63,C,9.8,OWN,52040,15.11,657,Credit Card Refinance,In Grace Period,9029.67,750.82,0
LN-23198,BW-19354,2024-08-17,32600,25.96,E,2.8,RENT,266340,19.27,545,Small Business,In Grace Period,10145.15,1316.84,0
LN-23199,BW-27219,2025-02-02,39800,13.48,B,3.4,MORTGAGE,82177,24.35,716,Debt Consolidation,Current,24206.85,3589.39,0
LN-23200,BW-10711,2025-03-13,17100,14.94,C,10.3,MORTGAGE,45425,7.44,636,Debt Consolidation,Current,8859.47,1455.97,0
LN-23201,BW-26699,2026-02-06,9900,5.58,A,2.1,MORTGAGE,31752,29.89,748,Major Purchase,Current,6357.54,390.23,1
LN-23202,BW-25739,2024-01-04,25900,12.56,B,3.9,RENT,35827,8.22,697,Debt Consolidation,In Grace Period,4242.43,266.42,0
LN-23203,BW-21549,2024-09-10,18300,25.76,E,10.9,MORTGAGE,57733,13.67,539,Credit Card Refinance,Charged Off,1502.31,193.5,3
LN-23204,BW-29646,2024-07-12,27000,13.97,C,10.9,RENT,78485,5.91,635,Major Purchase,Fully Paid,27000.0,8298.18,0
LN-23205,BW-11951,2024-10-24,8300,8.09,A,11.9,RENT,75217,23.94,772,Credit Card Refinance,Current,4436.97,394.85,0
LN-23206,BW-25783,2024-11-09,20300,6.7,A,4.6,MORTGAGE,39404,20.82,771,Debt Consolidation,Fully Paid,20300.0,2992.22,0
LN-23207,BW-20633,2024-03-22,32100,13.01,B,1.1,MORTGAGE,138497,27.56,710,Debt Consolidation,Fully Paid,32100.0,9187.66,0
LN-23208,BW-12445,2024-10-11,19100,14.37,C,5.1,RENT,232406,25.01,657,Debt Consolidation,Fully Paid,19100.0,6038.27,0
LN-23209,BW-20001,2025-05-14,29500,10.16,B,8.3,RENT,46745,30.16,715,Small Business,Fully Paid,29500.0,6593.84,0
LN-23210,BW-26718,2025-06-02,38800,16.73,C,10.6,MORTGAGE,47252,19.6,663,Small Business,Fully Paid,38800.0,14280.73,0
LN-23211,BW-27641,2025-09-03,35200,7.27,A,4.9,MORTGAGE,32734,30.88,830,Debt Consolidation,Fully Paid,35200.0,5629.89,0
LN-23212,BW-22481,2024-01-19,27500,19.74,D,4.1,MORTGAGE,39230,6.66,584,Debt Consolidation,Late 16-30 Days,3551.95,350.58,0
LN-23213,BW-10260,2024-07-03,11800,14.57,C,5.8,MORTGAGE,93825,6.86,674,Home Improvement,Fully Paid,11800.0,3782.37,0
LN-23214,BW-13266,2024-03-05,24300,10.84,B,3.8,RENT,137453,17.21,685,Credit Card Refinance,Current,5302.51,632.27,2
LN-23215,BW-26749,2025-12-15,4700,21.18,D,4.0,MORTGAGE,42965,6.53,610,Debt Consolidation,Current,3723.62,867.53,0
LN-23216,BW-19018,2024-07-08,21200,9.31,A,7.0,MORTGAGE,79558,12.7,842,Small Business,Fully Paid,21200.0,4342.18,0
LN-23217,BW-24591,2026-06-14,4200,12.76,B,3.0,MORTGAGE,65470,32.77,722,Small Business,Charged Off,1042.27,66.5,0
LN-23218,BW-28536,2024-09-24,38100,13.19,B,2.5,MORTGAGE,139204,27.35,690,Debt Consolidation,Charged Off,1905.99,125.7,4
LN-23219,BW-22493,2024-10-04,14200,10.27,B,4.3,MORTGAGE,49449,7.81,721,Credit Card Refinance,Current,7461.98,842.98,2
LN-23220,BW-25432,2026-02-03,4500,9.33,A,1.5,RENT,136523,34.51,783,Credit Card Refinance,Current,1089.14,111.78,2
LN-23221,BW-23318,2026-02-13,34800,8.7,A,1.2,MORTGAGE,34951,31.29,829,Debt Consolidation,Current,17081.27,1634.68,0
LN-23222,BW-11628,2024-06-22,15600,14.18,C,10.2,RENT,38410,32.63,660,Credit Card Refinance,Charged Off,2655.33,188.26,0
LN-23223,BW-11864,2026-06-19,21000,16.64,C,4.9,MORTGAGE,82784,33.14,678,Credit Card Refinance,Charged Off,4314.8,358.99,0
LN-23224,BW-26351,2024-03-18,38700,11.09,B,1.8,MORTGAGE,69668,5.7,703,Credit Card Refinance,Current,23324.44,2845.35,0
LN-23225,BW-21603,2024-02-17,34400,8.45,A,11.0,RENT,61168,15.76,788,Major Purchase,Current,22032.27,2047.9,2
LN-23226,BW-19142,2025-12-17,3200,11.53,B,9.1,MORTGAGE,38538,22.78,720,Small Business,Current,723.76,91.79,0
LN-23227,BW-14058,2025-03-30,35400,19.41,D,3.1,RENT,77201,36.26,596,Small Business,Charged Off,3288.44,319.14,4
LN-23228,BW-26544,2025-03-15,19000,26.32,E,1.8,RENT,50366,5.35,525,Debt Consolidation,Current,14079.08,4076.18,0
LN-23229,BW-21794,2024-09-14,6400,11.13,B,7.1,RENT,262560,6.56,727,Personal,In Grace Period,1201.26,66.85,0
LN-23230,BW-10959,2024-01-07,29100,6.89,A,9.7,RENT,50912,22.72,754,Credit Card Refinance,Late 16-30 Days,5372.83,185.09,0
LN-23231,BW-18205,2025-05-08,25900,7.25,A,2.6,MORTGAGE,39304,35.39,807,Debt Consolidation,Current,11916.1,950.31,0
LN-23232,BW-13025,2025-10-12,6900,6.7,A,7.4,MORTGAGE,61592,11.77,850,Credit Card Refinance,Fully Paid,6900.0,1017.06,2
LN-23233,BW-15191,2024-10-14,18400,7.64,A,5.7,MORTGAGE,267213,32.35,765,Debt Consolidation,Fully Paid,18400.0,3092.67,4
LN-23234,BW-28881,2025-02-04,19900,12.75,B,1.7,RENT,210152,33.98,724,Personal,Current,14097.56,1977.18,0
LN-23235,BW-27678,2026-01-30,22500,12.71,B,0.8,MORTGAGE,60825,18.69,683,Credit Card Refinance,Late 31-120 Days,4900.63,311.44,2
LN-23236,BW-26085,2025-04-13,27000,12.4,B,10.0,RENT,31261,28.7,727,Home Improvement,Late 16-30 Days,8652.38,536.45,0
LN-23237,BW-21525,2025-02-27,30700,11.31,B,10.7,RENT,70844,19.37,704,Debt Consolidation,Current,16686.2,2075.93,0
LN-23238,BW-21377,2025-06-09,11600,10.12,B,6.7,RENT,62640,33.44,703,Debt Consolidation,Fully Paid,11600.0,2582.62,0
LN-23239,BW-11986,2025-01-31,39800,5.68,A,7.6,MORTGAGE,103082,35.15,810,Small Business,Fully Paid,39800.0,4973.41,3
LN-23240,BW-28322,2024-10-21,36800,17.15,C,9.7,MORTGAGE,63390,25.99,664,Major Purchase,Current,24023.1,4531.96,0
LN-23241,BW-10146,2026-03-20,34400,17.47,C,5.5,RENT,118770,29.92,645,Credit Card Refinance,Current,26584.09,5108.66,0
LN-23242,BW-19065,2025-10-05,25300,13.61,C,5.5,OWN,70525,33.14,664,Debt Consolidation,Fully Paid,25300.0,7575.33,2
LN-23243,BW-28521,2025-10-12,35600,10.71,B,10.4,MORTGAGE,38027,37.26,709,Debt Consolidation,Fully Paid,35600.0,8388.07,0
LN-23244,BW-28168,2026-05-19,22400,14.09,C,9.9,MORTGAGE,31890,5.78,671,Debt Consolidation,Fully Paid,22400.0,6943.55,0
LN-23245,BW-13721,2024-12-01,36100,13.1,B,12.0,OWN,106014,23.0,687,Credit Card Refinance,Current,14333.21,2065.42,0
LN-23246,BW-27764,2024-11-29,8500,6.73,A,6.3,MORTGAGE,96794,10.43,788,Debt Consolidation,Fully Paid,8500.0,1258.51,0
LN-23247,BW-21287,2024-02-27,5200,13.35,B,4.1,MORTGAGE,176710,32.79,703,Debt Consolidation,Late 31-120 Days,773.98,51.66,0
LN-23248,BW-12641,2025-09-29,7100,17.66,D,1.6,RENT,83433,37.45,603,Credit Card Refinance,Current,1932.75,375.46,0
LN-23249,BW-18756,2026-04-24,7300,12.8,B,1.5,RENT,73519,36.94,686,Credit Card Refinance,Late 16-30 Days,930.66,59.56,0
LN-23250,BW-19006,2026-03-01,33900,25.82,E,9.0,MORTGAGE,54440,12.14,578,Credit Card Refinance,Late 16-30 Days,5835.88,753.41,0
LN-23251,BW-22539,2024-06-03,10100,15.59,C,7.0,RENT,49133,23.72,669,Debt Consolidation,Current,3099.69,531.57,0
LN-23252,BW-11587,2026-04-29,19000,11.2,B,4.8,RENT,31678,9.91,682,Credit Card Refinance,Fully Paid,19000.0,4681.6,3
LN-23253,BW-16723,2025-03-16,5100,11.69,B,7.5,MORTGAGE,222035,12.32,732,Debt Consolidation,Current,1898.72,244.16,2
LN-23254,BW-16801,2026-03-22,28500,21.56,D,11.6,MORTGAGE,41466,24.67,600,Major Purchase,Charged Off,9567.38,1031.36,0
LN-23255,BW-13845,2024-04-20,32100,19.28,D,4.7,MORTGAGE,70947,35.66,594,Credit Card Refinance,Current,18310.53,3883.3,0
LN-23256,BW-23462,2026-04-12,32900,9.63,B,9.5,MORTGAGE,93437,11.94,689,Small Business,Fully Paid,32900.0,6970.19,0
LN-23257,BW-17841,2025-05-22,29700,14.87,C,1.7,OWN,48677,26.75,669,Major Purchase,Charged Off,1536.39,114.23,0
LN-23258,BW-18033,2024-06-05,4000,11.61,B,9.4,RENT,252392,21.49,709,Debt Consolidation,Fully Paid,4000.0,1021.68,0
LN-23259,BW-25207,2025-05-12,15900,11.21,B,4.1,OWN,193094,37.04,681,Debt Consolidation,Current,3732.21,460.22,0
LN-23260,BW-27231,2025-08-17,6000,7.76,A,11.7,RENT,63189,31.31,743,Home Improvement,Current,2260.58,192.96,0
LN-23261,BW-25293,2025-11-02,27300,22.12,E,4.7,RENT,47158,33.92,552,Credit Card Refinance,Current,12241.8,2978.67,3
LN-23262,BW-27281,2024-01-15,38000,13.03,B,11.2,MORTGAGE,35697,17.78,714,Debt Consolidation,Fully Paid,38000.0,10893.08,0
LN-23263,BW-23072,2025-01-13,14200,11.5,B,10.3,RENT,84314,33.56,683,Credit Card Refinance,In Grace Period,3572.65,205.43,0
LN-23264,BW-26501,2025-09-17,26200,11.93,B,11.2,MORTGAGE,257857,8.33,690,Small Business,Fully Paid,26200.0,6876.45,0
LN-23265,BW-29808,2025-07-13,23500,15.67,C,5.6,RENT,87706,5.14,646,Debt Consolidation,Current,9575.02,1650.45,0
LN-23266,BW-18434,2026-03-26,11800,27.84,E,10.9,RENT,52919,13.41,554,Debt Consolidation,Charged Off,1925.1,267.97,0
LN-23267,BW-14439,2025-03-08,28300,8.18,A,4.9,OWN,56551,18.94,804,Small Business,Fully Paid,28300.0,5092.87,0
LN-23268,BW-11838,2024-01-09,22400,6.39,A,4.2,MORTGAGE,126643,28.92,743,Credit Card Refinance,Current,7324.54,514.84,0
LN-23269,BW-20958,2024-03-23,22300,15.23,C,8.6,MORTGAGE,173220,5.76,663,Credit Card Refinance,Current,17233.64,2887.15,0
LN-23270,BW-13225,2025-05-04,39000,23.92,E,3.2,RENT,44405,8.94,530,Credit Card Refinance,Current,16872.12,4439.39,3
LN-23271,BW-29470,2026-04-06,8500,15.54,C,7.4,RENT,38258,12.46,664,Home Improvement,Late 16-30 Days,2080.66,161.67,0
LN-23272,BW-23385,2025-02-14,22000,28.0,E,5.5,OWN,31049,28.59,548,Debt Consolidation,Late 31-120 Days,1189.45,166.52,3
LN-23273,BW-24713,2024-05-08,34100,11.59,B,3.9,MORTGAGE,59104,16.32,700,Personal,Fully Paid,34100.0,8694.82,0
LN-23274,BW-19853,2025-04-19,24000,10.28,B,2.2,MORTGAGE,77651,6.81,691,Credit Card Refinance,Current,18950.54,2142.93,0
LN-23275,BW-18890,2024-08-26,8600,14.01,C,1.0,MORTGAGE,56482,28.67,663,Small Business,Current,5181.95,798.59,0
LN-23276,BW-17752,2025-05-28,35500,6.12,A,7.6,MORTGAGE,110578,18.97,822,Major Purchase,Fully Paid,35500.0,4779.72,3
LN-23277,BW-24114,2024-11-15,26600,19.24,D,11.8,MORTGAGE,64855,6.71,597,Debt Consolidation,Charged Off,6531.55,628.34,2
LN-23278,BW-28993,2024-06-01,3700,13.62,C,2.4,MORTGAGE,235849,29.08,655,Credit Card Refinance,Current,1655.95,248.09,0
LN-23279,BW-22791,2024-01-07,23700,15.96,C,7.8,RENT,78439,33.29,632,Credit Card Refinance,Charged Off,1941.36,154.92,0
LN-23280,BW-29427,2024-10-02,20300,9.75,B,10.5,MORTGAGE,72271,22.12,686,Debt Consolidation,Current,5646.97,605.64,0
LN-23281,BW-26086,2025-07-17,7400,6.22,A,8.9,MORTGAGE,35120,26.95,831,Debt Consolidation,Fully Paid,7400.0,1012.62,0
LN-23282,BW-24999,2026-03-03,39700,6.13,A,8.4,RENT,36471,17.33,792,Personal,Fully Paid,39700.0,5353.94,0
LN-23283,BW-13473,2024-04-30,30700,16.25,C,1.0,RENT,126105,7.17,655,Debt Consolidation,Current,7856.86,1404.41,0
LN-23284,BW-18284,2025-03-06,8000,7.13,A,0.5,OWN,73436,20.13,762,Home Improvement,Current,2834.73,222.33,0
LN-23285,BW-28851,2024-07-16,15900,12.23,B,7.9,RENT,94185,32.96,738,Debt Consolidation,Current,11658.81,1568.46,0
LN-23286,BW-18630,2026-05-08,35400,15.06,C,1.4,MORTGAGE,50975,11.34,666,Debt Consolidation,Fully Paid,35400.0,11728.73,0
LN-23287,BW-27612,2024-09-23,37400,17.2,C,8.8,RENT,124290,11.18,666,Debt Consolidation,Current,22584.49,4272.99,0
LN-23288,BW-15362,2024-10-07,6200,5.7,A,11.6,OWN,60794,35.48,850,Credit Card Refinance,Fully Paid,6200.0,777.48,1
LN-23289,BW-14387,2026-01-04,13300,6.68,A,7.4,MORTGAGE,131197,12.52,839,Debt Consolidation,Current,7393.28,543.26,0
LN-23290,BW-24960,2024-05-12,36200,10.75,B,6.5,MORTGAGE,131359,36.12,734,Debt Consolidation,Current,21063.86,2490.8,0
LN-23291,BW-18976,2024-01-11,13600,14.42,C,11.0,RENT,59853,23.58,679,Debt Consolidation,Fully Paid,13600.0,4314.46,0
LN-23292,BW-12440,2025-08-06,25500,14.74,C,0.8,MORTGAGE,49544,10.45,641,Credit Card Refinance,Fully Paid,25500.0,8269.14,0
LN-23293,BW-18508,2026-03-04,38500,10.99,B,2.0,OWN,34216,20.5,702,Credit Card Refinance,Charged Off,12548.48,689.54,0
LN-23294,BW-19312,2026-05-18,23800,7.38,A,6.4,MORTGAGE,50116,16.93,813,Credit Card Refinance,Fully Paid,23800.0,3864.17,0
LN-23295,BW-17490,2024-09-28,10900,12.14,B,3.5,OWN,170665,11.75,729,Small Business,Current,6867.36,917.07,0
LN-23296,BW-10879,2025-10-26,11500,17.91,D,6.4,MORTGAGE,30658,15.85,626,Debt Consolidation,Current,4526.48,891.76,0
LN-23297,BW-18830,2024-03-14,5200,18.29,D,10.4,RENT,80972,8.32,590,Debt Consolidation,Late 16-30 Days,741.37,67.8,4
LN-23298,BW-12579,2024-02-23,19900,15.88,C,4.2,MORTGAGE,82492,37.06,679,Personal,Current,8396.87,1466.77,0
LN-23299,BW-22157,2024-09-18,19100,12.21,B,11.4,RENT,93530,10.92,691,Debt Consolidation,Current,13830.57,1857.58,0
LN-23300,BW-16624,2026-01-26,25200,13.34,B,2.0,MORTGAGE,40967,6.74,711,Credit Card Refinance,Current,12316.7,1807.35,0
LN-23301,BW-17917,2025-03-21,9700,6.15,A,5.6,RENT,46944,24.43,823,Debt Consolidation,Current,3075.86,208.08,0
LN-23302,BW-13566,2024-08-17,32700,10.02,B,9.8,MORTGAGE,73721,23.0,723,Personal,Fully Paid,32700.0,7208.39,0
LN-23303,BW-24823,2025-03-05,30300,19.36,D,11.7,MORTGAGE,119558,5.59,589,Debt Consolidation,Fully Paid,30300.0,12905.38,0
LN-23304,BW-20344,2026-01-28,34500,9.21,A,7.4,RENT,48916,22.93,797,Debt Consolidation,Fully Paid,34500.0,6990.39,0
LN-23305,BW-21833,2024-03-13,24000,9.4,A,7.9,RENT,62653,30.54,797,Credit Card Refinance,Fully Paid,24000.0,4963.2,0
LN-23306,BW-19789,2024-02-21,19900,8.5,A,9.9,MORTGAGE,75096,16.91,849,Debt Consolidation,Current,13563.38,1268.18,0
LN-23307,BW-11420,2026-06-08,22100,27.78,E,2.5,RENT,77798,35.2,572,Debt Consolidation,Current,5167.88,1579.2,0
LN-23308,BW-14103,2024-01-03,9700,21.45,D,11.3,MORTGAGE,83603,25.26,606,Debt Consolidation,In Grace Period,1112.88,119.36,0
LN-23309,BW-22552,2026-06-10,33600,12.07,B,11.8,MORTGAGE,61181,10.54,738,Debt Consolidation,Current,16758.46,2225.02,0
LN-23310,BW-22609,2024-06-16,5400,6.77,A,9.4,RENT,75902,34.1,751,Debt Consolidation,Current,3541.28,263.72,0
LN-23311,BW-26121,2024-11-02,6100,7.91,A,2.0,RENT,106311,33.42,833,Major Purchase,Fully Paid,6100.0,1061.52,0
LN-23312,BW-13769,2026-02-20,24100,10.83,B,7.3,OWN,48497,37.08,723,Small Business,Fully Paid,24100.0,5742.07,2
LN-23313,BW-16635,2026-05-24,5300,11.34,B,6.9,MORTGAGE,59248,16.71,722,Major Purchase,Current,3177.13,396.32,0
LN-23314,BW-20859,2024-05-01,15600,17.09,C,0.6,MORTGAGE,168786,26.33,639,Credit Card Refinance,Current,11896.86,2236.49,4
LN-23315,BW-24239,2024-03-20,16500,14.67,C,5.7,RENT,30620,19.18,677,Debt Consolidation,Fully Paid,16500.0,5325.21,0
LN-23316,BW-25044,2026-02-26,11300,13.81,C,8.4,RENT,30313,37.83,647,Credit Card Refinance,Charged Off,3911.75,270.11,0
LN-23317,BW-22190,2025-02-08,34200,11.24,B,4.4,MORTGAGE,69930,32.64,721,Credit Card Refinance,Current,16237.78,2007.64,1
LN-23318,BW-29265,2026-03-22,22000,10.92,B,7.9,RENT,69718,25.27,707,Debt Consolidation,Current,13990.36,1680.52,0
LN-23319,BW-11786,2025-03-04,20700,14.06,C,7.5,MORTGAGE,39730,5.77,674,Debt Consolidation,Fully Paid,20700.0,6402.92,0
LN-23320,BW-20958,2025-07-10,35300,14.86,C,3.0,OWN,139812,14.78,679,Debt Consolidation,Current,27200.89,4446.26,0
LN-23321,BW-12303,2024-12-26,32600,17.87,D,7.8,RENT,43692,17.47,616,Debt Consolidation,Fully Paid,32600.0,12816.36,0
LN-23322,BW-11654,2024-10-02,4700,14.46,C,5.5,OWN,76038,24.01,659,Debt Consolidation,Late 31-120 Days,883.77,63.9,0
LN-23323,BW-25377,2025-11-20,23800,7.15,A,5.6,MORTGAGE,91810,25.52,744,Credit Card Refinance,In Grace Period,4482.87,160.26,0
LN-23324,BW-12268,2025-12-30,20900,7.55,A,10.4,MORTGAGE,34901,22.06,836,Credit Card Refinance,Current,14832.89,1231.87,0
LN-23325,BW-26539,2024-06-30,17200,9.44,A,2.3,MORTGAGE,79837,27.66,834,Home Improvement,Current,6057.52,629.01,0
LN-23326,BW-17678,2024-01-17,15000,10.6,B,0.6,RENT,31171,37.6,732,Debt Consolidation,Charged Off,5224.17,276.88,0
LN-23327,BW-17080,2024-10-10,29900,11.09,B,4.9,RENT,55758,36.91,728,Debt Consolidation,Late 31-120 Days,2924.64,162.17,0
LN-23328,BW-19626,2024-02-27,5500,8.06,A,9.2,MORTGAGE,70224,31.14,797,Debt Consolidation,Current,3311.36,293.59,1
LN-23329,BW-13467,2026-06-22,5700,11.43,B,4.8,MORTGAGE,48679,12.35,714,Personal,Fully Paid,5700.0,1433.32,0
LN-23330,BW-21946,2025-03-18,19000,9.7,B,1.7,MORTGAGE,65815,6.59,737,Debt Consolidation,Fully Paid,19000.0,4054.6,0
LN-23331,BW-18576,2025-05-21,25600,7.92,A,1.2,OWN,54254,34.96,768,Debt Consolidation,Current,18738.69,1632.51,0
LN-23332,BW-12380,2025-11-25,34100,13.68,C,7.7,MORTGAGE,78444,19.06,662,Debt Consolidation,Charged Off,6029.69,412.43,0
LN-23333,BW-12379,2024-04-15,35200,13.1,B,10.8,MORTGAGE,90291,17.83,707,Debt Consolidation,Fully Paid,35200.0,10144.64,0
LN-23334,BW-14984,2024-12-16,4400,17.07,C,10.1,RENT,60695,36.98,660,Credit Card Refinance,Current,2844.26,534.07,0
LN-23335,BW-15032,2025-12-19,24600,19.73,D,3.7,MORTGAGE,30381,28.17,623,Home Improvement,Current,9124.7,1980.33,1
LN-23336,BW-11924,2025-09-15,19300,21.41,D,2.8,RENT,54228,24.45,585,Credit Card Refinance,Fully Paid,19300.0,9090.69,0
LN-23337,BW-20161,2025-06-02,38700,15.98,C,7.5,OWN,102300,16.43,667,Debt Consolidation,Current,11946.3,2099.92,0
LN-23338,BW-29630,2024-05-28,37500,10.51,B,7.1,MORTGAGE,50657,32.56,696,Debt Consolidation,Current,24418.08,2822.97,0
LN-23339,BW-25514,2025-01-04,11300,11.25,B,1.1,RENT,40727,26.74,691,Credit Card Refinance,Current,4049.37,501.11,0
LN-23340,BW-18390,2024-12-13,7000,16.07,C,6.7,RENT,55991,26.38,637,Credit Card Refinance,Current,3928.49,694.44,0
LN-23341,BW-22145,2024-07-28,39100,9.43,A,10.5,MORTGAGE,33363,10.18,843,Credit Card Refinance,Fully Paid,39100.0,8111.69,1
LN-23342,BW-29981,2024-05-30,28100,8.76,A,6.2,OWN,80334,28.67,759,Personal,Current,9853.8,949.51,1
LN-23343,BW-28642,2025-01-17,20900,10.25,B,4.5,RENT,45812,34.25,680,Home Improvement,Late 31-120 Days,3680.39,188.62,0
LN-23344,BW-20672,2025-07-08,4100,14.27,C,9.4,OWN,104977,33.31,648,Credit Card Refinance,Charged Off,671.22,47.89,0
LN-23345,BW-21380,2025-10-17,35400,13.69,C,6.5,MORTGAGE,62405,10.19,657,Personal,Fully Paid,35400.0,10661.77,0
LN-23346,BW-25172,2025-03-04,7500,19.22,D,8.8,MORTGAGE,155857,27.32,614,Home Improvement,Late 31-120 Days,831.44,79.9,0
LN-23347,BW-12709,2025-04-05,34400,17.97,D,11.7,RENT,74463,25.99,592,Debt Consolidation,Current,27276.55,5391.76,0
LN-23348,BW-19854,2025-03-07,22900,16.55,C,9.3,MORTGAGE,116248,27.99,674,Home Improvement,Fully Paid,22900.0,8337.89,0
LN-23349,BW-17745,2024-09-11,28400,9.72,B,11.9,MORTGAGE,80969,33.02,731,Debt Consolidation,Current,14875.2,1590.46,0
LN-23350,BW-12465,2026-05-15,19500,16.72,C,9.7,RENT,34916,29.68,651,Debt Consolidation,Charged Off,4749.18,397.03,0
LN-23351,BW-22744,2024-01-13,8300,16.04,C,3.6,RENT,71770,10.58,654,Credit Card Refinance,Current,6026.32,1063.28,0
LN-23352,BW-19195,2025-06-14,30000,15.89,C,9.4,MORTGAGE,67618,9.03,673,Personal,Late 31-120 Days,2176.55,172.93,0
LN-23353,BW-22323,2025-06-25,38200,24.28,E,1.0,RENT,63266,26.71,522,Debt Consolidation,Charged Off,10166.26,1234.18,0
LN-23354,BW-12313,2025-12-18,9500,5.56,A,4.9,RENT,83837,21.73,828,Debt Consolidation,Fully Paid,9500.0,1162.04,0
LN-23355,BW-11875,2024-06-29,38300,11.93,B,3.3,OWN,50818,29.93,721,Debt Consolidation,Current,8454.23,1109.45,0
LN-23356,BW-19833,2025-11-24,27800,11.73,B,1.3,RENT,70913,32.16,717,Major Purchase,Current,14707.77,1897.74,0
LN-23357,BW-27006,2026-02-01,19800,17.05,C,11.3,MORTGAGE,31017,14.32,630,Credit Card Refinance,In Grace Period,6685.52,569.94,0
LN-23358,BW-10841,2026-03-11,27300,16.14,C,3.3,MORTGAGE,83512,14.44,665,Credit Card Refinance,Current,8890.3,1578.38,0
LN-23359,BW-14401,2024-08-17,10500,21.97,D,9.5,MORTGAGE,113281,23.45,606,Debt Consolidation,Current,2557.74,618.13,0
LN-23360,BW-26524,2025-08-06,31400,12.32,B,1.1,RENT,65266,37.45,682,Small Business,Current,12486.84,1692.22,0
LN-23361,BW-26797,2026-02-03,5000,25.66,E,8.7,MORTGAGE,61573,22.35,522,Debt Consolidation,In Grace Period,943.98,121.11,0
LN-23362,BW-17484,2024-08-05,10600,6.74,A,1.7,MORTGAGE,255544,9.33,740,Debt Consolidation,Current,2578.98,191.21,0
LN-23363,BW-24672,2025-07-18,34600,12.99,B,9.5,MORTGAGE,30555,22.35,711,Credit Card Refinance,In Grace Period,2553.71,165.86,0
LN-23364,BW-15464,2025-02-09,35000,7.02,A,0.8,MORTGAGE,102152,10.53,756,Home Improvement,Current,25652.05,1980.85,4
LN-23365,BW-21276,2024-03-06,34000,7.34,A,3.1,RENT,139107,30.01,824,Debt Consolidation,Current,24495.8,1977.79,1
LN-23366,BW-27800,2026-06-27,3600,13.32,B,8.0,MORTGAGE,257646,23.67,691,Credit Card Refinance,Current,2550.07,373.64,0
LN-23367,BW-20214,2025-04-21,11400,13.92,C,0.6,RENT,75439,18.3,675,Debt Consolidation,Fully Paid,11400.0,3491.14,0
LN-23368,BW-15135,2026-06-27,36100,11.29,B,0.9,RENT,39251,27.77,733,Major Purchase,Current,12173.43,1511.82,0
LN-23369,BW-21875,2025-08-13,3800,10.87,B,0.8,MORTGAGE,62288,32.82,684,Debt Consolidation,Current,2899.46,346.69,0
LN-23370,BW-11163,2025-02-09,27200,9.99,B,10.6,MORTGAGE,138094,5.97,694,Home Improvement,Fully Paid,27200.0,5978.02,4
LN-23371,BW-14909,2025-03-05,15200,16.09,C,3.9,RENT,81311,25.85,642,Credit Card Refinance,Current,5218.4,923.6,0
LN-23372,BW-17284,2026-06-13,25200,6.61,A,9.6,MORTGAGE,37382,24.41,768,Small Business,Current,15662.87,1138.85,4
LN-23373,BW-19779,2025-10-25,14100,13.77,C,1.7,OWN,234524,22.14,675,Debt Consolidation,Late 31-120 Days,2360.32,162.51,0
LN-23374,BW-17377,2024-04-10,13300,11.12,B,7.1,MORTGAGE,73643,10.32,727,Home Improvement,Current,8746.96,1069.93,0
LN-23375,BW-10696,2025-09-10,25000,28.36,E,2.1,MORTGAGE,35543,23.07,526,Major Purchase,Charged Off,6830.97,968.63,0
LN-23376,BW-13673,2026-04-14,24200,10.07,B,10.3,MORTGAGE,52120,10.33,727,Debt Consolidation,Current,11710.29,1297.15,0
LN-23377,BW-10684,2024-10-17,26400,16.18,C,3.7,MORTGAGE,33084,22.0,673,Home Improvement,Current,16896.56,3007.25,0
LN-23378,BW-21330,2025-07-23,2600,9.64,B,5.4,MORTGAGE,48287,32.9,736,Credit Card Refinance,Current,645.32,68.43,1
LN-23379,BW-22565,2024-05-26,5800,19.26,D,9.5,RENT,64909,14.62,598,Major Purchase,Current,3633.22,769.73,0
LN-23380,BW-13768,2024-12-29,13600,10.45,B,8.4,OWN,104362,24.16,735,Credit Card Refinance,Late 16-30 Days,2964.53,154.9,1
LN-23381,BW-10605,2024-05-18,18400,6.28,A,11.8,RENT,49095,35.27,780,Credit Card Refinance,Current,11274.72,778.86,0
LN-23382,BW-16656,2025-06-18,12300,7.76,A,5.2,RENT,33042,6.87,760,Home Improvement,Current,7698.07,657.11,0
LN-23383,BW-24481,2024-06-20,4700,14.75,C,1.0,MORTGAGE,85396,19.12,661,Credit Card Refinance,In Grace Period,474.42,34.99,0
LN-23384,BW-16624,2025-08-12,39800,11.36,B,8.1,MORTGAGE,101686,23.02,691,Credit Card Refinance,Fully Paid,39800.0,9946.82,0
LN-23385,BW-26114,2025-07-16,25500,13.41,B,4.8,MORTGAGE,56306,16.58,708,Home Improvement,Fully Paid,25500.0,7523.01,0
LN-23386,BW-24601,2026-02-20,3500,16.01,C,2.7,RENT,134490,35.27,636,Credit Card Refinance,Current,1840.68,324.16,0
LN-23387,BW-23870,2025-02-22,13200,16.77,C,8.0,MORTGAGE,78448,14.17,654,Credit Card Refinance,Current,10559.78,1947.96,0
LN-23388,BW-25189,2026-02-01,12300,13.11,B,6.9,MORTGAGE,75062,16.65,715,Debt Consolidation,Fully Paid,12300.0,3547.57,0
LN-23389,BW-20017,2025-06-10,24300,13.04,B,3.3,RENT,60174,34.18,736,Credit Card Refinance,Current,4980.79,714.44,0
LN-23390,BW-20975,2024-01-12,14600,20.58,D,9.3,RENT,33508,16.01,589,Major Purchase,Late 16-30 Days,4842.08,498.25,0
LN-23391,BW-27744,2026-03-08,32200,16.96,C,9.3,MORTGAGE,41054,22.46,666,Debt Consolidation,Fully Paid,32200.0,12014.46,0
LN-23392,BW-16722,2025-11-17,10700,9.38,A,9.8,RENT,72208,5.49,802,Major Purchase,Current,7352.11,758.59,0
LN-23393,BW-27278,2026-06-10,24700,15.41,C,3.8,OWN,78231,27.97,655,Small Business,Late 16-30 Days,7645.14,589.06,0
LN-23394,BW-20760,2026-02-16,39200,13.74,C,0.6,RENT,56656,14.68,652,Debt Consolidation,Current,29859.58,4512.98,0
LN-23395,BW-24303,2024-11-08,20200,11.37,B,7.3,MORTGAGE,70278,23.23,707,Credit Card Refinance,Fully Paid,20200.0,5052.83,0
LN-23396,BW-20401,2025-07-30,36800,11.97,B,9.1,MORTGAGE,77077,25.62,718,Home Improvement,Fully Paid,36800.0,9690.91,0
LN-23397,BW-17424,2026-06-01,30900,9.29,A,2.4,MORTGAGE,64316,11.29,802,Credit Card Refinance,Fully Paid,30900.0,6315.34,0
LN-23398,BW-20697,2025-02-10,9700,8.24,A,5.2,RENT,40523,34.46,779,Credit Card Refinance,Current,6921.48,627.36,4
LN-23399,BW-26613,2025-08-20,32900,17.75,D,5.6,MORTGAGE,55627,25.7,602,Home Improvement,Late 31-120 Days,9466.38,840.14,2
LN-23400,BW-16097,2024-03-09,19800,8.42,A,10.5,OWN,113930,22.63,767,Small Business,Current,4853.91,449.57,0
LN-23401,BW-16316,2024-05-07,30600,16.39,C,3.8,RENT,129169,9.72,657,Credit Card Refinance,Late 31-120 Days,8327.3,682.42,0
LN-23402,BW-22509,2024-08-22,20600,10.6,B,11.1,OWN,35589,31.11,714,Debt Consolidation,Current,7976.76,930.09,0
LN-23403,BW-20604,2024-11-30,31700,22.51,E,11.2,OWN,70010,21.89,526,Home Improvement,Fully Paid,31700.0,15698.47,0
LN-23404,BW-17582,2024-05-07,10900,21.51,D,5.9,MORTGAGE,50905,11.41,597,Debt Consolidation,Charged Off,2729.02,293.51,0
LN-23405,BW-13409,2024-03-11,27900,13.38,B,5.2,RENT,119019,36.15,736,Debt Consolidation,Fully Paid,27900.0,8212.64,0
LN-23406,BW-14255,2025-12-10,5000,8.63,A,3.7,RENT,121422,11.77,795,Credit Card Refinance,Fully Paid,5000.0,949.3,0
LN-23407,BW-27862,2025-04-07,6000,20.08,D,5.8,RENT,44219,7.82,624,Credit Card Refinance,Fully Paid,6000.0,2650.56,0
LN-23408,BW-29315,2025-06-21,2600,5.53,A,9.0,RENT,105024,34.64,769,Debt Consolidation,Current,878.58,53.44,0
LN-23409,BW-12651,2025-07-22,23500,12.43,B,5.1,MORTGAGE,188477,37.14,692,Credit Card Refinance,Current,7568.85,1034.89,0
LN-23410,BW-25566,2025-08-16,15500,11.78,B,8.0,RENT,81942,11.85,703,Debt Consolidation,Fully Paid,15500.0,4016.98,0
LN-23411,BW-27528,2025-05-30,4400,19.74,D,3.4,RENT,35731,12.87,606,Home Improvement,Charged Off,1426.31,140.78,0
LN-23412,BW-27075,2025-12-08,20200,18.96,D,5.7,MORTGAGE,30437,18.65,580,Small Business,Fully Paid,20200.0,8425.82,0
LN-23413,BW-12325,2025-11-16,5300,11.23,B,0.5,OWN,66265,22.53,714,Credit Card Refinance,Fully Paid,5300.0,1309.42,0
LN-23414,BW-17254,2026-03-22,31600,21.74,D,7.4,OWN,71558,34.46,583,Debt Consolidation,Late 16-30 Days,5827.4,633.44,0
LN-23415,BW-13159,2024-06-01,18300,6.48,A,3.6,RENT,72831,22.05,839,Debt Consolidation,Fully Paid,18300.0,2608.85,0
LN-23416,BW-15712,2026-03-29,28000,24.75,E,1.0,RENT,35485,16.24,575,Small Business,Current,19568.43,5327.51,0
LN-23417,BW-15219,2024-03-27,13000,13.85,C,3.2,OWN,31703,21.21,666,Debt Consolidation,Fully Paid,13000.0,3961.1,0
LN-23418,BW-14928,2024-07-25,8400,5.92,A,7.0,RENT,66733,37.58,850,Home Improvement,Fully Paid,8400.0,1094.02,4
LN-23419,BW-24628,2025-12-20,26700,8.77,A,4.0,MORTGAGE,40804,23.35,809,Debt Consolidation,In Grace Period,8757.61,384.02,0
LN-23420,BW-14257,2024-12-05,25400,13.4,B,9.7,RENT,76689,26.46,692,Small Business,Fully Paid,25400.0,7487.92,0
LN-23421,BW-23357,2025-07-15,5300,12.61,B,6.9,MORTGAGE,49075,18.63,698,Credit Card Refinance,Current,1757.39,243.77,0
LN-23422,BW-23260,2024-12-28,36500,19.43,D,11.2,MORTGAGE,237395,21.74,585,Debt Consolidation,Charged Off,7101.28,689.89,0
LN-23423,BW-26251,2025-11-28,11300,17.36,C,10.7,OWN,59051,7.43,662,Personal,Fully Paid,11300.0,4315.7,0
LN-23424,BW-16286,2024-07-05,12600,5.65,A,5.6,OWN,60892,15.71,756,Small Business,Current,8925.1,554.69,0
LN-23425,BW-12039,2025-02-11,23300,16.68,C,2.3,RENT,83885,35.13,667,Credit Card Refinance,Current,14771.52,2710.28,0
LN-23426,BW-24357,2026-01-13,32200,5.51,A,8.8,MORTGAGE,36826,37.76,846,Home Improvement,Current,12313.67,746.33,0
LN-23427,BW-12950,2026-05-23,3100,14.84,C,7.7,MORTGAGE,50630,18.64,637,Major Purchase,Charged Off,922.74,68.47,0
LN-23428,BW-10100,2024-06-19,7300,20.59,D,10.5,RENT,125937,15.03,595,Debt Consolidation,Fully Paid,7300.0,3306.75,0
LN-23429,BW-29269,2025-06-17,16200,24.49,E,3.8,MORTGAGE,41762,20.67,543,Small Business,Charged Off,3894.16,476.84,0
LN-23430,BW-10352,2025-05-05,35800,11.14,B,8.4,OWN,46233,37.69,735,Small Business,Current,22562.76,2764.84,0
LN-23431,BW-19301,2026-06-18,16700,12.51,B,1.8,MORTGAGE,76525,8.84,739,Debt Consolidation,Current,10093.94,1389.03,2
LN-23432,BW-16346,2025-01-20,13500,16.74,C,11.8,MORTGAGE,111600,27.89,640,Home Improvement,Current,8389.28,1544.8,0
LN-23433,BW-19612,2025-01-28,12400,19.06,D,2.9,OWN,106506,30.92,603,Debt Consolidation,Fully Paid,12400.0,5199.57,0
LN-23434,BW-15919,2025-08-25,26100,11.73,B,5.3,RENT,100432,25.06,732,Major Purchase,Current,14434.12,1862.43,0
LN-23435,BW-11644,2024-01-21,13300,15.62,C,6.8,MORTGAGE,223945,14.54,632,Debt Consolidation,In Grace Period,4579.7,357.67,0
LN-23436,BW-27250,2025-09-19,35500,10.07,B,5.6,RENT,56901,33.6,716,Debt Consolidation,Charged Off,3529.22,177.7,0
LN-23437,BW-29900,2024-07-21,28200,13.28,B,2.9,MORTGAGE,104288,7.8,684,Credit Card Refinance,Fully Paid,28200.0,8238.91,0
LN-23438,BW-20601,2026-02-12,17000,18.42,D,4.3,RENT,52003,33.11,605,Home Improvement,Current,4737.42,959.9,0
LN-23439,BW-22503,2025-01-14,28700,13.4,B,7.9,RENT,72837,26.36,708,Debt Consolidation,In Grace Period,8215.39,550.43,0
LN-23440,BW-17737,2026-01-31,27100,20.27,D,5.1,MORTGAGE,267563,26.24,617,Debt Consolidation,Charged Off,9096.1,921.89,0
LN-23441,BW-29709,2024-05-01,31700,11.44,B,4.9,MORTGAGE,80666,24.23,701,Credit Card Refinance,Fully Paid,31700.0,7978.26,4
LN-23442,BW-20018,2024-05-21,23500,13.12,B,4.3,OWN,60698,29.31,693,Credit Card Refinance,Fully Paid,23500.0,6783.04,0
LN-23443,BW-23227,2026-05-11,31200,11.11,B,7.1,MORTGAGE,33967,22.19,697,Debt Consolidation,Current,24775.93,3027.87,0
LN-23444,BW-10267,2025-07-06,39500,7.76,A,6.5,OWN,83962,14.8,750,Credit Card Refinance,Fully Paid,39500.0,6743.44,0
LN-23445,BW-11250,2024-02-24,20000,8.66,A,9.1,OWN,39348,11.15,773,Credit Card Refinance,Current,8347.61,795.19,0
LN-23446,BW-14933,2024-10-10,26800,10.58,B,6.0,OWN,54178,23.14,732,Credit Card Refinance,Current,12698.49,1477.85,0
LN-23447,BW-18050,2026-06-22,8800,10.53,B,7.5,RENT,75024,23.44,714,Credit Card Refinance,Charged Off,1269.35,66.83,0
LN-23448,BW-29606,2025-04-25,19700,7.64,A,7.5,MORTGAGE,51220,34.39,801,Debt Consolidation,Current,5196.61,436.72,0
LN-23449,BW-17061,2025-05-04,33900,13.38,B,10.1,MORTGAGE,106123,35.7,708,Credit Card Refinance,Current,12973.15,1909.39,0
LN-23450,BW-22924,2025-03-26,9300,13.86,C,9.9,MORTGAGE,81405,18.41,655,Home Improvement,Current,6607.73,1007.41,0
LN-23451,BW-23230,2024-05-12,7800,6.47,A,10.9,OWN,75712,31.38,765,Credit Card Refinance,Current,5394.15,383.9,0
LN-23452,BW-19933,2026-03-07,23800,21.16,D,0.8,MORTGAGE,76372,19.93,597,Home Improvement,Charged Off,4004.21,423.65,0
LN-23453,BW-18141,2025-07-07,19900,18.18,D,9.9,RENT,72052,10.62,621,Small Business,Fully Paid,19900.0,7959.2,0
LN-23454,BW-15787,2026-04-22,32100,15.68,C,10.4,OWN,66690,24.44,631,Home Improvement,Late 31-120 Days,3974.9,311.63,0
LN-23455,BW-10848,2025-09-07,4000,16.01,C,3.8,MORTGAGE,119383,35.6,668,Credit Card Refinance,Late 31-120 Days,462.17,37.0,2
LN-23456,BW-14359,2026-03-31,21800,12.09,B,9.8,MORTGAGE,67851,13.81,700,Debt Consolidation,Fully Paid,21800.0,5798.36,0
LN-23457,BW-23672,2026-05-20,38300,8.76,A,11.7,MORTGAGE,116482,23.83,833,Credit Card Refinance,Current,13209.87,1272.9,0
LN-23458,BW-20771,2025-01-22,32400,11.75,B,5.5,MORTGAGE,60138,19.78,696,Debt Consolidation,In Grace Period,10064.81,591.31,0
LN-23459,BW-15742,2024-03-05,10500,14.7,C,10.7,MORTGAGE,53477,22.64,630,Home Improvement,Fully Paid,10500.0,3395.7,0
LN-23460,BW-25952,2025-01-05,40000,23.46,E,10.7,RENT,76735,17.19,560,Major Purchase,Late 31-120 Days,10973.22,1287.16,0
LN-23461,BW-17221,2024-02-23,18800,15.37,C,9.2,OWN,68380,14.99,641,Credit Card Refinance,Late 31-120 Days,4335.24,333.16,0
LN-23462,BW-26810,2024-09-25,15200,21.24,D,7.6,RENT,46716,31.91,593,Credit Card Refinance,Fully Paid,15200.0,7102.66,0
LN-23463,BW-24082,2026-03-11,5700,7.49,A,1.9,MORTGAGE,140612,30.03,805,Credit Card Refinance,Current,2873.2,236.72,0
LN-23464,BW-24896,2025-05-30,27700,16.62,C,9.6,RENT,66048,25.41,659,Debt Consolidation,Current,10813.39,1976.9,0
LN-23465,BW-27553,2024-12-25,31300,12.22,B,10.7,RENT,67068,18.78,700,Credit Card Refinance,Late 16-30 Days,2123.3,129.73,0
LN-23466,BW-24115,2024-11-19,32200,18.28,D,1.7,RENT,255247,12.66,595,Personal,Current,13754.25,2765.7,0
LN-23467,BW-29527,2024-06-17,27700,12.28,B,9.5,MORTGAGE,38895,7.02,696,Debt Consolidation,Fully Paid,27700.0,7483.43,0
LN-23468,BW-16904,2024-01-28,15300,6.47,A,1.7,MORTGAGE,53135,11.24,849,Home Improvement,Current,5262.23,374.51,0
LN-23469,BW-16854,2025-12-24,16200,21.53,D,11.4,RENT,75453,28.4,623,Personal,Fully Paid,16200.0,7673.29,0
LN-23470,BW-22536,2025-07-13,15400,6.99,A,9.9,MORTGAGE,270503,35.5,841,Debt Consolidation,Fully Paid,15400.0,2368.21,0
LN-23471,BW-17518,2025-05-31,15700,5.62,A,7.3,RENT,68959,37.05,827,Debt Consolidation,Current,10316.71,637.78,0
LN-23472,BW-27391,2025-09-10,35100,7.43,A,11.1,MORTGAGE,50992,21.82,832,Debt Consolidation,Fully Paid,35100.0,5737.45,0
LN-23473,BW-28378,2024-01-19,32300,14.74,C,7.4,RENT,73683,27.83,678,Credit Card Refinance,Fully Paid,32300.0,10474.24,0
LN-23474,BW-21189,2025-04-03,36100,8.06,A,10.5,RENT,70932,35.1,740,Credit Card Refinance,In Grace Period,7591.37,305.93,0
LN-23475,BW-24655,2025-11-09,20700,16.19,C,4.6,RENT,44811,34.24,632,Small Business,Current,4706.92,838.26,0
LN-23476,BW-29183,2025-05-06,12200,8.03,A,11.0,MORTGAGE,45162,22.59,845,Credit Card Refinance,Current,3831.85,338.47,1
LN-23477,BW-19760,2025-07-08,24000,14.52,C,7.7,MORTGAGE,67624,7.66,636,Debt Consolidation,Current,15585.6,2489.33,0
LN-23478,BW-15926,2026-04-04,5200,11.98,B,1.2,MORTGAGE,76055,18.03,721,Personal,Current,3934.77,518.52,0
LN-23479,BW-12705,2025-08-09,39700,10.67,B,11.8,RENT,77205,21.13,684,Debt Consolidation,Current,12297.88,1443.4,0
LN-23480,BW-22015,2025-10-12,5300,13.64,C,2.1,RENT,30817,17.75,630,Home Improvement,Fully Paid,5300.0,1590.42,0
LN-23481,BW-12968,2025-12-13,16900,14.75,C,4.3,MORTGAGE,53064,17.46,677,Major Purchase,Fully Paid,16900.0,5484.05,0
LN-23482,BW-28017,2024-11-03,7800,5.89,A,4.8,RENT,39724,9.31,802,Credit Card Refinance,Current,5020.79,325.3,0
LN-23483,BW-25538,2025-04-09,38500,13.84,C,1.8,MORTGAGE,53162,12.82,659,Personal,Fully Paid,38500.0,11722.48,0
LN-23484,BW-15391,2024-09-20,25300,11.39,B,1.3,RENT,34005,21.62,731,Credit Card Refinance,Current,17355.06,2174.42,0
LN-23485,BW-11523,2025-03-14,19900,16.59,C,8.9,RENT,79891,33.71,647,Home Improvement,Current,10419.87,1901.52,0
LN-23486,BW-21949,2025-08-26,35200,11.15,B,5.7,MORTGAGE,30697,15.57,709,Small Business,Current,26498.86,3250.09,0
LN-23487,BW-29765,2024-06-15,29400,11.66,B,11.7,RENT,133647,18.27,714,Debt Consolidation,Current,6638.23,851.42,2
LN-23488,BW-17012,2024-06-06,34300,9.7,B,2.7,MORTGAGE,51626,5.07,709,Debt Consolidation,Current,22691.24,2421.16,0
LN-23489,BW-18581,2024-05-22,38100,8.66,A,5.6,MORTGAGE,78454,11.96,751,Debt Consolidation,Fully Paid,38100.0,7258.81,1
LN-23490,BW-16629,2025-12-02,39300,15.45,C,1.1,RENT,83224,36.57,641,Debt Consolidation,In Grace Period,2309.11,178.38,0
LN-23491,BW-11734,2025-01-11,5500,8.35,A,9.5,RENT,50853,10.49,828,Home Improvement,Current,2098.53,192.75,0
LN-23492,BW-17591,2025-06-12,19200,5.87,A,1.2,RENT,80437,28.18,757,Small Business,In Grace Period,4212.48,123.64,0
LN-23493,BW-24872,2026-04-27,37500,17.98,D,12.0,RENT,109082,20.97,589,Home Improvement,Fully Paid,37500.0,14833.5,0
LN-23494,BW-24811,2025-04-29,33700,10.67,B,9.3,MORTGAGE,119471,8.33,727,Debt Consolidation,Fully Paid,33700.0,7910.74,0
LN-23495,BW-29886,2025-03-30,15400,6.67,A,10.2,MORTGAGE,44015,15.48,763,Home Improvement,Current,8054.52,590.96,0
LN-23496,BW-26099,2025-11-15,3800,12.04,B,8.8,RENT,74506,28.93,704,Home Improvement,Current,2257.02,298.92,0
LN-23497,BW-10987,2025-10-21,26700,12.25,B,1.6,OWN,73131,7.53,730,Credit Card Refinance,Fully Paid,26700.0,7195.65,4
LN-23498,BW-22451,2026-01-04,36700,8.1,A,8.9,MORTGAGE,59230,9.98,802,Credit Card Refinance,Current,8998.15,801.74,4
LN-23499,BW-21290,2025-11-30,17300,12.62,B,8.4,RENT,37534,35.49,685,Debt Consolidation,Current,10554.58,1465.19,0
LN-23500,BW-10567,2026-04-28,17800,16.41,C,5.5,OWN,47941,6.77,676,Debt Consolidation,Current,5621.38,1014.72,0
LN-23501,BW-28864,2025-02-21,12800,6.36,A,6.7,MORTGAGE,41513,23.73,765,Debt Consolidation,Current,5901.71,412.88,4
LN-23502,BW-26343,2025-04-19,12300,14.75,C,5.6,MORTGAGE,68637,28.23,674,Home Improvement,Current,3156.22,512.1,0
LN-23503,BW-19510,2024-08-29,10000,10.11,B,3.3,RENT,43339,17.9,720,Credit Card Refinance,Current,5134.95,571.06,1
LN-23504,BW-29126,2024-09-28,4000,15.78,C,10.3,MORTGAGE,33415,15.3,667,Credit Card Refinance,Fully Paid,4000.0,1388.64,1
LN-23505,BW-24354,2026-05-11,7400,10.92,B,6.0,RENT,64631,30.36,686,Debt Consolidation,Current,3544.44,425.76,0
LN-23506,BW-17305,2025-04-23,12000,9.4,A,3.6,MORTGAGE,125821,35.36,835,Major Purchase,Current,7548.19,780.48,0
LN-23507,BW-14228,2025-05-03,18000,17.27,C,4.0,RENT,43143,10.87,637,Personal,Fully Paid,18000.0,6838.92,0
LN-23508,BW-18111,2024-01-08,29200,12.11,B,4.8,RENT,34704,32.52,681,Debt Consolidation,Current,12049.91,1605.17,0
LN-23509,BW-18513,2024-08-19,19700,11.24,B,8.4,OWN,47253,14.84,714,Credit Card Refinance,Current,6891.75,852.1,3
LN-23510,BW-11522,2024-09-19,36900,15.71,C,6.2,RENT,62879,30.78,670,Debt Consolidation,Current,13732.8,2373.17,0
LN-23511,BW-27730,2025-12-17,14100,17.03,C,6.7,RENT,42677,21.08,645,Credit Card Refinance,Current,5454.47,1021.79,2
LN-23512,BW-13234,2025-10-18,19800,18.89,D,1.7,RENT,57158,12.34,629,Small Business,Current,14494.94,3011.9,0
LN-23513,BW-28906,2024-05-17,29100,10.7,B,6.3,MORTGAGE,205642,27.25,737,Credit Card Refinance,Current,7103.06,836.03,0
LN-23514,BW-26051,2026-05-03,33500,17.48,C,8.5,RENT,127414,24.85,642,Debt Consolidation,Current,20391.09,3920.8,0
LN-23515,BW-25972,2026-02-13,32200,12.16,B,7.1,MORTGAGE,50919,37.04,681,Credit Card Refinance,Fully Paid,32200.0,8614.14,0
LN-23516,BW-15458,2024-10-29,17100,11.96,B,7.0,MORTGAGE,31465,23.34,728,Debt Consolidation,Late 16-30 Days,4417.96,264.19,0
LN-23517,BW-23788,2024-08-31,22200,11.76,B,3.4,RENT,77261,35.65,688,Debt Consolidation,Current,9565.98,1237.46,0
LN-23518,BW-23567,2025-06-07,34900,8.18,A,1.0,OWN,50535,30.36,755,Debt Consolidation,Charged Off,9063.57,370.7,2
LN-23519,BW-16393,2024-06-07,29700,8.02,A,5.7,OWN,35038,32.95,840,Debt Consolidation,Late 16-30 Days,8218.81,329.57,3
LN-23520,BW-12310,2025-12-25,37700,25.76,E,1.2,MORTGAGE,47773,11.77,530,Credit Card Refinance,Current,16100.8,4562.32,0
LN-23521,BW-15483,2026-03-08,4700,13.4,B,1.8,MORTGAGE,157764,5.09,715,Credit Card Refinance,Current,1297.83,191.3,0
LN-23522,BW-15461,2026-05-22,10600,16.18,C,10.1,MORTGAGE,49475,22.75,656,Small Business,Fully Paid,10600.0,3773.18,0
LN-23523,BW-22794,2024-05-24,25300,7.96,A,2.8,MORTGAGE,81938,6.75,784,Credit Card Refinance,Current,16391.48,1435.24,0
LN-23524,BW-21778,2024-09-25,36000,8.88,A,4.7,MORTGAGE,83041,26.43,759,Credit Card Refinance,Current,11855.82,1158.08,0
LN-23525,BW-29955,2024-01-19,23300,24.34,E,1.6,MORTGAGE,55351,17.07,578,Debt Consolidation,Fully Paid,23300.0,12476.68,3
LN-23526,BW-12827,2024-06-09,23700,5.76,A,3.6,MORTGAGE,53743,25.7,799,Credit Card Refinance,Current,7400.59,468.9,0
LN-23527,BW-26646,2025-09-22,32900,13.2,B,7.6,OWN,68012,23.56,685,Debt Consolidation,Current,15921.09,2311.74,2
LN-23528,BW-21048,2024-07-07,24100,9.77,B,9.5,MORTGAGE,81697,10.75,682,Credit Card Refinance,Fully Paid,24100.0,5180.05,0
LN-23529,BW-23036,2024-01-24,4600,13.45,B,4.5,RENT,47696,26.05,733,Small Business,Current,3133.98,463.67,3
LN-23530,BW-19346,2026-04-18,7300,20.49,D,10.4,MORTGAGE,106071,16.35,619,Home Improvement,Fully Paid,7300.0,3290.69,0
LN-23531,BW-23817,2024-05-10,28500,9.61,B,6.3,RENT,143477,23.55,701,Credit Card Refinance,Current,12201.08,1289.78,1
LN-23532,BW-19614,2025-02-06,6900,5.52,A,7.6,MORTGAGE,39353,27.86,784,Major Purchase,Current,3236.68,196.53,2
LN-23533,BW-23925,2024-10-22,13300,13.1,B,1.1,MORTGAGE,267033,20.81,733,Credit Card Refinance,Fully Paid,13300.0,3833.06,0
LN-23534,BW-11781,2024-04-06,25100,10.11,B,11.4,MORTGAGE,63935,36.18,714,Major Purchase,Current,15175.28,1687.64,3
LN-23535,BW-18186,2024-02-16,12400,11.57,B,3.6,MORTGAGE,126128,30.57,732,Credit Card Refinance,Fully Paid,12400.0,3156.3,0
LN-23536,BW-20355,2026-03-04,33500,10.57,B,9.5,RENT,81244,37.76,729,Debt Consolidation,Current,10463.42,1216.58,0
LN-23537,BW-25734,2025-01-28,21600,14.95,C,4.8,OWN,73588,23.4,651,Credit Card Refinance,Current,8986.76,1477.87,0
LN-23538,BW-23965,2025-04-29,14100,10.25,B,9.3,RENT,38761,37.12,705,Debt Consolidation,Charged Off,895.19,45.88,2
LN-23539,BW-21545,2024-09-28,21600,14.71,C,3.5,OWN,72320,9.5,669,Major Purchase,Current,16966.07,2745.28,0
LN-23540,BW-24913,2025-05-08,17000,10.88,B,0.6,OWN,149235,30.25,727,Credit Card Refinance,Late 16-30 Days,3927.12,213.64,0
LN-23541,BW-13470,2026-06-14,22600,8.09,A,10.3,OWN,56846,19.55,765,Small Business,Current,12884.36,1146.58,0
LN-23542,BW-19155,2025-11-14,8200,14.56,C,2.4,OWN,84374,7.53,671,Credit Card Refinance,Current,5807.96,930.2,0
LN-23543,BW-12854,2025-01-23,13500,15.32,C,1.4,RENT,57075,31.99,659,Credit Card Refinance,Charged Off,1744.24,133.61,0
LN-23544,BW-10082,2026-02-27,10900,7.25,A,10.5,RENT,124559,18.72,773,Debt Consolidation,Fully Paid,10900.0,1738.55,0
LN-23545,BW-29806,2025-02-04,29300,11.68,B,2.9,RENT,275471,18.79,693,Debt Consolidation,Current,7454.18,957.71,0
LN-23546,BW-25745,2026-03-19,22700,15.64,C,9.8,MORTGAGE,70128,11.24,633,Credit Card Refinance,Current,13181.61,2267.76,0
LN-23547,BW-24648,2024-11-22,39700,16.19,C,10.1,RENT,106056,5.65,638,Small Business,Current,19613.99,3493.06,4
LN-23548,BW-19895,2025-03-01,34000,24.5,E,11.2,MORTGAGE,78956,26.13,575,Credit Card Refinance,Current,11433.83,3081.42,0
LN-23549,BW-17922,2024-04-21,15600,8.28,A,5.7,MORTGAGE,57157,35.32,770,Debt Consolidation,Current,5328.42,485.31,0
LN-23550,BW-18574,2024-12-21,38700,12.3,B,4.3,RENT,63227,10.98,683,Debt Consolidation,Fully Paid,38700.0,10472.22,0
LN-23551,BW-13330,2025-02-25,24900,14.9,C,9.3,MORTGAGE,80490,21.97,648,Credit Card Refinance,Fully Paid,24900.0,8162.22,0
LN-23552,BW-11792,2024-01-03,5300,14.11,C,2.3,MORTGAGE,101806,36.76,677,Debt Consolidation,Current,3773.05,585.62,0
LN-23553,BW-19723,2025-01-19,40000,5.51,A,3.6,RENT,129547,34.26,823,Debt Consolidation,Fully Paid,40000.0,4848.8,0
LN-23554,BW-22014,2026-04-11,27400,15.91,C,5.1,RENT,32419,21.35,665,Debt Consolidation,In Grace Period,2609.15,207.56,0
LN-23555,BW-12888,2025-01-09,27600,10.11,B,3.6,MORTGAGE,73004,35.46,692,Debt Consolidation,Charged Off,7426.23,375.4,0
LN-23556,BW-20223,2024-06-06,15000,8.79,A,6.7,RENT,75459,26.62,771,Debt Consolidation,Current,5308.23,513.25,0
LN-23557,BW-21802,2024-01-05,39800,13.09,B,9.7,RENT,246328,25.22,687,Debt Consolidation,Fully Paid,39800.0,11461.6,0
LN-23558,BW-29802,2025-07-29,3800,5.71,A,2.1,OWN,210244,17.34,802,Credit Card Refinance,Current,2994.88,188.11,0
LN-23559,BW-17174,2025-07-23,4900,11.05,B,4.3,RENT,76336,30.41,715,Credit Card Refinance,Current,1597.09,194.13,0
LN-23560,BW-24377,2026-06-03,29200,16.39,C,3.9,MORTGAGE,52775,11.88,661,Credit Card Refinance,Current,21738.34,3919.21,4
LN-23561,BW-14121,2024-01-27,19600,9.64,B,5.2,MORTGAGE,50064,35.0,696,Debt Consolidation,Late 31-120 Days,5726.95,276.04,3
LN-23562,BW-22834,2025-08-27,22600,12.12,B,4.5,MORTGAGE,40591,18.1,700,Credit Card Refinance,Current,15220.52,2029.2,0
LN-23563,BW-14360,2024-03-06,4800,18.71,D,2.4,RENT,68971,12.89,581,Debt Consolidation,Current,3458.12,711.72,0
LN-23564,BW-28471,2024-04-03,31100,10.93,B,5.9,RENT,110022,31.3,685,Debt Consolidation,Fully Paid,31100.0,7478.31,0
LN-23565,BW-14816,2026-05-26,8400,16.78,C,10.1,OWN,35045,18.57,643,Debt Consolidation,Current,5511.68,1017.35,0
LN-23566,BW-14312,2024-01-23,8400,10.62,B,7.8,OWN,178180,14.48,718,Debt Consolidation,Current,5164.39,603.3,0
LN-23567,BW-11826,2024-06-13,8900,7.61,A,0.7,RENT,62497,26.76,817,Credit Card Refinance,Current,3039.15,254.41,4
LN-23568,BW-26000,2025-02-24,6900,7.92,A,7.0,RENT,37645,36.05,788,Home Improvement,Current,2542.01,221.46,0
LN-23569,BW-27021,2025-09-02,30800,13.11,B,3.7,MORTGAGE,74632,34.64,714,Credit Card Refinance,Fully Paid,30800.0,8883.34,0
LN-23570,BW-21891,2024-09-08,4000,9.6,B,3.0,RENT,32264,6.77,709,Home Improvement,Current,1369.96,144.67,3
LN-23571,BW-16150,2024-07-21,30500,24.8,E,11.0,RENT,77727,35.17,551,Debt Consolidation,Late 31-120 Days,6902.45,855.9,0
LN-23572,BW-29602,2025-12-08,22900,12.97,B,8.2,OWN,80848,29.46,692,Debt Consolidation,Fully Paid,22900.0,6534.29,0
LN-23573,BW-15118,2024-07-20,38000,14.25,C,1.2,RENT,60891,33.19,640,Debt Consolidation,Current,25529.19,4001.7,2
LN-23574,BW-15786,2026-06-01,28100,15.1,C,8.8,MORTGAGE,124413,30.46,661,Debt Consolidation,Fully Paid,28100.0,9334.82,0
LN-23575,BW-11388,2024-06-07,37200,23.2,E,10.6,MORTGAGE,104615,11.12,541,Home Improvement,Charged Off,5985.64,694.33,0
LN-23576,BW-10861,2025-02-28,26700,9.12,A,6.5,RENT,64452,6.14,829,Home Improvement,Fully Paid,26700.0,5357.09,0
LN-23577,BW-16198,2026-01-14,15300,13.2,B,2.8,MORTGAGE,45043,32.03,734,Debt Consolidation,Current,10990.01,1595.75,0
LN-23578,BW-27114,2024-02-03,3300,20.82,D,5.6,MORTGAGE,136627,13.0,619,Debt Consolidation,Current,2134.27,488.79,0
LN-23579,BW-25801,2025-12-15,7300,19.12,D,4.7,MORTGAGE,53880,11.0,610,Debt Consolidation,Current,1521.36,319.97,0
LN-23580,BW-28335,2025-04-22,17300,11.56,B,5.3,MORTGAGE,78557,20.06,699,Credit Card Refinance,Current,11278.53,1434.18,4
LN-23581,BW-13210,2025-08-08,23300,12.99,B,3.6,MORTGAGE,74035,30.45,682,Credit Card Refinance,In Grace Period,7025.28,456.29,0
LN-23582,BW-10022,2025-10-02,27500,12.73,B,9.1,MORTGAGE,58532,13.72,720,Debt Consolidation,In Grace Period,2287.21,145.58,0
LN-23583,BW-22057,2025-03-06,18400,21.91,D,4.6,MORTGAGE,219504,18.47,589,Debt Consolidation,Fully Paid,18400.0,8869.17,0
LN-23584,BW-28664,2024-09-30,11800,6.71,A,10.0,RENT,31617,19.0,744,Debt Consolidation,Current,4406.55,325.25,0
LN-23585,BW-16507,2025-02-21,30000,10.66,B,11.8,MORTGAGE,51538,9.63,726,Debt Consolidation,Current,11308.77,1326.07,0
LN-23586,BW-11922,2024-05-02,29200,6.1,A,8.5,RENT,89666,11.27,847,Debt Consolidation,In Grace Period,2029.04,61.89,0
LN-23587,BW-23476,2026-01-25,8600,12.52,B,6.6,MORTGAGE,73931,16.99,691,Credit Card Refinance,Fully Paid,8600.0,2368.78,0
LN-23588,BW-29217,2024-06-16,27500,15.31,C,5.6,RENT,80379,14.59,670,Debt Consolidation,Current,15849.71,2669.25,0
LN-23589,BW-11212,2024-05-18,5100,12.46,B,5.9,OWN,80160,6.21,726,Debt Consolidation,Current,3588.29,491.81,0
LN-23590,BW-10303,2025-10-30,20600,5.95,A,4.8,RENT,49857,28.64,805,Debt Consolidation,Charged Off,2757.1,82.02,0
LN-23591,BW-11790,2025-08-06,34000,12.28,B,8.1,MORTGAGE,32022,14.68,726,Debt Consolidation,Fully Paid,34000.0,9185.44,4
LN-23592,BW-29691,2026-05-17,4700,13.93,C,2.9,MORTGAGE,88710,6.32,634,Debt Consolidation,Current,3669.1,562.22,2
LN-23593,BW-22139,2024-01-16,14400,11.6,B,9.5,OWN,37111,17.77,715,Home Improvement,Fully Paid,14400.0,3674.88,0
LN-23594,BW-21721,2024-12-25,15000,14.49,C,7.9,RENT,276941,5.69,634,Debt Consolidation,Late 16-30 Days,3987.2,288.87,0
LN-23595,BW-25536,2024-04-30,6400,11.71,B,1.1,OWN,54263,16.05,687,Debt Consolidation,Charged Off,1681.96,98.48,3
LN-23596,BW-13152,2024-11-29,26800,13.74,C,3.4,MORTGAGE,102253,18.92,636,Debt Consolidation,Charged Off,3388.23,232.77,0
LN-23597,BW-26348,2024-03-17,21100,8.9,A,2.6,RENT,40407,21.48,744,Debt Consolidation,Current,4307.31,421.69,0
LN-23598,BW-27882,2026-03-21,23100,14.77,C,8.0,MORTGAGE,138326,19.42,631,Small Business,Charged Off,5380.29,397.33,0
LN-23599,BW-14205,2025-11-01,37100,13.99,C,4.2,MORTGAGE,65388,24.22,630,Debt Consolidation,Fully Paid,37100.0,11418.64,0
LN-23600,BW-12437,2025-06-01,32900,8.59,A,10.1,RENT,49358,25.17,743,Debt Consolidation,Fully Paid,32900.0,6217.44,0
LN-23601,BW-24800,2024-03-19,34700,7.57,A,11.3,MORTGAGE,33624,15.09,797,Credit Card Refinance,Fully Paid,34700.0,5778.94,0
LN-23602,BW-18417,2025-03-12,33300,10.76,B,7.7,RENT,126676,9.91,701,Home Improvement,Fully Paid,33300.0,7882.78,1
LN-23603,BW-27450,2026-02-23,5600,25.61,E,11.3,OWN,44204,16.03,576,Debt Consolidation,Charged Off,1356.11,173.65,3
LN-23604,BW-14863,2025-01-29,25700,11.52,B,9.9,RENT,51261,12.71,711,Debt Consolidation,Current,12967.17,1643.2,0
LN-23605,BW-26733,2025-12-12,26200,15.98,C,8.4,MORTGAGE,271942,7.75,644,Credit Card Refinance,Current,8682.4,1526.19,0
LN-23606,BW-13181,2025-01-31,17000,16.22,C,11.9,RENT,187263,32.34,657,Debt Consolidation,Fully Paid,17000.0,6066.28,3
LN-23607,BW-14948,2025-11-29,35300,11.09,B,7.3,RENT,40662,6.91,733,Debt Consolidation,Fully Paid,35300.0,8612.49,0
LN-23608,BW-29216,2024-07-03,25900,9.61,B,5.4,MORTGAGE,33616,29.5,695,Credit Card Refinance,Current,15616.81,1650.85,0
LN-23609,BW-22814,2025-08-20,32700,24.77,E,10.8,RENT,77001,12.21,576,Debt Consolidation,Fully Paid,32700.0,17819.54,0
LN-23610,BW-11443,2024-01-28,15800,12.69,B,5.0,MORTGAGE,43251,22.36,701,Credit Card Refinance,Current,6380.92,890.71,0
LN-23611,BW-29936,2026-04-29,29100,11.01,B,1.1,MORTGAGE,52822,30.13,724,Credit Card Refinance,Charged Off,10041.29,552.77,0
LN-23612,BW-24125,2024-03-08,7300,12.62,B,11.2,RENT,55101,11.97,734,Home Improvement,Current,3088.49,428.74,0
LN-23613,BW-29537,2026-01-29,31100,22.69,E,7.8,MORTGAGE,52773,21.66,527,Credit Card Refinance,Fully Paid,31100.0,15524.5,0
LN-23614,BW-27583,2026-05-03,19400,18.64,D,2.9,MORTGAGE,46164,14.21,585,Credit Card Refinance,Fully Paid,19400.0,7955.55,0
LN-23615,BW-25670,2026-01-25,15200,18.83,D,5.5,MORTGAGE,150655,33.74,611,Debt Consolidation,Fully Paid,15200.0,6296.75,0
LN-23616,BW-24607,2024-02-06,11800,9.8,B,4.6,MORTGAGE,34334,23.45,714,Credit Card Refinance,Fully Paid,11800.0,2544.08,0
LN-23617,BW-11929,2025-01-11,35600,15.32,C,2.9,MORTGAGE,46243,20.58,653,Major Purchase,Fully Paid,35600.0,11998.62,0
LN-23618,BW-20649,2025-06-14,37500,14.71,C,11.3,OWN,40337,21.38,668,Debt Consolidation,Late 16-30 Days,2513.11,184.84,0
LN-23619,BW-10844,2025-05-29,7900,9.61,B,2.9,MORTGAGE,85140,33.56,720,Credit Card Refinance,In Grace Period,962.22,46.23,0
LN-23620,BW-23271,2026-06-26,32700,8.32,A,0.6,MORTGAGE,107774,16.67,808,Debt Consolidation,Current,8195.29,750.03,3
LN-23621,BW-18543,2026-06-27,30400,12.66,B,4.1,MORTGAGE,103396,28.3,698,Credit Card Refinance,Current,7446.03,1036.93,0
LN-23622,BW-14630,2025-10-25,3200,14.12,C,1.9,OWN,130208,13.86,636,Credit Card Refinance,Current,2457.29,381.67,3
LN-23623,BW-10633,2024-05-25,15800,12.92,B,9.1,RENT,84290,15.93,706,Credit Card Refinance,Fully Paid,15800.0,4490.99,0
LN-23624,BW-29259,2024-08-10,39200,13.12,B,4.1,MORTGAGE,47725,24.01,735,Credit Card Refinance,Current,23567.25,3401.23,0
LN-23625,BW-18992,2024-03-27,13500,10.29,B,4.6,MORTGAGE,119881,19.55,714,Debt Consolidation,Current,5160.2,584.08,0
LN-23626,BW-17359,2024-12-13,4800,12.02,B,8.2,MORTGAGE,149699,15.87,734,Major Purchase,Fully Paid,4800.0,1269.31,0
LN-23627,BW-29754,2024-01-17,12100,8.36,A,4.0,MORTGAGE,64161,28.45,823,Debt Consolidation,Late 31-120 Days,1641.4,68.61,0
LN-23628,BW-25964,2024-06-12,5400,19.36,D,6.7,MORTGAGE,41203,7.29,622,Debt Consolidation,Charged Off,1589.09,153.82,0
LN-23629,BW-10148,2025-09-28,35300,13.68,C,9.9,RENT,76798,21.69,657,Debt Consolidation,Fully Paid,35300.0,10623.89,0
LN-23630,BW-20172,2025-12-20,23400,12.55,B,2.0,MORTGAGE,108628,15.88,693,Debt Consolidation,Current,5262.73,726.52,0
LN-23631,BW-19652,2025-02-03,30500,6.27,A,7.7,MORTGAGE,65242,17.44,765,Home Improvement,Current,6514.74,449.32,2
LN-23632,BW-19640,2024-08-16,9400,12.7,B,7.5,RENT,42822,23.34,694,Small Business,Fully Paid,9400.0,2626.36,0
LN-23633,BW-16599,2025-06-12,29000,20.32,D,0.8,RENT,80560,27.97,598,Debt Consolidation,Current,6198.02,1385.38,0
LN-23634,BW-26895,2025-10-23,22300,13.87,C,8.7,RENT,103164,24.9,668,Home Improvement,Current,9103.7,1388.95,0
LN-23635,BW-26644,2026-06-23,36500,12.14,B,2.9,RENT,92082,15.15,728,Credit Card Refinance,Fully Paid,36500.0,9748.42,0
LN-23636,BW-20109,2026-04-01,27700,11.92,B,3.1,RENT,34354,26.46,732,Major Purchase,Late 31-120 Days,5609.49,334.33,0
LN-23637,BW-20909,2026-04-18,34400,25.2,E,4.3,RENT,31132,25.87,578,Small Business,Late 16-30 Days,2335.58,294.28,0
LN-23638,BW-24822,2026-02-21,13000,13.39,B,2.9,MORTGAGE,42748,37.84,710,Small Business,Current,9081.61,1337.63,0
LN-23639,BW-14909,2025-12-08,35500,12.1,B,7.6,OWN,77247,31.22,712,Home Improvement,In Grace Period,9224.16,558.06,0
LN-23640,BW-23650,2025-04-30,28000,18.31,D,4.0,RENT,114073,29.57,608,Credit Card Refinance,Late 31-120 Days,7804.77,714.53,3
LN-23641,BW-10966,2026-01-15,29700,10.8,B,1.4,RENT,38353,7.03,737,Credit Card Refinance,Current,11774.34,1398.79,0
LN-23642,BW-16627,2025-04-30,26000,24.96,E,10.9,RENT,77960,36.82,535,Credit Card Refinance,Late 31-120 Days,4282.92,534.51,0
LN-23643,BW-14393,2024-01-07,19400,10.05,B,3.1,MORTGAGE,45436,26.74,692,Small Business,Current,10069.02,1113.13,0
LN-23644,BW-23701,2025-04-10,20500,17.16,C,9.9,MORTGAGE,44140,17.82,654,Small Business,Current,7197.42,1358.58,0
LN-23645,BW-18469,2025-02-12,25800,7.92,A,0.7,RENT,83435,15.86,786,Home Improvement,Fully Paid,25800.0,4495.39,0
LN-23646,BW-15554,2025-05-31,21100,14.89,C,2.6,MORTGAGE,67171,18.12,646,Small Business,Fully Paid,21100.0,6911.94,0
LN-23647,BW-29999,2025-04-01,35300,7.04,A,8.1,RENT,262816,10.42,828,Small Business,In Grace Period,10847.25,381.82,0
LN-23648,BW-20851,2024-10-04,31300,12.92,B,10.9,MORTGAGE,84044,22.08,702,Home Improvement,Current,18440.79,2620.81,0
LN-23649,BW-10807,2026-04-02,12600,20.02,D,2.0,OWN,131977,32.96,599,Small Business,Late 16-30 Days,1219.07,122.03,0
LN-23650,BW-18504,2025-09-26,28800,7.56,A,9.9,RENT,50486,34.37,789,Small Business,Fully Paid,28800.0,4790.02,0
LN-23651,BW-11532,2026-04-04,20800,17.26,C,6.7,MORTGAGE,76252,15.14,641,Debt Consolidation,Current,5550.69,1053.85,0
LN-23652,BW-24945,2024-08-04,8400,18.14,D,2.7,MORTGAGE,47596,29.44,605,Credit Card Refinance,In Grace Period,1613.76,146.37,4
LN-23653,BW-26228,2025-03-11,28400,13.13,B,2.8,OWN,51315,8.87,716,Debt Consolidation,Fully Paid,28400.0,8203.62,0
LN-23654,BW-13941,2025-02-06,30000,12.42,B,5.4,RENT,40181,20.82,721,Credit Card Refinance,Current,19257.91,2631.02,0
LN-23655,BW-15903,2025-03-09,39100,11.53,B,4.1,MORTGAGE,61885,35.64,721,Debt Consolidation,Fully Paid,39100.0,9918.11,0
LN-23656,BW-24937,2024-12-07,16000,7.58,A,1.7,RENT,44520,25.12,813,Debt Consolidation,Fully Paid,16000.0,2668.16,0
LN-23657,BW-15653,2026-02-15,31900,9.82,B,2.7,RENT,40336,11.24,681,Debt Consolidation,Charged Off,9033.9,443.56,0
LN-23658,BW-21177,2024-07-09,35300,13.36,B,3.6,MORTGAGE,81348,22.09,702,Debt Consolidation,Current,27152.02,3990.26,0
LN-23659,BW-28539,2025-03-13,18800,15.36,C,4.3,RENT,140505,20.58,631,Home Improvement,Current,10592.54,1789.72,0
LN-23660,BW-13832,2024-12-23,17500,15.76,C,2.9,MORTGAGE,69513,14.77,642,Debt Consolidation,Current,3585.23,621.54,0
LN-23661,BW-21820,2026-02-26,28700,10.23,B,3.3,RENT,55803,19.89,699,Home Improvement,Fully Paid,28700.0,6459.22,4
LN-23662,BW-29292,2025-03-14,32700,10.51,B,8.2,RENT,115883,5.06,724,Debt Consolidation,Current,20775.31,2401.83,0
LN-23663,BW-16428,2024-07-16,17100,6.82,A,2.6,MORTGAGE,67417,35.18,787,Small Business,Current,12395.35,929.9,0
LN-23664,BW-26895,2025-11-16,34400,10.52,B,8.4,MORTGAGE,78636,14.91,720,Debt Consolidation,Fully Paid,34400.0,7961.54,0
LN-23665,BW-28990,2026-05-30,30700,17.23,C,6.3,RENT,128365,30.87,642,Credit Card Refinance,Fully Paid,30700.0,11637.14,1
LN-23666,BW-10888,2024-04-01,34900,6.09,A,4.8,MORTGAGE,68007,29.96,818,Debt Consolidation,Fully Paid,34900.0,4675.9,3
LN-23667,BW-18606,2024-07-31,4700,11.71,B,11.5,RENT,53286,24.11,690,Home Improvement,Current,1318.98,169.9,1
LN-23668,BW-10606,2025-11-24,31800,14.01,C,3.0,MORTGAGE,150732,36.37,630,Credit Card Refinance,Current,18221.63,2808.14,0
LN-23669,BW-26058,2024-02-09,21700,8.39,A,11.8,RENT,121623,36.35,789,Debt Consolidation,Fully Paid,21700.0,4005.39,0
LN-23670,BW-11009,2026-04-19,28800,5.57,A,0.6,OWN,40706,11.62,842,Small Business,Fully Paid,28800.0,3529.15,0
LN-23671,BW-17872,2024-12-18,35600,14.32,C,5.3,RENT,41721,8.95,677,Debt Consolidation,Fully Paid,35600.0,11215.42,0
LN-23672,BW-14261,2026-06-04,32500,8.87,A,7.1,MORTGAGE,45531,6.56,819,Debt Consolidation,In Grace Period,5322.94,236.07,3
LN-23673,BW-20387,2025-02-11,22800,17.42,C,11.5,OWN,58444,11.73,649,Debt Consolidation,Late 31-120 Days,5038.95,438.89,0
LN-23674,BW-23780,2025-03-02,27300,6.86,A,10.0,RENT,57040,37.67,845,Debt Consolidation,Late 31-120 Days,4518.16,154.97,0
LN-23675,BW-19810,2024-02-04,2600,14.41,C,4.7,MORTGAGE,124831,24.25,633,Credit Card Refinance,Current,1099.72,174.32,0
LN-23676,BW-10949,2026-01-29,39600,28.03,E,4.6,MORTGAGE,72538,23.5,563,Home Improvement,Current,23289.47,7180.84,0
LN-23677,BW-27678,2024-12-30,35600,15.21,C,0.7,RENT,39844,15.91,665,Credit Card Refinance,Fully Paid,35600.0,11912.47,3
LN-23678,BW-28683,2025-11-19,36000,9.07,A,8.9,RENT,68535,29.97,821,Credit Card Refinance,Current,13446.86,1341.59,4
LN-23679,BW-16712,2025-02-09,31600,6.44,A,4.8,RENT,56433,7.43,822,Debt Consolidation,Current,13911.15,985.47,0
LN-23680,BW-10870,2025-01-22,27900,21.62,D,7.7,MORTGAGE,60170,33.07,601,Small Business,Current,17568.27,4178.09,0
LN-23681,BW-16197,2026-03-03,24500,16.24,C,7.5,MORTGAGE,34731,9.72,663,Home Improvement,Current,12835.5,2292.93,0
LN-23682,BW-25861,2024-06-06,20200,13.69,C,6.4,MORTGAGE,52955,29.8,658,Debt Consolidation,Charged Off,6871.0,470.32,0
LN-23683,BW-23418,2025-07-18,12000,8.27,A,7.0,MORTGAGE,84037,20.14,798,Debt Consolidation,In Grace Period,1279.92,52.92,0
LN-23684,BW-29415,2026-05-14,23300,9.82,B,4.5,MORTGAGE,33853,13.01,684,Debt Consolidation,Current,5708.01,616.58,0
LN-23685,BW-10077,2026-01-28,6600,6.72,A,0.9,MORTGAGE,39048,33.06,824,Credit Card Refinance,Fully Paid,6600.0,975.74,2
LN-23686,BW-26591,2025-01-29,35700,6.16,A,11.1,MORTGAGE,129459,28.09,781,Credit Card Refinance,Fully Paid,35700.0,4838.06,0
LN-23687,BW-24134,2024-05-12,4700,5.74,A,1.4,RENT,56628,11.29,847,Debt Consolidation,Fully Paid,4700.0,593.52,2
LN-23688,BW-13534,2024-09-13,21800,13.05,B,6.2,OWN,57183,12.73,699,Debt Consolidation,Current,4854.21,696.82,0
LN-23689,BW-21232,2026-01-01,33200,14.11,C,11.2,MORTGAGE,76957,18.63,654,Credit Card Refinance,Fully Paid,33200.0,10305.94,0
LN-23690,BW-11977,2025-08-16,3400,10.46,B,0.5,RENT,60794,18.85,724,Credit Card Refinance,Current,1368.01,157.4,0
LN-23691,BW-22785,2024-10-15,6200,7.05,A,8.0,MORTGAGE,62240,12.95,779,Debt Consolidation,Current,1871.9,145.17,0
LN-23692,BW-10741,2024-01-14,29900,11.6,B,9.1,MORTGAGE,105565,30.7,735,Debt Consolidation,Current,16990.36,2167.97,2
LN-23693,BW-15302,2024-03-28,38200,7.09,A,6.5,RENT,32250,21.23,782,Personal,Late 16-30 Days,7662.06,271.62,2
LN-23694,BW-14007,2026-06-15,21600,13.13,B,11.5,MORTGAGE,107927,32.63,716,Debt Consolidation,Late 31-120 Days,3280.43,215.36,2
LN-23695,BW-29429,2025-05-10,14400,6.52,A,4.6,MORTGAGE,60976,9.55,820,Major Purchase,Current,7646.6,548.41,4
LN-23696,BW-25713,2025-04-14,25600,5.59,A,11.2,RENT,53914,26.24,759,Debt Consolidation,Current,11017.6,677.47,0
LN-23697,BW-17994,2024-09-07,30800,12.88,B,8.8,MORTGAGE,34771,37.59,713,Home Improvement,Charged Off,4893.17,315.12,0
LN-23698,BW-22443,2024-01-17,13000,17.87,D,2.1,MORTGAGE,197326,7.16,588,Credit Card Refinance,Late 31-120 Days,1091.17,97.5,3
LN-23699,BW-19907,2024-01-29,21300,7.36,A,10.1,RENT,36059,33.87,801,Personal,Fully Paid,21300.0,3448.9,0
LN-23700,BW-14525,2025-09-29,14000,15.27,C,9.0,MORTGAGE,45676,20.39,677,Home Improvement,Fully Paid,14000.0,4703.16,0
LN-23701,BW-29126,2024-11-09,24700,10.97,B,9.0,MORTGAGE,79484,26.38,722,Debt Consolidation,Late 31-120 Days,2803.63,153.78,3
LN-23702,BW-24236,2024-01-27,10700,12.36,B,9.5,MORTGAGE,79603,18.56,692,Debt Consolidation,Current,4983.37,677.54,0
LN-23703,BW-19262,2026-03-18,5000,14.1,C,6.2,MORTGAGE,73343,34.18,636,Debt Consolidation,Current,3443.68,534.11,0
LN-23704,BW-19239,2024-08-05,5700,10.42,B,2.1,RENT,64641,15.05,715,Home Improvement,In Grace Period,1815.43,94.58,0
LN-23705,BW-24135,2024-04-27,24300,21.61,D,11.8,RENT,220583,6.31,606,Home Improvement,Charged Off,8475.93,915.82,0
LN-23706,BW-29006,2024-03-02,19500,11.53,B,4.3,RENT,92714,12.92,737,Small Business,Fully Paid,19500.0,4946.37,0
LN-23707,BW-20550,2026-01-11,10400,15.17,C,7.9,RENT,46901,33.71,638,Debt Consolidation,Fully Paid,10400.0,3470.9,0
LN-23708,BW-26694,2025-05-23,13000,7.28,A,6.7,MORTGAGE,39358,26.35,843,Credit Card Refinance,Fully Paid,13000.0,2082.08,0
LN-23709,BW-21697,2024-06-08,14000,7.61,A,7.9,MORTGAGE,54292,6.62,820,Major Purchase,Current,9732.52,814.71,0
LN-23710,BW-29738,2024-02-23,17700,15.97,C,3.4,RENT,255753,19.12,643,Home Improvement,Fully Paid,17700.0,6218.72,0
LN-23711,BW-23016,2026-01-04,22200,22.59,E,9.5,RENT,57650,29.41,524,Small Business,Late 31-120 Days,2576.93,291.06,0
LN-23712,BW-25192,2024-09-05,19900,7.0,A,3.8,OWN,78715,12.76,756,Debt Consolidation,Fully Paid,19900.0,3064.6,0
LN-23713,BW-26924,2024-12-09,7000,15.53,C,10.0,MORTGAGE,56853,12.05,648,Credit Card Refinance,Current,4623.42,789.82,0
LN-23714,BW-21256,2025-03-28,31900,8.4,A,8.1,MORTGAGE,79936,7.01,816,Major Purchase,Fully Paid,31900.0,5895.12,0
LN-23715,BW-22231,2024-06-03,31600,15.49,C,4.4,MORTGAGE,86292,13.65,636,Debt Consolidation,Fully Paid,31600.0,10768.65,0
LN-23716,BW-29259,2026-03-18,4500,16.29,C,2.5,OWN,73422,17.08,646,Credit Card Refinance,Fully Paid,4500.0,1612.71,0
LN-23717,BW-20699,2025-10-27,18700,8.04,A,10.3,RENT,82642,10.15,785,Small Business,Current,13978.64,1236.27,0
LN-23718,BW-18836,2024-03-15,9400,12.65,B,3.0,OWN,175455,6.69,681,Personal,Late 16-30 Days,1295.05,81.91,0
LN-23719,BW-11375,2025-04-17,6500,21.8,D,5.8,RENT,72313,14.19,623,Debt Consolidation,Current,3729.34,894.3,0
LN-23720,BW-17598,2026-01-07,30100,13.47,B,5.5,RENT,52199,16.3,687,Debt Consolidation,Fully Paid,30100.0,8919.83,0
LN-23721,BW-15877,2024-04-26,23800,9.76,B,1.2,MORTGAGE,77688,35.04,737,Credit Card Refinance,Fully Paid,23800.0,5110.34,0
LN-23722,BW-21003,2024-03-14,11900,22.91,E,11.0,MORTGAGE,102861,34.93,545,Home Improvement,Late 31-120 Days,3246.44,371.88,0
LN-23723,BW-15591,2024-05-27,4700,8.49,A,0.9,RENT,74596,31.05,778,Debt Consolidation,Current,1465.93,136.9,0
LN-23724,BW-13926,2024-01-29,9200,11.44,B,8.5,OWN,45278,24.03,730,Debt Consolidation,Current,4215.86,530.52,0
LN-23725,BW-18867,2024-03-21,4300,5.63,A,8.3,MORTGAGE,36940,14.46,845,Debt Consolidation,Fully Paid,4300.0,532.6,3
LN-23726,BW-24988,2024-10-27,9700,9.15,A,2.4,RENT,34699,18.21,812,Credit Card Refinance,Current,6174.76,621.49,3
LN-23727,BW-22841,2024-04-16,35300,9.12,A,11.8,RENT,84721,6.89,837,Debt Consolidation,In Grace Period,3953.03,180.26,0
LN-23728,BW-15640,2025-04-21,38700,10.47,B,8.4,RENT,59857,9.88,739,Debt Consolidation,Fully Paid,38700.0,8914.16,2
LN-23729,BW-27179,2024-09-13,28000,10.63,B,9.7,RENT,43026,18.17,715,Home Improvement,Fully Paid,28000.0,6548.08,0
LN-23730,BW-13592,2025-04-23,14700,8.4,A,11.2,RENT,77402,15.26,786,Credit Card Refinance,Fully Paid,14700.0,2716.56,4
LN-23731,BW-28704,2024-02-05,25500,17.94,D,5.9,RENT,34334,29.56,604,Credit Card Refinance,Late 31-120 Days,6395.85,573.71,1
LN-23732,BW-24000,2025-05-16,30900,11.89,B,8.1,OWN,104252,13.75,682,Debt Consolidation,Current,6794.06,888.6,0
LN-23733,BW-23580,2025-04-06,33500,10.85,B,5.8,MORTGAGE,71637,10.56,729,Credit Card Refinance,Current,26405.27,3151.47,0
LN-23734,BW-18798,2025-02-18,24400,13.0,B,9.4,MORTGAGE,50630,6.04,685,Small Business,Current,10632.33,1520.42,0
LN-23735,BW-16099,2024-12-21,21600,9.9,B,8.2,OWN,45899,8.76,711,Small Business,Fully Paid,21600.0,4704.48,3
LN-23736,BW-15850,2025-09-13,8000,9.28,A,9.7,MORTGAGE,55058,34.05,837,Credit Card Refinance,Fully Paid,8000.0,1633.28,0
LN-23737,BW-27900,2025-11-26,5700,17.37,C,3.5,RENT,79038,18.37,654,Home Improvement,Fully Paid,5700.0,2178.2,2
LN-23738,BW-21928,2025-11-09,23500,9.65,B,10.2,MORTGAGE,113574,12.75,717,Credit Card Refinance,Current,11944.25,1267.88,0
LN-23739,BW-16373,2025-02-28,24100,19.15,D,5.9,RENT,75715,33.11,620,Debt Consolidation,Fully Paid,24100.0,10153.33,0
LN-23740,BW-26962,2026-04-11,4400,11.23,B,0.8,MORTGAGE,81545,6.63,695,Debt Consolidation,Current,3516.75,434.42,1
LN-23741,BW-23407,2025-04-08,3800,12.01,B,8.1,MORTGAGE,30516,34.53,715,Major Purchase,Current,1363.89,180.18,0
LN-23742,BW-17075,2024-05-27,11000,15.55,C,9.8,MORTGAGE,79464,10.79,666,Debt Consolidation,Fully Paid,11000.0,3763.1,0
LN-23743,BW-26492,2024-09-09,30300,15.55,C,7.7,MORTGAGE,102042,9.16,656,Credit Card Refinance,Fully Paid,30300.0,10365.63,0
LN-23744,BW-22950,2024-03-28,9000,13.72,C,8.9,OWN,64043,35.25,660,Home Improvement,Current,5132.12,774.54,0
LN-23745,BW-26460,2025-09-06,21500,9.7,B,1.7,MORTGAGE,54936,29.79,731,Credit Card Refinance,Current,13637.42,1455.11,0
LN-23746,BW-16811,2025-01-03,33600,8.61,A,3.2,RENT,78678,11.13,782,Small Business,Current,9463.49,896.29,0
LN-23747,BW-14386,2024-11-23,39900,10.0,B,8.4,MORTGAGE,61761,12.86,700,Personal,Late 31-120 Days,3148.13,157.41,0
LN-23748,BW-28955,2025-12-20,27400,18.03,D,2.7,RENT,36091,16.16,625,Home Improvement,Fully Paid,27400.0,10868.48,0
LN-23749,BW-23830,2024-07-23,14700,8.83,A,0.5,RENT,135785,8.51,840,Small Business,Current,6698.16,650.59,0
LN-23750,BW-21174,2025-11-27,36500,11.14,B,10.0,MORTGAGE,40607,20.8,699,Debt Consolidation,In Grace Period,2763.6,153.93,0
LN-23751,BW-14410,2024-12-03,22700,15.87,C,8.1,RENT,60161,37.12,635,Debt Consolidation,Current,16258.22,2838.2,0
LN-23752,BW-17120,2025-10-26,35600,9.38,A,5.5,MORTGAGE,72297,33.71,798,Debt Consolidation,Fully Paid,35600.0,7346.42,0
LN-23753,BW-29020,2024-07-21,4800,20.18,D,1.4,MORTGAGE,74845,11.06,605,Home Improvement,Current,3792.31,841.82,0
LN-23754,BW-28787,2025-11-27,30200,15.36,C,9.6,MORTGAGE,41385,11.5,630,Debt Consolidation,Fully Paid,30200.0,10205.18,4
LN-23755,BW-13394,2024-10-06,31100,15.54,C,10.3,OWN,35089,28.37,660,Home Improvement,Charged Off,2909.02,226.03,0
LN-23756,BW-19880,2024-01-29,35300,13.96,C,2.0,MORTGAGE,81430,27.52,676,Debt Consolidation,Fully Paid,35300.0,10841.34,0
LN-23757,BW-16684,2024-11-30,22800,15.9,C,1.7,RENT,87049,29.05,653,Debt Consolidation,Charged Off,6171.11,490.6,0
LN-23758,BW-25530,2024-07-25,14400,17.99,D,1.7,OWN,39778,19.07,593,Credit Card Refinance,Current,9005.47,1782.09,0
LN-23759,BW-12144,2025-10-05,31000,13.23,B,8.5,RENT,54228,13.62,692,Home Improvement,In Grace Period,4884.24,323.09,0
LN-23760,BW-16919,2025-12-06,22900,18.07,D,3.3,MORTGAGE,60904,36.81,606,Debt Consolidation,Current,5028.0,999.42,0
LN-23761,BW-14356,2024-05-01,37400,10.28,B,7.1,OWN,66693,16.44,712,Credit Card Refinance,Fully Paid,37400.0,8458.38,0
LN-23762,BW-13276,2024-11-05,24900,6.98,A,9.2,RENT,112999,11.45,777,Personal,Fully Paid,24900.0,3823.64,0
LN-23763,BW-21098,2025-01-30,20000,16.67,C,1.6,MORTGAGE,83902,14.6,656,Home Improvement,Late 31-120 Days,1602.8,133.59,0
LN-23764,BW-20443,2025-01-26,32200,11.49,B,3.6,RENT,129693,32.43,722,Small Business,Current,8894.68,1124.2,0
LN-23765,BW-25855,2025-09-01,32100,10.28,B,0.5,RENT,74568,31.9,709,Debt Consolidation,Fully Paid,32100.0,7259.74,3
LN-23766,BW-24780,2025-09-19,5800,12.93,B,2.1,RENT,77931,19.19,697,Debt Consolidation,Fully Paid,5800.0,1649.87,0
LN-23767,BW-13464,2026-03-08,38700,26.52,E,7.9,RENT,79640,5.47,551,Home Improvement,Current,21846.91,6373.18,2
LN-23768,BW-21289,2024-04-24,17200,16.72,C,3.3,OWN,33954,8.39,646,Credit Card Refinance,Current,5854.59,1076.78,0
LN-23769,BW-18908,2025-08-26,15500,11.46,B,1.1,MORTGAGE,80544,18.8,698,Credit Card Refinance,Current,8511.41,1072.95,1
LN-23770,BW-21658,2025-10-23,4600,24.72,E,11.2,OWN,73111,21.81,566,Personal,Late 16-30 Days,929.79,114.92,0
LN-23771,BW-16220,2024-07-26,36000,11.5,B,1.8,MORTGAGE,59737,33.37,693,Small Business,Current,18772.88,2374.77,0
LN-23772,BW-21952,2025-12-21,16100,24.72,E,7.6,RENT,33541,35.73,552,Credit Card Refinance,Current,8780.07,2387.48,2
LN-23773,BW-17424,2024-04-28,6100,14.29,C,6.1,MORTGAGE,43336,20.23,661,Debt Consolidation,Current,2820.23,443.31,0
LN-23774,BW-21222,2025-06-17,4300,9.2,A,7.4,MORTGAGE,72748,26.96,843,Credit Card Refinance,Current,2156.59,218.25,0
LN-23775,BW-29887,2024-12-07,19800,15.97,C,3.5,MORTGAGE,65432,9.97,676,Credit Card Refinance,Current,11419.12,2006.0,4
LN-23776,BW-16696,2024-03-13,7000,13.1,B,8.6,RENT,64375,10.24,725,Debt Consolidation,Current,2702.09,389.37,0
LN-23777,BW-11087,2024-09-24,38300,13.15,B,7.2,MORTGAGE,75519,16.9,715,Home Improvement,Charged Off,2174.56,142.98,0
LN-23778,BW-15206,2026-04-13,37000,14.38,C,9.1,MORTGAGE,136792,19.22,646,Personal,Current,12538.51,1983.34,0
LN-23779,BW-24469,2025-11-02,24400,26.37,E,7.1,MORTGAGE,82015,18.04,520,Home Improvement,Charged Off,7200.37,949.37,0
LN-23780,BW-19271,2026-01-28,4100,5.91,A,0.8,OWN,103383,8.91,832,Debt Consolidation,In Grace Period,266.34,7.87,1
LN-23781,BW-14559,2024-02-15,9200,16.01,C,1.1,RENT,34703,27.71,630,Personal,Charged Off,2491.59,199.45,0
LN-23782,BW-18412,2025-05-31,14600,8.33,A,10.9,MORTGAGE,61567,12.94,787,Debt Consolidation,Current,8333.97,763.64,0
LN-23783,BW-26204,2024-09-08,11200,18.85,D,4.5,OWN,70533,11.95,604,Credit Card Refinance,Current,7957.89,1650.07,0
LN-23784,BW-20077,2025-07-26,23600,10.41,B,10.7,OWN,72456,31.14,698,Debt Consolidation,In Grace Period,1811.51,94.29,3
LN-23785,BW-11606,2024-10-24,30400,10.39,B,5.2,RENT,150754,13.02,720,Debt Consolidation,Fully Paid,30400.0,6948.83,3
LN-23786,BW-25860,2025-12-21,26100,21.72,D,9.0,MORTGAGE,36371,36.58,625,Debt Consolidation,Current,19564.94,4674.46,1
LN-23787,BW-13272,2024-08-13,27400,8.18,A,7.7,MORTGAGE,47410,23.78,795,Credit Card Refinance,In Grace Period,9003.21,368.23,0
LN-23788,BW-27073,2026-06-27,36900,14.2,C,1.8,MORTGAGE,32783,23.38,645,Debt Consolidation,Current,20158.98,3148.83,0
LN-23789,BW-10205,2024-03-06,18400,14.54,C,9.4,MORTGAGE,73323,13.92,652,Debt Consolidation,Fully Paid,18400.0,5885.79,0
LN-23790,BW-16201,2026-04-06,28800,18.7,D,4.5,RENT,62113,10.36,616,Home Improvement,Late 31-120 Days,2794.84,261.32,0
LN-23791,BW-18599,2024-01-11,25900,19.69,D,11.6,RENT,53774,13.62,602,Credit Card Refinance,Current,14527.41,3146.49,1
LN-23792,BW-21967,2026-06-17,24100,12.0,B,9.3,MORTGAGE,109662,26.09,695,Home Improvement,Current,5175.12,683.12,0
LN-23793,BW-25755,2024-10-29,33300,19.29,D,3.1,MORTGAGE,36981,36.29,600,Credit Card Refinance,Current,7708.29,1635.62,2
LN-23794,BW-28890,2024-03-16,14900,20.01,D,5.0,MORTGAGE,234947,11.02,626,Credit Card Refinance,Late 16-30 Days,4870.05,487.25,0
LN-23795,BW-21932,2025-01-10,2600,11.52,B,8.3,RENT,70197,13.94,689,Credit Card Refinance,In Grace Period,697.7,40.19,0
LN-23796,BW-25277,2024-02-25,19600,26.72,E,0.7,RENT,58826,25.31,548,Debt Consolidation,Late 16-30 Days,5550.95,741.61,0
LN-23797,BW-29562,2024-04-18,9100,17.71,D,11.3,RENT,122629,27.81,593,Personal,Fully Paid,9100.0,3545.54,0
LN-23798,BW-25950,2024-12-31,33200,10.27,B,2.0,RENT,258983,19.79,701,Debt Consolidation,Fully Paid,33200.0,7501.21,3
LN-23799,BW-17032,2024-01-24,30400,8.58,A,5.8,RENT,251765,11.86,823,Home Improvement,Fully Paid,30400.0,5738.3,0
LN-23800,BW-25301,2024-04-11,20800,5.97,A,5.0,MORTGAGE,44316,18.79,761,Credit Card Refinance,Fully Paid,20800.0,2731.87,0
LN-23801,BW-21941,2024-06-24,17400,9.35,A,7.1,OWN,41390,7.11,784,Debt Consolidation,Fully Paid,17400.0,3579.18,0
LN-23802,BW-29603,2025-03-25,16200,20.9,D,0.9,RENT,69920,11.87,611,Credit Card Refinance,Current,5144.83,1182.8,0
LN-23803,BW-28207,2025-05-24,22900,20.99,D,10.9,OWN,72863,35.02,602,Credit Card Refinance,Fully Paid,22900.0,10574.76,0
LN-23804,BW-20592,2025-04-20,37800,20.07,D,8.3,OWN,45928,6.72,603,Credit Card Refinance,Fully Paid,37800.0,16690.21,0
LN-23805,BW-23551,2026-05-13,14200,25.85,E,11.1,OWN,238057,9.53,520,Debt Consolidation,Late 16-30 Days,2853.12,368.77,1
LN-23806,BW-23918,2024-11-02,23000,9.78,B,3.5,RENT,125458,30.91,726,Credit Card Refinance,Current,10219.8,1099.45,3
LN-23807,BW-17221,2024-12-04,18200,26.68,E,6.3,OWN,36014,30.18,526,Credit Card Refinance,Charged Off,5270.5,703.08,0
LN-23808,BW-10904,2024-01-13,31600,10.03,B,7.9,RENT,35174,12.4,729,Debt Consolidation,Current,21810.62,2406.37,0
LN-23809,BW-18698,2025-06-07,6100,10.55,B,8.5,MORTGAGE,58810,33.75,726,Debt Consolidation,Fully Paid,6100.0,1415.81,0
LN-23810,BW-25443,2026-01-17,32700,6.6,A,7.7,MORTGAGE,40325,24.74,836,Home Improvement,Current,12683.96,920.86,0
LN-23811,BW-17439,2025-09-06,37100,6.39,A,4.3,MORTGAGE,54361,26.29,784,Debt Consolidation,Current,10606.58,745.54,0
LN-23812,BW-25515,2025-11-14,5000,7.79,A,8.0,OWN,40541,7.96,745,Small Business,Current,2725.5,233.55,0
LN-23813,BW-12073,2024-04-08,23700,11.25,B,1.9,MORTGAGE,77740,25.14,681,Debt Consolidation,Current,5505.02,681.25,0
LN-23814,BW-19235,2024-03-04,36200,12.01,B,8.2,RENT,75527,36.75,708,Small Business,Late 31-120 Days,9464.67,568.35,0
LN-23815,BW-22026,2026-01-03,12700,24.39,E,9.4,MORTGAGE,67153,7.94,567,Debt Consolidation,Charged Off,698.61,85.2,0
LN-23816,BW-19647,2025-03-29,3900,10.85,B,9.9,RENT,62254,20.35,716,Debt Consolidation,Current,1549.74,184.96,0
LN-23817,BW-20185,2024-01-03,19300,7.33,A,1.9,MORTGAGE,53156,20.37,846,Credit Card Refinance,Current,13759.27,1109.41,0
LN-23818,BW-28981,2024-04-12,10400,11.89,B,11.9,MORTGAGE,91074,17.05,687,Debt Consolidation,Current,5461.93,714.37,0
LN-23819,BW-28238,2025-04-19,22700,11.89,B,2.9,MORTGAGE,70524,10.28,703,Debt Consolidation,Current,13981.04,1828.58,0
LN-23820,BW-14305,2024-01-30,27700,15.12,C,10.7,RENT,57237,13.31,673,Credit Card Refinance,Current,5886.43,979.03,0
LN-23821,BW-15835,2024-01-28,33000,12.38,B,6.2,MORTGAGE,34076,26.71,702,Personal,Current,21703.49,2955.58,0
LN-23822,BW-29213,2025-07-29,25000,6.32,A,8.6,MORTGAGE,57188,34.07,773,Debt Consolidation,Current,14521.54,1009.54,0
LN-23823,BW-16701,2025-04-29,11600,7.87,A,6.0,MORTGAGE,130547,22.84,750,Credit Card Refinance,Current,6000.06,519.43,0
LN-23824,BW-13702,2024-06-12,25400,14.51,C,7.0,RENT,55729,33.95,660,Debt Consolidation,In Grace Period,1984.47,143.97,0
LN-23825,BW-19027,2025-05-11,6200,21.46,D,1.4,MORTGAGE,50817,21.16,628,Debt Consolidation,Fully Paid,6200.0,2927.14,0
LN-23826,BW-18050,2025-06-03,9000,10.35,B,9.1,MORTGAGE,157981,6.67,691,Major Purchase,Fully Paid,9000.0,2049.3,0
LN-23827,BW-20002,2024-04-10,31600,15.95,C,3.7,RENT,169417,30.68,662,Credit Card Refinance,Fully Paid,31600.0,11088.44,0
LN-23828,BW-21575,2026-06-05,3100,21.96,D,6.0,MORTGAGE,94256,28.21,617,Credit Card Refinance,Fully Paid,3100.0,1497.67,0
LN-23829,BW-15376,2024-08-16,27000,15.7,C,2.0,RENT,82674,36.23,679,Debt Consolidation,Fully Paid,27000.0,9325.8,0
LN-23830,BW-17817,2025-04-29,34000,14.47,C,6.2,MORTGAGE,39036,29.38,633,Debt Consolidation,Fully Paid,34000.0,10823.56,0
LN-23831,BW-12977,2024-02-18,21300,5.96,A,6.2,RENT,66118,30.08,792,Credit Card Refinance,In Grace Period,6679.12,199.04,0
LN-23832,BW-25941,2025-10-11,17000,6.2,A,7.6,RENT,74119,19.91,751,Credit Card Refinance,In Grace Period,1687.06,52.3,0
LN-23833,BW-13465,2026-04-16,26400,19.5,D,10.0,RENT,38776,16.15,626,Credit Card Refinance,Charged Off,2526.74,246.36,0
LN-23834,BW-13809,2025-07-08,12100,18.06,D,9.2,MORTGAGE,71804,24.99,597,Small Business,Current,9526.22,1892.48,0
LN-23835,BW-29004,2025-08-30,13200,16.88,C,4.3,MORTGAGE,58690,36.04,663,Small Business,Fully Paid,13200.0,4901.95,0
LN-23836,BW-29134,2024-02-26,8000,10.75,B,3.7,OWN,78782,34.68,733,Debt Consolidation,Current,2803.39,331.5,0
LN-23837,BW-14114,2025-01-28,2600,7.78,A,8.3,MORTGAGE,73641,13.68,815,Debt Consolidation,Current,1881.87,161.05,0
LN-23838,BW-19999,2024-05-17,30200,9.87,B,5.3,MORTGAGE,41898,10.28,698,Debt Consolidation,Current,15310.52,1662.26,0
LN-23839,BW-22907,2025-07-25,11400,13.09,B,3.9,RENT,40420,7.71,696,Home Improvement,Fully Paid,11400.0,3282.97,4
LN-23840,BW-13208,2024-05-15,10500,15.66,C,3.1,MORTGAGE,44315,21.0,669,Home Improvement,Fully Paid,10500.0,3617.46,0
LN-23841,BW-13997,2024-01-02,38900,10.05,B,12.0,MORTGAGE,59936,37.62,700,Debt Consolidation,Fully Paid,38900.0,8600.79,0
LN-23842,BW-16899,2024-05-29,39000,6.05,A,3.7,RENT,264468,33.23,769,Small Business,Charged Off,5431.01,164.29,3
LN-23843,BW-21322,2025-09-10,8500,16.94,C,3.0,RENT,45646,24.66,645,Debt Consolidation,Fully Paid,8500.0,3167.78,0
LN-23844,BW-26041,2024-07-12,22400,18.03,D,11.3,OWN,64819,35.23,580,Credit Card Refinance,Fully Paid,22400.0,8885.18,0
LN-23845,BW-21677,2026-02-28,22300,10.22,B,8.3,RENT,112202,14.28,685,Home Improvement,Fully Paid,22300.0,5013.93,0
LN-23846,BW-11996,2024-04-12,6000,17.4,C,6.9,MORTGAGE,83253,9.04,672,Debt Consolidation,Current,3365.9,644.23,0
LN-23847,BW-28394,2025-11-04,17900,8.62,A,1.9,MORTGAGE,65411,11.26,740,Debt Consolidation,Fully Paid,17900.0,3394.56,0
LN-23848,BW-20458,2025-03-31,29200,7.76,A,4.4,OWN,214395,30.37,798,Debt Consolidation,In Grace Period,1570.21,60.92,4
LN-23849,BW-17068,2024-01-26,33900,12.83,B,2.6,RENT,34860,6.05,729,Personal,Fully Paid,33900.0,9568.61,3
LN-23850,BW-17371,2025-11-11,27200,20.45,D,1.8,RENT,93768,26.63,580,Credit Card Refinance,Fully Paid,27200.0,12237.28,0
LN-23851,BW-20019,2024-06-20,36100,9.19,A,3.4,MORTGAGE,46473,7.76,755,Debt Consolidation,Fully Paid,36100.0,7298.7,0
LN-23852,BW-27684,2026-04-14,23800,6.71,A,11.3,MORTGAGE,55120,21.6,754,Debt Consolidation,Current,11482.44,847.52,2
LN-23853,BW-19531,2024-05-26,26100,11.1,B,8.0,OWN,41794,7.54,717,Credit Card Refinance,Fully Paid,26100.0,6373.62,0
LN-23854,BW-12793,2024-02-27,18500,20.14,D,1.5,RENT,48529,16.82,586,Credit Card Refinance,Current,13459.43,2981.8,2
LN-23855,BW-19045,2024-04-09,27500,19.32,D,3.9,MORTGAGE,115591,9.17,587,Credit Card Refinance,Current,11101.83,2359.36,0
LN-23856,BW-13018,2024-11-15,22700,16.96,C,0.8,RENT,31101,20.56,678,Debt Consolidation,Fully Paid,22700.0,8469.82,0
LN-23857,BW-25557,2025-07-13,32300,13.39,B,11.9,RENT,67704,29.59,732,Debt Consolidation,Fully Paid,32300.0,9514.93,0
LN-23858,BW-26479,2024-07-15,32700,14.02,C,1.4,MORTGAGE,64869,22.69,667,Major Purchase,Fully Paid,32700.0,10085.99,0
LN-23859,BW-25551,2024-07-29,37500,11.92,B,11.7,MORTGAGE,40820,29.55,713,Debt Consolidation,Current,23701.92,3107.8,3
LN-23860,BW-15009,2024-06-27,13600,16.65,C,3.2,MORTGAGE,73785,28.85,673,Credit Card Refinance,Fully Paid,13600.0,4981.68,1
LN-23861,BW-28866,2024-04-04,32900,11.53,B,2.3,MORTGAGE,39219,19.27,694,Credit Card Refinance,Current,13566.0,1720.58,0
LN-23862,BW-11754,2024-09-18,19000,18.3,D,2.9,MORTGAGE,41086,37.61,593,Debt Consolidation,Current,8951.61,1801.96,0
LN-23863,BW-14118,2024-12-30,24600,18.94,D,2.4,OWN,75549,14.16,608,Credit Card Refinance,Current,9869.54,2056.22,1
LN-23864,BW-19641,2025-06-29,16200,10.62,B,8.8,RENT,52834,24.94,689,Debt Consolidation,Late 31-120 Days,2131.02,113.16,0
LN-23865,BW-23046,2025-03-14,38000,12.03,B,1.0,MORTGAGE,36194,7.28,738,Credit Card Refinance,Late 16-30 Days,5866.94,352.9,0
LN-23866,BW-17685,2024-11-21,26500,18.02,D,10.7,RENT,74283,36.3,627,Personal,Charged Off,2784.3,250.87,2
LN-23867,BW-10750,2026-05-07,4800,7.94,A,8.3,MORTGAGE,126899,22.31,840,Debt Consolidation,Fully Paid,4800.0,838.46,0
LN-23868,BW-26768,2025-10-10,18500,20.44,D,3.3,RENT,47278,15.58,594,Credit Card Refinance,Fully Paid,18500.0,8319.08,0
LN-23869,BW-24711,2024-02-29,8600,26.8,E,7.1,MORTGAGE,45830,24.17,579,Debt Consolidation,Fully Paid,8600.0,5070.56,0
LN-23870,BW-16979,2025-06-24,39200,7.56,A,4.9,MORTGAGE,81290,34.24,814,Credit Card Refinance,Fully Paid,39200.0,6519.74,0
LN-23871,BW-24847,2024-01-06,21700,14.51,C,6.5,MORTGAGE,81537,16.01,678,Home Improvement,Fully Paid,21700.0,6927.07,0
LN-23872,BW-24387,2026-05-26,36400,14.02,C,6.5,OWN,49508,27.42,668,Home Improvement,In Grace Period,4914.77,344.53,0
LN-23873,BW-28438,2026-01-11,6500,10.44,B,7.6,MORTGAGE,80420,33.94,737,Debt Consolidation,In Grace Period,1878.75,98.07,0
LN-23874,BW-22063,2024-02-26,34300,8.71,A,10.5,RENT,105852,16.58,811,Home Improvement,Fully Paid,34300.0,6572.57,0
LN-23875,BW-11361,2025-02-21,4900,20.61,D,7.0,OWN,90001,15.29,581,Personal,Late 31-120 Days,1663.75,171.45,0
LN-23876,BW-25806,2025-01-31,14800,10.42,B,2.3,RENT,68939,36.45,711,Debt Consolidation,Current,9353.76,1072.13,4
LN-23877,BW-29379,2025-12-24,3800,12.85,B,3.6,RENT,160346,13.2,736,Debt Consolidation,Fully Paid,3800.0,1074.26,0
LN-23878,BW-13320,2024-08-09,32500,11.75,B,6.6,MORTGAGE,43503,12.73,710,Credit Card Refinance,Fully Paid,32500.0,8401.25,3
LN-23879,BW-28714,2024-01-17,37200,19.76,D,9.6,MORTGAGE,124952,7.78,606,Debt Consolidation,Current,21663.78,4708.84,0
LN-23880,BW-24500,2025-11-22,10600,22.45,E,5.9,OWN,31688,17.22,552,Debt Consolidation,Current,4652.73,1148.99,0
LN-23881,BW-12337,2025-05-26,32900,17.15,C,6.8,RENT,42383,6.35,645,Debt Consolidation,Late 16-30 Days,1849.13,158.56,1
LN-23882,BW-14602,2024-02-12,35300,11.78,B,2.0,MORTGAGE,33824,36.15,693,Credit Card Refinance,Current,24954.31,3233.58,0
LN-23883,BW-27893,2025-04-19,2700,16.43,C,10.9,MORTGAGE,42412,17.61,637,Personal,Current,1379.42,249.3,0
LN-23884,BW-12122,2025-03-11,32600,9.91,B,1.0,RENT,68456,30.64,730,Debt Consolidation,Fully Paid,32600.0,7107.45,1
LN-23885,BW-14974,2025-10-08,24600,13.16,B,4.7,RENT,74979,15.87,738,Credit Card Refinance,Current,11305.71,1636.61,0
LN-23886,BW-25882,2024-06-09,17100,8.65,A,0.7,OWN,71415,15.79,816,Major Purchase,Fully Paid,17100.0,3254.13,0
LN-23887,BW-15134,2024-02-21,32500,13.17,B,10.9,OWN,177205,26.0,733,Credit Card Refinance,Current,15598.8,2259.8,0
LN-23888,BW-20770,2025-01-18,18200,8.1,A,0.5,RENT,94284,13.09,757,Major Purchase,Fully Paid,18200.0,3243.24,3
LN-23889,BW-20497,2024-07-30,3100,10.2,B,3.8,MORTGAGE,82620,7.97,689,Credit Card Refinance,Current,1805.89,202.62,0
LN-23890,BW-27170,2025-07-21,9200,7.57,A,5.3,MORTGAGE,80294,29.6,761,Debt Consolidation,Late 16-30 Days,2977.17,112.69,0
LN-23891,BW-11438,2026-02-14,18200,8.29,A,11.1,OWN,100099,33.61,789,Debt Consolidation,Fully Paid,18200.0,3319.32,3
LN-23892,BW-11036,2024-02-12,5100,16.89,C,7.8,RENT,78454,37.36,668,Credit Card Refinance,Current,3207.2,595.87,3
LN-23893,BW-19758,2025-02-20,12400,8.05,A,10.0,MORTGAGE,71473,15.05,848,Debt Consolidation,Current,5915.92,523.85,0
LN-23894,BW-18032,2025-10-12,21300,10.59,B,8.4,MORTGAGE,57292,24.21,709,Debt Consolidation,Current,10919.97,1272.07,0
LN-23895,BW-17044,2025-10-08,12100,11.26,B,2.2,RENT,135300,29.21,700,Credit Card Refinance,Current,6047.24,749.01,0
LN-23896,BW-29465,2026-01-17,26800,6.87,A,9.4,RENT,78073,11.24,775,Small Business,In Grace Period,1564.43,53.74,0
LN-23897,BW-19838,2024-06-25,10000,24.4,E,3.2,RENT,217041,37.67,578,Home Improvement,Fully Paid,10000.0,5368.0,0
LN-23898,BW-18153,2026-03-03,32800,11.11,B,4.0,MORTGAGE,99311,37.53,712,Credit Card Refinance,Current,18341.83,2241.56,0
LN-23899,BW-23611,2024-01-01,34000,16.19,C,9.9,MORTGAGE,74156,25.29,644,Personal,Charged Off,4074.16,329.8,0
LN-23900,BW-22999,2024-04-01,6200,11.48,B,1.3,OWN,73949,15.25,680,Debt Consolidation,In Grace Period,456.91,26.23,0
LN-23901,BW-27312,2024-04-25,12700,19.16,D,1.7,MORTGAGE,60078,23.11,619,Credit Card Refinance,In Grace Period,2397.68,229.7,0
LN-23902,BW-23271,2025-01-12,35500,13.1,B,4.4,MORTGAGE,192952,17.02,708,Personal,Current,24571.81,3540.8,0
LN-23903,BW-14492,2024-08-14,24200,22.5,E,1.9,OWN,54218,13.74,561,Credit Card Refinance,Charged Off,2220.16,249.77,0
LN-23904,BW-14532,2024-01-09,18000,6.08,A,9.1,MORTGAGE,72014,11.23,822,Major Purchase,Fully Paid,18000.0,2407.68,0
LN-23905,BW-22538,2024-11-12,28600,11.23,B,10.4,RENT,75794,8.32,694,Debt Consolidation,Current,18531.72,2289.22,0
LN-23906,BW-17493,2024-05-17,18700,14.02,C,10.4,RENT,81179,34.54,641,Personal,Current,4084.88,629.97,0
LN-23907,BW-18430,2026-02-02,36400,12.46,B,8.9,RENT,98026,21.71,733,Small Business,Late 31-120 Days,7249.66,451.65,0
LN-23908,BW-14402,2025-07-25,27100,6.92,A,8.4,MORTGAGE,70512,13.57,776,Credit Card Refinance,Current,10181.21,774.99,0
LN-23909,BW-14377,2025-07-31,33100,26.27,E,9.7,MORTGAGE,49314,20.12,541,Debt Consolidation,Fully Paid,33100.0,19129.81,0
LN-23910,BW-15849,2024-01-22,37700,17.72,D,2.7,RENT,107599,10.0,621,Small Business,Charged Off,5280.34,467.84,0
LN-23911,BW-23089,2025-10-26,10300,8.7,A,1.9,RENT,79198,29.38,787,Debt Consolidation,Late 31-120 Days,1585.36,68.96,0
LN-23912,BW-27904,2024-09-04,11400,12.91,B,4.9,OWN,34196,16.17,693,Debt Consolidation,Current,7279.91,1033.82,1
LN-23913,BW-21351,2026-05-12,17500,12.98,B,9.0,RENT,71934,11.8,703,Debt Consolidation,Current,10516.03,1501.48,0
LN-23914,BW-15757,2024-04-07,32800,16.41,C,9.9,RENT,70412,9.06,661,Credit Card Refinance,Fully Paid,32800.0,11841.46,3
LN-23915,BW-21503,2024-05-07,33700,15.2,C,1.9,MORTGAGE,108911,25.86,648,Credit Card Refinance,Current,13610.62,2275.7,0
LN-23916,BW-20206,2025-09-15,14600,21.7,D,3.0,MORTGAGE,81169,27.58,594,Small Business,Charged Off,4654.68,505.03,0
LN-23917,BW-29152,2025-03-19,31600,11.7,B,1.5,RENT,31848,10.75,729,Small Business,Current,23547.32,3030.54,0
LN-23918,BW-23911,2024-05-24,2500,22.63,E,9.5,RENT,93171,24.78,529,Credit Card Refinance,Fully Paid,2500.0,1244.65,0
LN-23919,BW-27482,2025-03-26,14300,11.48,B,8.1,RENT,69220,18.1,686,Home Improvement,Current,3264.46,412.24,0
LN-23920,BW-21590,2024-11-17,7300,16.27,C,0.9,MORTGAGE,42577,29.18,671,Debt Consolidation,Current,4693.46,839.99,0
LN-23921,BW-28526,2024-03-26,10200,12.8,B,10.4,MORTGAGE,55160,30.27,695,Credit Card Refinance,Charged Off,1677.45,107.36,0
LN-23922,BW-27757,2026-03-14,17200,9.99,B,4.2,MORTGAGE,110352,27.88,682,Debt Consolidation,Charged Off,2126.93,106.24,0
LN-23923,BW-18186,2026-04-18,24800,16.98,C,2.5,RENT,121036,7.94,639,Major Purchase,Fully Paid,24800.0,9264.29,0
LN-23924,BW-24424,2024-10-04,21700,12.13,B,8.9,MORTGAGE,83788,27.49,698,Credit Card Refinance,Fully Paid,21700.0,5790.86,0
LN-23925,BW-10971,2026-06-28,37000,16.48,C,0.5,MORTGAGE,72081,9.0,660,Major Purchase,Fully Paid,37000.0,13414.72,0
LN-23926,BW-21348,2026-05-29,9100,10.55,B,10.5,MORTGAGE,46430,17.11,728,Home Improvement,Current,6673.28,774.43,0
LN-23927,BW-16450,2024-02-29,35300,21.18,D,1.0,RENT,44967,19.96,605,Credit Card Refinance,Charged Off,11362.81,1203.32,0
LN-23928,BW-24958,2025-06-11,26500,9.25,A,8.8,OWN,78029,16.79,813,Debt Consolidation,Fully Paid,26500.0,5392.75,0
LN-23929,BW-23976,2025-01-29,34300,11.05,B,1.4,RENT,77582,11.9,735,Debt Consolidation,Fully Paid,34300.0,8338.33,0
LN-23930,BW-18884,2025-03-22,33900,9.65,B,10.5,MORTGAGE,38509,11.45,728,Debt Consolidation,Fully Paid,33900.0,7196.97,0
LN-23931,BW-16892,2025-06-09,27300,9.03,A,4.2,RENT,53283,10.13,810,Debt Consolidation,Current,11806.88,1172.78,0
LN-23932,BW-28068,2025-07-26,24700,20.09,D,1.9,OWN,59509,31.62,612,Debt Consolidation,Fully Paid,24700.0,10916.91,4
LN-23933,BW-27507,2025-04-21,34300,10.9,B,6.0,OWN,49789,36.52,686,Debt Consolidation,Fully Paid,34300.0,8225.14,0
LN-23934,BW-10260,2024-05-14,30600,12.27,B,1.7,MORTGAGE,31048,9.16,700,Debt Consolidation,Fully Paid,30600.0,8260.16,0
LN-23935,BW-20937,2026-02-06,35200,18.07,D,2.0,MORTGAGE,64736,16.12,605,Debt Consolidation,Late 16-30 Days,11772.16,1063.61,0
LN-23936,BW-16757,2026-01-31,7700,5.96,A,1.5,OWN,45102,37.06,781,Debt Consolidation,Current,5929.83,388.76,0
LN-23937,BW-21292,2025-03-23,22000,5.75,A,4.4,OWN,112727,9.21,850,Major Purchase,Fully Paid,22000.0,2783.0,0
LN-23938,BW-21061,2024-07-17,14900,11.43,B,1.8,OWN,114869,22.65,729,Debt Consolidation,Fully Paid,14900.0,3746.75,0
LN-23939,BW-16397,2025-08-29,3000,14.39,C,3.8,MORTGAGE,71873,20.62,655,Debt Consolidation,Fully Paid,3000.0,949.74,0
LN-23940,BW-26548,2024-05-25,13900,11.27,B,5.6,RENT,127319,13.35,700,Debt Consolidation,In Grace Period,4228.43,238.27,0
LN-23941,BW-26004,2025-05-16,14700,27.82,E,3.0,RENT,48275,22.93,577,Home Improvement,Current,5405.15,1654.08,2
LN-23942,BW-11903,2025-12-22,16700,10.81,B,3.0,RENT,89345,6.78,722,Credit Card Refinance,Fully Paid,16700.0,3971.59,0
LN-23943,BW-23701,2024-08-21,20500,8.66,A,7.6,OWN,64362,21.23,777,Credit Card Refinance,Fully Paid,20500.0,3905.66,1
LN-23944,BW-26994,2024-05-18,31600,9.7,B,10.1,RENT,67277,32.29,703,Home Improvement,Fully Paid,31600.0,6743.44,0
LN-23945,BW-24599,2025-05-25,4100,21.78,D,5.3,RENT,42531,18.89,629,Credit Card Refinance,Fully Paid,4100.0,1964.56,0
LN-23946,BW-29886,2026-01-23,34300,19.6,D,3.2,RENT,78876,6.1,599,Debt Consolidation,Current,20930.55,4512.63,0
LN-23947,BW-29182,2024-10-08,36300,13.45,B,5.9,OWN,57339,12.19,683,Debt Consolidation,Charged Off,9827.19,660.88,0
LN-23948,BW-26749,2025-03-23,10400,8.76,A,2.6,MORTGAGE,81827,26.92,746,Personal,Fully Paid,10400.0,2004.29,0
LN-23949,BW-24273,2025-09-29,21200,19.84,D,8.6,RENT,33160,34.9,612,Home Improvement,Current,11224.65,2449.67,0
LN-23950,BW-21457,2025-09-08,35300,9.93,B,10.3,RENT,73300,7.86,698,Major Purchase,Fully Paid,35300.0,7711.64,0
LN-23951,BW-11774,2025-07-05,32600,16.09,C,11.2,MORTGAGE,49297,8.18,666,Debt Consolidation,Fully Paid,32600.0,11539.75,0
LN-23952,BW-16691,2025-09-12,22800,7.58,A,11.4,OWN,83866,26.79,794,Debt Consolidation,Current,8686.85,724.31,1
LN-23953,BW-16136,2024-04-08,36800,9.48,A,11.3,RENT,199851,13.63,780,Credit Card Refinance,Current,11078.27,1155.24,0
LN-23954,BW-23336,2025-03-23,13100,10.29,B,4.8,MORTGAGE,64612,17.33,716,Home Improvement,Charged Off,3453.15,177.66,0
LN-23955,BW-28668,2026-01-05,28000,12.67,B,5.3,RENT,51985,10.43,720,Debt Consolidation,Current,6502.79,906.29,0
LN-23956,BW-16750,2025-01-20,23800,10.16,B,6.5,RENT,111112,18.57,728,Debt Consolidation,Current,18323.66,2047.85,0
LN-23957,BW-16427,2024-12-18,11000,13.47,B,4.4,RENT,40514,33.07,726,Home Improvement,Fully Paid,11000.0,3259.74,0
LN-23958,BW-26780,2025-08-13,3700,6.21,A,7.7,MORTGAGE,157403,30.28,746,Debt Consolidation,Fully Paid,3700.0,505.49,0
LN-23959,BW-10967,2024-09-06,29400,13.72,C,10.5,MORTGAGE,39164,11.05,655,Credit Card Refinance,Current,18630.81,2811.76,0
LN-23960,BW-16702,2025-05-08,7100,17.05,C,3.9,MORTGAGE,89103,21.92,658,Personal,Fully Paid,7100.0,2663.21,0
LN-23961,BW-12452,2026-04-15,25400,17.35,C,9.2,MORTGAGE,45369,8.25,671,Credit Card Refinance,Charged Off,2304.69,199.93,0
LN-23962,BW-27759,2025-08-04,30000,12.59,B,9.3,MORTGAGE,72326,21.18,681,Home Improvement,Fully Paid,30000.0,8309.4,1
LN-23963,BW-18973,2024-11-22,28700,16.03,C,8.4,RENT,75526,37.14,656,Home Improvement,Charged Off,4847.96,388.56,0
LN-23964,BW-19055,2026-05-05,31700,17.12,C,4.5,MORTGAGE,31688,19.38,657,Debt Consolidation,Current,22462.31,4230.1,0
LN-23965,BW-22190,2024-07-18,24100,14.08,C,8.5,MORTGAGE,44698,23.83,634,Credit Card Refinance,Current,14301.88,2215.08,0
LN-23966,BW-12830,2025-08-14,7300,12.08,B,6.2,RENT,45672,26.34,680,Debt Consolidation,Fully Paid,7300.0,1940.05,0
LN-23967,BW-19065,2025-09-12,28700,13.3,B,4.0,MORTGAGE,118147,5.35,680,Debt Consolidation,Current,14362.26,2101.2,0
LN-23968,BW-23764,2025-02-28,27200,12.48,B,11.9,OWN,39399,33.23,685,Credit Card Refinance,Current,17395.77,2388.09,0
LN-23969,BW-29695,2024-06-19,10400,12.33,B,8.0,MORTGAGE,67809,24.18,680,Debt Consolidation,Current,7440.02,1009.09,0
LN-23970,BW-25427,2026-03-15,32200,9.38,A,0.8,RENT,80831,22.53,834,Credit Card Refinance,Current,12770.77,1317.69,0
LN-23971,BW-22665,2025-06-01,13300,18.75,D,10.7,OWN,37024,5.6,606,Credit Card Refinance,Charged Off,1179.57,110.58,3
LN-23972,BW-22145,2026-01-18,11400,11.13,B,0.7,RENT,59053,31.33,728,Credit Card Refinance,Fully Paid,11400.0,2791.4,0
LN-23973,BW-20328,2024-06-30,27200,8.58,A,4.8,RENT,65232,18.99,759,Small Business,Current,16173.48,1526.45,0
LN-23974,BW-24040,2024-11-19,4800,9.83,B,0.5,MORTGAGE,59976,9.77,684,Debt Consolidation,Current,3394.92,367.09,0
LN-23975,BW-24043,2026-03-11,11700,7.95,A,3.6,RENT,45067,33.82,817,Major Purchase,Current,3911.37,342.05,0
LN-23976,BW-16654,2026-03-26,21700,21.2,D,3.3,RENT,62840,23.21,615,Debt Consolidation,Fully Paid,21700.0,10120.88,0
LN-23977,BW-27344,2025-01-22,18800,20.05,D,2.2,MORTGAGE,46800,22.77,626,Debt Consolidation,Fully Paid,18800.0,8292.68,0
LN-23978,BW-18174,2025-09-10,16000,10.51,B,4.3,MORTGAGE,65443,8.76,720,Home Improvement,Current,6818.25,788.26,0
LN-23979,BW-29556,2024-02-28,31700,11.92,B,5.1,RENT,63672,28.92,733,Credit Card Refinance,Fully Paid,31700.0,8313.01,0
LN-23980,BW-15054,2025-03-30,17700,17.1,C,5.2,MORTGAGE,62131,20.08,658,Personal,Current,9256.71,1741.19,0
LN-23981,BW-24520,2025-03-24,4200,9.48,A,8.2,MORTGAGE,37501,26.52,817,Credit Card Refinance,Current,1924.11,200.65,0
LN-23982,BW-28814,2024-06-10,13000,6.36,A,10.8,MORTGAGE,37460,27.06,802,Debt Consolidation,Current,3694.23,258.45,1
LN-23983,BW-17917,2025-09-12,22300,19.31,D,2.2,RENT,48222,14.03,586,Debt Consolidation,Charged Off,4704.33,454.2,0
LN-23984,BW-22892,2025-04-23,38900,10.53,B,1.4,RENT,34627,11.02,703,Debt Consolidation,Fully Paid,38900.0,9011.57,0
LN-23985,BW-28046,2025-11-24,19900,14.86,C,4.5,RENT,76001,23.24,630,Credit Card Refinance,Current,14051.28,2296.82,0
LN-23986,BW-21629,2024-06-13,28300,11.27,B,6.5,RENT,51771,28.1,737,Debt Consolidation,Current,22231.14,2755.99,0
LN-23987,BW-20256,2026-01-08,20000,14.81,C,8.4,MORTGAGE,54247,12.38,678,Debt Consolidation,Current,8496.49,1384.16,0
LN-23988,BW-19407,2025-05-26,6300,12.01,B,11.4,RENT,110016,7.03,705,Small Business,Current,3429.24,453.04,0
LN-23989,BW-24959,2026-02-13,16700,24.07,E,2.1,OWN,35265,27.27,578,Credit Card Refinance,Fully Paid,16700.0,8843.32,0
LN-23990,BW-17764,2026-05-17,16100,10.13,B,11.4,MORTGAGE,30343,6.98,729,Personal,Current,7272.12,810.33,0
LN-23991,BW-25413,2025-07-21,12000,17.1,C,9.3,RENT,150146,12.93,636,Debt Consolidation,Current,6679.23,1256.36,3
LN-23992,BW-26899,2025-09-18,2700,11.54,B,10.7,MORTGAGE,60155,5.83,735,Debt Consolidation,Fully Paid,2700.0,685.48,0
LN-23993,BW-12650,2024-09-21,8400,16.98,C,11.4,RENT,107702,9.74,672,Debt Consolidation,Fully Paid,8400.0,3137.9,0
LN-23994,BW-24291,2026-02-24,39500,24.04,E,4.4,RENT,61895,15.2,554,Home Improvement,Charged Off,9344.53,1123.21,0
LN-23995,BW-28828,2025-03-20,11400,10.41,B,4.8,MORTGAGE,79310,7.61,683,Credit Card Refinance,Fully Paid,11400.0,2610.83,0
LN-23996,BW-11362,2024-08-01,34000,8.33,A,6.0,RENT,78532,32.13,741,Credit Card Refinance,Fully Paid,34000.0,6230.84,0
LN-23997,BW-14593,2024-01-26,19500,20.45,D,6.5,MORTGAGE,69089,11.29,584,Credit Card Refinance,Current,10661.51,2398.31,0
LN-23998,BW-27379,2025-08-17,22000,9.06,A,2.2,RENT,70577,24.88,843,Credit Card Refinance,Fully Paid,22000.0,4385.04,0
LN-23999,BW-26558,2025-01-02,16000,20.03,D,7.1,OWN,37686,7.47,583,Debt Consolidation,Charged Off,2639.96,264.39,1
LN-24000,BW-13500,2025-08-03,15800,12.34,B,7.1,RENT,76765,37.96,714,Debt Consolidation,Fully Paid,15800.0,4289.38,0
LN-24001,BW-28075,2024-03-12,15700,15.72,C,1.3,MORTGAGE,203390,15.16,657,Credit Card Refinance,Current,4899.16,847.16,0
LN-24002,BW-11685,2024-06-05,3900,10.79,B,8.4,MORTGAGE,118447,18.17,710,Credit Card Refinance,Current,2787.49,330.85,0
LN-24003,BW-11549,2026-05-29,35200,10.66,B,10.1,RENT,50445,16.9,705,Home Improvement,In Grace Period,10630.96,566.63,0
LN-24004,BW-17247,2026-04-29,33900,21.38,D,11.0,MORTGAGE,77332,32.93,607,Credit Card Refinance,Charged Off,11707.48,1251.53,0
LN-24005,BW-26755,2025-05-02,24000,11.49,B,10.3,RENT,113063,32.26,737,Major Purchase,Fully Paid,24000.0,6066.72,0
LN-24006,BW-29124,2024-02-12,35400,10.48,B,1.6,MORTGAGE,49721,32.83,689,Personal,Current,13995.88,1613.45,4
LN-24007,BW-22701,2026-02-21,31800,11.38,B,9.8,OWN,176199,21.4,738,Debt Consolidation,Current,12245.83,1532.93,0
LN-24008,BW-17467,2024-08-28,18100,14.11,C,2.4,RENT,33300,27.23,671,Small Business,Fully Paid,18100.0,5618.6,4
LN-24009,BW-13573,2025-05-17,16400,5.89,A,9.5,MORTGAGE,50488,10.36,773,Debt Consolidation,Fully Paid,16400.0,2125.11,0
LN-24010,BW-10428,2024-06-06,21800,8.45,A,2.9,MORTGAGE,137443,13.72,763,Credit Card Refinance,Fully Paid,21800.0,4052.62,0
LN-24011,BW-23218,2024-02-11,38400,17.75,D,11.6,RENT,75736,35.37,622,Major Purchase,Late 16-30 Days,10162.9,901.96,0
LN-24012,BW-28866,2026-05-23,36000,8.83,A,8.1,RENT,57592,35.12,850,Personal,Fully Paid,36000.0,6993.36,0
LN-24013,BW-27809,2025-12-30,38600,11.78,B,11.9,RENT,79758,19.99,683,Credit Card Refinance,Fully Paid,38600.0,10003.58,0
LN-24014,BW-13493,2026-05-10,34100,10.96,B,9.7,MORTGAGE,47383,37.43,728,Debt Consolidation,Charged Off,4722.47,258.79,0
LN-24015,BW-13036,2025-01-07,2600,11.37,B,10.7,MORTGAGE,168973,32.57,682,Credit Card Refinance,Current,740.74,92.64,0
LN-24016,BW-24031,2025-02-12,31600,16.2,C,6.7,RENT,69038,25.92,645,Debt Consolidation,Current,23974.81,4272.31,0
LN-24017,BW-24206,2026-04-01,32400,14.67,C,4.6,RENT,41540,12.69,679,Credit Card Refinance,Fully Paid,32400.0,10456.78,0
LN-24018,BW-15931,2024-11-15,22200,15.99,C,2.6,MORTGAGE,67654,17.94,636,Debt Consolidation,Fully Paid,22200.0,7809.52,4
LN-24019,BW-17657,2025-10-07,5800,16.53,C,5.1,MORTGAGE,40982,16.91,642,Major Purchase,In Grace Period,1468.95,121.41,3
LN-24020,BW-13725,2026-04-30,9500,7.53,A,9.9,MORTGAGE,44558,15.12,800,Debt Consolidation,Fully Paid,9500.0,1573.77,1
LN-24021,BW-15757,2024-06-13,39000,9.9,B,3.1,RENT,135047,18.44,724,Home Improvement,Current,15902.12,1731.74,0
LN-24022,BW-27126,2025-05-22,14300,8.04,A,11.9,MORTGAGE,38957,27.49,836,Home Improvement,Current,7387.87,653.38,0
LN-24023,BW-18974,2024-12-21,18200,10.19,B,0.8,RENT,124983,29.61,720,Debt Consolidation,Fully Paid,18200.0,4080.08,0
LN-24024,BW-29325,2024-05-07,13300,13.1,B,7.1,RENT,31820,9.93,727,Credit Card Refinance,In Grace Period,814.95,53.38,0
LN-24025,BW-20936,2024-11-14,21800,11.04,B,4.1,MORTGAGE,103966,19.26,688,Major Purchase,Current,4439.32,539.11,0
LN-24026,BW-12855,2025-12-06,10500,10.79,B,8.2,MORTGAGE,74946,13.1,700,Home Improvement,Current,7411.84,879.71,2
LN-24027,BW-22490,2025-04-30,39800,7.02,A,7.5,RENT,78534,16.57,778,Home Improvement,Fully Paid,39800.0,6146.71,0
LN-24028,BW-26964,2025-05-13,5100,8.02,A,3.6,OWN,102507,25.42,804,Credit Card Refinance,Fully Paid,5100.0,899.84,0
LN-24029,BW-13346,2025-10-29,13000,11.87,B,8.1,MORTGAGE,72598,33.29,686,Debt Consolidation,Current,6751.29,881.52,3
LN-24030,BW-16969,2025-07-01,34200,11.26,B,4.9,RENT,80606,22.08,684,Major Purchase,Fully Paid,34200.0,8472.02,0
LN-24031,BW-26992,2026-06-25,8900,27.59,E,10.7,RENT,70378,11.45,565,Home Improvement,Charged Off,2032.35,280.36,0
LN-24032,BW-20214,2024-01-03,27400,9.61,B,8.8,RENT,101433,17.46,681,Debt Consolidation,Fully Paid,27400.0,5792.91,0
LN-24033,BW-14075,2025-10-15,4500,7.42,A,8.3,MORTGAGE,83530,10.85,767,Home Improvement,Current,1545.73,126.16,0
LN-24034,BW-24974,2024-05-29,4700,11.99,B,2.6,RENT,99548,32.43,700,Home Improvement,Current,2028.07,267.48,4
LN-24035,BW-11575,2025-01-09,18200,21.31,D,3.5,MORTGAGE,37661,32.21,590,Debt Consolidation,Charged Off,2034.93,216.82,0
LN-24036,BW-21271,2026-04-08,9800,21.31,D,10.4,RENT,80687,26.73,586,Credit Card Refinance,Fully Paid,9800.0,4594.44,0
LN-24037,BW-14753,2024-09-18,29000,20.28,D,5.3,RENT,42446,10.16,619,Debt Consolidation,Current,17991.43,4013.53,1
LN-24038,BW-13750,2025-01-10,5800,11.97,B,11.0,MORTGAGE,69069,11.6,734,Home Improvement,Current,3655.81,481.36,0
LN-24039,BW-15124,2025-11-05,22800,17.79,D,8.5,MORTGAGE,61360,26.32,588,Debt Consolidation,Charged Off,2435.08,216.6,0
LN-24040,BW-21796,2025-08-01,16300,17.2,C,10.3,MORTGAGE,62297,34.85,649,Debt Consolidation,Charged Off,2409.33,207.2,0
LN-24041,BW-19133,2024-04-14,15800,16.03,C,10.5,MORTGAGE,61531,17.09,659,Personal,In Grace Period,4800.05,384.72,0
LN-24042,BW-20915,2024-03-23,31500,7.13,A,11.9,MORTGAGE,36614,6.92,784,Debt Consolidation,Fully Paid,31500.0,4941.09,1
LN-24043,BW-12339,2024-11-04,31900,12.1,B,3.3,RENT,195108,10.89,723,Small Business,Current,16166.78,2151.8,0
LN-24044,BW-21003,2025-06-16,11200,7.61,A,3.8,MORTGAGE,79758,19.02,820,Debt Consolidation,Current,6016.15,503.61,1
LN-24045,BW-22178,2024-06-26,11800,13.26,B,10.5,MORTGAGE,37049,29.93,724,Debt Consolidation,Fully Paid,11800.0,3442.3,0
LN-24046,BW-26062,2025-10-17,38200,9.26,A,2.8,MORTGAGE,74890,28.88,795,Home Improvement,Fully Paid,38200.0,7782.1,0
LN-24047,BW-14968,2025-07-12,18100,7.4,A,11.7,RENT,38380,8.48,781,Home Improvement,In Grace Period,5846.32,216.31,1
LN-24048,BW-10663,2025-03-03,9200,21.83,D,2.4,MORTGAGE,98740,33.39,586,Debt Consolidation,Current,3079.02,739.37,4
LN-24049,BW-21635,2026-02-03,26000,11.2,B,11.0,RENT,67155,18.61,694,Debt Consolidation,In Grace Period,3600.78,201.64,0
LN-24050,BW-25558,2025-05-20,20800,8.84,A,1.7,OWN,31191,33.44,790,Credit Card Refinance,Current,14266.31,1387.26,0
LN-24051,BW-12570,2025-12-24,9500,11.25,B,8.3,RENT,186822,34.91,699,Debt Consolidation,Fully Paid,9500.0,2351.25,2
LN-24052,BW-18805,2026-06-16,29000,8.79,A,5.3,RENT,63607,7.86,812,Major Purchase,Current,11737.32,1134.88,3
LN-24053,BW-18104,2025-07-26,19500,14.93,C,2.5,OWN,56567,37.6,638,Home Improvement,Fully Paid,19500.0,6404.97,0
LN-24054,BW-15296,2024-01-15,39500,15.28,C,7.7,RENT,61938,24.25,631,Debt Consolidation,Fully Paid,39500.0,13278.32,0
LN-24055,BW-27500,2025-08-05,23500,9.65,B,5.5,RENT,55132,21.35,724,Credit Card Refinance,Fully Paid,23500.0,4989.05,0
LN-24056,BW-29880,2026-04-17,23800,13.06,B,7.0,MORTGAGE,57094,23.54,720,Home Improvement,Current,11330.56,1627.75,0
LN-24057,BW-15679,2024-11-30,15100,6.66,A,3.2,MORTGAGE,50576,21.32,786,Home Improvement,Fully Paid,15100.0,2212.45,0
LN-24058,BW-17135,2026-04-14,3800,6.31,A,10.8,RENT,63812,21.65,800,Credit Card Refinance,Current,1676.18,116.34,0
LN-24059,BW-26437,2024-03-01,16900,14.43,C,5.5,RENT,74182,35.15,635,Debt Consolidation,Fully Paid,16900.0,5365.07,0
LN-24060,BW-21617,2026-01-21,32000,12.89,B,10.4,MORTGAGE,130926,35.85,693,Major Purchase,Fully Paid,32000.0,9074.56,0
LN-24061,BW-16584,2025-11-08,37500,9.86,B,1.4,RENT,41138,27.45,682,Debt Consolidation,Current,17871.35,1938.33,0
LN-24062,BW-11359,2025-06-17,9600,20.28,D,6.9,MORTGAGE,240413,15.95,618,Credit Card Refinance,Late 31-120 Days,1216.85,123.39,0
LN-24063,BW-18576,2025-03-19,35100,10.26,B,7.0,RENT,60949,35.79,725,Home Improvement,Charged Off,3218.11,165.09,0
LN-24064,BW-10160,2026-01-07,27000,12.26,B,9.2,MORTGAGE,57045,33.8,683,Debt Consolidation,Current,18818.44,2537.85,0
LN-24065,BW-20386,2024-03-22,23400,24.39,E,1.9,RENT,39895,5.47,523,Credit Card Refinance,Current,14149.99,3796.3,0
LN-24066,BW-18937,2025-04-08,8900,6.52,A,8.7,RENT,76316,18.59,763,Debt Consolidation,Fully Paid,8900.0,1276.62,0
LN-24067,BW-17183,2024-05-09,17400,20.24,D,8.5,MORTGAGE,35842,32.96,626,Debt Consolidation,Charged Off,3672.45,371.65,2
LN-24068,BW-19058,2025-03-18,19500,8.51,A,2.1,MORTGAGE,119598,31.83,763,Home Improvement,Fully Paid,19500.0,3650.79,4
LN-24069,BW-13207,2024-09-22,16900,10.8,B,6.8,RENT,56692,9.06,729,Credit Card Refinance,Current,11282.55,1340.37,0
LN-24070,BW-29839,2025-01-01,25300,7.85,A,9.7,OWN,30052,27.24,741,Credit Card Refinance,Fully Paid,25300.0,4369.31,2
LN-24071,BW-12536,2024-07-27,27700,7.26,A,1.4,MORTGAGE,41192,16.56,757,Credit Card Refinance,Current,15488.03,1236.87,3
LN-24072,BW-11685,2024-07-22,19800,17.19,C,4.0,MORTGAGE,80652,30.37,665,Debt Consolidation,Current,9809.03,1854.79,0
LN-24073,BW-20594,2026-04-07,15100,17.21,C,3.1,MORTGAGE,37443,17.63,641,Home Improvement,Current,7052.06,1335.03,0
LN-24074,BW-12200,2025-07-06,21400,13.96,C,2.7,RENT,233529,25.14,656,Credit Card Refinance,Fully Paid,21400.0,6572.37,0
LN-24075,BW-15173,2025-09-21,3200,6.71,A,2.1,MORTGAGE,44167,34.06,767,Debt Consolidation,Late 16-30 Days,358.09,12.01,0
LN-24076,BW-20196,2025-12-27,15300,8.78,A,8.5,MORTGAGE,233267,33.34,821,Debt Consolidation,Current,7614.56,735.41,0
LN-24077,BW-20031,2024-08-05,21800,19.03,D,5.3,RENT,36414,26.08,591,Personal,Charged Off,3216.37,306.04,0
LN-24078,BW-20118,2026-05-19,10400,8.55,A,6.4,MORTGAGE,40518,13.44,812,Home Improvement,Current,8154.78,766.96,0
LN-24079,BW-28015,2024-10-28,2500,16.21,C,3.3,MORTGAGE,96553,27.55,661,Credit Card Refinance,Charged Off,449.91,36.47,1
LN-24080,BW-12500,2025-04-08,10200,9.42,A,4.2,OWN,31340,34.16,804,Home Improvement,Fully Paid,10200.0,2113.85,3
LN-24081,BW-16449,2024-12-20,6300,11.83,B,2.1,RENT,30685,5.55,696,Debt Consolidation,In Grace Period,2107.75,124.67,0
LN-24082,BW-16586,2025-02-19,5300,17.24,C,9.9,RENT,43546,35.07,676,Credit Card Refinance,Fully Paid,5300.0,2010.18,0
LN-24083,BW-20265,2025-05-05,20500,7.54,A,11.3,MORTGAGE,116880,36.56,838,Debt Consolidation,Fully Paid,20500.0,3400.54,0
LN-24084,BW-16092,2024-05-15,28400,13.62,C,4.9,RENT,190983,11.8,635,Debt Consolidation,Fully Paid,28400.0,8509.78,0
LN-24085,BW-28027,2025-09-09,27500,20.42,D,11.4,RENT,79636,20.97,606,Credit Card Refinance,Fully Paid,27500.0,12354.1,4
LN-24086,BW-19277,2025-03-01,18300,8.44,A,7.7,RENT,220792,9.07,785,Debt Consolidation,Current,12402.47,1151.45,0
LN-24087,BW-29109,2025-04-14,34000,11.61,B,11.4,RENT,34922,37.03,691,Small Business,Fully Paid,34000.0,8684.28,0
LN-24088,BW-12347,2025-09-27,37600,7.03,A,4.0,RENT,32773,25.3,826,Small Business,Fully Paid,37600.0,5815.22,2
LN-24089,BW-24804,2026-06-18,9700,15.25,C,6.6,RENT,83075,31.86,630,Major Purchase,Fully Paid,9700.0,3254.35,0
LN-24090,BW-25815,2024-05-22,3400,10.14,B,9.0,RENT,55135,32.82,693,Debt Consolidation,Current,2461.47,274.55,0
LN-24091,BW-21882,2024-06-05,39300,11.91,B,7.8,MORTGAGE,56381,6.16,689,Small Business,Current,8937.84,1170.95,0
LN-24092,BW-22179,2026-02-21,7000,5.77,A,9.0,RENT,64588,12.96,829,Major Purchase,Current,3846.77,244.15,0
LN-24093,BW-25387,2025-06-30,17100,19.53,D,11.1,OWN,37983,19.44,609,Credit Card Refinance,Fully Paid,17100.0,7347.19,0
LN-24094,BW-10251,2024-04-16,34300,12.76,B,7.8,MORTGAGE,61951,18.47,728,Debt Consolidation,Fully Paid,34300.0,9628.7,0
LN-24095,BW-26678,2024-03-07,33300,21.55,D,4.8,OWN,97974,17.61,589,Credit Card Refinance,Charged Off,8420.7,907.33,0
LN-24096,BW-19789,2024-03-05,34100,10.15,B,9.8,RENT,34042,21.96,691,Debt Consolidation,Fully Paid,34100.0,7614.53,0
LN-24097,BW-26964,2025-12-18,6900,20.15,D,3.6,MORTGAGE,37158,37.67,615,Credit Card Refinance,Current,3193.38,707.81,0
LN-24098,BW-16390,2024-09-01,4500,20.11,D,0.7,MORTGAGE,114791,14.32,601,Debt Consolidation,Current,1361.18,301.11,4
LN-24099,BW-15442,2026-03-26,12400,14.7,C,7.1,OWN,59312,35.56,671,Credit Card Refinance,Fully Paid,12400.0,4010.16,3
LN-24100,BW-29395,2024-04-27,31300,15.63,C,3.0,RENT,43384,37.4,663,Credit Card Refinance,Current,18556.83,3190.48,0
LN-24101,BW-14348,2024-10-28,14500,13.42,B,3.3,MORTGAGE,62833,28.49,727,Credit Card Refinance,Late 31-120 Days,1781.61,119.55,0
LN-24102,BW-15201,2025-06-23,35400,10.1,B,2.5,RENT,93007,22.62,739,Debt Consolidation,Fully Paid,35400.0,7865.88,0
LN-24103,BW-17676,2025-02-24,31600,11.2,B,4.1,OWN,54802,28.58,730,Debt Consolidation,Fully Paid,31600.0,7786.24,0
LN-24104,BW-25691,2026-05-02,31600,16.69,C,1.7,MORTGAGE,155388,34.28,636,Credit Card Refinance,Current,8234.97,1511.86,0
LN-24105,BW-21171,2025-01-28,37900,13.17,B,8.4,OWN,33225,8.09,732,Debt Consolidation,Charged Off,4070.31,268.03,0
LN-24106,BW-18191,2024-02-19,6200,7.54,A,10.7,RENT,76032,13.93,741,Home Improvement,Fully Paid,6200.0,1028.46,0
LN-24107,BW-17940,2025-02-10,4300,16.79,C,4.4,MORTGAGE,111157,19.95,655,Home Improvement,Fully Paid,4300.0,1588.33,4
LN-24108,BW-28178,2026-05-14,5400,17.34,C,6.9,RENT,260555,25.32,664,Debt Consolidation,Current,1823.73,347.86,0
LN-24109,BW-24536,2024-07-08,39600,11.45,B,9.1,MORTGAGE,85828,23.31,680,Debt Consolidation,Current,11831.12,1490.13,0
LN-24110,BW-12576,2026-02-17,30200,12.84,B,8.5,OWN,61319,5.69,699,Debt Consolidation,Fully Paid,30200.0,8530.9,0
LN-24111,BW-25218,2026-02-07,13800,11.79,B,6.6,RENT,94614,35.76,694,Debt Consolidation,Late 16-30 Days,778.14,45.87,3
LN-24112,BW-23755,2024-04-01,12200,11.0,B,6.5,MORTGAGE,49957,25.41,683,Small Business,Current,3890.15,470.71,0
LN-24113,BW-24525,2025-02-15,6500,11.11,B,9.4,OWN,42785,27.61,739,Debt Consolidation,Current,2343.77,286.43,0
LN-24114,BW-27644,2026-05-03,14100,19.75,D,8.3,MORTGAGE,52029,22.27,613,Credit Card Refinance,Fully Paid,14100.0,6126.45,0
LN-24115,BW-27516,2024-05-25,4600,10.59,B,5.0,MORTGAGE,59155,17.21,696,Home Improvement,Current,1773.08,206.55,0
LN-24116,BW-15607,2024-01-08,38900,10.2,B,1.5,MORTGAGE,97848,7.45,725,Small Business,Current,30386.07,3409.32,0
LN-24117,BW-19651,2026-04-01,4800,13.09,B,11.4,MORTGAGE,60327,6.84,681,Debt Consolidation,Fully Paid,4800.0,1382.3,0
LN-24118,BW-27269,2026-05-12,32000,20.67,D,11.1,OWN,37955,24.01,603,Credit Card Refinance,In Grace Period,10629.87,1098.6,0
LN-24119,BW-11671,2026-05-01,33500,12.31,B,9.8,MORTGAGE,87582,31.53,685,Debt Consolidation,Fully Paid,33500.0,9072.47,0
LN-24120,BW-21352,2025-04-14,18200,10.83,B,4.9,MORTGAGE,129604,8.14,704,Debt Consolidation,Current,13954.92,1662.45,0
LN-24121,BW-13895,2026-02-25,28500,16.29,C,2.1,OWN,51177,25.66,631,Debt Consolidation,Fully Paid,28500.0,10213.83,0
LN-24122,BW-28667,2025-04-16,35200,10.31,B,5.4,RENT,62175,9.53,726,Major Purchase,Fully Paid,35200.0,7984.06,0
LN-24123,BW-17787,2025-03-17,21800,7.64,A,2.7,RENT,83638,7.16,847,Home Improvement,Current,13112.89,1102.01,0
LN-24124,BW-16264,2025-07-07,35300,6.14,A,9.1,OWN,103368,32.75,817,Home Improvement,Fully Paid,35300.0,4768.32,0
LN-24125,BW-10109,2025-05-16,13000,9.64,B,1.2,RENT,64353,6.57,680,Home Improvement,Current,9424.9,999.42,0
LN-24126,BW-20134,2024-05-31,18700,9.77,B,10.1,MORTGAGE,48587,29.28,701,Credit Card Refinance,Fully Paid,18700.0,4019.38,0
LN-24127,BW-26005,2025-09-08,28100,20.29,D,0.9,MORTGAGE,125023,20.21,589,Debt Consolidation,Current,10193.01,2274.98,4
LN-24128,BW-12228,2025-07-07,35500,16.6,C,9.4,RENT,48853,22.51,656,Debt Consolidation,In Grace Period,3192.32,264.96,0
LN-24129,BW-23587,2024-07-08,36900,9.04,A,1.4,MORTGAGE,36352,20.1,798,Debt Consolidation,Current,23229.06,2309.9,0
LN-24130,BW-19802,2025-04-18,29000,6.93,A,11.2,MORTGAGE,35895,25.87,774,Credit Card Refinance,Current,15268.96,1163.95,2
LN-24131,BW-13155,2024-02-09,33300,21.1,D,8.4,OWN,71489,6.17,628,Small Business,Current,22736.68,5277.18,0
LN-24132,BW-21074,2026-03-28,5500,16.89,C,1.0,MORTGAGE,60685,29.51,664,Credit Card Refinance,Fully Paid,5500.0,2043.69,0
LN-24133,BW-27585,2025-08-13,11000,12.97,B,6.6,MORTGAGE,78961,23.94,686,Credit Card Refinance,Fully Paid,11000.0,3138.74,0
LN-24134,BW-24360,2026-03-19,33900,22.75,E,11.1,MORTGAGE,96026,31.91,537,Debt Consolidation,In Grace Period,4844.21,551.03,0
LN-24135,BW-15716,2026-01-15,20300,11.12,B,6.8,MORTGAGE,32462,19.44,699,Debt Consolidation,Fully Paid,20300.0,4966.19,0
LN-24136,BW-24419,2025-08-07,11200,7.43,A,11.2,RENT,64134,21.55,769,Debt Consolidation,Late 31-120 Days,1587.52,58.98,0
LN-24137,BW-20154,2024-02-13,33800,9.36,A,5.1,RENT,46384,37.23,762,Debt Consolidation,Current,18803.61,1936.02,0
LN-24138,BW-29703,2025-04-28,9600,12.73,B,5.0,MORTGAGE,56667,30.8,722,Small Business,Current,1937.18,271.26,0
LN-24139,BW-28714,2024-04-30,3200,15.24,C,7.5,OWN,46415,23.95,659,Debt Consolidation,Charged Off,198.05,15.09,0
LN-24140,BW-21504,2025-09-01,39200,10.12,B,5.1,OWN,70875,28.97,683,Home Improvement,Charged Off,8153.68,412.58,0
LN-24141,BW-29344,2024-12-18,12100,16.74,C,11.7,MORTGAGE,74486,14.05,678,Debt Consolidation,Fully Paid,12100.0,4456.19,0
LN-24142,BW-22525,2026-06-24,16500,13.09,B,8.3,RENT,74535,10.11,711,Debt Consolidation,Fully Paid,16500.0,4751.67,1
LN-24143,BW-13722,2024-04-30,14500,7.76,A,5.7,MORTGAGE,61723,20.16,742,Debt Consolidation,Current,8486.0,724.36,0
LN-24144,BW-10946,2024-07-16,13000,14.2,C,11.6,MORTGAGE,62107,37.35,676,Credit Card Refinance,Current,3698.09,577.64,0
LN-24145,BW-25781,2026-04-30,35000,28.09,E,11.0,MORTGAGE,116186,15.73,544,Credit Card Refinance,Charged Off,2975.95,417.97,0
LN-24146,BW-26559,2024-10-19,16000,17.06,C,3.8,MORTGAGE,149244,33.65,658,Home Improvement,Current,6507.35,1221.17,0
LN-24147,BW-24384,2025-08-04,9200,21.01,D,6.8,MORTGAGE,69615,9.54,617,Credit Card Refinance,Charged Off,1525.14,160.22,0
LN-24148,BW-28333,2024-11-30,20900,6.23,A,11.5,RENT,32988,34.2,806,Debt Consolidation,In Grace Period,4498.31,140.12,0
LN-24149,BW-22887,2026-03-07,13800,12.19,B,3.3,RENT,67940,36.05,708,Debt Consolidation,Fully Paid,13800.0,3700.88,0
LN-24150,BW-12534,2026-04-20,31600,25.54,E,11.5,RENT,89412,37.98,574,Debt Consolidation,Late 31-120 Days,6191.56,790.66,0
LN-24151,BW-23702,2026-01-17,27500,8.18,A,11.6,OWN,83130,30.83,796,Major Purchase,Current,21202.01,1907.76,0
LN-24152,BW-10996,2024-09-25,33400,7.11,A,8.1,MORTGAGE,120061,18.37,758,Credit Card Refinance,Fully Paid,33400.0,5224.43,0
LN-24153,BW-27408,2026-05-29,13500,13.93,C,8.8,MORTGAGE,40419,7.37,634,Debt Consolidation,Fully Paid,13500.0,4137.21,0
LN-24154,BW-26443,2025-10-16,14300,12.18,B,7.9,RENT,53074,8.57,707,Home Improvement,Current,10051.06,1346.64,0
LN-24155,BW-13358,2024-12-08,39800,11.41,B,6.2,MORTGAGE,65528,31.89,686,Debt Consolidation,Fully Paid,39800.0,9990.6,0
LN-24156,BW-16028,2026-01-23,15100,9.33,A,5.0,OWN,58764,27.71,787,Credit Card Refinance,Current,9527.46,977.8,0
LN-24157,BW-16411,2026-01-03,8500,14.14,C,11.1,RENT,120586,34.16,641,Credit Card Refinance,Charged Off,971.5,68.69,0
LN-24158,BW-11961,2024-11-18,12000,12.41,B,2.1,MORTGAGE,88375,37.13,714,Debt Consolidation,Fully Paid,12000.0,3276.24,0
LN-24159,BW-24635,2024-07-11,11100,10.18,B,8.4,RENT,69013,25.01,691,Small Business,In Grace Period,2760.92,140.53,0
LN-24160,BW-28015,2024-01-11,15900,20.34,D,9.6,RENT,37898,21.93,595,Credit Card Refinance,Fully Paid,15900.0,7114.93,0
LN-24161,BW-26906,2024-05-25,12700,13.08,B,9.8,OWN,258793,16.05,712,Credit Card Refinance,Current,9403.41,1352.96,0
LN-24162,BW-14706,2024-01-30,22800,10.68,B,3.5,RENT,75715,25.28,716,Personal,Current,9752.96,1145.78,0
LN-24163,BW-10920,2025-02-19,37100,8.77,A,7.1,RENT,84371,19.05,758,Debt Consolidation,Fully Paid,37100.0,7158.07,0
LN-24164,BW-27429,2024-09-05,17100,10.64,B,11.1,RENT,82749,36.64,699,Major Purchase,Charged Off,4588.98,244.13,0
LN-24165,BW-14580,2025-06-12,23800,11.89,B,8.4,MORTGAGE,61322,6.46,723,Personal,In Grace Period,1761.07,104.7,1
LN-24166,BW-12424,2024-11-28,16900,10.98,B,4.4,RENT,59076,14.2,693,Small Business,Fully Paid,16900.0,4082.36,3
LN-24167,BW-20876,2025-01-15,36500,8.57,A,2.4,OWN,140321,21.44,850,Major Purchase,In Grace Period,2415.69,103.51,1
LN-24168,BW-15191,2024-09-02,19900,23.94,E,11.6,RENT,116183,29.65,575,Home Improvement,Late 31-120 Days,3787.19,453.33,0
LN-24169,BW-27430,2025-07-11,7800,8.77,A,4.1,OWN,64368,37.48,766,Debt Consolidation,Current,5341.62,515.31,0
LN-24170,BW-17952,2025-09-27,15400,8.49,A,5.6,MORTGAGE,44243,10.74,810,Debt Consolidation,Fully Paid,15400.0,2876.41,0
LN-24171,BW-21182,2024-06-01,28000,6.32,A,7.4,MORTGAGE,43748,34.02,757,Small Business,Fully Paid,28000.0,3893.12,0
LN-24172,BW-26430,2024-04-23,20400,16.29,C,6.3,RENT,62809,8.94,631,Credit Card Refinance,Charged Off,5766.39,469.67,0
LN-24173,BW-10679,2025-10-29,27800,16.84,C,8.1,MORTGAGE,53834,37.1,675,Home Improvement,Fully Paid,27800.0,10299.34,2
LN-24174,BW-18311,2024-08-24,38600,6.8,A,10.8,RENT,41257,7.29,817,Home Improvement,Fully Paid,38600.0,5774.56,0
LN-24175,BW-23605,2025-09-07,17000,22.94,E,9.7,RENT,63821,14.76,530,Small Business,Current,7778.39,1962.8,0
LN-24176,BW-19167,2024-01-15,32800,10.43,B,11.6,MORTGAGE,68791,31.41,686,Debt Consolidation,Fully Paid,32800.0,7526.29,0
LN-24177,BW-21303,2026-05-08,32600,20.6,D,6.3,MORTGAGE,45605,16.55,624,Debt Consolidation,Charged Off,7829.0,806.39,0
LN-24178,BW-22742,2025-06-12,33000,7.7,A,4.0,MORTGAGE,50439,35.67,796,Debt Consolidation,Current,17437.56,1476.96,0
LN-24179,BW-24244,2024-01-03,14200,12.13,B,11.7,RENT,82351,28.44,732,Credit Card Refinance,Current,8661.47,1155.7,3
LN-24180,BW-18752,2026-06-30,32100,10.34,B,3.0,OWN,112136,10.68,701,Debt Consolidation,Late 16-30 Days,2767.61,143.09,0
LN-24181,BW-26671,2024-06-19,16000,14.3,C,5.9,MORTGAGE,50271,9.33,633,Debt Consolidation,Late 16-30 Days,3614.9,258.47,0
LN-24182,BW-21775,2024-04-29,16900,13.72,C,4.9,MORTGAGE,84678,33.03,657,Small Business,Current,3537.26,533.84,3
LN-24183,BW-27581,2025-02-05,9700,16.6,C,2.6,RENT,73098,6.45,661,Personal,Current,2279.24,416.19,0
LN-24184,BW-27394,2024-05-04,19900,21.03,D,7.7,MORTGAGE,73925,35.35,591,Credit Card Refinance,Current,6829.18,1579.79,0
LN-24185,BW-11743,2026-05-05,7200,8.79,A,2.3,MORTGAGE,72300,20.28,765,Home Improvement,Current,5471.31,529.02,0
LN-24186,BW-21451,2024-11-17,31700,11.97,B,2.3,MORTGAGE,252058,25.98,696,Small Business,Fully Paid,31700.0,8347.88,0
LN-24187,BW-27591,2026-01-01,37700,7.15,A,5.3,RENT,45296,14.18,849,Small Business,Current,7729.08,607.89,0
LN-24188,BW-13595,2025-05-01,29900,11.59,B,2.9,RENT,67243,5.57,711,Major Purchase,Fully Paid,29900.0,7623.9,0
LN-24189,BW-16241,2025-10-19,31800,10.47,B,11.5,MORTGAGE,34825,34.82,707,Credit Card Refinance,Fully Paid,31800.0,7324.81,0
LN-24190,BW-16851,2025-04-17,20200,6.87,A,8.8,RENT,87911,18.36,755,Small Business,Current,9149.06,691.39,0
LN-24191,BW-12572,2025-10-21,22400,15.93,C,1.0,MORTGAGE,31653,17.58,637,Personal,Fully Paid,22400.0,7850.3,0
LN-24192,BW-17822,2025-11-22,17300,10.71,B,7.7,RENT,36753,24.43,688,Small Business,Current,12998.27,1531.33,0
LN-24193,BW-20486,2026-03-01,21400,9.79,B,11.7,RENT,129308,17.23,681,Debt Consolidation,Current,8497.87,915.14,0
LN-24194,BW-16946,2025-02-01,22700,9.81,B,1.8,MORTGAGE,58901,14.06,727,Debt Consolidation,Current,13232.34,1427.9,1
LN-24195,BW-27749,2024-08-19,37800,12.93,B,1.5,OWN,131853,10.84,715,Debt Consolidation,Current,16698.86,2375.08,0
LN-24196,BW-20589,2024-03-09,35100,6.5,A,5.7,MORTGAGE,80798,26.82,847,Debt Consolidation,In Grace Period,5560.04,180.7,0
LN-24197,BW-21337,2024-06-08,5500,7.39,A,3.9,OWN,81877,6.26,769,Small Business,Current,1644.59,133.69,0
LN-24198,BW-25331,2024-01-11,18800,14.77,C,4.1,OWN,49590,32.08,662,Major Purchase,Fully Paid,18800.0,6108.87,0
LN-24199,BW-23203,2025-05-07,34900,15.75,C,10.4,MORTGAGE,55567,28.3,638,Credit Card Refinance,Current,16000.37,2772.06,0
LN-24200,BW-28418,2024-09-25,16700,9.45,A,9.8,MORTGAGE,106088,8.73,828,Small Business,Current,13178.98,1369.95,4
LN-24201,BW-23371,2025-03-18,14500,10.07,B,11.9,RENT,245982,18.02,710,Home Improvement,Fully Paid,14500.0,3212.33,0
LN-24202,BW-19006,2026-02-17,32800,14.27,C,9.7,RENT,128746,30.34,656,Credit Card Refinance,Fully Paid,32800.0,10297.23,2
LN-24203,BW-27324,2025-04-16,28900,11.69,B,9.4,MORTGAGE,97986,23.21,722,Credit Card Refinance,Current,16641.63,2139.95,0
LN-24204,BW-18321,2025-07-13,13400,10.96,B,9.1,MORTGAGE,52569,23.4,694,Home Improvement,Fully Paid,13400.0,3231.01,4
LN-24205,BW-16108,2026-05-05,13300,11.57,B,5.6,RENT,79673,21.39,693,Debt Consolidation,Fully Paid,13300.0,3385.38,0
LN-24206,BW-14511,2025-04-07,5700,11.11,B,11.3,OWN,46447,37.15,710,Debt Consolidation,Current,1547.68,189.14,0
LN-24207,BW-11424,2024-04-18,19600,11.54,B,2.5,MORTGAGE,157315,37.81,700,Credit Card Refinance,Fully Paid,19600.0,4976.05,0
LN-24208,BW-26448,2024-09-01,35400,9.71,B,3.6,OWN,50378,7.98,680,Personal,Late 16-30 Days,10671.51,518.1,0
LN-24209,BW-13848,2026-03-17,33300,13.91,C,3.7,MORTGAGE,51208,13.16,676,Debt Consolidation,Fully Paid,33300.0,10190.47,0
LN-24210,BW-13569,2024-09-12,37700,15.42,C,4.6,MORTGAGE,123026,13.8,661,Credit Card Refinance,Fully Paid,37700.0,12789.35,0
LN-24211,BW-19469,2025-12-05,35900,24.83,E,4.2,OWN,132936,17.32,556,Major Purchase,Fully Paid,35900.0,19610.73,0
LN-24212,BW-16424,2025-08-27,4200,10.81,B,2.9,MORTGAGE,71516,37.93,736,Debt Consolidation,Charged Off,859.33,46.45,0
LN-24213,BW-13889,2025-01-19,35800,23.53,E,7.4,MORTGAGE,50979,32.81,553,Major Purchase,Charged Off,3092.64,363.85,0
LN-24214,BW-29026,2026-05-16,24300,19.41,D,4.9,MORTGAGE,58888,17.71,619,Credit Card Refinance,Fully Paid,24300.0,10376.59,0
LN-24215,BW-15171,2026-03-14,32900,26.42,E,8.9,MORTGAGE,129175,19.0,552,Debt Consolidation,Late 16-30 Days,6145.24,811.79,0
LN-24216,BW-19713,2025-05-17,25000,19.55,D,11.2,RENT,74325,35.02,600,Credit Card Refinance,Fully Paid,25000.0,10752.5,0
LN-24217,BW-26612,2025-05-01,27100,11.65,B,0.7,MORTGAGE,247867,13.19,692,Debt Consolidation,Fully Paid,27100.0,6945.73,0
LN-24218,BW-28544,2025-05-27,9100,21.68,D,3.2,MORTGAGE,68516,21.46,626,Debt Consolidation,Current,3664.56,873.92,1
LN-24219,BW-27846,2025-04-15,16000,12.5,B,10.9,MORTGAGE,111388,7.68,728,Small Business,Fully Paid,16000.0,4400.0,0
LN-24220,BW-14433,2026-03-29,28000,19.86,D,1.3,RENT,50199,24.26,608,Debt Consolidation,Fully Paid,28000.0,12233.76,0
LN-24221,BW-10493,2025-07-04,10700,19.35,D,11.8,MORTGAGE,106868,21.9,628,Debt Consolidation,Charged Off,3148.6,304.63,4
LN-24222,BW-29074,2024-10-15,26800,6.25,A,8.8,RENT,49700,16.41,824,Credit Card Refinance,Current,10289.52,707.4,0
LN-24223,BW-28447,2025-03-26,20800,15.71,C,10.0,OWN,85201,8.69,655,Small Business,Current,6136.28,1060.41,0
LN-24224,BW-20361,2024-02-18,32000,11.25,B,10.0,RENT,192964,28.9,733,Debt Consolidation,Current,11211.74,1387.45,0
LN-24225,BW-14629,2025-05-19,16700,5.54,A,7.8,RENT,79829,23.47,817,Credit Card Refinance,In Grace Period,5295.94,146.7,0
LN-24226,BW-13310,2025-04-20,5400,13.85,C,4.8,MORTGAGE,156218,20.35,669,Credit Card Refinance,Late 31-120 Days,703.78,48.74,0
LN-24227,BW-29992,2025-07-17,36600,7.41,A,7.1,OWN,131952,33.59,750,Debt Consolidation,Fully Paid,36600.0,5966.53,0
LN-24228,BW-14910,2024-04-21,9700,5.63,A,2.5,MORTGAGE,56858,15.31,744,Debt Consolidation,Current,5629.83,348.66,0
LN-24229,BW-19678,2026-04-05,16200,15.19,C,1.5,MORTGAGE,45809,15.81,652,Home Improvement,Fully Paid,16200.0,5413.72,0
LN-24230,BW-16764,2024-12-23,13800,7.16,A,11.2,RENT,123471,25.45,836,Debt Consolidation,Current,6123.12,482.26,1
LN-24231,BW-22512,2024-10-28,3200,15.58,C,2.8,RENT,46794,19.73,651,Credit Card Refinance,Current,1265.11,216.81,0
LN-24232,BW-20389,2026-04-06,17400,7.15,A,10.2,MORTGAGE,162973,20.21,769,Debt Consolidation,Current,8023.08,631.02,0
LN-24233,BW-25724,2024-10-09,8100,14.8,C,6.1,RENT,156910,36.29,651,Credit Card Refinance,Current,3725.35,606.49,0
LN-24234,BW-12124,2026-01-22,12500,25.75,E,8.4,MORTGAGE,107683,36.79,562,Debt Consolidation,Fully Paid,12500.0,7081.25,0
LN-24235,BW-19086,2024-04-10,26400,25.95,E,1.0,OWN,63675,18.33,536,Credit Card Refinance,Current,8518.56,2431.62,0
LN-24236,BW-12811,2024-08-29,31700,12.59,B,1.1,RENT,252529,37.32,737,Credit Card Refinance,Current,11385.65,1576.8,0
LN-24237,BW-10847,2025-01-27,4300,12.12,B,8.9,MORTGAGE,56424,24.99,703,Major Purchase,Fully Paid,4300.0,1146.55,0
LN-24238,BW-14961,2026-03-15,18600,18.19,D,8.1,MORTGAGE,105830,21.16,615,Debt Consolidation,Late 31-120 Days,6411.54,583.13,0
LN-24239,BW-29907,2025-03-13,10400,8.58,A,2.4,OWN,39603,34.17,838,Home Improvement,Current,3571.28,337.06,0
LN-24240,BW-26788,2024-05-05,5800,11.22,B,2.9,RENT,67581,19.85,716,Credit Card Refinance,Fully Paid,5800.0,1431.67,0
LN-24241,BW-10257,2025-12-21,11400,15.99,C,6.2,MORTGAGE,32797,36.22,639,Debt Consolidation,Current,3120.43,548.85,0
LN-24242,BW-21841,2024-05-20,22900,10.25,B,2.9,MORTGAGE,108084,20.19,728,Credit Card Refinance,Current,18067.33,2037.09,0
LN-24243,BW-10720,2025-03-15,21100,16.69,C,9.4,MORTGAGE,66626,29.95,672,Debt Consolidation,Current,10953.33,2010.92,0
LN-24244,BW-15675,2025-01-19,36900,7.69,A,1.4,MORTGAGE,69021,18.21,844,Debt Consolidation,Fully Paid,36900.0,6242.74,0
LN-24245,BW-16944,2024-05-21,10700,21.87,D,6.5,MORTGAGE,78784,9.59,590,Debt Consolidation,Late 31-120 Days,3283.01,359.0,4
LN-24246,BW-17039,2026-03-07,40000,14.01,C,5.0,OWN,60392,35.82,651,Debt Consolidation,Current,27520.52,4241.19,0
LN-24247,BW-21376,2024-10-02,18400,12.32,B,7.5,RENT,115514,12.09,708,Debt Consolidation,Charged Off,2819.9,173.71,0
LN-24248,BW-11101,2024-11-02,11800,10.45,B,4.9,RENT,61961,9.23,717,Debt Consolidation,Current,7052.32,810.66,0
LN-24249,BW-19101,2024-11-21,28700,8.51,A,8.9,MORTGAGE,33889,19.84,823,Debt Consolidation,Current,10283.27,962.62,4
LN-24250,BW-13961,2025-03-15,29200,6.21,A,9.1,MORTGAGE,51809,8.42,841,Home Improvement,Current,9119.74,622.97,0
LN-24251,BW-24699,2025-08-21,8700,25.61,E,5.6,RENT,125150,22.09,550,Personal,Fully Paid,8700.0,4901.75,0
LN-24252,BW-21419,2025-07-27,7500,16.53,C,2.5,MORTGAGE,65577,6.69,665,Major Purchase,Fully Paid,7500.0,2727.45,0
LN-24253,BW-10698,2026-04-27,8900,11.61,B,8.8,RENT,50283,6.19,691,Credit Card Refinance,In Grace Period,917.42,53.26,4
LN-24254,BW-18970,2025-05-16,10400,25.24,E,9.3,RENT,72643,29.08,525,Credit Card Refinance,Fully Paid,10400.0,5774.91,0
LN-24255,BW-29250,2024-06-22,32300,9.94,B,10.2,MORTGAGE,50737,35.15,680,Debt Consolidation,Current,17340.54,1896.01,0
LN-24256,BW-21833,2024-09-13,28400,14.9,C,10.1,MORTGAGE,83588,29.39,669,Debt Consolidation,Fully Paid,28400.0,9309.52,0
LN-24257,BW-17603,2024-08-26,20300,12.94,B,2.5,MORTGAGE,35594,6.06,709,Debt Consolidation,Fully Paid,20300.0,5779.0,0
LN-24258,BW-26079,2025-07-29,3000,6.09,A,1.7,MORTGAGE,53226,21.83,788,Credit Card Refinance,Current,1264.52,84.71,0
LN-24259,BW-11637,2024-02-16,18100,14.15,C,6.7,OWN,73472,17.65,662,Debt Consolidation,Charged Off,4013.88,283.98,0
LN-24260,BW-24965,2024-03-04,16500,27.09,E,11.6,MORTGAGE,68394,24.23,527,Small Business,Late 31-120 Days,2288.7,310.0,0
LN-24261,BW-26002,2025-06-02,14400,8.52,A,3.4,MORTGAGE,125218,24.0,758,Debt Consolidation,Fully Paid,14400.0,2699.14,0
LN-24262,BW-18816,2025-11-03,15100,16.05,C,9.2,MORTGAGE,78940,37.27,634,Debt Consolidation,Current,10353.64,1827.94,0
LN-24263,BW-28578,2025-11-01,13800,5.83,A,8.4,RENT,41133,27.16,814,Debt Consolidation,Fully Paid,13800.0,1769.99,0
LN-24264,BW-29667,2024-04-27,36400,14.45,C,9.8,MORTGAGE,65217,25.59,644,Credit Card Refinance,Current,17549.33,2789.47,0
LN-24265,BW-10360,2024-09-10,26700,9.35,A,11.5,MORTGAGE,32839,19.32,809,Credit Card Refinance,Fully Paid,26700.0,5492.19,2
LN-24266,BW-17249,2024-04-25,34700,10.94,B,6.7,MORTGAGE,74602,37.94,689,Home Improvement,Fully Paid,34700.0,8351.6,0
LN-24267,BW-26391,2025-08-17,29100,8.0,A,7.6,RENT,124152,15.73,832,Credit Card Refinance,Current,14128.55,1243.31,0
LN-24268,BW-22779,2026-02-21,19400,9.94,B,5.4,MORTGAGE,57864,13.71,730,Home Improvement,Current,12027.36,1315.07,0
LN-24269,BW-11903,2024-06-11,12800,7.72,A,10.7,RENT,50315,13.96,763,Debt Consolidation,Fully Paid,12800.0,2173.95,0
LN-24270,BW-28630,2025-05-13,21300,25.99,E,10.0,MORTGAGE,40296,26.18,562,Credit Card Refinance,In Grace Period,5307.46,689.7,0
LN-24271,BW-12131,2024-02-11,24200,17.0,C,11.9,MORTGAGE,57392,34.8,655,Debt Consolidation,Current,17882.26,3343.98,0
LN-24272,BW-29741,2024-03-12,22200,16.01,C,8.7,RENT,214352,25.07,633,Debt Consolidation,Charged Off,1148.23,91.92,0
LN-24273,BW-23131,2025-02-02,24600,13.93,C,7.6,RENT,64153,30.02,660,Major Purchase,Fully Paid,24600.0,7538.92,0
LN-24274,BW-17787,2025-03-16,23800,11.8,B,8.6,RENT,228283,26.63,716,Credit Card Refinance,Fully Paid,23800.0,6178.48,0
LN-24275,BW-11972,2026-04-03,16400,7.27,A,4.8,RENT,33612,5.58,788,Debt Consolidation,Current,9236.24,738.62,0
LN-24276,BW-10834,2025-06-29,15800,10.73,B,6.7,MORTGAGE,132470,16.79,697,Credit Card Refinance,Current,4944.24,583.57,0
LN-24277,BW-24241,2024-05-31,38300,23.74,E,4.9,MORTGAGE,40887,8.5,549,Credit Card Refinance,Current,17089.25,4462.69,0
LN-24278,BW-14070,2026-04-15,24900,14.29,C,0.6,RENT,74635,6.31,635,Debt Consolidation,Fully Paid,24900.0,7828.06,0
LN-24279,BW-27211,2026-01-28,22900,6.81,A,1.9,MORTGAGE,43887,7.8,807,Small Business,Fully Paid,22900.0,3430.88,0
LN-24280,BW-13811,2025-05-29,6100,9.03,A,2.4,MORTGAGE,80368,5.97,848,Credit Card Refinance,Current,2358.47,234.27,0
LN-24281,BW-25345,2024-11-19,25300,12.74,B,5.5,MORTGAGE,54005,34.1,702,Debt Consolidation,Current,7847.44,1099.74,0
LN-24282,BW-21470,2026-05-15,34500,5.76,A,6.8,RENT,73125,25.3,813,Small Business,In Grace Period,10314.44,297.06,0
LN-24283,BW-10919,2024-06-23,14200,9.22,A,8.5,RENT,106937,23.86,778,Debt Consolidation,Current,10709.25,1086.13,0
LN-24284,BW-23795,2025-02-17,36600,8.68,A,4.5,RENT,79934,6.59,841,Debt Consolidation,Fully Paid,36600.0,6989.14,0
LN-24285,BW-21685,2024-11-24,6400,9.37,A,8.6,RENT,69498,37.24,770,Debt Consolidation,Current,3559.91,366.92,2
LN-24286,BW-28265,2024-12-01,23100,16.7,C,1.3,RENT,155307,19.37,658,Debt Consolidation,Late 16-30 Days,6681.19,557.88,0
LN-24287,BW-26763,2026-05-27,18200,18.13,D,1.1,RENT,94586,10.65,629,Debt Consolidation,Current,10695.83,2133.07,0
LN-24288,BW-23746,2024-05-10,5000,10.94,B,0.5,MORTGAGE,45109,34.61,712,Major Purchase,Fully Paid,5000.0,1203.4,0
LN-24289,BW-16223,2026-05-11,5600,17.19,C,4.4,MORTGAGE,58949,37.58,630,Debt Consolidation,Current,1838.48,347.64,0
LN-24290,BW-14345,2026-06-09,10900,16.96,C,7.9,RENT,31882,14.09,673,Debt Consolidation,Fully Paid,10900.0,4067.01,0
LN-24291,BW-20121,2024-10-29,31000,10.46,B,0.7,MORTGAGE,44849,16.22,687,Small Business,Fully Paid,31000.0,7133.72,0
LN-24292,BW-23589,2026-05-18,21600,12.28,B,2.5,OWN,48204,22.92,729,Major Purchase,Fully Paid,21600.0,5835.46,0
LN-24293,BW-28438,2025-01-28,20000,6.51,A,2.2,MORTGAGE,41292,7.08,806,Home Improvement,Current,11338.29,811.93,0
LN-24294,BW-16799,2024-03-26,6100,5.69,A,11.9,MORTGAGE,35275,10.15,740,Debt Consolidation,Current,4234.51,265.04,0
LN-24295,BW-20957,2026-06-27,22900,22.74,E,4.4,MORTGAGE,236385,11.28,526,Debt Consolidation,Current,8569.63,2143.61,0
LN-24296,BW-12554,2025-02-01,20300,12.06,B,5.9,MORTGAGE,69931,19.42,736,Credit Card Refinance,Current,13258.43,1758.86,0
LN-24297,BW-21266,2025-01-10,4100,10.08,B,2.8,MORTGAGE,56768,15.07,688,Credit Card Refinance,Current,1999.72,221.73,0
LN-24298,BW-24560,2024-05-12,9400,13.78,C,4.4,RENT,61320,37.28,638,Debt Consolidation,In Grace Period,3176.18,218.84,3
LN-24299,BW-20194,2025-10-03,25000,9.16,A,3.1,MORTGAGE,62624,25.47,843,Debt Consolidation,Current,18767.62,1891.03,2
LN-24300,BW-14374,2026-01-12,37400,21.29,D,11.5,OWN,78963,24.09,619,Debt Consolidation,Charged Off,10978.88,1168.7,0
LN-24301,BW-18410,2024-02-01,4000,5.8,A,1.9,OWN,56124,33.66,749,Debt Consolidation,Fully Paid,4000.0,510.4,0
LN-24302,BW-22856,2025-07-01,33600,6.75,A,0.9,MORTGAGE,62186,34.65,783,Home Improvement,Fully Paid,33600.0,4989.6,0
LN-24303,BW-12914,2026-03-08,7600,12.27,B,0.7,RENT,98800,30.49,691,Debt Consolidation,Current,5286.65,713.54,0
LN-24304,BW-29674,2025-05-18,22900,14.64,C,0.6,RENT,41158,35.65,664,Debt Consolidation,Fully Paid,22900.0,7375.63,0
LN-24305,BW-24277,2025-07-21,38600,23.47,E,4.6,RENT,105609,36.51,542,Home Improvement,Current,13656.18,3525.62,0
LN-24306,BW-12389,2026-06-11,24300,14.61,C,2.4,RENT,39681,27.45,646,Credit Card Refinance,Fully Paid,24300.0,7810.51,0
LN-24307,BW-23310,2024-08-06,23400,15.72,C,0.9,MORTGAGE,67391,9.78,637,Debt Consolidation,Fully Paid,23400.0,8092.66,0
LN-24308,BW-18880,2026-03-07,15800,25.53,E,7.8,RENT,219188,26.94,553,Credit Card Refinance,Current,11427.0,3209.04,0
LN-24309,BW-20766,2024-05-15,30400,11.41,B,1.4,MORTGAGE,38600,8.07,719,Major Purchase,Fully Paid,30400.0,7631.01,0
LN-24310,BW-17189,2025-11-10,19000,17.12,C,2.8,RENT,55592,30.93,638,Credit Card Refinance,Fully Paid,19000.0,7156.16,0
LN-24311,BW-14335,2026-01-11,37000,6.97,A,2.9,MORTGAGE,73043,34.58,821,Credit Card Refinance,Current,9881.65,757.63,0
LN-24312,BW-15662,2025-09-27,27500,11.32,B,10.1,RENT,137034,6.99,735,Debt Consolidation,Current,13104.2,1631.73,4
LN-24313,BW-17007,2025-07-30,38800,20.74,D,3.4,MORTGAGE,75896,36.28,601,Credit Card Refinance,Late 16-30 Days,8916.72,924.66,0
LN-24314,BW-29077,2024-11-24,10400,7.54,A,11.4,MORTGAGE,60368,35.3,832,Debt Consolidation,Charged Off,1257.04,47.39,0
LN-24315,BW-27439,2024-03-29,7000,5.65,A,7.8,RENT,72265,8.1,805,Small Business,Fully Paid,7000.0,870.1,4
LN-24316,BW-20933,2025-11-22,30800,13.25,B,5.0,MORTGAGE,60554,35.56,725,Credit Card Refinance,Current,19382.2,2824.96,0
LN-24317,BW-26560,2024-10-01,5600,16.99,C,10.0,RENT,108764,32.91,652,Debt Consolidation,Fully Paid,5600.0,2093.17,0
LN-24318,BW-16671,2024-10-17,22900,8.5,A,8.0,RENT,32283,15.61,771,Credit Card Refinance,Current,4625.38,432.47,1
LN-24319,BW-14580,2026-06-16,38900,14.4,C,1.3,MORTGAGE,104460,36.67,638,Major Purchase,Fully Paid,38900.0,12323.52,4
LN-24320,BW-27052,2026-01-04,8200,12.15,B,7.6,MORTGAGE,122086,6.31,691,Credit Card Refinance,Fully Paid,8200.0,2191.86,0
LN-24321,BW-12263,2026-06-10,36900,9.78,B,9.8,RENT,43982,27.43,731,Debt Consolidation,Current,22805.85,2453.45,1
LN-24322,BW-22391,2025-05-14,37900,20.53,D,8.6,MORTGAGE,68975,26.89,618,Small Business,Charged Off,9749.44,1000.78,0
LN-24323,BW-23418,2024-07-12,5900,20.82,D,2.6,RENT,72941,17.02,589,Home Improvement,Charged Off,581.38,60.52,0
LN-24324,BW-16505,2025-03-21,20300,11.41,B,5.5,OWN,113150,15.83,707,Debt Consolidation,Current,4338.56,544.53,0
LN-24325,BW-18777,2025-05-20,38200,21.6,D,6.4,OWN,57833,29.9,601,Debt Consolidation,Late 31-120 Days,12106.41,1307.49,0
LN-24326,BW-20494,2026-04-23,14400,17.03,C,11.8,MORTGAGE,35332,10.09,652,Debt Consolidation,Current,5343.62,1001.02,0
LN-24327,BW-21555,2025-08-13,21400,6.14,A,11.6,RENT,36833,30.8,811,Credit Card Refinance,Current,16502.15,1114.56,4
LN-24328,BW-28318,2026-02-26,17500,13.66,C,8.9,RENT,43314,27.39,631,Debt Consolidation,Fully Paid,17500.0,5259.1,0
LN-24329,BW-27374,2024-09-17,30500,10.28,B,4.5,OWN,87097,19.03,693,Debt Consolidation,Current,20106.24,2273.61,0
LN-24330,BW-17653,2024-02-16,29000,11.54,B,8.0,MORTGAGE,80180,34.57,696,Debt Consolidation,Current,17262.97,2191.36,0
LN-24331,BW-21453,2026-05-15,20300,11.95,B,1.1,MORTGAGE,39627,23.51,708,Debt Consolidation,In Grace Period,6685.07,399.43,0
LN-24332,BW-29192,2026-02-14,35600,16.97,C,1.7,RENT,51621,14.77,640,Credit Card Refinance,Current,13155.97,2455.82,0
LN-24333,BW-20069,2025-08-13,21900,8.94,A,6.2,MORTGAGE,85416,21.1,840,Small Business,Current,15510.92,1525.34,3
LN-24334,BW-29984,2024-02-04,19600,9.24,A,7.3,RENT,35262,30.34,765,Small Business,Fully Paid,19600.0,3984.29,0
LN-24335,BW-27154,2025-09-30,11300,16.9,C,3.7,RENT,70196,5.38,674,Credit Card Refinance,Current,8568.36,1592.86,0
LN-24336,BW-29541,2025-01-24,13800,16.59,C,1.7,MORTGAGE,127892,20.42,662,Credit Card Refinance,Fully Paid,13800.0,5036.72,0
LN-24337,BW-19114,2025-03-27,30100,10.69,B,1.7,MORTGAGE,41014,30.19,706,Home Improvement,Fully Paid,30100.0,7078.92,0
LN-24338,BW-16749,2025-02-18,39400,15.15,C,8.4,RENT,74767,8.75,671,Personal,Fully Paid,39400.0,13132.02,0
LN-24339,BW-22174,2024-06-16,21000,10.06,B,11.9,MORTGAGE,70363,21.19,713,Debt Consolidation,Fully Paid,21000.0,4647.72,0
LN-24340,BW-18941,2026-04-03,5600,5.54,A,8.9,OWN,163018,10.46,849,Home Improvement,Current,2878.74,175.43,0
LN-24341,BW-18779,2025-10-24,7300,5.84,A,7.1,MORTGAGE,67686,31.62,834,Home Improvement,Current,2798.11,179.75,0
LN-24342,BW-28353,2024-05-12,35100,13.98,C,1.6,RENT,81135,14.05,667,Major Purchase,In Grace Period,7026.83,491.18,0
LN-24343,BW-15662,2024-02-14,38800,12.52,B,3.5,MORTGAGE,102214,29.73,712,Major Purchase,Fully Paid,38800.0,10687.07,0
LN-24344,BW-21895,2025-04-17,9200,6.15,A,5.7,MORTGAGE,130477,15.22,775,Small Business,In Grace Period,935.37,28.76,0
LN-24345,BW-13541,2026-03-04,37100,11.97,B,7.7,RENT,76116,5.05,688,Small Business,Fully Paid,37100.0,9769.91,0
LN-24346,BW-14886,2025-12-09,21600,8.09,A,2.0,MORTGAGE,57612,18.54,743,Small Business,Current,15047.92,1339.11,0
LN-24347,BW-19064,2024-07-24,36000,11.74,B,4.5,MORTGAGE,49076,5.67,716,Debt Consolidation,Current,22736.77,2936.23,0
LN-24348,BW-29502,2025-12-09,19400,9.23,A,6.3,MORTGAGE,34535,11.61,759,Personal,Current,8286.16,841.29,0
LN-24349,BW-19041,2025-04-11,25000,8.73,A,7.6,RENT,39701,13.71,798,Credit Card Refinance,Current,10193.22,978.85,0
LN-24350,BW-29844,2024-01-17,8000,10.57,B,2.4,MORTGAGE,86381,36.61,713,Debt Consolidation,Charged Off,1927.56,101.87,0
LN-24351,BW-27574,2024-05-30,14300,19.46,D,0.6,MORTGAGE,59105,5.16,620,Credit Card Refinance,Late 31-120 Days,4801.62,467.2,4
LN-24352,BW-27943,2026-01-04,31500,16.8,C,1.7,RENT,30684,34.87,643,Credit Card Refinance,Current,10602.49,1959.34,0
LN-24353,BW-17389,2025-10-21,10500,21.34,D,4.0,RENT,67559,22.33,613,Home Improvement,Current,3702.03,869.01,0
LN-24354,BW-29492,2026-02-11,37700,10.09,B,3.6,RENT,35464,14.94,712,Debt Consolidation,Fully Paid,37700.0,8368.65,0
LN-24355,BW-29717,2024-04-23,21600,12.36,B,7.2,MORTGAGE,87976,11.49,729,Debt Consolidation,Fully Paid,21600.0,5873.47,0
LN-24356,BW-20420,2024-05-14,33500,14.94,C,8.7,MORTGAGE,35851,13.49,652,Debt Consolidation,In Grace Period,1955.26,146.06,2
LN-24357,BW-26905,2026-05-30,27200,6.16,A,10.9,RENT,46135,25.24,762,Credit Card Refinance,Current,5959.67,403.83,0
LN-24358,BW-26879,2024-05-28,34000,21.05,D,10.4,MORTGAGE,53422,32.94,608,Debt Consolidation,Fully Paid,34000.0,15745.4,0
LN-24359,BW-11710,2026-02-17,30500,25.22,E,5.1,MORTGAGE,66157,17.6,547,Credit Card Refinance,Charged Off,6170.92,778.15,0
LN-24360,BW-24475,2025-05-25,39800,6.41,A,10.9,RENT,33067,21.55,782,Major Purchase,Current,22045.01,1554.39,1
LN-24361,BW-27503,2025-04-14,29900,6.81,A,8.8,RENT,69073,27.41,816,Debt Consolidation,Current,7859.27,588.74,0
LN-24362,BW-25182,2024-02-06,17500,7.35,A,11.3,MORTGAGE,57852,14.24,820,Credit Card Refinance,Current,11874.49,960.05,0
LN-24363,BW-15239,2025-04-02,29400,14.05,C,3.5,RENT,251855,34.63,658,Small Business,Late 16-30 Days,2165.64,152.14,0
LN-24364,BW-10745,2025-05-06,19600,14.9,C,1.2,RENT,71049,33.79,655,Major Purchase,In Grace Period,1637.86,122.02,0
LN-24365,BW-24853,2024-05-07,32000,7.75,A,8.7,RENT,67068,21.2,745,Debt Consolidation,Current,15773.46,1344.69,0
LN-24366,BW-26883,2024-01-10,29900,10.45,B,1.1,RENT,103768,37.28,723,Debt Consolidation,Fully Paid,29900.0,6874.01,0
LN-24367,BW-13953,2025-09-23,3200,20.71,D,10.8,MORTGAGE,57892,31.7,623,Home Improvement,Fully Paid,3200.0,1457.98,1
LN-24368,BW-26697,2026-01-23,33500,6.58,A,11.3,MORTGAGE,30320,13.23,753,Credit Card Refinance,Current,9735.25,704.64,0
LN-24369,BW-22096,2025-09-23,30000,12.05,B,9.7,MORTGAGE,121100,8.57,738,Credit Card Refinance,Current,18631.83,2469.65,0
LN-24370,BW-28549,2024-05-26,22200,13.01,B,5.8,RENT,61628,25.52,710,Major Purchase,Current,7574.01,1083.92,0
LN-24371,BW-28843,2025-03-15,9200,8.02,A,10.2,MORTGAGE,42979,14.12,793,Debt Consolidation,Fully Paid,9200.0,1623.25,0
LN-24372,BW-16439,2024-02-10,12200,21.62,D,10.9,OWN,54168,17.97,628,Debt Consolidation,Fully Paid,12200.0,5802.81,0
LN-24373,BW-27622,2024-04-18,23000,11.89,B,9.1,OWN,139092,7.7,687,Debt Consolidation,Fully Paid,23000.0,6016.34,0
LN-24374,BW-24429,2024-02-17,6300,23.56,E,9.4,MORTGAGE,71164,21.64,567,Home Improvement,Current,1772.46,459.35,0
LN-24375,BW-15748,2026-05-01,9200,9.21,A,10.3,MORTGAGE,58600,27.81,842,Home Improvement,Fully Paid,9200.0,1864.1,2
LN-24376,BW-15506,2025-01-27,13300,26.59,E,6.1,MORTGAGE,65820,29.03,534,Home Improvement,Fully Paid,13300.0,7780.23,0
LN-24377,BW-15199,2025-06-05,20000,14.11,C,5.3,RENT,255127,26.57,658,Debt Consolidation,Current,8888.71,1379.62,0
LN-24378,BW-19869,2025-10-24,22700,7.96,A,11.5,MORTGAGE,78860,13.57,841,Debt Consolidation,Current,10487.2,918.26,0
LN-24379,BW-26513,2025-05-24,7200,12.68,B,6.1,OWN,43995,8.08,719,Debt Consolidation,Current,2273.91,317.16,0
LN-24380,BW-20670,2025-12-20,3400,13.93,C,3.3,RENT,120634,20.91,630,Debt Consolidation,Current,1162.37,178.11,0
LN-24381,BW-26987,2026-02-01,24500,8.06,A,10.1,MORTGAGE,35127,20.99,749,Debt Consolidation,In Grace Period,7924.92,319.37,0
LN-24382,BW-26882,2025-01-13,12200,23.13,E,1.5,MORTGAGE,125960,14.61,575,Credit Card Refinance,Late 31-120 Days,3148.49,364.12,0
LN-24383,BW-19292,2024-10-16,25000,13.16,B,9.3,MORTGAGE,275973,10.76,725,Debt Consolidation,Current,17246.71,2496.63,0
LN-24384,BW-25063,2026-02-28,23400,19.4,D,11.1,RENT,32484,19.83,605,Debt Consolidation,Current,8342.32,1780.25,0
LN-24385,BW-22318,2025-07-28,19500,21.42,D,1.9,RENT,124930,7.82,592,Debt Consolidation,Late 16-30 Days,6688.76,716.37,0
LN-24386,BW-16694,2024-03-19,5100,11.8,B,11.0,RENT,118934,21.51,718,Credit Card Refinance,Fully Paid,5100.0,1323.96,1
LN-24387,BW-23298,2024-06-24,9000,19.7,D,3.0,RENT,48198,34.81,582,Debt Consolidation,Charged Off,1326.51,130.66,0
LN-24388,BW-13347,2024-08-23,21500,12.71,B,7.5,RENT,70770,14.51,729,Debt Consolidation,Fully Paid,21500.0,6011.83,4
LN-24389,BW-16016,2024-02-14,35700,8.97,A,10.7,MORTGAGE,66656,9.38,785,Home Improvement,Current,11128.41,1098.04,0
LN-24390,BW-12279,2026-03-28,17400,19.72,D,6.7,MORTGAGE,95059,18.82,619,Home Improvement,Current,8836.47,1916.81,0
LN-24391,BW-26062,2025-03-01,15600,13.01,B,2.4,RENT,53291,12.03,710,Personal,Fully Paid,15600.0,4465.03,0
LN-24392,BW-18449,2025-07-23,34700,15.53,C,6.6,MORTGAGE,39931,37.03,669,Debt Consolidation,Fully Paid,34700.0,11855.6,0
LN-24393,BW-15025,2024-02-10,5900,12.68,B,0.5,MORTGAGE,205468,23.81,701,Credit Card Refinance,Fully Paid,5900.0,1645.86,0
LN-24394,BW-19503,2025-01-07,6200,9.81,B,9.2,MORTGAGE,41370,32.58,736,Debt Consolidation,Current,3281.53,354.11,0
LN-24395,BW-29935,2024-06-27,29000,16.66,C,7.6,MORTGAGE,35393,6.56,672,Debt Consolidation,Current,10123.83,1855.29,0
LN-24396,BW-13855,2025-01-09,27900,14.65,C,8.1,MORTGAGE,237733,23.81,648,Debt Consolidation,Fully Paid,27900.0,8992.17,0
LN-24397,BW-18102,2024-06-01,18500,10.89,B,8.3,RENT,174738,36.9,730,Debt Consolidation,Current,7864.31,942.07,0
LN-24398,BW-27044,2025-02-18,2700,15.19,C,2.7,RENT,79086,19.07,664,Debt Consolidation,Current,1546.86,258.46,0
LN-24399,BW-29951,2025-05-26,25600,16.41,C,8.5,MORTGAGE,80081,28.89,640,Debt Consolidation,Current,13303.94,2401.49,0
LN-24400,BW-12258,2025-09-18,24800,12.25,B,3.8,MORTGAGE,69904,35.12,691,Debt Consolidation,Current,9913.14,1335.8,0
LN-24401,BW-20646,2024-12-01,7300,25.75,E,9.1,RENT,69711,12.39,571,Major Purchase,Current,1608.68,455.66,4
LN-24402,BW-17671,2025-02-19,37700,12.62,B,11.7,MORTGAGE,55375,21.86,736,Home Improvement,Fully Paid,37700.0,10467.03,0
LN-24403,BW-27705,2024-08-22,38000,11.45,B,9.0,OWN,66593,32.94,722,Small Business,Fully Paid,38000.0,9572.2,0
LN-24404,BW-25955,2025-11-20,35500,19.46,D,4.8,MORTGAGE,55269,6.1,584,Home Improvement,Fully Paid,35500.0,15198.26,0
LN-24405,BW-16585,2025-07-02,18300,10.01,B,11.1,MORTGAGE,32503,6.65,691,Small Business,Fully Paid,18300.0,4030.03,0
LN-24406,BW-21801,2025-06-07,20400,11.9,B,12.0,MORTGAGE,46568,22.78,722,Debt Consolidation,Fully Paid,20400.0,5340.72,0
LN-24407,BW-23738,2025-07-20,38400,10.01,B,6.4,RENT,76520,34.58,715,Debt Consolidation,Fully Paid,38400.0,8456.45,0
LN-24408,BW-25557,2024-10-19,14600,13.48,B,2.7,OWN,35920,15.5,728,Personal,Current,11011.33,1632.76,0
LN-24409,BW-23003,2025-02-28,22800,12.21,B,1.0,MORTGAGE,72236,17.32,699,Debt Consolidation,Current,17475.23,2347.1,0
LN-24410,BW-15460,2025-04-09,18500,16.43,C,10.3,MORTGAGE,70197,9.96,650,Home Improvement,Charged Off,1393.66,114.49,0
LN-24411,BW-22544,2024-06-02,19400,12.81,B,2.4,RENT,154900,31.66,688,Personal,Late 31-120 Days,4219.08,270.23,0
LN-24412,BW-17804,2026-03-08,17600,9.75,B,9.9,RENT,68192,15.2,723,Debt Consolidation,Current,5216.54,559.47,0
LN-24413,BW-20778,2024-09-26,10900,10.39,B,8.5,RENT,118767,26.58,731,Debt Consolidation,Fully Paid,10900.0,2491.52,0
LN-24414,BW-21719,2026-04-06,9000,15.56,C,10.3,RENT,46751,5.26,670,Debt Consolidation,Fully Paid,9000.0,3080.88,0
LN-24415,BW-16803,2024-01-21,37500,13.68,C,3.5,RENT,87292,5.0,664,Debt Consolidation,Fully Paid,37500.0,11286.0,3
LN-24416,BW-23080,2024-11-11,33400,15.58,C,5.2,MORTGAGE,80573,31.27,662,Credit Card Refinance,Current,25095.16,4300.81,0
LN-24417,BW-12277,2025-09-15,2600,12.63,B,5.0,RENT,267471,33.5,702,Major Purchase,Current,1976.77,274.63,0
LN-24418,BW-12787,2024-06-09,14800,6.97,A,2.3,MORTGAGE,57631,24.32,798,Credit Card Refinance,Current,3608.52,276.67,0
LN-24419,BW-22947,2024-01-26,32000,10.13,B,9.1,MORTGAGE,33809,12.02,728,Debt Consolidation,In Grace Period,8022.53,406.34,0
LN-24420,BW-25545,2024-08-14,14100,16.54,C,10.7,OWN,31456,5.65,648,Home Improvement,Current,7550.17,1373.68,0
LN-24421,BW-28825,2026-05-27,38500,9.97,B,1.8,RENT,40598,12.35,688,Major Purchase,Fully Paid,38500.0,8444.59,0
LN-24422,BW-18936,2025-10-14,3600,14.72,C,7.4,RENT,42363,29.87,670,Home Improvement,In Grace Period,556.31,40.94,0
LN-24423,BW-22444,2026-06-12,25400,27.98,E,3.7,OWN,119620,19.98,532,Debt Consolidation,Current,19608.16,6035.0,4
LN-24424,BW-22881,2025-11-13,16200,14.44,C,0.9,MORTGAGE,47227,16.74,653,Debt Consolidation,Fully Paid,16200.0,5146.42,0
LN-24425,BW-29668,2025-01-09,35700,10.1,B,8.2,RENT,55305,16.12,692,Debt Consolidation,Current,7301.74,811.22,0
LN-24426,BW-22702,2025-01-04,34700,16.69,C,4.7,MORTGAGE,81983,37.03,669,Debt Consolidation,Current,19169.8,3519.38,2
LN-24427,BW-14843,2024-01-02,21400,12.1,B,9.4,RENT,32304,26.99,693,Debt Consolidation,Current,5215.15,694.14,0
LN-24428,BW-24074,2024-10-20,32700,13.33,B,0.8,OWN,89371,5.2,686,Home Improvement,Fully Paid,32700.0,9589.6,0
LN-24429,BW-25451,2025-11-24,14300,6.64,A,4.6,MORTGAGE,32649,10.78,795,Home Improvement,Current,8931.28,652.34,0
LN-24430,BW-26948,2026-04-05,14600,13.32,B,4.9,OWN,61981,13.79,721,Debt Consolidation,In Grace Period,1117.67,74.44,0
LN-24431,BW-22542,2026-05-05,26700,12.32,B,6.2,OWN,49679,29.88,731,Home Improvement,Late 31-120 Days,9259.86,570.41,0
LN-24432,BW-18230,2026-02-15,38600,14.9,C,8.3,RENT,46137,37.71,663,Debt Consolidation,Current,29652.26,4860.01,0
LN-24433,BW-28867,2024-02-10,13900,20.4,D,8.2,RENT,115286,20.94,583,Debt Consolidation,Charged Off,1509.75,153.99,3
LN-24434,BW-22803,2024-08-09,19800,14.43,C,2.0,OWN,61148,29.08,640,Debt Consolidation,Current,5813.12,922.72,0
LN-24435,BW-15285,2025-11-27,19600,14.79,C,10.5,RENT,53827,34.75,643,Credit Card Refinance,Current,14449.67,2350.82,0
LN-24436,BW-10093,2024-02-27,38100,11.02,B,1.3,OWN,66818,13.22,729,Debt Consolidation,Current,29973.74,3633.42,0
LN-24437,BW-12788,2024-01-21,33000,22.77,E,6.7,MORTGAGE,35421,8.99,522,Debt Consolidation,Late 31-120 Days,4327.01,492.63,0
LN-24438,BW-21913,2025-12-14,27400,16.8,C,9.3,MORTGAGE,138584,32.68,632,Personal,Late 16-30 Days,7362.89,618.48,0
LN-24439,BW-23244,2026-05-19,8300,15.63,C,6.3,RENT,225815,16.6,649,Debt Consolidation,Current,3602.94,619.45,0
LN-24440,BW-20995,2025-09-09,21000,15.87,C,4.7,MORTGAGE,44245,5.76,661,Small Business,Current,14326.9,2501.05,3
LN-24441,BW-24458,2024-12-29,4700,5.86,A,4.1,MORTGAGE,59019,36.71,789,Debt Consolidation,Current,2375.95,153.15,2
LN-24442,BW-29958,2026-06-21,10800,12.45,B,6.8,OWN,68858,15.5,724,Major Purchase,Fully Paid,10800.0,2958.12,0
LN-24443,BW-13938,2026-02-11,38700,15.62,C,2.5,MORTGAGE,68999,17.38,675,Credit Card Refinance,Fully Paid,38700.0,13298.87,3
LN-24444,BW-21073,2025-10-27,36700,6.3,A,7.9,RENT,64293,37.43,778,Credit Card Refinance,Current,8713.95,603.88,0
LN-24445,BW-24235,2026-04-10,18700,11.37,B,4.2,MORTGAGE,73334,16.75,731,Home Improvement,Current,8097.63,1012.77,0
LN-24446,BW-29227,2024-11-24,20900,16.1,C,11.9,RENT,99359,21.84,675,Credit Card Refinance,Current,15853.9,2807.73,0
LN-24447,BW-20222,2025-04-16,17900,15.19,C,7.8,RENT,84342,25.59,659,Personal,Fully Paid,17900.0,5981.82,0
LN-24448,BW-12574,2025-07-12,13700,9.77,B,1.6,RENT,73138,24.64,739,Credit Card Refinance,In Grace Period,2827.1,138.1,0
LN-24449,BW-29850,2025-03-24,20800,25.99,E,10.5,RENT,55662,29.22,524,Debt Consolidation,Current,11556.73,3303.95,0
LN-24450,BW-12594,2024-07-09,8800,14.99,C,8.9,MORTGAGE,83228,33.82,655,Debt Consolidation,Charged Off,568.21,42.59,0
LN-24451,BW-12266,2025-02-19,15000,14.94,C,9.4,MORTGAGE,81553,10.02,645,Personal,Current,10085.14,1657.39,0
LN-24452,BW-12201,2024-04-17,11800,26.53,E,7.5,RENT,79328,21.39,562,Major Purchase,Charged Off,3477.75,461.32,0
LN-24453,BW-18074,2024-07-26,11500,10.07,B,1.9,RENT,73951,6.18,691,Credit Card Refinance,Current,5810.13,643.59,0
LN-24454,BW-12013,2024-10-13,30100,10.14,B,4.2,MORTGAGE,38233,26.32,685,Home Improvement,Fully Paid,30100.0,6714.71,0
LN-24455,BW-12184,2025-07-01,5000,21.43,D,9.6,RENT,47203,22.73,621,Debt Consolidation,Current,1627.71,383.7,2
LN-24456,BW-19860,2025-03-29,8100,18.58,D,11.1,MORTGAGE,41849,14.65,586,Credit Card Refinance,Late 16-30 Days,2666.71,247.74,0
LN-24457,BW-16327,2026-05-24,28500,13.24,B,3.4,MORTGAGE,65465,19.84,697,Credit Card Refinance,Fully Paid,28500.0,8301.48,0
LN-24458,BW-25820,2024-04-23,9700,16.06,C,1.8,MORTGAGE,130339,23.09,647,Home Improvement,In Grace Period,1345.13,108.01,0
LN-24459,BW-17664,2026-02-21,3300,21.25,D,9.2,MORTGAGE,50547,32.3,629,Major Purchase,Current,1155.4,270.07,0
LN-24460,BW-26974,2025-12-03,29500,6.03,A,3.7,RENT,69748,37.32,796,Debt Consolidation,Charged Off,2322.85,70.03,0
LN-24461,BW-23879,2024-10-17,30700,11.35,B,9.2,MORTGAGE,107004,29.09,692,Small Business,Current,11131.89,1389.82,0
LN-24462,BW-14027,2024-01-08,7900,11.51,B,8.7,MORTGAGE,52507,29.17,721,Debt Consolidation,Fully Paid,7900.0,2000.44,0
LN-24463,BW-16300,2025-06-15,6400,21.27,D,0.7,RENT,68133,27.54,611,Credit Card Refinance,Late 31-120 Days,956.83,101.76,0
LN-24464,BW-21333,2024-05-08,12200,10.92,B,12.0,RENT,65013,33.16,724,Debt Consolidation,Current,9655.47,1159.82,0
LN-24465,BW-26701,2024-07-05,10800,16.91,C,10.2,MORTGAGE,36351,5.87,679,Home Improvement,Current,5049.73,939.3,0
LN-24466,BW-28976,2024-12-13,37300,9.0,A,0.6,MORTGAGE,83937,34.27,768,Home Improvement,Fully Paid,37300.0,7385.4,0
LN-24467,BW-26091,2026-01-10,26000,12.91,B,8.9,MORTGAGE,60660,10.29,736,Credit Card Refinance,Current,5723.37,812.78,0
LN-24468,BW-14925,2025-07-20,22900,10.48,B,3.0,OWN,189216,26.14,732,Home Improvement,Current,17211.54,1984.15,0
LN-24469,BW-21760,2025-01-21,11500,12.19,B,10.1,RENT,91356,11.54,706,Personal,Fully Paid,11500.0,3084.07,0
LN-24470,BW-16184,2026-06-15,24100,26.04,E,5.2,RENT,41102,22.89,558,Home Improvement,Charged Off,6221.02,809.98,0
LN-24471,BW-20144,2024-11-18,21100,25.92,E,3.9,MORTGAGE,101229,21.22,551,Credit Card Refinance,Fully Paid,21100.0,12032.06,0
LN-24472,BW-15117,2024-08-23,17400,12.16,B,6.7,MORTGAGE,82997,18.82,686,Debt Consolidation,Fully Paid,17400.0,4654.85,0
LN-24473,BW-26782,2025-09-12,16700,6.54,A,9.8,OWN,55356,10.68,754,Credit Card Refinance,Fully Paid,16700.0,2402.8,0
LN-24474,BW-21673,2025-05-20,16400,9.04,A,8.3,OWN,57460,13.92,794,Small Business,Fully Paid,16400.0,3261.63,1
LN-24475,BW-23895,2024-09-23,6300,16.73,C,6.0,MORTGAGE,51151,21.95,652,Home Improvement,Current,2822.01,519.33,0
LN-24476,BW-17083,2026-06-25,22400,22.8,E,3.0,OWN,71313,10.11,564,Debt Consolidation,Late 31-120 Days,1474.24,168.06,0
LN-24477,BW-19808,2025-03-19,33200,11.35,B,6.1,RENT,72423,27.11,727,Credit Card Refinance,In Grace Period,4380.69,248.6,0
LN-24478,BW-17159,2026-01-19,24300,7.03,A,3.1,RENT,39782,17.69,842,Credit Card Refinance,Current,7844.37,606.61,0
LN-24479,BW-22177,2025-11-04,30800,9.2,A,8.2,MORTGAGE,68761,26.09,767,Debt Consolidation,Fully Paid,30800.0,6233.92,1
LN-24480,BW-12753,2026-03-08,12400,11.25,B,9.2,MORTGAGE,130116,32.26,724,Debt Consolidation,Current,6379.84,789.51,0
LN-24481,BW-27227,2024-09-16,39100,9.85,B,11.0,RENT,36534,18.33,685,Debt Consolidation,Current,10509.48,1138.7,0
LN-24482,BW-14688,2024-04-26,20000,11.57,B,5.0,RENT,128861,6.88,728,Debt Consolidation,Fully Paid,20000.0,5090.8,0
LN-24483,BW-28222,2025-08-22,24400,9.9,B,8.2,OWN,51374,33.23,684,Debt Consolidation,Fully Paid,24400.0,5314.32,0
LN-24484,BW-29712,2025-03-30,5500,6.65,A,6.6,MORTGAGE,40432,9.32,789,Debt Consolidation,Current,2078.91,152.07,1
LN-24485,BW-15453,2024-08-29,23500,8.1,A,6.5,RENT,40782,6.63,743,Debt Consolidation,Fully Paid,23500.0,4187.7,0
LN-24486,BW-17332,2024-02-07,37300,6.75,A,10.9,RENT,57641,13.42,814,Debt Consolidation,Fully Paid,37300.0,5539.05,1
LN-24487,BW-27762,2025-06-08,6300,12.62,B,7.7,RENT,79988,16.05,694,Debt Consolidation,Charged Off,1361.32,85.9,0
LN-24488,BW-11729,2026-04-30,14600,11.94,B,3.6,RENT,139099,27.13,693,Debt Consolidation,Current,5292.73,695.15,0
LN-24489,BW-27309,2024-03-21,17400,7.51,A,2.3,RENT,279670,25.56,802,Home Improvement,Fully Paid,17400.0,2874.83,0
LN-24490,BW-19259,2024-12-24,13100,13.91,C,11.6,RENT,68512,17.53,645,Debt Consolidation,Current,7675.38,1174.41,0
LN-24491,BW-11387,2024-08-02,12600,19.07,D,8.6,RENT,34791,36.8,605,Debt Consolidation,In Grace Period,1049.15,100.04,0
LN-24492,BW-26982,2025-09-27,34200,11.43,B,9.6,MORTGAGE,88787,10.34,737,Debt Consolidation,Fully Paid,34200.0,8599.93,0
LN-24493,BW-22246,2025-08-10,17900,15.82,C,11.0,OWN,87930,13.81,646,Small Business,Fully Paid,17900.0,6229.92,0
LN-24494,BW-26794,2026-02-18,21400,14.08,C,10.5,OWN,76538,23.28,657,Debt Consolidation,Current,16857.85,2610.94,0
LN-24495,BW-29770,2024-08-20,10600,8.56,A,4.3,RENT,125509,11.9,842,Credit Card Refinance,Fully Paid,10600.0,1996.19,0
LN-24496,BW-28699,2025-02-10,37200,18.69,D,7.0,RENT,74778,27.7,614,Debt Consolidation,Fully Paid,37200.0,15295.9,0
LN-24497,BW-24364,2024-01-09,10000,8.96,A,10.6,MORTGAGE,39351,29.3,808,Home Improvement,Current,4712.69,464.48,0
LN-24498,BW-28017,2026-05-06,28400,21.81,D,5.5,MORTGAGE,47634,6.3,587,Credit Card Refinance,Current,10834.24,2599.24,0
LN-24499,BW-24224,2025-09-25,27500,13.4,B,5.0,RENT,63747,8.74,715,Credit Card Refinance,Fully Paid,27500.0,8107.0,0
LN-24500,BW-14605,2025-08-07,21000,18.03,D,10.7,RENT,187994,29.74,594,Credit Card Refinance,Current,6543.39,1297.75,4
LN-24501,BW-24613,2026-03-01,9000,13.17,B,7.0,OWN,82663,11.63,685,Debt Consolidation,Fully Paid,9000.0,2607.66,0
LN-24502,BW-17134,2025-09-27,7400,9.92,B,9.0,OWN,72743,32.49,718,Debt Consolidation,Late 31-120 Days,713.59,35.39,1
LN-24503,BW-16852,2026-01-11,23200,20.74,D,5.6,RENT,116084,15.62,622,Small Business,Fully Paid,23200.0,10585.7,0
LN-24504,BW-29723,2025-03-08,35200,7.65,A,7.8,RENT,32648,18.58,765,Small Business,Fully Paid,35200.0,5924.16,0
LN-24505,BW-27892,2024-09-12,3200,7.7,A,10.2,RENT,44176,27.61,828,Home Improvement,Current,2234.74,189.28,0
LN-24506,BW-24941,2024-03-19,13100,12.41,B,9.1,RENT,76515,27.22,683,Home Improvement,Fully Paid,13100.0,3576.56,0
LN-24507,BW-23782,2025-09-08,17400,12.12,B,1.5,MORTGAGE,169153,36.54,680,Small Business,Current,12856.32,1714.0,0
LN-24508,BW-28956,2025-12-31,29200,12.5,B,2.6,MORTGAGE,54162,33.73,717,Credit Card Refinance,Current,23184.1,3187.81,0
LN-24509,BW-14823,2026-03-27,8400,9.17,A,1.0,MORTGAGE,83940,9.88,801,Home Improvement,Fully Paid,8400.0,1694.62,0
LN-24510,BW-26309,2024-01-07,31000,9.95,B,3.9,MORTGAGE,84003,13.83,736,Personal,Current,16169.31,1769.73,0
LN-24511,BW-18828,2025-05-22,30900,10.14,B,3.4,RENT,41117,8.04,718,Credit Card Refinance,Current,16357.2,1824.48,0
LN-24512,BW-26364,2024-03-11,5000,17.96,D,1.0,MORTGAGE,118220,19.49,618,Debt Consolidation,Current,1281.15,253.1,0
LN-24513,BW-17865,2026-05-20,27600,27.86,E,9.0,MORTGAGE,100718,33.55,521,Small Business,Late 16-30 Days,4263.07,593.85,0
LN-24514,BW-22780,2025-07-15,13500,11.25,B,2.8,MORTGAGE,74678,34.56,715,Debt Consolidation,Fully Paid,13500.0,3341.25,0
LN-24515,BW-24153,2025-07-30,22500,9.21,A,10.1,MORTGAGE,47694,28.16,821,Debt Consolidation,Current,6192.06,627.32,0
LN-24516,BW-19875,2024-03-05,28300,5.73,A,2.5,OWN,109050,34.39,751,Major Purchase,Late 31-120 Days,1661.71,47.61,0
LN-24517,BW-14916,2024-06-13,6800,7.05,A,4.5,MORTGAGE,152409,18.65,752,Debt Consolidation,Fully Paid,6800.0,1054.68,0
LN-24518,BW-13895,2024-01-26,25300,13.44,B,4.2,OWN,118673,18.75,699,Home Improvement,Current,9223.9,1363.66,0
LN-24519,BW-22235,2024-09-22,20300,12.17,B,10.2,MORTGAGE,127154,35.24,685,Credit Card Refinance,Charged Off,1317.65,80.18,0
LN-24520,BW-16903,2026-06-11,17000,6.83,A,10.2,RENT,121629,10.32,756,Major Purchase,Current,12301.12,924.18,0
LN-24521,BW-17632,2025-05-06,37100,16.96,C,3.2,MORTGAGE,121176,6.97,673,Debt Consolidation,Current,7755.57,1446.88,1
LN-24522,BW-20409,2026-04-10,14100,11.3,B,6.7,MORTGAGE,146156,7.73,709,Debt Consolidation,Fully Paid,14100.0,3505.26,0
LN-24523,BW-11746,2024-04-12,3800,9.48,A,10.8,MORTGAGE,273041,8.16,849,Credit Card Refinance,Fully Paid,3800.0,792.53,0
LN-24524,BW-19163,2024-11-18,14000,7.79,A,3.0,RENT,39975,16.42,847,Credit Card Refinance,Current,5205.36,446.05,0
LN-24525,BW-19669,2025-11-12,36300,12.78,B,8.8,MORTGAGE,211363,6.46,693,Small Business,Current,22548.36,3169.85,0
LN-24526,BW-12665,2024-06-04,35200,6.87,A,6.3,RENT,41807,9.14,849,Debt Consolidation,Fully Paid,35200.0,5320.13,0
LN-24527,BW-11094,2024-09-02,34500,9.36,A,8.9,RENT,49547,13.3,823,Credit Card Refinance,Current,10953.67,1127.79,0
LN-24528,BW-15772,2024-03-01,23200,14.91,C,9.9,OWN,84758,33.63,679,Debt Consolidation,Current,17048.83,2796.18,4
LN-24529,BW-10591,2024-06-05,27800,9.31,A,4.8,RENT,69472,33.9,826,Personal,Current,11724.51,1200.71,0
LN-24530,BW-16034,2024-04-11,16400,7.68,A,11.5,RENT,39174,35.96,827,Major Purchase,Fully Paid,16400.0,2770.94,1
LN-24531,BW-11460,2024-01-06,37300,7.86,A,1.8,RENT,52663,14.06,804,Credit Card Refinance,Fully Paid,37300.0,6449.92,0
LN-24532,BW-12472,2026-05-24,30000,11.79,B,9.7,MORTGAGE,43800,30.59,731,Credit Card Refinance,Fully Paid,30000.0,7781.4,0
LN-24533,BW-20125,2026-05-20,10800,18.02,D,10.1,OWN,78208,30.12,603,Home Improvement,Current,5167.89,1024.38,0
LN-24534,BW-16620,2024-01-24,37600,13.99,C,1.7,MORTGAGE,58604,10.23,641,Credit Card Refinance,Current,21981.92,3382.8,1
LN-24535,BW-20249,2024-05-28,3900,7.63,A,7.1,RENT,161924,6.49,783,Debt Consolidation,Current,3010.32,252.66,0
LN-24536,BW-27384,2024-03-24,7600,12.42,B,7.3,MORTGAGE,131091,12.55,735,Debt Consolidation,Current,5793.39,791.49,1
LN-24537,BW-24215,2026-01-09,21600,13.0,B,4.1,OWN,69765,7.4,725,Debt Consolidation,Current,15873.67,2269.93,0
LN-24538,BW-19353,2025-09-24,33000,11.99,B,6.1,RENT,62250,33.09,733,Small Business,Current,22824.06,3010.27,2
LN-24539,BW-12638,2024-01-12,9600,8.75,A,10.1,OWN,80495,29.41,831,Home Improvement,Current,3360.85,323.48,0
LN-24540,BW-13657,2024-09-01,20100,12.29,B,4.7,RENT,83523,14.61,713,Home Improvement,Current,14952.72,2021.46,0
LN-24541,BW-18623,2025-12-04,4400,10.49,B,7.8,MORTGAGE,59358,8.51,681,Debt Consolidation,Fully Paid,4400.0,1015.43,0
LN-24542,BW-12975,2024-06-21,20100,15.06,C,1.3,RENT,39819,31.16,666,Debt Consolidation,Late 31-120 Days,3515.37,264.71,0
LN-24543,BW-26579,2025-05-05,37400,14.43,C,4.0,RENT,88890,25.93,646,Major Purchase,Current,27507.39,4366.25,4
LN-24544,BW-14843,2025-10-30,5500,15.78,C,10.8,RENT,59535,36.27,655,Debt Consolidation,Charged Off,1734.75,136.87,0
LN-24545,BW-27543,2024-12-17,14000,17.15,C,10.4,OWN,177625,12.37,637,Small Business,Fully Paid,14000.0,5282.2,0
LN-24546,BW-24247,2025-06-21,38400,10.29,B,9.9,MORTGAGE,134868,10.51,693,Debt Consolidation,Fully Paid,38400.0,8692.99,1
LN-24547,BW-25776,2024-12-27,13500,15.46,C,1.2,RENT,49975,10.28,674,Credit Card Refinance,Fully Paid,13500.0,4591.62,0
LN-24548,BW-15916,2025-05-31,7000,12.41,B,3.5,OWN,95847,21.76,695,Debt Consolidation,Current,2573.49,351.31,0
LN-24549,BW-10782,2026-03-03,20300,19.9,D,9.9,RENT,33044,21.11,591,Debt Consolidation,Current,15065.03,3297.74,4
LN-24550,BW-18493,2024-02-09,35000,12.42,B,8.1,MORTGAGE,55973,14.77,732,Debt Consolidation,Current,25554.77,3491.29,0
LN-24551,BW-23405,2026-06-02,11800,6.26,A,1.6,RENT,73010,6.94,832,Credit Card Refinance,Current,4640.3,319.53,0
LN-24552,BW-22803,2025-11-11,15800,8.92,A,2.7,OWN,57843,37.28,822,Credit Card Refinance,In Grace Period,3436.29,153.26,0
LN-24553,BW-18248,2024-04-17,22500,15.21,C,7.0,MORTGAGE,62354,17.07,638,Home Improvement,Current,5935.54,993.08,1
LN-24554,BW-24673,2025-01-15,26900,6.9,A,3.7,MORTGAGE,68033,24.94,814,Small Business,Late 16-30 Days,4810.5,165.96,1
LN-24555,BW-25566,2024-10-26,21100,19.24,D,10.1,OWN,77229,10.97,594,Small Business,Current,4891.45,1035.23,0
LN-24556,BW-29915,2026-06-29,30700,10.6,B,11.9,MORTGAGE,63509,22.8,729,Debt Consolidation,Current,8888.37,1036.38,1
LN-24557,BW-23224,2025-05-17,25100,14.63,C,4.6,MORTGAGE,82583,18.06,648,Home Improvement,Fully Paid,25100.0,8078.69,0
LN-24558,BW-13256,2024-10-13,21500,10.25,B,5.1,RENT,104523,20.05,733,Home Improvement,Current,12267.93,1383.21,0
LN-24559,BW-29173,2026-06-07,29200,11.02,B,2.8,MORTGAGE,42817,33.62,719,Home Improvement,Fully Paid,29200.0,7079.25,0
LN-24560,BW-20638,2026-04-27,38300,11.37,B,3.8,OWN,58752,22.77,685,Debt Consolidation,Current,11290.62,1412.12,0
LN-24561,BW-25650,2024-05-03,10700,11.21,B,1.2,MORTGAGE,78255,31.14,708,Debt Consolidation,Current,6267.35,772.83,0
LN-24562,BW-24674,2026-02-25,20500,10.76,B,11.9,RENT,49323,10.88,711,Credit Card Refinance,Current,6874.57,813.67,0
LN-24563,BW-24497,2026-04-12,19800,12.31,B,8.9,MORTGAGE,79909,9.96,688,Credit Card Refinance,Fully Paid,19800.0,5362.24,0
LN-24564,BW-11638,2026-02-28,10300,25.87,E,9.2,OWN,52530,12.13,531,Credit Card Refinance,Fully Paid,10300.0,5862.14,0
LN-24565,BW-12497,2025-05-30,25800,12.97,B,5.9,OWN,128537,7.45,694,Debt Consolidation,Current,13737.81,1959.97,0
LN-24566,BW-22584,2024-12-27,27700,14.46,C,2.1,OWN,48795,35.65,677,Credit Card Refinance,Current,18781.46,2987.38,0
LN-24567,BW-25147,2025-09-23,3900,12.74,B,2.9,RENT,229963,14.71,680,Personal,Current,1848.51,259.05,0
LN-24568,BW-29411,2025-12-20,34900,7.05,A,2.4,RENT,135834,34.95,792,Credit Card Refinance,Fully Paid,34900.0,5412.99,0
LN-24569,BW-27846,2025-05-16,35600,10.51,B,5.6,RENT,34349,29.17,731,Debt Consolidation,Current,16255.15,1879.26,0
LN-24570,BW-22638,2025-01-11,32100,11.17,B,3.1,OWN,42194,19.94,681,Debt Consolidation,Charged Off,1692.15,94.51,0
LN-24571,BW-13743,2024-06-01,5000,7.79,A,8.7,RENT,65168,15.47,752,Credit Card Refinance,Current,2937.01,251.67,3
LN-24572,BW-29570,2025-06-12,28000,8.41,A,0.6,RENT,271736,9.08,808,Small Business,Current,12559.38,1161.87,3
LN-24573,BW-18551,2024-10-28,38700,10.16,B,1.0,RENT,35606,27.42,737,Debt Consolidation,Fully Paid,38700.0,8650.22,0
LN-24574,BW-23540,2025-05-24,34300,7.09,A,4.2,RENT,45498,16.71,763,Credit Card Refinance,Fully Paid,34300.0,5350.11,0
LN-24575,BW-17156,2025-09-29,29900,14.37,C,6.8,OWN,47364,13.75,673,Debt Consolidation,Current,8104.22,1281.03,0
LN-24576,BW-29621,2026-05-08,13600,11.35,B,1.4,MORTGAGE,66701,19.66,736,Debt Consolidation,Current,7231.31,902.83,0
LN-24577,BW-11811,2025-03-19,4300,14.77,C,8.3,MORTGAGE,51693,25.47,639,Debt Consolidation,Fully Paid,4300.0,1397.24,0
LN-24578,BW-20727,2024-03-20,21300,13.12,B,9.8,RENT,77057,32.75,687,Personal,Current,9497.1,1370.62,1
LN-24579,BW-13751,2024-02-17,17600,20.1,D,8.9,RENT,90190,36.07,610,Debt Consolidation,Charged Off,1725.61,173.42,1
LN-24580,BW-24093,2025-09-08,14500,10.13,B,4.0,RENT,34284,9.65,701,Personal,Current,4337.19,483.29,0
LN-24581,BW-21016,2024-09-21,36000,10.18,B,8.0,MORTGAGE,43153,10.59,736,Credit Card Refinance,Current,21168.89,2370.49,2
LN-24582,BW-13470,2026-03-06,28500,14.96,C,1.4,MORTGAGE,106844,8.22,651,Small Business,Fully Paid,28500.0,9379.92,0
LN-24583,BW-28366,2025-01-14,37300,11.19,B,3.0,MORTGAGE,39934,31.69,712,Major Purchase,Fully Paid,37300.0,9182.51,0
LN-24584,BW-11945,2024-06-30,6300,12.94,B,11.6,OWN,103793,12.8,705,Home Improvement,Current,4840.33,688.97,0
LN-24585,BW-28923,2025-07-19,29800,15.22,C,7.7,MORTGAGE,124303,23.06,666,Small Business,Fully Paid,29800.0,9978.23,0
LN-24586,BW-25479,2024-09-16,6400,19.78,D,1.3,RENT,69878,26.77,622,Debt Consolidation,Current,4952.33,1077.53,3
LN-24587,BW-27449,2026-03-26,7800,14.34,C,10.8,RENT,83735,31.47,636,Debt Consolidation,Fully Paid,7800.0,2460.74,0
LN-24588,BW-11218,2024-08-05,28500,8.38,A,4.4,RENT,106816,25.58,804,Debt Consolidation,Current,10004.17,922.18,4
LN-24589,BW-24795,2025-06-10,21000,8.43,A,7.9,MORTGAGE,31763,12.66,840,Debt Consolidation,Charged Off,1242.32,52.36,0
LN-24590,BW-18394,2025-10-12,37800,12.44,B,8.2,RENT,60813,34.27,721,Credit Card Refinance,Fully Paid,37800.0,10345.1,0
LN-24591,BW-18651,2025-01-31,35200,17.09,C,9.3,MORTGAGE,36725,23.2,674,Small Business,Fully Paid,35200.0,13234.5,0
LN-24592,BW-16225,2024-03-06,34700,7.96,A,11.3,MORTGAGE,81841,34.61,778,Credit Card Refinance,Fully Paid,34700.0,6076.66,0
LN-24593,BW-19262,2024-12-07,29100,16.34,C,5.1,RENT,40316,13.26,635,Debt Consolidation,Fully Paid,29100.0,10460.87,1
LN-24594,BW-12824,2025-12-13,12000,20.12,D,2.5,MORTGAGE,59807,20.63,589,Credit Card Refinance,Current,9532.93,2109.83,0
LN-24595,BW-11589,2025-04-04,39500,13.15,B,3.1,OWN,36694,9.08,713,Debt Consolidation,Fully Paid,39500.0,11427.35,0
LN-24596,BW-11827,2025-12-27,9300,10.49,B,5.0,OWN,102218,11.4,729,Home Improvement,Late 31-120 Days,2847.3,149.34,0
LN-24597,BW-13368,2024-05-28,10100,22.94,E,9.7,RENT,174558,24.49,552,Credit Card Refinance,Charged Off,1185.23,135.95,0
LN-24598,BW-11000,2024-07-17,21100,15.2,C,3.4,OWN,99194,25.44,631,Home Improvement,Late 31-120 Days,1938.15,147.3,0
LN-24599,BW-18991,2026-01-19,28200,26.03,E,4.4,MORTGAGE,34529,9.81,563,Credit Card Refinance,Charged Off,6001.84,781.14,0
LN-24600,BW-17930,2025-03-27,29400,11.26,B,1.9,MORTGAGE,115989,22.65,726,Credit Card Refinance,Fully Paid,29400.0,7282.97,0
LN-24601,BW-21848,2024-11-21,25200,21.97,D,8.8,RENT,58736,34.49,606,Major Purchase,Current,7427.94,1795.11,0
LN-24602,BW-29552,2024-12-11,20200,14.9,C,9.2,MORTGAGE,36948,23.27,655,Debt Consolidation,Fully Paid,20200.0,6621.56,0
LN-24603,BW-16912,2024-10-03,34100,12.06,B,3.6,RENT,178642,7.21,723,Debt Consolidation,Current,11166.23,1481.31,0
LN-24604,BW-20633,2026-04-05,13400,19.01,D,7.7,RENT,79555,16.73,602,Home Improvement,Fully Paid,13400.0,5604.15,0
LN-24605,BW-27718,2025-07-15,14000,19.3,D,6.5,MORTGAGE,41006,24.12,583,Major Purchase,Current,7235.98,1536.2,0
LN-24606,BW-28956,2025-08-16,4000,12.89,B,7.1,RENT,69958,31.02,705,Debt Consolidation,Current,883.87,125.32,0
LN-24607,BW-29533,2026-02-28,9500,20.12,D,4.0,RENT,41317,5.03,581,Credit Card Refinance,Fully Paid,9500.0,4205.08,0
LN-24608,BW-11673,2025-01-31,10800,13.68,C,6.6,MORTGAGE,46481,11.69,667,Debt Consolidation,Current,5172.78,778.4,1
LN-24609,BW-28492,2025-04-04,7900,9.99,B,6.2,MORTGAGE,34479,32.66,729,Credit Card Refinance,Current,2072.76,227.78,0
LN-24610,BW-22247,2025-10-22,21600,19.89,D,3.0,RENT,59169,13.58,615,Debt Consolidation,Current,13261.68,2901.52,0
LN-24611,BW-12587,2026-05-10,33500,5.89,A,5.4,RENT,96622,7.91,825,Major Purchase,Fully Paid,33500.0,4340.93,0
LN-24612,BW-19865,2024-03-15,13700,13.66,C,8.0,MORTGAGE,83704,18.45,673,Home Improvement,Late 31-120 Days,3526.13,240.83,0
LN-24613,BW-27499,2025-05-16,27900,9.06,A,1.6,MORTGAGE,30115,32.92,802,Home Improvement,Current,21322.11,2124.96,0
LN-24614,BW-20972,2024-09-06,8900,6.26,A,11.3,RENT,75806,15.15,803,Personal,Current,6803.73,468.5,0
LN-24615,BW-10296,2025-10-17,38300,19.56,D,3.8,RENT,30671,36.77,601,Debt Consolidation,Fully Paid,38300.0,16481.26,0
LN-24616,BW-20170,2024-09-01,8400,12.81,B,2.8,MORTGAGE,32272,5.52,685,Home Improvement,In Grace Period,821.85,52.64,0
LN-24617,BW-27568,2026-04-15,36100,15.1,C,10.5,RENT,79965,36.91,655,Debt Consolidation,Fully Paid,36100.0,11992.42,0
LN-24618,BW-22543,2024-07-14,17700,7.59,A,3.3,MORTGAGE,34938,32.69,752,Credit Card Refinance,In Grace Period,3977.2,150.93,0
LN-24619,BW-29546,2025-04-25,16800,9.86,B,0.5,MORTGAGE,80942,35.63,699,Debt Consolidation,Current,3932.99,426.57,0
LN-24620,BW-15360,2025-12-07,11200,11.4,B,6.0,MORTGAGE,58481,15.06,729,Small Business,Current,4122.86,517.01,0
LN-24621,BW-10944,2025-08-07,9900,16.62,C,6.3,RENT,61519,18.56,670,Credit Card Refinance,Fully Paid,9900.0,3619.84,0
LN-24622,BW-19999,2025-12-31,12100,14.57,C,11.7,OWN,82154,34.16,640,Home Improvement,Current,6808.33,1091.17,0
LN-24623,BW-18092,2024-01-21,25500,11.62,B,3.2,OWN,110784,14.52,723,Small Business,Current,14103.89,1802.76,0
LN-24624,BW-24673,2026-05-26,22100,7.97,A,3.4,RENT,109013,17.62,825,Home Improvement,Fully Paid,22100.0,3875.01,0
LN-24625,BW-13105,2024-11-23,23500,14.21,C,2.8,RENT,37289,6.55,651,Debt Consolidation,Current,7086.09,1107.63,0
LN-24626,BW-18852,2025-12-10,12500,9.83,B,6.0,RENT,31557,14.52,689,Debt Consolidation,Current,4863.26,525.86,0
LN-24627,BW-22947,2025-02-06,19000,21.47,D,1.1,MORTGAGE,101140,15.08,581,Personal,Fully Paid,19000.0,8974.46,0
LN-24628,BW-10334,2024-10-17,30900,20.31,D,11.6,MORTGAGE,64281,11.92,610,Home Improvement,Fully Paid,30900.0,13806.74,0
LN-24629,BW-29767,2024-09-20,13900,17.15,C,9.5,RENT,80960,29.6,641,Debt Consolidation,Late 16-30 Days,2821.5,241.94,0
LN-24630,BW-12363,2024-05-28,7500,20.99,D,2.5,RENT,126972,29.29,586,Debt Consolidation,Current,1975.25,456.07,0
LN-24631,BW-29111,2024-11-15,34000,8.13,A,7.5,MORTGAGE,80250,7.42,846,Debt Consolidation,Fully Paid,34000.0,6081.24,4
LN-24632,BW-13990,2025-04-28,36700,12.42,B,2.5,RENT,72741,23.45,698,Credit Card Refinance,Fully Paid,36700.0,10027.91,2
LN-24633,BW-27078,2025-01-31,12800,17.73,D,11.3,RENT,119121,7.45,590,Major Purchase,In Grace Period,2143.88,190.05,4
LN-24634,BW-23741,2026-01-16,32200,6.55,A,10.8,MORTGAGE,61952,21.58,785,Home Improvement,Fully Paid,32200.0,4640.02,0
LN-24635,BW-19810,2026-06-25,40000,13.29,B,5.8,RENT,50509,35.34,704,Debt Consolidation,Current,23921.78,3497.13,1
LN-24636,BW-26108,2025-08-30,10300,16.23,C,11.9,MORTGAGE,135350,20.58,634,Debt Consolidation,Fully Paid,10300.0,3677.72,0
LN-24637,BW-14508,2024-11-14,8600,12.13,B,11.3,MORTGAGE,40740,37.4,684,Credit Card Refinance,Current,5846.86,780.15,0
LN-24638,BW-17178,2024-10-11,15200,8.77,A,8.6,MORTGAGE,73848,6.29,746,Debt Consolidation,Fully Paid,15200.0,2932.69,0
LN-24639,BW-10718,2025-10-18,24200,25.66,E,8.9,RENT,42492,23.77,522,Credit Card Refinance,Charged Off,5414.89,694.73,0
LN-24640,BW-26511,2024-04-23,33500,14.21,C,1.5,MORTGAGE,83514,6.85,653,Credit Card Refinance,Charged Off,7131.11,506.67,0
LN-24641,BW-11419,2026-06-28,25200,18.73,D,2.3,RENT,61924,35.09,612,Debt Consolidation,Current,14975.63,3085.43,0
LN-24642,BW-13096,2025-01-28,30600,17.47,C,10.0,RENT,135162,28.06,673,Debt Consolidation,Current,19713.27,3788.3,1
LN-24643,BW-28275,2024-08-22,13100,18.85,D,3.0,MORTGAGE,42381,28.13,592,Major Purchase,Late 31-120 Days,1812.19,170.8,3
LN-24644,BW-27932,2024-12-24,4900,11.29,B,9.1,MORTGAGE,137515,30.33,735,Debt Consolidation,Fully Paid,4900.0,1217.06,0
LN-24645,BW-23404,2024-01-29,21000,15.04,C,11.1,MORTGAGE,75094,19.12,662,Debt Consolidation,Fully Paid,21000.0,6948.48,0
LN-24646,BW-12494,2024-01-18,30600,21.35,D,5.9,RENT,47854,20.55,598,Small Business,Current,23028.6,5408.27,0
LN-24647,BW-14896,2025-10-01,24500,5.55,A,5.7,RENT,58772,25.27,845,Debt Consolidation,Fully Paid,24500.0,2991.45,0
LN-24648,BW-22952,2025-12-10,17200,13.01,B,10.2,MORTGAGE,216587,23.34,721,Major Purchase,Current,6189.29,885.75,0
LN-24649,BW-23884,2024-11-06,22100,12.2,B,7.0,RENT,39939,8.51,736,Debt Consolidation,Fully Paid,22100.0,5931.64,0
LN-24650,BW-21589,2025-09-01,29400,14.94,C,12.0,MORTGAGE,62911,24.08,657,Debt Consolidation,Current,17225.71,2830.87,0
LN-24651,BW-21264,2026-03-12,26000,6.0,A,11.2,MORTGAGE,62328,33.27,841,Debt Consolidation,Current,20238.72,1335.76,0
LN-24652,BW-12958,2025-08-20,28000,15.13,C,5.0,MORTGAGE,39308,17.65,659,Credit Card Refinance,Fully Paid,28000.0,9320.08,0
LN-24653,BW-26368,2025-08-11,18700,10.64,B,1.8,MORTGAGE,32627,37.52,717,Debt Consolidation,Current,10669.85,1248.8,0
LN-24654,BW-21279,2024-02-21,33300,16.8,C,1.8,MORTGAGE,112471,6.93,648,Credit Card Refinance,In Grace Period,2013.04,169.1,3
LN-24655,BW-15983,2026-05-04,32100,27.04,E,5.5,RENT,116485,21.64,549,Debt Consolidation,Current,11021.21,3278.15,1
LN-24656,BW-22428,2025-05-27,13900,12.71,B,11.1,RENT,63072,18.87,691,Credit Card Refinance,Current,9071.48,1268.28,0
LN-24657,BW-11464,2025-10-15,38700,15.39,C,5.5,RENT,79409,24.3,653,Debt Consolidation,Fully Paid,38700.0,13103.05,0
LN-24658,BW-10487,2024-10-09,5400,12.27,B,1.3,RENT,47793,30.83,698,Major Purchase,Fully Paid,5400.0,1457.68,0
LN-24659,BW-13522,2024-02-21,23100,10.95,B,4.5,MORTGAGE,78281,34.85,690,Credit Card Refinance,Charged Off,3426.54,187.6,0
LN-24660,BW-26685,2024-02-23,7200,6.1,A,10.7,MORTGAGE,125538,29.39,850,Credit Card Refinance,Charged Off,1191.31,36.33,0
LN-24661,BW-25673,2024-01-03,5600,14.13,C,7.9,MORTGAGE,104458,26.72,633,Debt Consolidation,Current,2078.37,323.04,3
LN-24662,BW-28004,2025-04-28,18600,14.69,C,5.9,RENT,117741,22.32,676,Credit Card Refinance,Current,4027.18,650.75,0
LN-24663,BW-28285,2024-02-11,20600,13.91,C,1.9,OWN,75415,9.85,657,Home Improvement,Current,12728.35,1947.56,0
LN-24664,BW-23016,2024-04-14,15900,7.13,A,9.8,MORTGAGE,134005,31.94,793,Debt Consolidation,Current,7205.14,565.1,0
LN-24665,BW-15363,2026-05-28,3500,16.97,C,2.4,MORTGAGE,120598,8.32,673,Debt Consolidation,Charged Off,908.06,77.05,4
LN-24666,BW-22483,2025-02-10,23000,9.07,A,10.0,RENT,67055,27.94,807,Debt Consolidation,Charged Off,5787.81,262.48,0
LN-24667,BW-14766,2024-10-18,37200,15.81,C,3.5,RENT,44546,15.25,649,Debt Consolidation,Fully Paid,37200.0,12938.9,0
LN-24668,BW-25305,2024-06-23,17400,16.84,C,10.0,RENT,78131,7.89,668,Small Business,Fully Paid,17400.0,6446.35,0
LN-24669,BW-15917,2026-04-02,4000,8.74,A,7.6,RENT,129283,11.41,750,Debt Consolidation,Current,1615.22,155.29,0
LN-24670,BW-10150,2024-04-27,14900,8.21,A,11.7,RENT,59833,7.5,828,Credit Card Refinance,Current,10534.34,951.36,0
LN-24671,BW-12025,2025-09-07,36000,13.94,C,7.4,MORTGAGE,38866,32.64,672,Debt Consolidation,Fully Paid,36000.0,11040.48,0
LN-24672,BW-17965,2024-04-23,15600,11.88,B,0.6,MORTGAGE,52170,20.78,729,Debt Consolidation,Late 16-30 Days,3353.35,199.19,0
LN-24673,BW-21504,2024-01-25,17100,18.07,D,10.5,MORTGAGE,46098,16.07,612,Debt Consolidation,Current,13276.71,2639.01,0
LN-24674,BW-14091,2024-10-04,24400,10.22,B,1.1,RENT,73196,27.79,696,Debt Consolidation,Current,17425.89,1959.02,3
LN-24675,BW-24159,2026-04-26,4500,12.3,B,11.2,RENT,122595,24.5,688,Debt Consolidation,Current,2723.21,368.45,0
LN-24676,BW-22669,2024-03-17,13500,12.29,B,1.3,MORTGAGE,228463,10.83,687,Debt Consolidation,Current,8437.65,1140.69,2
LN-24677,BW-22368,2026-04-07,3900,13.82,C,9.0,RENT,55051,18.66,670,Debt Consolidation,Current,2979.03,452.87,3
LN-24678,BW-13636,2024-03-01,8100,19.55,D,2.8,RENT,83966,13.75,592,Credit Card Refinance,Fully Paid,8100.0,3483.81,0
LN-24679,BW-21730,2024-07-10,20400,20.15,D,5.8,RENT,78234,21.25,600,Debt Consolidation,Current,9948.81,2205.15,0
LN-24680,BW-28850,2026-04-08,25600,20.88,D,2.3,OWN,30060,29.96,627,Credit Card Refinance,Current,18893.46,4339.45,0
LN-24681,BW-12277,2025-01-27,28800,15.47,C,8.9,RENT,127561,28.89,641,Debt Consolidation,Current,12434.16,2115.92,0
LN-24682,BW-15927,2024-01-17,8700,9.91,B,9.9,MORTGAGE,59901,10.35,730,Credit Card Refinance,Current,1809.23,197.22,0
LN-24683,BW-16115,2026-05-01,24100,12.09,B,0.7,MORTGAGE,48962,22.69,733,Debt Consolidation,Fully Paid,24100.0,6410.12,0
LN-24684,BW-20797,2025-05-08,24800,16.36,C,9.7,MORTGAGE,38123,12.58,663,Small Business,Current,6145.54,1105.95,0
LN-24685,BW-14674,2026-02-05,5200,15.66,C,7.0,MORTGAGE,47022,35.18,659,Debt Consolidation,Charged Off,479.5,37.54,0
LN-24686,BW-25369,2025-09-23,33000,5.56,A,8.2,RENT,51475,29.37,801,Debt Consolidation,Fully Paid,33000.0,4036.56,3
LN-24687,BW-24966,2025-09-24,34100,14.18,C,9.0,OWN,49867,30.36,645,Credit Card Refinance,Current,10671.09,1664.48,0
LN-24688,BW-20104,2024-12-09,11900,16.05,C,11.4,OWN,58031,27.2,646,Debt Consolidation,Current,3247.13,573.28,0
LN-24689,BW-18282,2025-06-02,16500,6.52,A,3.7,RENT,64610,23.36,762,Debt Consolidation,Current,11149.35,799.63,0
LN-24690,BW-10304,2024-10-07,36000,11.33,B,6.5,RENT,49867,26.93,680,Credit Card Refinance,Current,12457.28,1552.55,0
LN-24691,BW-29509,2026-06-03,33200,12.25,B,5.5,MORTGAGE,43005,13.28,732,Debt Consolidation,Fully Paid,33200.0,8947.4,0
LN-24692,BW-17739,2024-10-08,10900,21.09,D,11.4,MORTGAGE,47924,11.27,614,Debt Consolidation,Fully Paid,10900.0,5057.38,0
LN-24693,BW-10378,2024-09-18,23800,13.4,B,10.2,RENT,77992,31.06,713,Debt Consolidation,Current,8829.24,1301.43,0
LN-24694,BW-16603,2025-12-31,17100,12.24,B,1.5,RENT,55824,25.32,684,Credit Card Refinance,Current,8483.27,1142.19,0
LN-24695,BW-19114,2024-03-07,16800,14.53,C,4.4,RENT,187398,36.52,631,Debt Consolidation,Current,12881.62,2058.87,3
LN-24696,BW-18902,2024-05-02,34100,18.78,D,9.5,RENT,105978,35.44,606,Debt Consolidation,Fully Paid,34100.0,14088.76,2
LN-24697,BW-25977,2025-07-27,15300,25.17,E,11.0,OWN,51604,26.58,532,Debt Consolidation,Charged Off,4096.77,515.58,0
LN-24698,BW-20794,2025-01-16,37500,18.6,D,8.2,MORTGAGE,41839,29.51,625,Debt Consolidation,Current,11918.41,2438.51,0
LN-24699,BW-19039,2025-11-03,23200,24.78,E,5.3,MORTGAGE,37188,31.14,551,Debt Consolidation,Current,15947.47,4346.96,0
LN-24700,BW-15173,2024-05-25,21700,8.92,A,9.2,MORTGAGE,65073,27.41,804,Debt Consolidation,Current,5787.08,567.83,0
LN-24701,BW-23941,2024-01-19,39800,12.68,B,4.1,RENT,108553,22.19,734,Debt Consolidation,Fully Paid,39800.0,11102.61,0
LN-24702,BW-25956,2025-06-14,14000,8.27,A,5.5,RENT,76309,18.79,847,Debt Consolidation,Current,7769.49,706.79,0
LN-24703,BW-21143,2024-04-10,38100,5.52,A,3.0,OWN,46882,5.99,820,Debt Consolidation,Current,26724.65,1622.72,0
LN-24704,BW-13715,2025-03-14,28600,13.19,B,8.0,MORTGAGE,144479,31.74,682,Debt Consolidation,Fully Paid,28600.0,8299.15,0
LN-24705,BW-15386,2024-03-12,5400,19.4,D,8.2,RENT,128715,32.11,583,Debt Consolidation,Current,3945.0,841.86,0
LN-24706,BW-24129,2024-03-18,31800,13.29,B,8.3,MORTGAGE,31940,16.92,682,Credit Card Refinance,Fully Paid,31800.0,9297.68,0
LN-24707,BW-19709,2025-08-24,21700,6.44,A,7.9,MORTGAGE,149390,22.45,755,Debt Consolidation,Current,8158.48,577.95,0
LN-24708,BW-15981,2025-03-08,10900,12.94,B,2.4,MORTGAGE,70497,36.56,738,Personal,Current,7728.36,1100.05,0
LN-24709,BW-16021,2025-07-01,6900,9.5,A,3.1,MORTGAGE,34810,23.42,753,Home Improvement,Fully Paid,6900.0,1442.1,0
LN-24710,BW-20568,2026-06-07,22000,19.15,D,1.4,RENT,79713,13.75,621,Credit Card Refinance,Fully Paid,22000.0,9268.6,0
LN-24711,BW-11680,2025-12-25,19700,13.74,C,8.6,MORTGAGE,59214,29.45,646,Debt Consolidation,Fully Paid,19700.0,5954.92,0
LN-24712,BW-26883,2025-09-17,12800,8.69,A,6.6,RENT,62942,21.7,846,Home Improvement,Fully Paid,12800.0,2447.1,0
LN-24713,BW-16743,2025-04-12,10900,13.25,B,11.6,RENT,63616,5.23,682,Credit Card Refinance,In Grace Period,2728.1,180.74,0
LN-24714,BW-14966,2025-10-06,7200,28.38,E,3.2,MORTGAGE,101217,22.37,578,Major Purchase,Current,4001.65,1249.24,0
LN-24715,BW-13558,2026-01-21,21400,11.5,B,1.5,RENT,93796,22.67,726,Debt Consolidation,Current,5534.73,700.14,0
LN-24716,BW-23634,2025-11-06,31300,13.75,C,10.0,MORTGAGE,37746,12.78,646,Debt Consolidation,Fully Paid,31300.0,9468.25,0
LN-24717,BW-24940,2025-03-14,14500,13.35,B,8.6,RENT,66727,29.49,735,Debt Consolidation,Fully Paid,14500.0,4258.65,4
LN-24718,BW-19847,2025-08-14,31800,7.95,A,5.8,MORTGAGE,43256,34.77,779,Small Business,Late 31-120 Days,10650.87,423.37,0
LN-24719,BW-15050,2025-01-14,6100,24.46,E,4.9,MORTGAGE,49873,30.95,539,Home Improvement,Current,4581.89,1232.8,2
LN-24720,BW-26698,2024-10-05,23600,15.75,C,12.0,MORTGAGE,43160,13.94,654,Credit Card Refinance,Fully Paid,23600.0,8177.4,0
LN-24721,BW-22380,2024-01-18,5000,15.04,C,9.1,OWN,48548,13.12,678,Debt Consolidation,Late 31-120 Days,372.85,28.04,0
LN-24722,BW-14374,2026-04-09,18600,6.93,A,2.6,MORTGAGE,86662,24.59,801,Credit Card Refinance,Current,3979.42,303.35,0
LN-24723,BW-25040,2024-05-20,9500,6.39,A,2.1,RENT,123804,22.09,762,Small Business,Current,6829.44,480.04,4
LN-24724,BW-27942,2025-04-01,6600,19.69,D,8.0,MORTGAGE,274237,28.6,598,Debt Consolidation,Charged Off,408.16,40.18,0
LN-24725,BW-17402,2026-05-16,12000,7.5,A,4.1,MORTGAGE,63890,21.41,799,Home Improvement,Current,3903.82,322.07,0
LN-24726,BW-21911,2025-08-07,14600,16.99,C,10.9,MORTGAGE,71033,29.32,650,Debt Consolidation,Current,5678.73,1061.3,2
LN-24727,BW-18131,2025-06-08,11300,6.01,A,5.3,RENT,68936,37.5,776,Credit Card Refinance,Current,7391.01,488.62,0
LN-24728,BW-23965,2026-06-06,35700,11.01,B,10.3,RENT,104678,6.64,731,Debt Consolidation,Fully Paid,35700.0,8647.25,0
LN-24729,BW-18133,2024-01-02,38400,13.99,C,9.5,MORTGAGE,122616,22.46,652,Debt Consolidation,Current,12335.9,1898.37,0
LN-24730,BW-19446,2025-09-09,26700,13.1,B,4.3,RENT,224050,36.98,722,Home Improvement,Current,9167.7,1321.07,2
LN-24731,BW-25535,2024-02-25,23100,13.29,B,5.2,MORTGAGE,54033,35.02,705,Debt Consolidation,Current,16042.18,2345.21,0
LN-24732,BW-20091,2024-10-09,27900,14.62,C,12.0,MORTGAGE,80002,9.11,661,Small Business,In Grace Period,9085.58,664.16,0
LN-24733,BW-17873,2024-10-02,35400,6.7,A,7.7,OWN,66033,9.07,759,Debt Consolidation,Current,23059.85,1699.51,0
LN-24734,BW-19427,2026-06-06,3300,8.04,A,5.0,RENT,42930,18.96,767,Debt Consolidation,Fully Paid,3300.0,583.7,0
LN-24735,BW-20154,2026-01-08,19400,8.47,A,7.4,OWN,88530,11.28,803,Credit Card Refinance,Current,6917.41,644.5,0
LN-24736,BW-19691,2025-12-15,39600,20.24,D,2.7,RENT,64552,11.98,620,Small Business,Charged Off,2863.98,289.83,0
LN-24737,BW-13851,2024-01-27,38800,15.44,C,8.3,MORTGAGE,268214,35.21,676,Debt Consolidation,Fully Paid,38800.0,13179.58,0
LN-24738,BW-26366,2025-03-02,19500,25.63,E,9.5,MORTGAGE,83851,5.36,579,Home Improvement,Current,14914.94,4204.97,0
LN-24739,BW-26615,2025-06-29,22900,6.78,A,3.9,RENT,36551,12.43,816,Home Improvement,In Grace Period,2381.11,80.72,2
LN-24740,BW-29869,2025-09-28,11100,6.72,A,9.1,MORTGAGE,33541,17.43,816,Debt Consolidation,Current,5690.96,420.68,0
LN-24741,BW-18035,2026-01-08,20800,12.78,B,6.4,MORTGAGE,66263,37.33,734,Small Business,Current,5287.73,743.35,0
LN-24742,BW-17607,2024-08-18,3800,18.27,D,8.2,MORTGAGE,103437,11.02,581,Credit Card Refinance,Charged Off,202.44,18.49,0
LN-24743,BW-29933,2025-01-07,15800,7.46,A,2.1,RENT,47561,27.76,804,Debt Consolidation,Current,6436.41,528.17,0
LN-24744,BW-13013,2024-08-20,18200,10.22,B,10.0,MORTGAGE,45285,14.76,730,Major Purchase,Fully Paid,18200.0,4092.09,0
LN-24745,BW-10101,2025-02-06,35800,9.76,B,10.0,RENT,86041,26.26,720,Home Improvement,Current,20432.99,2193.69,0
LN-24746,BW-20538,2024-12-12,7700,21.75,D,8.0,OWN,45616,9.95,597,Debt Consolidation,Current,1956.84,468.17,0
LN-24747,BW-29142,2024-08-01,17900,11.32,B,11.3,MORTGAGE,135862,17.7,702,Home Improvement,Current,13839.22,1723.26,2
LN-24748,BW-27913,2026-03-20,11900,17.2,C,6.9,MORTGAGE,32430,5.73,640,Home Improvement,Late 16-30 Days,1068.19,91.86,0
LN-24749,BW-10920,2024-04-23,22900,17.41,C,5.0,MORTGAGE,43037,14.76,660,Credit Card Refinance,Charged Off,6173.06,537.36,0
LN-24750,BW-19405,2025-12-27,39900,10.59,B,2.5,MORTGAGE,61497,9.9,737,Debt Consolidation,Current,9295.91,1082.88,0
LN-24751,BW-19412,2024-10-28,5100,7.42,A,11.8,OWN,55653,18.78,795,Credit Card Refinance,Current,3065.16,250.18,0
LN-24752,BW-28568,2025-08-31,32900,20.64,D,7.4,MORTGAGE,60011,19.9,624,Debt Consolidation,Current,12629.82,2867.47,0
LN-24753,BW-21277,2024-02-17,25100,10.36,B,0.5,RENT,45256,22.21,682,Debt Consolidation,Current,18891.64,2152.89,2
LN-24754,BW-15568,2024-08-24,25600,7.48,A,11.0,MORTGAGE,47912,25.69,777,Major Purchase,Fully Paid,25600.0,4212.74,0
LN-24755,BW-22775,2024-09-12,34400,23.75,E,10.6,RENT,102098,23.73,547,Debt Consolidation,Late 31-120 Days,1869.26,221.97,0
LN-24756,BW-22200,2025-07-07,30800,9.96,B,2.0,OWN,54851,16.73,736,Major Purchase,Current,9189.78,1006.83,0
LN-24757,BW-28379,2024-09-09,37700,23.59,E,6.6,MORTGAGE,118307,8.34,535,Personal,Fully Paid,37700.0,19565.55,0
LN-24758,BW-15408,2024-04-15,20100,9.68,B,2.5,MORTGAGE,68755,23.01,685,Debt Consolidation,Charged Off,6028.91,291.8,1
LN-24759,BW-15188,2024-08-16,5500,7.54,A,3.7,MORTGAGE,154851,10.96,777,Debt Consolidation,Current,2546.16,211.18,0
LN-24760,BW-21250,2025-12-15,2700,12.55,B,8.3,MORTGAGE,58026,18.41,692,Major Purchase,Current,1902.46,262.63,0
LN-24761,BW-22087,2024-12-27,39000,11.24,B,5.7,MORTGAGE,32961,34.46,739,Credit Card Refinance,Current,23544.09,2910.99,3
LN-24762,BW-14752,2026-06-08,4500,27.02,E,9.5,OWN,95104,8.75,547,Credit Card Refinance,Charged Off,1491.7,201.53,0
LN-24763,BW-15247,2024-11-20,23700,10.89,B,10.6,RENT,35686,28.3,686,Credit Card Refinance,Late 16-30 Days,3190.37,173.72,0
LN-24764,BW-13227,2026-04-07,29700,13.71,C,6.8,RENT,30511,22.09,650,Debt Consolidation,Current,17785.83,2682.28,0
LN-24765,BW-15226,2025-04-19,3900,20.66,D,0.7,MORTGAGE,76076,25.77,617,Small Business,Current,2637.01,599.29,0
LN-24766,BW-28879,2025-06-15,27400,9.69,B,8.5,RENT,56600,22.27,734,Debt Consolidation,Fully Paid,27400.0,5841.13,0
LN-24767,BW-18549,2025-08-12,18800,7.19,A,8.5,MORTGAGE,77674,6.62,781,Debt Consolidation,Fully Paid,18800.0,2973.78,0
LN-24768,BW-26130,2026-04-29,10000,11.75,B,9.8,MORTGAGE,71618,23.37,681,Small Business,Current,5928.47,766.25,0
LN-24769,BW-19794,2025-07-24,17500,16.2,C,9.8,MORTGAGE,32162,30.91,631,Home Improvement,Current,4609.7,821.45,0
LN-24770,BW-12986,2025-12-15,23500,15.59,C,1.4,MORTGAGE,98088,15.57,633,Debt Consolidation,Fully Paid,23500.0,8060.03,0
LN-24771,BW-23478,2026-03-11,3400,11.83,B,5.7,RENT,130602,11.34,698,Credit Card Refinance,Current,2231.95,290.44,0
LN-24772,BW-16040,2026-04-12,19800,11.89,B,8.4,MORTGAGE,62870,36.87,702,Debt Consolidation,Current,11494.94,1503.42,0
LN-24773,BW-25203,2026-06-24,8000,24.32,E,0.8,RENT,77685,29.17,560,Credit Card Refinance,Fully Paid,8000.0,4280.32,1
LN-24774,BW-27012,2026-04-24,13600,11.7,B,9.2,OWN,62393,20.36,737,Credit Card Refinance,Late 16-30 Days,690.67,40.4,0
LN-24775,BW-16028,2025-12-29,38100,10.19,B,9.0,MORTGAGE,43844,30.87,729,Debt Consolidation,Current,17728.32,1987.17,0
LN-24776,BW-28527,2025-03-18,7600,6.02,A,6.8,OWN,63061,37.05,842,Debt Consolidation,Current,3200.82,211.96,0
LN-24777,BW-29068,2024-09-18,27500,6.46,A,7.9,MORTGAGE,99018,20.6,781,Credit Card Refinance,Fully Paid,27500.0,3908.3,0
LN-24778,BW-11990,2026-05-25,23600,11.79,B,11.4,RENT,85262,22.04,688,Credit Card Refinance,Fully Paid,23600.0,6121.37,0
LN-24779,BW-19118,2025-08-21,25800,10.13,B,11.3,RENT,81990,7.78,726,Home Improvement,Fully Paid,25800.0,5749.79,0
LN-24780,BW-16954,2026-01-16,8000,16.55,C,5.7,RENT,87341,10.5,658,Personal,Current,4180.64,761.09,0
LN-24781,BW-16998,2026-02-01,5100,7.4,A,7.2,RENT,81996,27.03,850,Debt Consolidation,Current,1549.04,126.09,0
LN-24782,BW-18149,2026-05-23,39900,13.97,C,1.5,RENT,64230,20.57,643,Personal,Fully Paid,39900.0,12262.87,4
LN-24783,BW-16041,2026-06-02,21800,9.69,B,12.0,MORTGAGE,270263,8.56,717,Small Business,Current,5955.12,634.76,0
LN-24784,BW-17771,2026-06-21,31800,10.78,B,9.4,MORTGAGE,36162,26.19,714,Debt Consolidation,Charged Off,4743.25,255.66,0
LN-24785,BW-21313,2025-06-14,22900,12.27,B,0.8,RENT,58653,28.42,718,Debt Consolidation,Fully Paid,22900.0,6181.63,0
LN-24786,BW-29494,2024-06-23,12200,11.22,B,11.5,RENT,83179,34.04,708,Personal,Current,8229.38,1015.67,0
LN-24787,BW-18322,2026-05-13,6000,14.69,C,2.4,MORTGAGE,104843,27.99,659,Small Business,Fully Paid,6000.0,1939.08,0
LN-24788,BW-19591,2024-01-27,36700,24.89,E,2.1,OWN,246757,13.91,525,Debt Consolidation,Charged Off,6601.9,821.61,0
LN-24789,BW-15143,2026-01-27,4500,22.75,E,9.7,MORTGAGE,57517,18.11,546,Debt Consolidation,Late 16-30 Days,1014.04,115.35,0
LN-24790,BW-15340,2024-07-18,3200,11.43,B,5.2,RENT,211106,6.56,726,Credit Card Refinance,Late 31-120 Days,459.52,26.26,0
LN-24791,BW-29381,2025-03-22,2700,8.49,A,2.0,MORTGAGE,64049,16.35,778,Debt Consolidation,Fully Paid,2700.0,504.31,0
LN-24792,BW-19351,2026-02-16,9000,12.36,B,2.2,MORTGAGE,75810,14.14,711,Small Business,Fully Paid,9000.0,2447.28,0
LN-24793,BW-26124,2024-01-18,14100,5.65,A,8.3,MORTGAGE,121413,17.85,746,Debt Consolidation,Fully Paid,14100.0,1752.63,0
LN-24794,BW-19437,2024-05-31,20400,12.2,B,8.9,RENT,122799,14.29,723,Home Improvement,Current,4986.15,669.14,0
LN-24795,BW-13252,2024-01-11,24900,16.19,C,3.7,RENT,55087,32.25,649,Debt Consolidation,Fully Paid,24900.0,8868.88,1
LN-24796,BW-28471,2025-11-14,13700,12.44,B,3.9,MORTGAGE,45148,6.87,689,Debt Consolidation,Fully Paid,13700.0,3749.42,0
LN-24797,BW-28641,2024-10-24,6100,21.11,D,2.0,RENT,130563,28.9,628,Major Purchase,Charged Off,356.75,37.65,0
LN-24798,BW-28723,2026-01-01,32000,18.58,D,4.6,MORTGAGE,35342,34.58,597,Credit Card Refinance,Fully Paid,32000.0,13080.32,0
LN-24799,BW-23377,2025-01-29,7700,5.67,A,11.0,MORTGAGE,37150,35.37,751,Debt Consolidation,Fully Paid,7700.0,960.5,0
LN-24800,BW-26190,2025-03-04,36000,25.92,E,4.6,MORTGAGE,81277,20.2,540,Debt Consolidation,Late 16-30 Days,8927.14,1156.96,0
LN-24801,BW-23001,2026-03-14,17200,12.34,B,11.3,MORTGAGE,38374,24.28,686,Small Business,Fully Paid,17200.0,4669.46,0
LN-24802,BW-10396,2025-12-19,12100,15.25,C,2.9,RENT,39887,16.65,674,Debt Consolidation,Late 31-120 Days,3071.92,234.23,0
LN-24803,BW-19401,2024-11-18,13200,9.97,B,8.4,RENT,57864,21.95,681,Credit Card Refinance,Fully Paid,13200.0,2895.29,0
LN-24804,BW-20956,2025-09-01,17500,17.93,D,10.2,MORTGAGE,235873,6.89,598,Home Improvement,Current,9137.76,1802.24,0
LN-24805,BW-23524,2024-01-18,10600,11.39,B,4.6,RENT,44984,13.43,714,Debt Consolidation,Fully Paid,10600.0,2656.15,0
LN-24806,BW-11175,2024-08-02,36400,13.5,B,11.6,MORTGAGE,88862,17.29,697,Home Improvement,Fully Paid,36400.0,10810.8,0
LN-24807,BW-11224,2025-08-22,27400,12.28,B,1.9,RENT,69552,23.51,682,Home Improvement,Fully Paid,27400.0,7402.38,0
LN-24808,BW-13264,2026-03-04,36700,11.84,B,2.2,MORTGAGE,73585,17.16,734,Credit Card Refinance,Current,13241.15,1724.53,0
LN-24809,BW-24399,2025-10-23,6900,7.02,A,1.8,MORTGAGE,72156,7.85,745,Debt Consolidation,Current,1381.19,106.66,0
LN-24810,BW-18154,2025-12-13,13300,11.15,B,2.2,MORTGAGE,192369,37.19,736,Home Improvement,Fully Paid,13300.0,3262.49,4
LN-24811,BW-15113,2026-06-04,7000,12.85,B,10.0,RENT,72147,7.09,714,Credit Card Refinance,Current,2635.86,372.58,0
LN-24812,BW-28121,2024-08-01,3000,19.77,D,6.2,MORTGAGE,92570,9.03,610,Home Improvement,Current,1975.21,429.55,0
LN-24813,BW-11362,2024-06-04,5800,17.22,C,10.4,OWN,71350,26.92,644,Home Improvement,Charged Off,1687.77,145.32,0
LN-24814,BW-12441,2026-04-28,16700,12.36,B,11.7,MORTGAGE,70337,17.81,704,Debt Consolidation,Fully Paid,16700.0,4541.06,0
LN-24815,BW-22358,2024-03-19,3000,17.32,C,11.7,MORTGAGE,99877,17.67,646,Small Business,Fully Paid,3000.0,1143.12,0
LN-24816,BW-13697,2024-08-13,12200,20.22,D,8.5,MORTGAGE,30306,19.91,598,Small Business,Fully Paid,12200.0,5427.05,0
LN-24817,BW-12020,2025-12-11,16400,16.92,C,0.8,MORTGAGE,83799,11.97,642,Small Business,Fully Paid,16400.0,6104.74,0
LN-24818,BW-19021,2025-01-11,19300,9.71,B,1.2,MORTGAGE,271443,16.54,680,Personal,Current,7752.1,828.0,0
LN-24819,BW-26733,2026-02-24,35900,22.66,E,9.0,MORTGAGE,46589,27.43,532,Debt Consolidation,Current,20314.6,5063.62,0
LN-24820,BW-10148,2025-11-19,23700,15.48,C,6.0,RENT,36741,36.54,638,Debt Consolidation,Fully Paid,23700.0,8071.27,0
LN-24821,BW-18137,2026-02-05,30900,13.16,B,4.9,MORTGAGE,78966,29.43,693,Debt Consolidation,In Grace Period,6356.74,418.27,0
LN-24822,BW-27852,2026-05-18,9300,18.12,D,7.1,MORTGAGE,70169,14.48,585,Home Improvement,Current,5252.06,1046.84,0
LN-24823,BW-16252,2026-03-24,33500,13.44,B,10.8,RENT,67012,30.48,712,Home Improvement,Current,16975.71,2509.69,0
LN-24824,BW-23653,2025-04-20,19900,14.29,C,4.7,RENT,42515,15.07,672,Debt Consolidation,Current,8572.11,1347.45,0
LN-24825,BW-16738,2026-06-30,13100,10.65,B,3.3,RENT,84244,9.31,727,Debt Consolidation,Current,2969.09,347.83,0
LN-24826,BW-20232,2024-01-28,37600,12.2,B,3.0,MORTGAGE,49396,25.51,732,Credit Card Refinance,Fully Paid,37600.0,10091.84,3
LN-24827,BW-16433,2026-02-01,13600,15.94,C,6.7,RENT,168744,35.44,667,Credit Card Refinance,Current,8083.09,1417.29,0
LN-24828,BW-18402,2025-01-29,17900,20.46,D,9.8,MORTGAGE,50974,34.59,614,Debt Consolidation,Charged Off,1877.57,192.08,0
LN-24829,BW-29566,2024-10-18,13600,11.96,B,10.6,RENT,57469,37.04,706,Credit Card Refinance,Current,10783.14,1418.63,3
LN-24830,BW-14093,2024-08-20,12400,20.34,D,7.0,MORTGAGE,41390,32.34,617,Debt Consolidation,In Grace Period,1774.0,180.42,0
LN-24831,BW-15268,2026-03-09,6900,5.67,A,7.2,RENT,33911,13.44,838,Credit Card Refinance,Current,3684.29,229.79,0
LN-24832,BW-12884,2024-09-21,7500,14.98,C,8.4,MORTGAGE,115919,26.87,664,Debt Consolidation,Current,5618.12,925.75,3
LN-24833,BW-13842,2025-07-09,5900,10.87,B,7.8,MORTGAGE,46614,10.8,739,Debt Consolidation,Current,3331.79,398.38,0
LN-24834,BW-15281,2026-01-31,38400,8.74,A,1.8,MORTGAGE,134269,29.77,787,Debt Consolidation,Fully Paid,38400.0,7383.55,0
LN-24835,BW-26505,2024-05-06,9700,9.76,B,3.0,MORTGAGE,45377,19.95,690,Credit Card Refinance,Fully Paid,9700.0,2082.78,0
LN-24836,BW-22346,2025-06-10,39200,13.63,C,9.5,MORTGAGE,36068,37.47,644,Personal,Charged Off,4785.21,326.11,0
LN-24837,BW-24566,2024-02-02,12400,16.07,C,11.8,RENT,55438,9.94,674,Credit Card Refinance,Current,6247.8,1104.42,0
LN-24838,BW-17633,2026-05-19,31600,21.13,D,9.9,MORTGAGE,54155,16.82,600,Home Improvement,Charged Off,3057.55,323.03,0
LN-24839,BW-11090,2024-02-08,13200,13.16,B,2.6,MORTGAGE,68578,10.21,733,Credit Card Refinance,Current,8411.32,1217.62,0
LN-24840,BW-24816,2024-09-11,23600,16.16,C,11.2,MORTGAGE,48934,19.78,673,Debt Consolidation,Current,14294.4,2540.97,0
LN-24841,BW-24940,2026-05-30,5300,9.8,B,0.8,MORTGAGE,64124,7.82,720,Debt Consolidation,Fully Paid,5300.0,1142.68,0
LN-24842,BW-21667,2026-05-24,26800,25.91,E,10.6,MORTGAGE,78192,8.94,543,Credit Card Refinance,Charged Off,1907.36,247.1,0
LN-24843,BW-23865,2025-10-20,33100,18.5,D,7.8,OWN,67692,6.68,598,Debt Consolidation,Late 31-120 Days,5764.22,533.19,0
LN-24844,BW-26925,2025-05-29,28000,7.32,A,5.4,RENT,58355,16.01,754,Debt Consolidation,Fully Paid,28000.0,4509.12,0
LN-24845,BW-20933,2025-10-16,9300,10.89,B,3.1,RENT,84828,21.73,700,Debt Consolidation,Fully Paid,9300.0,2228.09,0
LN-24846,BW-24618,2026-06-05,5900,6.48,A,2.3,MORTGAGE,142739,30.16,777,Debt Consolidation,Fully Paid,5900.0,841.1,0
LN-24847,BW-15655,2026-02-06,24600,17.99,D,9.7,MORTGAGE,44777,13.88,585,Debt Consolidation,Current,11486.73,2273.11,0
LN-24848,BW-10665,2025-10-17,20200,13.8,C,7.4,MORTGAGE,102522,37.82,674,Credit Card Refinance,Late 16-30 Days,2951.33,203.64,0
LN-24849,BW-23697,2024-05-20,12300,10.31,B,1.7,MORTGAGE,71536,5.99,736,Credit Card Refinance,Fully Paid,12300.0,2789.89,0
LN-24850,BW-16045,2024-08-21,21800,13.21,B,1.1,MORTGAGE,54184,26.52,737,Home Improvement,Current,6852.67,995.76,3
LN-24851,BW-20593,2024-12-01,39200,6.09,A,7.8,RENT,34043,11.77,836,Debt Consolidation,Fully Paid,39200.0,5252.02,4
LN-24852,BW-28505,2024-01-13,16900,11.5,B,5.4,RENT,54913,31.66,729,Debt Consolidation,Fully Paid,16900.0,4275.7,0
LN-24853,BW-12016,2024-12-29,29200,12.4,B,4.9,MORTGAGE,30326,14.56,683,Major Purchase,In Grace Period,6193.85,384.02,2
LN-24854,BW-10720,2025-06-12,3300,22.36,E,10.0,MORTGAGE,33186,11.67,559,Major Purchase,Fully Paid,3300.0,1623.34,0
LN-24855,BW-16286,2025-01-01,6600,8.96,A,4.2,MORTGAGE,33317,34.77,795,Credit Card Refinance,Current,2469.61,243.4,0
LN-24856,BW-12186,2026-04-21,23100,22.99,E,3.4,MORTGAGE,167259,9.4,566,Debt Consolidation,Charged Off,4893.93,562.56,0
LN-24857,BW-15717,2025-02-23,14600,12.67,B,5.9,MORTGAGE,63413,5.89,714,Debt Consolidation,Fully Paid,14600.0,4069.6,0
LN-24858,BW-18794,2025-09-26,34500,11.31,B,4.2,MORTGAGE,83472,33.98,718,Debt Consolidation,Fully Paid,34500.0,8584.29,0
LN-24859,BW-29324,2025-10-25,35100,7.88,A,5.4,RENT,48520,32.02,772,Major Purchase,Current,19821.89,1718.16,0
LN-24860,BW-10162,2026-01-06,12300,8.93,A,5.8,RENT,70247,24.67,804,Home Improvement,In Grace Period,3587.86,160.2,0
LN-24861,BW-17663,2025-11-22,37000,16.16,C,1.2,RENT,45541,6.04,651,Debt Consolidation,Fully Paid,37000.0,13154.24,0
LN-24862,BW-10429,2024-03-15,40000,24.71,E,10.2,OWN,32498,6.04,559,Credit Card Refinance,Current,29484.56,8014.2,0
LN-24863,BW-27684,2025-11-01,13200,5.95,A,1.6,MORTGAGE,37177,5.11,745,Credit Card Refinance,Fully Paid,13200.0,1727.88,0
LN-24864,BW-18290,2024-03-06,39000,15.43,C,3.4,RENT,37546,35.04,635,Debt Consolidation,Fully Paid,39000.0,13238.94,0
LN-24865,BW-12485,2024-12-28,28000,11.01,B,11.5,MORTGAGE,32834,9.35,723,Personal,Current,14425.68,1747.09,0
LN-24866,BW-12321,2024-01-08,35000,10.27,B,5.2,MORTGAGE,55801,33.05,736,Home Improvement,Fully Paid,35000.0,7907.9,0
LN-24867,BW-27074,2024-07-02,36100,10.8,B,8.0,RENT,77614,10.46,709,Home Improvement,Current,14279.71,1696.43,0
LN-24868,BW-28987,2026-01-09,13300,11.8,B,11.6,RENT,55124,23.43,702,Debt Consolidation,Charged Off,4380.99,258.48,0
LN-24869,BW-25185,2026-03-23,11800,17.33,C,5.3,RENT,100522,8.21,658,Debt Consolidation,In Grace Period,3540.11,306.75,0
LN-24870,BW-16330,2025-11-14,6800,13.26,B,9.5,RENT,64372,37.76,700,Debt Consolidation,Charged Off,943.12,62.53,0
LN-24871,BW-10655,2025-06-18,25900,11.89,B,6.2,MORTGAGE,44142,32.49,729,Personal,Fully Paid,25900.0,6774.92,4
LN-24872,BW-26543,2024-11-21,24200,10.86,B,2.2,RENT,78786,16.99,729,Major Purchase,Current,14039.37,1677.14,0
LN-24873,BW-11477,2025-05-04,24700,17.14,C,3.4,MORTGAGE,64635,37.93,656,Credit Card Refinance,Fully Paid,24700.0,9313.88,2
LN-24874,BW-18887,2026-02-09,23000,8.64,A,7.3,OWN,51973,20.5,762,Credit Card Refinance,Current,16180.15,1537.76,0
LN-24875,BW-10932,2025-03-22,38900,8.91,A,4.6,MORTGAGE,33826,34.7,834,Home Improvement,Current,16752.85,1641.95,0
LN-24876,BW-27119,2024-09-28,35100,10.26,B,7.8,RENT,81299,26.57,716,Home Improvement,Current,18438.04,2080.92,0
LN-24877,BW-19543,2026-03-13,21500,11.84,B,3.8,MORTGAGE,76426,24.98,739,Debt Consolidation,Current,16993.73,2213.26,0
LN-24878,BW-17518,2025-12-08,14700,5.88,A,2.7,MORTGAGE,68214,11.94,817,Debt Consolidation,Fully Paid,14700.0,1901.59,0
LN-24879,BW-18249,2026-02-23,34600,6.17,A,10.5,RENT,68561,15.2,743,Credit Card Refinance,Current,20393.06,1384.08,0
LN-24880,BW-13163,2024-02-24,34100,8.57,A,5.2,MORTGAGE,241342,21.07,776,Major Purchase,In Grace Period,3944.77,169.03,0
LN-24881,BW-18429,2026-06-13,36600,22.85,E,11.7,MORTGAGE,67417,19.05,567,Home Improvement,Fully Paid,36600.0,18398.82,4
LN-24882,BW-10856,2025-10-04,23500,20.91,D,8.5,OWN,71363,24.19,626,Home Improvement,Current,11761.3,2705.22,0
LN-24883,BW-10382,2025-12-10,3200,11.46,B,5.5,MORTGAGE,68056,29.92,695,Debt Consolidation,Current,1526.91,192.48,4
LN-24884,BW-23883,2026-03-16,34800,12.02,B,9.4,RENT,79164,27.98,736,Small Business,Fully Paid,34800.0,9202.51,2
LN-24885,BW-11173,2024-03-10,13400,15.84,C,1.0,MORTGAGE,71143,17.83,675,Debt Consolidation,Current,6670.59,1162.28,0
LN-24886,BW-15522,2025-04-26,20600,6.07,A,11.5,RENT,78911,21.94,751,Credit Card Refinance,In Grace Period,4645.53,140.99,0
LN-24887,BW-25550,2025-04-18,35400,10.6,B,2.1,MORTGAGE,30887,36.05,721,Home Improvement,Late 16-30 Days,4093.29,216.94,0
LN-24888,BW-28151,2024-11-06,11100,11.76,B,1.6,RENT,49170,32.82,685,Credit Card Refinance,Current,8618.36,1114.87,0
LN-24889,BW-14705,2025-11-23,26600,14.56,C,11.8,OWN,57542,24.88,677,Debt Consolidation,Current,10803.84,1730.34,0
LN-24890,BW-12630,2024-03-06,16700,13.61,C,11.3,RENT,46372,5.91,657,Debt Consolidation,Charged Off,5689.09,387.14,0
LN-24891,BW-12132,2025-12-13,10100,9.96,B,7.1,RENT,46625,9.9,719,Small Business,Current,3984.83,436.58,0
LN-24892,BW-22612,2024-02-28,20500,11.76,B,9.4,MORTGAGE,86136,16.98,715,Credit Card Refinance,Current,14118.31,1826.34,0
LN-24893,BW-16645,2025-01-31,27300,14.71,C,4.9,MORTGAGE,107241,32.3,678,Major Purchase,Current,21252.68,3438.9,0
LN-24894,BW-29758,2025-10-30,5000,8.76,A,8.3,RENT,34274,7.66,760,Credit Card Refinance,Fully Paid,5000.0,963.6,0
LN-24895,BW-16957,2026-03-29,26900,5.66,A,6.8,MORTGAGE,36777,31.95,770,Debt Consolidation,Fully Paid,26900.0,3349.59,0
LN-24896,BW-21753,2024-10-30,30400,24.45,E,11.4,MORTGAGE,261012,35.76,567,Home Improvement,Current,6474.64,1741.35,0
LN-24897,BW-20093,2025-01-29,30400,11.98,B,4.8,MORTGAGE,31031,11.37,697,Credit Card Refinance,Fully Paid,30400.0,8012.22,0
LN-24898,BW-12608,2026-01-01,29900,12.97,B,2.7,RENT,51529,16.91,696,Credit Card Refinance,Current,20741.44,2959.18,0
LN-24899,BW-18376,2024-07-26,11300,10.61,B,9.8,MORTGAGE,107356,17.94,737,Personal,Current,8233.07,960.88,0
LN-24900,BW-24128,2026-04-06,2900,17.22,C,10.4,MORTGAGE,189749,19.11,643,Credit Card Refinance,Fully Paid,2900.0,1098.64,0
LN-24901,BW-13535,2025-12-05,33700,12.32,B,1.4,MORTGAGE,82287,20.49,735,Debt Consolidation,Current,17085.17,2315.38,0
LN-24902,BW-14086,2024-01-31,5400,9.9,B,11.4,RENT,42138,22.05,687,Personal,Fully Paid,5400.0,1176.12,0
LN-24903,BW-11600,2026-04-04,33400,13.78,C,6.3,RENT,49161,11.21,671,Debt Consolidation,Fully Paid,33400.0,10125.54,4
LN-24904,BW-28424,2025-11-03,8200,16.95,C,11.3,MORTGAGE,43853,23.61,662,Credit Card Refinance,Fully Paid,8200.0,3057.78,0
LN-24905,BW-13874,2025-03-07,32800,9.19,A,6.8,RENT,38715,34.92,822,Credit Card Refinance,Fully Paid,32800.0,6631.5,0
LN-24906,BW-22099,2025-08-30,20700,13.46,B,6.3,RENT,50549,36.39,708,Debt Consolidation,Fully Paid,20700.0,6129.68,3
LN-24907,BW-28234,2024-12-18,8400,15.23,C,6.2,RENT,61691,11.59,647,Debt Consolidation,Fully Paid,8400.0,2814.5,0
LN-24908,BW-22503,2024-02-11,3600,16.28,C,3.6,MORTGAGE,51852,9.79,660,Credit Card Refinance,Current,2679.61,479.86,0
LN-24909,BW-14748,2026-03-05,17000,22.68,E,9.7,RENT,35011,24.03,549,Credit Card Refinance,Current,5512.86,1375.35,0
LN-24910,BW-29883,2024-10-06,22200,7.0,A,9.2,RENT,75667,36.26,826,Debt Consolidation,Charged Off,2751.49,96.3,0
LN-24911,BW-18262,2025-03-02,26900,15.37,C,10.7,MORTGAGE,39083,10.69,642,Credit Card Refinance,In Grace Period,3447.86,264.97,0
LN-24912,BW-11907,2024-03-29,24700,13.42,B,6.3,RENT,32305,18.46,736,Debt Consolidation,Fully Paid,24700.0,7292.43,0
LN-24913,BW-23890,2025-04-26,32500,15.65,C,5.0,MORTGAGE,47020,28.5,668,Credit Card Refinance,Charged Off,6338.1,495.96,0
LN-24914,BW-13142,2025-03-03,36000,16.82,C,3.5,RENT,30464,35.2,651,Small Business,Late 31-120 Days,11754.24,988.53,0
LN-24915,BW-21531,2025-06-30,3200,6.65,A,2.5,MORTGAGE,86501,29.25,795,Debt Consolidation,Current,2529.7,185.05,0
LN-24916,BW-22940,2025-06-19,30500,14.71,C,8.8,MORTGAGE,84940,19.56,658,Credit Card Refinance,Current,14010.53,2267.04,0
LN-24917,BW-24209,2025-03-10,26800,17.28,C,7.4,MORTGAGE,118241,6.56,644,Home Improvement,Fully Paid,26800.0,10188.29,0
LN-24918,BW-11148,2025-11-29,37500,14.44,C,5.8,OWN,39010,23.7,649,Credit Card Refinance,Current,14710.63,2336.64,0
LN-24919,BW-10973,2025-04-26,30500,12.97,B,1.8,MORTGAGE,97760,37.4,694,Debt Consolidation,Fully Paid,30500.0,8702.87,0
LN-24920,BW-25952,2026-02-20,11300,9.42,A,8.5,RENT,43840,13.49,785,Personal,Current,8323.7,862.5,0
LN-24921,BW-11592,2025-03-31,10300,10.41,B,1.9,RENT,94973,7.76,690,Small Business,Fully Paid,10300.0,2358.91,0
LN-24922,BW-21024,2026-02-06,34000,17.37,C,5.9,MORTGAGE,68437,9.44,653,Debt Consolidation,Fully Paid,34000.0,12992.76,3
LN-24923,BW-22863,2025-07-12,4200,10.48,B,10.6,MORTGAGE,35668,30.76,699,Small Business,Late 31-120 Days,922.18,48.32,0
LN-24924,BW-24412,2026-03-21,19900,20.63,D,8.8,RENT,33541,26.34,588,Home Improvement,Fully Paid,19900.0,9031.81,1
LN-24925,BW-13604,2025-09-02,10700,15.42,C,7.3,RENT,61111,11.93,674,Debt Consolidation,Current,3635.96,616.73,0
LN-24926,BW-13421,2025-04-22,20200,14.84,C,6.6,RENT,191627,12.62,647,Home Improvement,Current,9625.52,1571.27,0
LN-24927,BW-24652,2024-01-27,26900,22.89,E,2.6,RENT,79840,24.8,564,Small Business,Charged Off,2378.35,272.2,3
LN-24928,BW-26802,2025-03-25,31100,10.65,B,1.7,MORTGAGE,57043,32.41,731,Debt Consolidation,Fully Paid,31100.0,7286.73,0
LN-24929,BW-24803,2025-06-30,15100,18.7,D,5.7,MORTGAGE,30663,36.71,624,Home Improvement,Current,3779.17,777.38,0
LN-24930,BW-16378,2024-12-13,19700,14.1,C,2.2,OWN,203522,15.58,662,Major Purchase,Fully Paid,19700.0,6110.94,0
LN-24931,BW-26416,2025-08-27,28200,12.74,B,3.8,MORTGAGE,94828,24.04,730,Home Improvement,Current,14405.61,2018.8,0
LN-24932,BW-10149,2026-04-22,28300,17.16,C,1.3,RENT,76607,23.89,654,Debt Consolidation,Current,18236.64,3442.35,0
LN-24933,BW-27612,2025-06-15,34400,12.99,B,8.2,RENT,75469,21.3,725,Major Purchase,Current,21628.87,3090.55,0
LN-24934,BW-27482,2024-01-14,11600,17.45,C,11.4,MORTGAGE,117760,7.32,674,Debt Consolidation,Late 31-120 Days,3214.85,280.5,0
LN-24935,BW-14269,2024-09-24,29300,8.66,A,3.7,MORTGAGE,46616,28.33,759,Credit Card Refinance,Current,14330.03,1365.08,0
LN-24936,BW-20532,2025-06-18,26800,9.69,B,5.2,MORTGAGE,61669,20.38,699,Debt Consolidation,Fully Paid,26800.0,5713.22,0
LN-24937,BW-19435,2024-01-30,20500,11.85,B,6.3,MORTGAGE,48211,10.97,696,Debt Consolidation,In Grace Period,7142.52,423.19,0
LN-24938,BW-17355,2025-05-30,29000,8.96,A,4.0,RENT,79673,11.35,848,Debt Consolidation,Fully Paid,29000.0,5716.48,0
LN-24939,BW-18058,2024-02-02,23200,7.93,A,11.0,RENT,61674,14.78,808,Debt Consolidation,Fully Paid,23200.0,4047.47,0
LN-24940,BW-23206,2024-11-18,15100,11.66,B,7.5,MORTGAGE,70744,25.7,736,Credit Card Refinance,Fully Paid,15100.0,3873.45,1
LN-24941,BW-10390,2024-10-02,9100,6.82,A,6.1,RENT,70819,11.07,740,Credit Card Refinance,Fully Paid,9100.0,1365.36,1
LN-24942,BW-12755,2025-02-22,14100,9.83,B,3.2,RENT,80406,25.33,714,Debt Consolidation,Fully Paid,14100.0,3049.27,0
LN-24943,BW-28754,2026-06-06,24500,13.75,C,9.9,MORTGAGE,106406,10.78,670,Credit Card Refinance,Current,5457.7,825.48,0
LN-24944,BW-27374,2025-06-08,16900,6.38,A,2.0,MORTGAGE,69648,8.33,820,Major Purchase,Current,10036.57,704.37,0
LN-24945,BW-19155,2025-01-18,16800,12.76,B,1.9,OWN,36173,37.24,736,Debt Consolidation,Fully Paid,16800.0,4716.1,0
LN-24946,BW-14059,2025-08-13,35100,10.47,B,6.4,OWN,35952,29.58,725,Small Business,Current,8660.84,997.47,1
LN-24947,BW-16379,2025-06-03,14300,13.21,B,10.6,RENT,35179,34.28,714,Personal,Fully Paid,14300.0,4155.87,0
LN-24948,BW-16115,2024-03-27,31800,5.9,A,6.2,RENT,40385,31.67,774,Debt Consolidation,Current,8136.31,528.05,0
LN-24949,BW-12765,2025-10-18,14800,17.36,C,7.4,MORTGAGE,99659,20.82,630,Credit Card Refinance,Current,8841.65,1688.4,4
LN-24950,BW-12909,2025-09-12,25900,20.63,D,9.7,MORTGAGE,38087,23.84,587,Major Purchase,Current,18681.56,4239.41,0
LN-24951,BW-17915,2025-12-08,29900,18.82,D,0.7,MORTGAGE,56721,31.86,593,Credit Card Refinance,Fully Paid,29900.0,12379.8,2
LN-24952,BW-13594,2025-01-24,17700,6.05,A,11.4,MORTGAGE,69769,26.93,743,Credit Card Refinance,Current,10418.05,693.32,0
LN-24953,BW-27926,2024-07-28,26800,20.97,D,2.7,RENT,82427,27.05,589,Major Purchase,Current,7463.47,1721.6,0
LN-24954,BW-14137,2026-02-19,25700,20.63,D,1.1,RENT,40335,8.12,609,Major Purchase,Fully Paid,25700.0,11664.2,0
LN-24955,BW-12350,2024-12-22,3200,8.72,A,10.8,MORTGAGE,138580,12.53,830,Personal,Current,1505.04,144.36,0
LN-24956,BW-16623,2025-07-23,27500,16.74,C,3.4,MORTGAGE,70284,5.54,659,Debt Consolidation,Current,14543.54,2678.05,0
LN-24957,BW-28058,2025-12-19,33200,8.35,A,10.2,MORTGAGE,139094,9.65,757,Home Improvement,Fully Paid,33200.0,6098.84,0
LN-24958,BW-14637,2026-03-26,28200,16.16,C,5.1,RENT,78087,8.31,650,Debt Consolidation,Current,16679.92,2965.02,4
LN-24959,BW-18581,2025-12-24,30600,19.06,D,6.5,MORTGAGE,85862,22.93,621,Debt Consolidation,Current,7313.07,1533.26,0
LN-24960,BW-11166,2024-06-23,20600,12.24,B,4.4,MORTGAGE,44238,24.19,733,Credit Card Refinance,Fully Paid,20600.0,5547.17,0
LN-24961,BW-20276,2025-10-14,33200,18.44,D,10.0,RENT,108550,5.69,599,Credit Card Refinance,Charged Off,7649.54,705.29,0
LN-24962,BW-16462,2025-02-13,8200,15.56,C,2.9,MORTGAGE,61555,26.21,674,Small Business,Current,4662.66,798.06,1
LN-24963,BW-18461,2025-04-27,16200,26.8,E,3.4,MORTGAGE,41163,24.27,572,Debt Consolidation,Fully Paid,16200.0,9551.52,0
LN-24964,BW-29847,2026-06-28,39300,12.98,B,9.4,OWN,66456,23.59,725,Credit Card Refinance,Current,25661.35,3663.93,2
LN-24965,BW-19175,2025-12-14,6200,6.34,A,4.2,RENT,38859,19.94,846,Debt Consolidation,Fully Paid,6200.0,864.78,0
LN-24966,BW-29125,2025-05-27,26300,18.64,D,3.9,RENT,58610,16.06,619,Debt Consolidation,Fully Paid,26300.0,10785.1,0
LN-24967,BW-19696,2025-10-24,25600,9.61,B,2.3,MORTGAGE,76892,15.59,697,Small Business,Current,13837.97,1462.81,0
LN-24968,BW-19967,2024-06-21,9900,13.86,C,11.7,RENT,74893,23.25,657,Debt Consolidation,Current,7433.63,1133.33,2
LN-24969,BW-28471,2024-10-16,21400,10.07,B,9.2,RENT,56704,29.02,738,Debt Consolidation,Current,7421.06,822.03,0
LN-24970,BW-24223,2024-02-19,18500,19.32,D,11.8,MORTGAGE,74196,12.35,620,Small Business,Current,6979.02,1483.18,0
LN-24971,BW-16335,2025-10-06,3000,11.15,B,2.8,RENT,49036,26.99,698,Major Purchase,Current,2370.18,290.7,0
LN-24972,BW-23216,2025-12-07,25700,17.49,C,7.0,RENT,33006,37.31,651,Credit Card Refinance,Fully Paid,25700.0,9888.85,0
LN-24973,BW-22553,2026-06-27,17200,12.33,B,9.8,MORTGAGE,114965,31.64,722,Debt Consolidation,Fully Paid,17200.0,4665.67,0
LN-24974,BW-23637,2025-06-04,11600,17.66,D,8.4,MORTGAGE,80346,16.8,593,Debt Consolidation,Fully Paid,11600.0,4506.83,0
LN-24975,BW-12760,2025-08-21,35700,20.24,D,1.1,MORTGAGE,115120,11.06,619,Debt Consolidation,Fully Paid,35700.0,15896.5,0
LN-24976,BW-17425,2025-12-31,5600,7.51,A,4.1,RENT,36581,18.71,780,Debt Consolidation,Current,4477.44,369.88,0
LN-24977,BW-19320,2024-04-28,18100,18.58,D,5.6,MORTGAGE,39492,36.04,595,Small Business,Charged Off,3455.89,321.05,0
LN-24978,BW-23926,2025-07-14,3900,12.51,B,6.0,RENT,74098,15.83,701,Debt Consolidation,Fully Paid,3900.0,1073.36,0
LN-24979,BW-13270,2025-01-26,6600,16.05,C,5.4,MORTGAGE,41879,32.92,655,Debt Consolidation,Fully Paid,6600.0,2330.46,0
LN-24980,BW-26187,2026-06-19,10100,14.79,C,4.8,MORTGAGE,242561,17.4,631,Credit Card Refinance,Fully Paid,10100.0,3286.34,2
LN-24981,BW-14268,2025-04-12,38800,7.5,A,6.7,RENT,177656,9.68,819,Debt Consolidation,Current,16775.91,1384.01,0
LN-24982,BW-24262,2026-02-14,8500,28.06,E,5.3,MORTGAGE,53662,27.46,577,Debt Consolidation,Late 31-120 Days,2433.38,341.4,2
LN-24983,BW-24623,2025-04-25,32600,11.2,B,5.2,MORTGAGE,80117,37.66,724,Small Business,Current,14670.15,1807.36,1
LN-24984,BW-15170,2025-12-06,29800,16.78,C,5.0,MORTGAGE,62831,10.75,651,Debt Consolidation,Current,23571.54,4350.83,0
LN-24985,BW-18876,2024-12-14,5200,16.72,C,6.7,MORTGAGE,218972,24.08,670,Home Improvement,Current,2532.36,465.75,0
LN-24986,BW-28413,2026-02-21,30600,10.46,B,3.3,MORTGAGE,51109,16.57,695,Debt Consolidation,Current,14993.42,1725.14,0
LN-24987,BW-18141,2024-02-28,10000,13.94,C,7.9,MORTGAGE,84918,27.34,664,Small Business,Fully Paid,10000.0,3066.8,0
LN-24988,BW-15988,2026-05-01,9800,5.75,A,4.0,MORTGAGE,73860,36.15,847,Credit Card Refinance,Current,4552.42,287.94,0
LN-24989,BW-22612,2025-02-19,37400,16.6,C,2.9,RENT,217738,7.45,636,Debt Consolidation,Current,29609.39,5406.67,0
LN-24990,BW-23021,2026-03-11,5800,15.84,C,2.8,MORTGAGE,84484,31.7,656,Credit Card Refinance,Current,1204.81,209.93,0
LN-24991,BW-10650,2025-05-11,24400,17.09,C,6.4,MORTGAGE,30199,28.4,673,Home Improvement,Current,15251.2,2867.07,0
LN-24992,BW-11752,2024-05-25,22700,9.86,B,2.4,MORTGAGE,65980,24.75,693,Debt Consolidation,Current,13916.67,1509.4,0
LN-24993,BW-19216,2025-10-29,18900,10.93,B,9.2,MORTGAGE,38622,31.81,727,Debt Consolidation,Charged Off,1652.71,90.32,0
LN-24994,BW-20563,2024-10-29,26500,12.69,B,2.0,MORTGAGE,68170,10.62,708,Major Purchase,Current,15477.87,2160.56,0
LN-24995,BW-24239,2025-08-22,9800,27.97,E,3.0,RENT,41754,19.45,546,Debt Consolidation,Charged Off,3074.6,429.98,0
LN-24996,BW-17941,2026-01-19,26300,7.08,A,2.8,MORTGAGE,73074,19.76,837,Small Business,Current,19458.4,1515.42,0
LN-24997,BW-20788,2026-01-14,8300,28.47,E,8.3,MORTGAGE,37943,10.85,547,Credit Card Refinance,Charged Off,873.63,124.36,0
LN-24998,BW-18581,2025-05-14,3100,16.62,C,9.9,RENT,37841,37.5,641,Credit Card Refinance,Current,859.52,157.14,4
LN-24999,BW-23920,2024-05-25,27400,16.59,C,0.5,RENT,62253,19.82,672,Personal,Fully Paid,27400.0,10000.45,0
LN-25000,BW-20146,2024-01-31,24400,7.38,A,9.7,RENT,40726,6.84,821,Home Improvement,Charged Off,8248.22,304.36,0
LN-25001,BW-11333,2024-08-19,39400,6.41,A,6.8,MORTGAGE,80466,24.34,781,Major Purchase,Fully Paid,39400.0,5556.19,0
LN-25002,BW-26148,2024-03-24,3200,10.41,B,11.1,RENT,43319,27.4,704,Home Improvement,Late 31-120 Days,828.5,43.12,1
LN-25003,BW-15361,2025-03-27,8500,13.07,B,3.0,MORTGAGE,35892,21.62,711,Personal,Current,6725.21,966.88,0
LN-25004,BW-23470,2025-02-13,12700,6.33,A,7.3,RENT,62959,9.22,835,Debt Consolidation,Current,8019.49,558.4,0
LN-25005,BW-27276,2025-06-22,26100,16.77,C,9.1,RENT,58955,26.75,636,Credit Card Refinance,Current,16724.16,3085.11,0
LN-25006,BW-12390,2026-04-01,22300,7.48,A,9.9,MORTGAGE,66147,12.71,784,Debt Consolidation,Current,17516.48,1441.26,0
LN-25007,BW-25809,2024-01-15,30200,9.81,B,5.4,MORTGAGE,43081,11.89,681,Debt Consolidation,Current,15191.84,1639.35,0
LN-25008,BW-26191,2025-01-15,22200,12.19,B,3.8,MORTGAGE,100218,33.13,681,Home Improvement,Current,4847.85,650.05,0
LN-25009,BW-21044,2024-09-17,22700,15.03,C,9.5,RENT,204418,20.82,662,Small Business,In Grace Period,1455.0,109.34,0
LN-25010,BW-27823,2024-05-02,21700,20.88,D,1.0,RENT,137502,5.22,617,Personal,Current,15146.22,3478.78,0
LN-25011,BW-27553,2025-07-19,27200,13.5,B,0.8,OWN,45359,28.98,694,Debt Consolidation,Current,17948.67,2665.38,0
LN-25012,BW-23883,2026-02-07,11500,9.76,B,9.5,OWN,96887,37.35,712,Debt Consolidation,Current,4312.63,463.0,0
LN-25013,BW-27221,2024-01-09,31800,12.26,B,10.6,MORTGAGE,69649,21.96,693,Credit Card Refinance,Fully Paid,31800.0,8577.1,0
LN-25014,BW-23467,2025-03-30,12200,11.53,B,3.2,RENT,55213,31.89,682,Debt Consolidation,Fully Paid,12200.0,3094.65,0
LN-25015,BW-28156,2025-08-17,21800,7.84,A,1.2,RENT,40159,36.16,787,Personal,In Grace Period,4663.3,182.8,0
LN-25016,BW-18483,2025-06-17,31600,11.84,B,4.3,RENT,56339,6.31,686,Small Business,Fully Paid,31600.0,8231.17,0
LN-25017,BW-27057,2026-01-20,34200,13.86,C,5.1,RENT,137617,17.68,647,Home Improvement,Fully Paid,34200.0,10428.26,0
LN-25018,BW-26350,2025-02-25,17900,5.62,A,10.9,RENT,44829,34.03,791,Small Business,Fully Paid,17900.0,2213.16,0
LN-25019,BW-23856,2025-07-09,28100,21.59,D,3.0,MORTGAGE,31044,36.07,627,Debt Consolidation,Current,11301.85,2684.08,0
LN-25020,BW-25746,2026-06-05,3600,19.48,D,6.8,RENT,75631,35.39,629,Credit Card Refinance,Charged Off,869.45,84.68,0
LN-25021,BW-19085,2024-11-01,38400,15.48,C,4.2,RENT,55377,33.3,666,Debt Consolidation,Fully Paid,38400.0,13077.5,0
LN-25022,BW-13319,2024-05-24,8500,11.6,B,6.8,RENT,41405,29.48,724,Credit Card Refinance,Fully Paid,8500.0,2169.2,0
LN-25023,BW-27470,2024-06-17,16500,11.49,B,7.3,MORTGAGE,197532,18.82,681,Personal,Current,10133.01,1280.71,0
LN-25024,BW-19058,2024-11-19,28700,18.17,D,5.6,MORTGAGE,38044,29.94,592,Debt Consolidation,Fully Paid,28700.0,11472.54,0
LN-25025,BW-13207,2025-04-01,34000,27.98,E,1.7,RENT,34390,32.93,559,Debt Consolidation,Current,17072.04,5254.43,2
LN-25026,BW-24475,2025-08-31,38900,8.25,A,5.6,MORTGAGE,98275,22.28,818,Debt Consolidation,Fully Paid,38900.0,7060.35,3
LN-25027,BW-26759,2026-03-02,11100,7.76,A,9.1,OWN,56123,28.59,811,Debt Consolidation,Current,6961.95,594.27,0
LN-25028,BW-14279,2024-10-15,22800,16.18,C,5.5,RENT,31489,23.7,676,Debt Consolidation,Fully Paid,22800.0,8115.89,0
LN-25029,BW-20006,2025-10-05,13700,10.22,B,1.2,MORTGAGE,46681,30.12,680,Credit Card Refinance,Current,7809.6,877.96,0
LN-25030,BW-22734,2024-03-19,17800,14.49,C,11.1,MORTGAGE,114573,23.5,663,Debt Consolidation,Current,7218.12,1150.5,0
LN-25031,BW-29388,2024-06-26,20800,26.85,E,10.0,RENT,40049,11.21,532,Debt Consolidation,Current,12381.61,3656.91,0
LN-25032,BW-27054,2026-03-26,3400,8.57,A,1.6,MORTGAGE,70326,14.79,758,Debt Consolidation,Current,1407.33,132.67,0
LN-25033,BW-28733,2026-04-26,28900,15.27,C,11.5,RENT,70688,28.48,646,Small Business,Current,15552.84,2612.41,0
LN-25034,BW-15496,2024-06-10,7000,11.34,B,0.6,OWN,40260,6.57,682,Debt Consolidation,Current,3192.13,398.19,0
LN-25035,BW-14986,2026-03-30,13400,11.18,B,10.9,RENT,32152,20.22,696,Credit Card Refinance,Current,7580.8,932.29,0
LN-25036,BW-23888,2024-07-13,18300,17.04,C,5.3,MORTGAGE,41479,21.35,670,Debt Consolidation,Current,4186.86,784.79,0
LN-25037,BW-28545,2024-05-12,35500,14.51,C,10.9,MORTGAGE,42278,36.42,662,Small Business,Fully Paid,35500.0,11332.31,0
LN-25038,BW-24847,2026-06-15,5200,7.4,A,6.9,OWN,80077,27.32,838,Credit Card Refinance,Current,2133.39,173.66,0
LN-25039,BW-23220,2025-06-01,32600,7.5,A,7.6,MORTGAGE,138776,35.23,802,Major Purchase,Fully Paid,32600.0,5379.0,0
LN-25040,BW-29319,2025-10-25,21900,25.95,E,9.6,MORTGAGE,78138,6.88,549,Debt Consolidation,In Grace Period,4873.2,632.3,0
LN-25041,BW-21294,2024-03-12,36400,12.83,B,10.4,OWN,56957,28.33,696,Credit Card Refinance,Current,23768.93,3354.51,2
LN-25042,BW-24198,2025-03-02,37100,6.27,A,6.4,MORTGAGE,138083,34.33,796,Credit Card Refinance,Fully Paid,37100.0,5117.57,0
LN-25043,BW-19915,2025-04-27,26300,16.68,C,5.4,MORTGAGE,55393,10.72,659,Debt Consolidation,Fully Paid,26300.0,9651.05,0
LN-25044,BW-24618,2024-04-05,12800,12.42,B,11.8,RENT,43878,5.14,737,Debt Consolidation,Current,5584.16,762.91,2
LN-25045,BW-23333,2024-04-06,17000,7.85,A,10.9,RENT,58442,6.72,769,Debt Consolidation,Current,5767.47,498.02,0
LN-25046,BW-18240,2025-05-29,21300,10.17,B,8.7,RENT,78649,37.99,717,Debt Consolidation,Charged Off,4585.76,233.19,0
LN-25047,BW-29270,2024-07-10,30300,20.2,D,5.0,MORTGAGE,97590,35.56,592,Home Improvement,Current,10598.21,2354.92,0
LN-25048,BW-19236,2025-05-25,36000,10.89,B,5.6,OWN,47146,25.06,719,Debt Consolidation,Fully Paid,36000.0,8624.88,0
LN-25049,BW-16991,2024-07-06,26600,11.76,B,7.0,OWN,59738,12.43,690,Home Improvement,Current,18766.92,2427.69,0
LN-25050,BW-13036,2024-12-09,32700,9.19,A,9.4,RENT,237637,5.89,776,Debt Consolidation,Current,16081.02,1625.63,0
LN-25051,BW-15993,2025-10-18,32400,8.75,A,3.9,MORTGAGE,63203,10.22,744,Debt Consolidation,Fully Paid,32400.0,6237.0,0
LN-25052,BW-13843,2025-08-01,33200,21.41,D,3.7,RENT,33445,20.15,610,Credit Card Refinance,Fully Paid,33200.0,15637.86,0
LN-25053,BW-16675,2024-05-23,15300,12.53,B,8.4,RENT,103085,25.02,699,Small Business,Current,6454.17,889.58,0
LN-25054,BW-24901,2026-01-10,12800,6.09,A,2.9,RENT,72629,36.33,779,Debt Consolidation,Fully Paid,12800.0,1714.94,1
LN-25055,BW-22375,2025-08-16,37200,11.22,B,10.9,OWN,40304,6.53,690,Debt Consolidation,In Grace Period,3464.72,194.37,0
LN-25056,BW-26742,2025-06-03,37100,13.15,B,4.8,RENT,53350,16.7,712,Credit Card Refinance,Current,23142.23,3347.52,0
LN-25057,BW-24263,2026-04-09,17200,14.65,C,8.1,MORTGAGE,55021,21.49,666,Credit Card Refinance,Late 31-120 Days,5177.0,379.22,0
LN-25058,BW-22459,2024-04-24,26100,19.06,D,7.5,RENT,76064,26.33,616,Major Purchase,Fully Paid,26100.0,10944.25,2
LN-25059,BW-25872,2025-02-22,24500,8.64,A,7.5,MORTGAGE,71470,24.97,782,Debt Consolidation,Fully Paid,24500.0,4656.96,0
LN-25060,BW-20816,2026-02-28,16100,13.89,C,5.3,RENT,80232,6.92,672,Credit Card Refinance,Fully Paid,16100.0,4919.84,0
LN-25061,BW-13437,2024-09-25,19800,25.66,E,11.7,OWN,66033,37.85,526,Debt Consolidation,Charged Off,4644.28,595.86,0
LN-25062,BW-25513,2026-02-04,13400,6.95,A,7.1,MORTGAGE,63908,36.17,849,Debt Consolidation,Charged Off,1871.84,65.05,0
LN-25063,BW-29313,2024-04-17,24700,13.37,B,6.6,MORTGAGE,110281,13.32,682,Debt Consolidation,Current,13122.85,1929.98,0
LN-25064,BW-14499,2025-10-11,23000,11.89,B,9.3,MORTGAGE,165163,32.16,714,Debt Consolidation,Fully Paid,23000.0,6016.34,3
LN-25065,BW-21173,2024-09-15,16700,16.82,C,8.5,OWN,81023,33.37,636,Debt Consolidation,Charged Off,4842.26,407.23,0
LN-25066,BW-11212,2025-03-14,9200,15.19,C,8.9,OWN,60551,18.86,655,Personal,Current,5240.83,875.69,0
LN-25067,BW-23655,2025-11-14,9300,12.42,B,9.5,RENT,70004,21.6,681,Home Improvement,Current,2850.75,389.47,0
LN-25068,BW-26742,2024-12-20,23500,12.85,B,8.4,OWN,78547,12.62,729,Credit Card Refinance,In Grace Period,7450.39,478.69,3
LN-25069,BW-20335,2024-12-19,38400,7.35,A,7.9,MORTGAGE,55580,26.32,814,Credit Card Refinance,Current,12223.36,988.26,0
LN-25070,BW-23611,2024-02-19,34100,16.29,C,6.6,MORTGAGE,86138,9.57,639,Small Business,Late 31-120 Days,8202.04,668.06,0
LN-25071,BW-13505,2026-04-24,37500,7.6,A,10.7,OWN,38009,26.69,845,Credit Card Refinance,In Grace Period,3469.93,131.86,2
LN-25072,BW-16514,2024-12-06,19100,9.83,B,9.1,MORTGAGE,72949,26.08,682,Major Purchase,Current,13716.87,1483.21,0
LN-25073,BW-11678,2025-10-04,3600,10.06,B,0.9,MORTGAGE,89381,31.52,712,Credit Card Refinance,Charged Off,1229.4,61.84,2
LN-25074,BW-10761,2024-06-19,4700,12.43,B,8.1,MORTGAGE,57031,7.5,701,Credit Card Refinance,Current,2224.85,304.2,0
LN-25075,BW-20862,2024-09-09,23700,21.13,D,1.2,RENT,110906,24.44,592,Small Business,Current,10980.07,2552.1,0
LN-25076,BW-19314,2025-01-25,6700,9.72,B,7.5,MORTGAGE,82300,9.03,703,Debt Consolidation,Current,3356.78,358.91,0
LN-25077,BW-26214,2024-09-02,38800,11.77,B,4.2,MORTGAGE,43419,22.8,730,Credit Card Refinance,Current,21638.32,2801.51,0
LN-25078,BW-25321,2026-01-31,20200,24.03,E,4.4,RENT,37465,37.36,575,Debt Consolidation,Late 31-120 Days,2120.19,254.74,0
LN-25079,BW-16321,2025-05-10,33000,16.74,C,11.3,MORTGAGE,40088,33.07,678,Small Business,Fully Paid,33000.0,12153.24,0
LN-25080,BW-23818,2025-07-12,21500,25.48,E,2.7,MORTGAGE,67704,7.41,541,Debt Consolidation,Charged Off,3978.83,506.9,0
LN-25081,BW-24500,2025-12-27,5200,21.6,D,10.2,RENT,112934,33.08,609,Major Purchase,In Grace Period,1735.0,187.38,0
LN-25082,BW-11081,2024-03-08,22300,14.51,C,3.4,OWN,63550,33.36,654,Debt Consolidation,Fully Paid,22300.0,7118.61,0
LN-25083,BW-25299,2025-06-17,25200,17.07,C,6.7,MORTGAGE,80602,7.05,657,Debt Consolidation,Current,8980.49,1686.27,0
LN-25084,BW-20311,2024-10-14,11400,14.61,C,1.2,OWN,44377,24.49,649,Debt Consolidation,Fully Paid,11400.0,3664.19,0
LN-25085,BW-23103,2024-08-21,22100,9.97,B,5.1,MORTGAGE,64200,28.58,724,Debt Consolidation,Current,16664.22,1827.57,4
LN-25086,BW-19969,2024-07-13,39800,25.06,E,11.4,MORTGAGE,72098,19.98,550,Home Improvement,Late 31-120 Days,9362.36,1173.1,0
LN-25087,BW-23487,2026-03-13,11600,10.4,B,1.8,RENT,51529,36.95,687,Home Improvement,Current,5748.26,657.6,0
LN-25088,BW-27726,2024-02-29,8700,16.1,C,5.9,MORTGAGE,80227,33.18,667,Home Improvement,Current,6556.22,1161.11,0
LN-25089,BW-25465,2025-10-10,34600,25.98,E,2.1,MORTGAGE,69583,36.16,520,Debt Consolidation,Charged Off,7808.93,1014.38,0
LN-25090,BW-23379,2024-07-05,3500,7.17,A,8.6,RENT,106908,31.53,812,Debt Consolidation,Current,2256.02,177.93,0
LN-25091,BW-26565,2024-09-26,3500,12.09,B,6.5,MORTGAGE,79829,26.75,696,Credit Card Refinance,Fully Paid,3500.0,930.93,0
LN-25092,BW-15680,2025-10-10,9700,11.53,B,12.0,RENT,76891,21.45,688,Debt Consolidation,Fully Paid,9700.0,2460.5,0
LN-25093,BW-28619,2024-05-07,27800,8.54,A,10.2,RENT,40769,10.29,754,Debt Consolidation,Fully Paid,27800.0,5223.06,0
LN-25094,BW-24009,2024-09-11,4200,16.49,C,3.7,MORTGAGE,66933,11.74,650,Home Improvement,Current,3285.0,595.87,0
LN-25095,BW-19625,2026-01-24,33300,24.39,E,8.7,RENT,57882,8.27,533,Debt Consolidation,Current,7279.71,1953.07,0
LN-25096,BW-28177,2026-03-18,7900,12.82,B,6.4,RENT,59763,9.77,685,Home Improvement,Current,5895.0,831.31,0
LN-25097,BW-23255,2024-11-16,16200,12.27,B,11.3,MORTGAGE,251553,31.75,716,Debt Consolidation,Current,4250.68,573.71,0
LN-25098,BW-24197,2025-03-09,34400,16.75,C,10.7,MORTGAGE,59221,20.39,657,Credit Card Refinance,Current,23152.27,4265.81,0
LN-25099,BW-29097,2025-07-25,35400,22.79,E,3.5,MORTGAGE,34849,37.89,520,Debt Consolidation,Charged Off,7010.79,798.88,1
LN-25100,BW-20812,2025-02-23,18400,12.3,B,10.2,MORTGAGE,32324,8.64,706,Credit Card Refinance,Current,14469.46,1957.72,4
LN-25101,BW-17862,2024-12-15,5400,26.26,E,9.7,RENT,42376,36.42,548,Debt Consolidation,Current,3970.26,1146.85,0
LN-25102,BW-18703,2024-09-29,33800,17.33,C,7.1,MORTGAGE,57648,34.44,640,Home Improvement,Current,22661.82,4320.02,0
LN-25103,BW-18838,2026-05-21,21900,9.84,B,11.2,RENT,70112,16.05,736,Debt Consolidation,Fully Paid,21900.0,4740.91,0
LN-25104,BW-12782,2024-11-16,16700,10.82,B,1.1,MORTGAGE,79658,27.51,707,Debt Consolidation,Fully Paid,16700.0,3975.27,1
LN-25105,BW-26631,2026-01-21,38600,9.84,B,1.3,RENT,84067,11.73,709,Debt Consolidation,Current,15338.16,1660.2,0
LN-25106,BW-24579,2025-08-08,26800,11.65,B,0.5,MORTGAGE,58664,9.4,709,Home Improvement,Current,11912.29,1526.56,0
LN-25107,BW-17179,2025-06-30,6300,9.77,B,4.1,MORTGAGE,47529,28.55,694,Credit Card Refinance,Fully Paid,6300.0,1354.12,2
LN-25108,BW-16465,2024-07-03,31500,14.01,C,1.4,MORTGAGE,70581,16.07,638,Home Improvement,Fully Paid,31500.0,9708.93,0
LN-25109,BW-23187,2024-07-07,22800,8.94,A,6.6,RENT,43408,6.07,786,Home Improvement,Fully Paid,22800.0,4484.3,0
LN-25110,BW-28981,2025-02-28,9800,14.64,C,1.5,MORTGAGE,64092,14.88,658,Debt Consolidation,Current,2393.22,385.4,0
LN-25111,BW-15301,2026-01-30,20300,9.89,B,3.9,MORTGAGE,79213,33.61,702,Small Business,Fully Paid,20300.0,4416.87,1
LN-25112,BW-12141,2026-06-26,32600,15.65,C,8.5,MORTGAGE,66224,33.75,645,Small Business,Late 31-120 Days,9331.73,730.21,0
LN-25113,BW-28899,2024-08-08,31400,7.48,A,5.7,OWN,61564,26.22,750,Home Improvement,Fully Paid,31400.0,5167.18,1
LN-25114,BW-16190,2025-05-07,23500,7.92,A,5.2,MORTGAGE,68834,19.07,803,Debt Consolidation,Fully Paid,23500.0,4094.64,0
LN-25115,BW-15544,2025-03-21,12700,9.31,A,11.5,MORTGAGE,79593,30.09,786,Debt Consolidation,Current,6164.21,631.28,0
LN-25116,BW-23168,2025-08-22,20700,7.41,A,1.0,MORTGAGE,61407,17.71,754,Debt Consolidation,Fully Paid,20700.0,3374.51,0
LN-25117,BW-19392,2024-01-12,12700,14.43,C,3.6,OWN,62332,6.32,641,Debt Consolidation,Fully Paid,12700.0,4031.74,0
LN-25118,BW-22172,2025-01-27,11200,13.79,C,11.6,RENT,183313,36.75,658,Home Improvement,Fully Paid,11200.0,3397.86,0
LN-25119,BW-22472,2025-12-11,20300,16.01,C,9.6,RENT,35939,19.45,668,Debt Consolidation,Fully Paid,20300.0,7150.07,0
LN-25120,BW-14166,2024-02-22,39200,15.75,C,11.3,MORTGAGE,64551,25.04,674,Debt Consolidation,Current,20292.2,3515.62,0
LN-25121,BW-29129,2024-04-28,28100,19.44,D,9.3,RENT,83603,34.25,598,Credit Card Refinance,Charged Off,5864.4,570.02,1
LN-25122,BW-18834,2025-05-17,10600,8.5,A,5.1,MORTGAGE,31496,31.19,817,Credit Card Refinance,Current,2583.89,241.59,0
LN-25123,BW-22986,2024-03-07,23500,15.79,C,3.3,RENT,78786,9.52,632,Debt Consolidation,Current,9024.7,1567.5,0
LN-25124,BW-22771,2024-11-12,15500,26.93,E,3.8,RENT,125293,10.63,550,Debt Consolidation,Charged Off,5348.57,720.18,2
LN-25125,BW-21867,2025-05-12,6000,15.74,C,0.8,RENT,49400,36.58,648,Debt Consolidation,Late 16-30 Days,1810.83,142.51,0
LN-25126,BW-17855,2024-05-07,34000,16.18,C,2.7,RENT,47067,10.56,645,Small Business,Fully Paid,34000.0,12102.64,0
LN-25127,BW-26456,2025-01-30,12000,17.84,D,8.2,MORTGAGE,82134,29.87,611,Debt Consolidation,Charged Off,3847.47,343.19,0
LN-25128,BW-16945,2025-04-30,34400,17.33,C,2.4,RENT,110196,15.54,670,Credit Card Refinance,Fully Paid,34400.0,13115.34,0
LN-25129,BW-18960,2025-05-28,13200,10.21,B,10.9,OWN,81538,20.8,707,Debt Consolidation,Fully Paid,13200.0,2964.98,0
LN-25130,BW-17185,2024-06-02,27700,13.77,C,4.0,OWN,126469,10.95,673,Debt Consolidation,Current,11029.87,1670.69,2
LN-25131,BW-27290,2026-06-14,33000,14.45,C,3.0,RENT,54694,21.74,669,Debt Consolidation,Fully Paid,33000.0,10490.7,0
LN-25132,BW-26893,2024-08-19,34400,6.62,A,9.1,MORTGAGE,59396,24.79,843,Major Purchase,Fully Paid,34400.0,5010.02,0
LN-25133,BW-22140,2024-09-25,10800,9.72,B,2.4,MORTGAGE,83311,21.17,719,Home Improvement,Fully Paid,10800.0,2309.47,0
LN-25134,BW-29861,2024-12-17,5600,11.68,B,2.5,RENT,114014,36.0,733,Major Purchase,Current,3590.54,461.31,0
LN-25135,BW-18957,2024-07-28,9600,23.04,E,8.9,MORTGAGE,268256,31.14,555,Small Business,Fully Paid,9600.0,4866.05,0
LN-25136,BW-16986,2025-07-08,33300,8.05,A,2.8,MORTGAGE,74374,12.22,848,Debt Consolidation,Fully Paid,33300.0,5897.43,0
LN-25137,BW-29471,2024-12-20,34800,6.36,A,2.8,MORTGAGE,110520,18.86,758,Credit Card Refinance,Fully Paid,34800.0,4869.22,0
LN-25138,BW-22392,2025-09-29,35000,7.41,A,5.6,MORTGAGE,79046,8.09,845,Debt Consolidation,Current,20696.74,1686.99,0
LN-25139,BW-17536,2024-01-18,27000,10.25,B,9.6,MORTGAGE,243669,17.27,720,Debt Consolidation,In Grace Period,4065.35,208.35,0
LN-25140,BW-13710,2024-05-22,19000,5.83,A,9.2,RENT,31803,32.12,769,Home Improvement,Late 16-30 Days,4722.56,137.66,0
LN-25141,BW-14335,2026-03-29,18600,16.92,C,0.9,MORTGAGE,64976,37.01,670,Credit Card Refinance,Fully Paid,18600.0,6923.66,0
LN-25142,BW-28228,2026-04-06,25900,8.5,A,8.5,OWN,43560,37.06,742,Small Business,Current,20124.62,1881.65,0
LN-25143,BW-17482,2026-02-18,24100,15.79,C,11.1,MORTGAGE,79689,25.62,636,Debt Consolidation,Current,16118.24,2799.58,0
LN-25144,BW-14217,2024-09-07,14500,19.91,D,7.6,RENT,123133,31.91,592,Debt Consolidation,Late 31-120 Days,2653.22,264.13,4
LN-25145,BW-22732,2026-02-13,34100,5.72,A,7.5,RENT,75973,28.95,750,Credit Card Refinance,Charged Off,5759.44,164.72,0
LN-25146,BW-16461,2026-06-24,23400,16.82,C,2.8,RENT,75692,17.55,672,Debt Consolidation,Fully Paid,23400.0,8658.94,0
LN-25147,BW-21106,2024-07-15,15000,9.2,A,1.6,MORTGAGE,69231,33.87,842,Debt Consolidation,Fully Paid,15000.0,3036.0,0
LN-25148,BW-29494,2024-07-22,2600,17.83,D,5.9,MORTGAGE,78347,20.03,580,Credit Card Refinance,Late 31-120 Days,454.64,40.53,0
LN-25149,BW-27309,2025-09-26,10000,13.16,B,6.3,OWN,70058,37.52,685,Debt Consolidation,Fully Paid,10000.0,2895.2,0
LN-25150,BW-21964,2026-06-13,25900,9.99,B,2.9,MORTGAGE,127295,5.27,690,Credit Card Refinance,Current,9412.98,1034.39,0
LN-25151,BW-14745,2025-05-18,27400,16.58,C,3.2,OWN,43792,25.51,631,Debt Consolidation,Charged Off,9492.66,786.94,0
LN-25152,BW-16777,2025-02-28,30900,9.75,B,8.7,MORTGAGE,35617,5.19,703,Home Improvement,Current,21963.98,2355.64,0
LN-25153,BW-26867,2025-04-13,18900,12.33,B,4.0,RENT,51714,33.23,717,Debt Consolidation,Fully Paid,18900.0,5126.81,0
LN-25154,BW-23983,2026-01-14,15000,7.91,A,8.2,RENT,56722,7.53,779,Major Purchase,Current,11154.26,970.53,0
LN-25155,BW-14574,2026-03-05,12200,10.24,B,2.0,MORTGAGE,75144,33.48,685,Debt Consolidation,Current,7151.72,805.57,0
LN-25156,BW-25789,2025-08-18,36600,9.4,A,11.4,OWN,34995,17.29,798,Debt Consolidation,Current,27244.88,2817.12,0
LN-25157,BW-18502,2026-03-28,10500,8.49,A,6.4,MORTGAGE,32725,18.7,848,Credit Card Refinance,Current,4608.88,430.42,0
LN-25158,BW-26792,2026-06-27,19900,17.21,C,6.0,RENT,64647,10.02,642,Credit Card Refinance,Current,9723.73,1840.8,0
LN-25159,BW-27388,2025-07-12,32000,14.0,C,3.3,RENT,57796,25.28,643,Credit Card Refinance,Charged Off,2978.52,208.5,0
LN-25160,BW-24472,2026-05-26,27900,9.23,A,6.9,OWN,129070,33.19,769,Debt Consolidation,Current,11216.75,1138.84,0
LN-25161,BW-17023,2024-01-18,7900,13.14,B,3.6,OWN,99923,14.97,688,Debt Consolidation,In Grace Period,1902.09,124.97,0
LN-25162,BW-14624,2026-01-15,18900,8.64,A,2.7,MORTGAGE,73808,18.9,836,Home Improvement,Current,5005.07,475.68,0
LN-25163,BW-21703,2025-09-23,22800,14.27,C,11.8,MORTGAGE,66914,12.74,631,Home Improvement,Fully Paid,22800.0,7157.83,0
LN-25164,BW-28446,2025-06-13,12300,11.3,B,10.7,MORTGAGE,51749,19.25,706,Credit Card Refinance,Charged Off,4128.97,233.29,0
LN-25165,BW-22858,2025-03-10,6400,14.03,C,8.1,RENT,48179,32.29,670,Credit Card Refinance,Fully Paid,6400.0,1975.42,0
LN-25166,BW-23992,2025-04-12,14700,9.18,A,1.8,MORTGAGE,39185,27.8,810,Debt Consolidation,Current,5604.62,565.95,0
LN-25167,BW-15164,2026-02-09,28700,25.13,E,11.1,RENT,42045,18.55,549,Debt Consolidation,Late 31-120 Days,7593.27,954.09,2
LN-25168,BW-20270,2025-05-17,4000,16.21,C,5.9,MORTGAGE,69297,8.6,640,Major Purchase,Fully Paid,4000.0,1426.48,0
LN-25169,BW-21863,2024-02-17,12400,11.49,B,11.1,RENT,84226,33.95,723,Major Purchase,Current,5601.33,707.95,0
LN-25170,BW-20258,2026-06-27,19500,18.19,D,2.3,MORTGAGE,107116,23.17,611,Debt Consolidation,Charged Off,5949.84,541.14,0
LN-25171,BW-16301,2024-04-04,3200,7.35,A,0.9,RENT,63158,5.92,847,Debt Consolidation,Fully Paid,3200.0,517.44,2
LN-25172,BW-16392,2024-06-14,37300,15.04,C,2.6,OWN,70241,19.17,630,Home Improvement,Current,19929.35,3297.11,1
LN-25173,BW-12321,2025-12-23,36000,15.28,C,7.4,MORTGAGE,68672,17.59,658,Debt Consolidation,Fully Paid,36000.0,12101.76,4
LN-25174,BW-11079,2026-06-08,39800,10.96,B,8.2,MORTGAGE,43822,15.53,688,Credit Card Refinance,Current,19337.52,2331.33,0
LN-25175,BW-18931,2026-02-07,19400,14.16,C,2.4,RENT,69882,36.1,665,Small Business,Fully Paid,19400.0,6043.49,0
LN-25176,BW-10880,2025-10-02,24900,5.72,A,0.6,RENT,72355,31.59,821,Debt Consolidation,Current,8568.53,539.13,0
LN-25177,BW-13838,2025-02-06,10500,17.38,C,2.6,RENT,69471,6.54,671,Debt Consolidation,In Grace Period,1175.62,102.16,0
LN-25178,BW-11838,2025-07-03,36300,10.56,B,2.0,OWN,87102,18.84,695,Credit Card Refinance,Late 16-30 Days,2801.31,147.91,0
LN-25179,BW-24490,2026-02-15,4200,8.08,A,5.5,MORTGAGE,44707,16.06,742,Debt Consolidation,Fully Paid,4200.0,746.59,4
LN-25180,BW-19127,2024-07-10,5700,16.15,C,7.1,OWN,157701,25.38,654,Credit Card Refinance,Fully Paid,5700.0,2025.21,0
LN-25181,BW-28395,2026-03-08,19200,19.08,D,10.6,MORTGAGE,94136,15.05,601,Credit Card Refinance,Charged Off,6211.03,592.53,0
LN-25182,BW-11424,2024-03-31,12500,18.62,D,6.5,RENT,146563,24.21,594,Credit Card Refinance,Current,5355.14,1096.84,0
LN-25183,BW-23632,2025-06-30,14600,7.01,A,7.0,MORTGAGE,34041,31.28,777,Debt Consolidation,Late 31-120 Days,3646.81,127.82,3
LN-25184,BW-18446,2024-12-02,18100,10.78,B,3.7,RENT,42271,8.17,697,Personal,Current,10521.71,1247.66,0
LN-25185,BW-13715,2026-04-26,3200,10.78,B,4.3,RENT,33581,21.06,728,Credit Card Refinance,Current,1736.61,205.93,0
LN-25186,BW-10956,2025-09-23,17200,11.31,B,5.4,RENT,47783,10.13,683,Home Improvement,Fully Paid,17200.0,4279.7,1
LN-25187,BW-18701,2026-04-15,20800,15.46,C,11.0,MORTGAGE,49152,25.09,656,Personal,Fully Paid,20800.0,7074.5,0
LN-25188,BW-10599,2024-11-06,31400,12.02,B,9.4,MORTGAGE,61965,27.9,738,Debt Consolidation,Fully Paid,31400.0,8303.42,0
LN-25189,BW-20167,2024-05-17,7800,6.87,A,8.4,RENT,51882,19.4,748,Debt Consolidation,Current,6228.73,470.71,0
LN-25190,BW-14610,2024-04-21,3600,11.56,B,10.2,MORTGAGE,77655,17.61,720,Debt Consolidation,Current,2481.24,315.51,0
LN-25191,BW-14985,2025-03-08,15400,15.89,C,9.8,RENT,39581,9.04,663,Home Improvement,Current,3760.72,657.34,0
LN-25192,BW-27682,2026-04-18,28200,10.5,B,0.8,RENT,67471,36.72,701,Debt Consolidation,Charged Off,6806.46,357.34,3
LN-25193,BW-14490,2024-12-20,38900,10.01,B,7.5,MORTGAGE,44634,25.13,686,Debt Consolidation,Fully Paid,38900.0,8566.56,0
LN-25194,BW-26493,2026-03-03,31300,7.0,A,3.9,OWN,49119,11.94,849,Debt Consolidation,Fully Paid,31300.0,4820.2,0
LN-25195,BW-29173,2024-05-11,25900,12.41,B,3.4,MORTGAGE,30900,36.16,690,Home Improvement,Charged Off,5875.73,364.59,0
LN-25196,BW-21224,2025-01-06,34300,24.09,E,2.4,MORTGAGE,35443,7.62,531,Credit Card Refinance,Fully Paid,34300.0,18178.31,0
LN-25197,BW-29071,2026-06-01,39700,8.15,A,8.5,RENT,66882,7.58,824,Home Improvement,Fully Paid,39700.0,7118.21,3
LN-25198,BW-11167,2024-12-21,8800,10.55,B,4.1,MORTGAGE,72418,21.97,725,Debt Consolidation,Fully Paid,8800.0,2042.48,1
LN-25199,BW-29575,2025-03-24,12600,16.32,C,8.1,MORTGAGE,120111,7.53,662,Small Business,Fully Paid,12600.0,4523.9,0
LN-25200,BW-18610,2024-06-19,2700,10.3,B,11.6,RENT,47285,5.2,693,Credit Card Refinance,Late 31-120 Days,744.92,38.36,0
LN-25201,BW-25926,2026-05-12,5500,27.31,E,1.2,OWN,62918,17.45,523,Debt Consolidation,In Grace Period,308.64,42.14,0
LN-25202,BW-27717,2025-10-23,19900,18.06,D,9.6,RENT,45215,17.1,616,Debt Consolidation,Current,4362.06,866.57,0
LN-25203,BW-12430,2025-03-11,26600,17.14,C,6.3,MORTGAGE,113237,26.91,652,Debt Consolidation,Current,11231.73,2117.63,0
LN-25204,BW-10753,2025-03-31,19500,9.92,B,1.1,RENT,78538,31.43,684,Debt Consolidation,Fully Paid,19500.0,4255.68,0
LN-25205,BW-28555,2024-03-16,27000,20.67,D,11.2,MORTGAGE,38489,8.1,620,Debt Consolidation,Current,14966.2,3402.86,2
LN-25206,BW-15641,2024-10-29,4400,7.77,A,8.0,OWN,33785,5.82,770,Credit Card Refinance,Current,1604.71,137.15,4
LN-25207,BW-18733,2025-01-16,31600,11.19,B,5.2,MORTGAGE,80682,8.84,706,Credit Card Refinance,Fully Paid,31600.0,7779.29,0
LN-25208,BW-13065,2024-11-25,36800,6.42,A,10.1,MORTGAGE,88925,19.41,810,Major Purchase,Fully Paid,36800.0,5197.63,0
LN-25209,BW-25510,2024-08-23,9700,10.24,B,10.7,MORTGAGE,106716,7.28,682,Small Business,Current,6665.87,750.84,3
LN-25210,BW-26269,2025-02-11,24600,10.26,B,11.7,MORTGAGE,81292,28.57,733,Credit Card Refinance,Current,10001.57,1128.78,0
LN-25211,BW-13964,2025-10-01,38900,9.72,B,2.3,RENT,89869,8.57,718,Debt Consolidation,Current,20081.4,2147.1,0
LN-25212,BW-18957,2024-01-27,35600,9.98,B,6.5,RENT,56159,34.97,692,Credit Card Refinance,Current,25655.68,2816.48,4
LN-25213,BW-13022,2025-01-20,16000,7.55,A,2.4,OWN,72377,35.1,817,Credit Card Refinance,Current,9511.05,789.89,0
LN-25214,BW-20673,2025-11-26,9700,11.1,B,8.8,RENT,57438,31.92,732,Debt Consolidation,Late 31-120 Days,1039.29,57.68,0
LN-25215,BW-22810,2025-12-27,4900,7.57,A,2.8,RENT,41274,22.76,782,Home Improvement,Charged Off,1319.17,49.93,0
LN-25216,BW-27722,2024-09-27,33900,13.85,C,3.1,RENT,84501,14.99,674,Debt Consolidation,Fully Paid,33900.0,10329.33,0
LN-25217,BW-21940,2025-09-15,35000,17.24,C,5.7,MORTGAGE,54362,36.51,656,Debt Consolidation,Current,13506.16,2561.31,0
LN-25218,BW-25545,2025-11-26,15600,18.37,D,4.2,MORTGAGE,32320,25.45,603,Debt Consolidation,Current,5017.68,1013.92,0
LN-25219,BW-26239,2025-10-24,29500,9.86,B,7.0,MORTGAGE,101483,16.01,738,Home Improvement,Current,22459.37,2435.94,0
LN-25220,BW-19258,2025-06-26,34300,24.41,E,11.1,RENT,137574,10.58,541,Debt Consolidation,Late 31-120 Days,10074.35,1229.57,0
LN-25221,BW-14882,2026-02-02,5200,8.44,A,3.7,MORTGAGE,34530,10.35,832,Personal,Current,1647.04,152.91,0
LN-25222,BW-20255,2025-12-07,14100,11.83,B,11.8,MORTGAGE,53128,9.3,687,Home Improvement,Current,3342.2,434.92,0
LN-25223,BW-11326,2025-08-02,21600,11.81,B,1.9,RENT,67054,9.64,739,Major Purchase,Fully Paid,21600.0,5612.11,0
LN-25224,BW-29351,2025-08-14,4900,21.5,D,8.7,MORTGAGE,44792,29.84,619,Debt Consolidation,Fully Paid,4900.0,2317.7,0
LN-25225,BW-19782,2025-03-27,12700,14.16,C,8.8,OWN,48261,35.2,660,Credit Card Refinance,Current,9503.85,1480.32,0
LN-25226,BW-25132,2025-02-18,3500,25.2,E,2.2,RENT,45913,31.52,570,Small Business,Current,2066.15,572.74,0
LN-25227,BW-22894,2025-01-09,37500,11.03,B,3.8,RENT,82742,11.3,708,Credit Card Refinance,Current,23910.18,2901.02,0
LN-25228,BW-12799,2026-03-23,20100,14.82,C,10.5,MORTGAGE,68897,15.55,654,Debt Consolidation,Fully Paid,20100.0,6553.4,0
LN-25229,BW-17352,2024-08-12,10100,13.24,B,1.9,MORTGAGE,237921,21.5,684,Debt Consolidation,Fully Paid,10100.0,2941.93,0
LN-25230,BW-14760,2025-03-28,17000,12.93,B,7.7,MORTGAGE,113219,35.47,698,Home Improvement,Fully Paid,17000.0,4835.82,1
LN-25231,BW-19429,2026-03-11,25800,19.86,D,9.9,MORTGAGE,53006,20.95,619,Debt Consolidation,Fully Paid,25800.0,11272.54,0
LN-25232,BW-10726,2024-06-15,6500,19.76,D,6.7,RENT,38325,16.85,624,Debt Consolidation,Current,4038.93,877.9,0
LN-25233,BW-16699,2025-02-11,4600,14.33,C,11.6,MORTGAGE,55428,33.73,649,Credit Card Refinance,Fully Paid,4600.0,1450.2,0
LN-25234,BW-15595,2024-03-25,5500,7.75,A,2.7,OWN,91262,8.45,850,Credit Card Refinance,Current,2667.01,227.36,0
LN-25235,BW-22698,2025-08-31,38400,11.86,B,1.5,RENT,76537,19.24,717,Personal,Current,9229.22,1204.04,3
LN-25236,BW-26045,2024-02-25,16100,7.13,A,1.6,RENT,38874,21.27,828,Debt Consolidation,Fully Paid,16100.0,2525.45,0
LN-25237,BW-13636,2025-03-30,7100,9.93,B,12.0,OWN,34523,25.49,702,Credit Card Refinance,Fully Paid,7100.0,1551.07,0
LN-25238,BW-29881,2025-08-04,10100,8.68,A,10.2,RENT,80062,13.34,800,Credit Card Refinance,Fully Paid,10100.0,1928.7,0
LN-25239,BW-18483,2024-11-03,34200,16.82,C,2.2,MORTGAGE,84052,5.31,662,Credit Card Refinance,Fully Paid,34200.0,12655.37,0
LN-25240,BW-13700,2024-04-18,35400,25.38,E,2.0,RENT,93301,20.51,550,Small Business,Late 31-120 Days,8339.63,1058.3,0
LN-25241,BW-26456,2026-01-16,23300,20.94,D,5.7,MORTGAGE,74053,8.24,611,Debt Consolidation,Charged Off,3663.53,383.57,0
LN-25242,BW-17041,2025-03-06,24200,9.05,A,8.8,MORTGAGE,48460,18.85,825,Debt Consolidation,Fully Paid,24200.0,4818.22,0
LN-25243,BW-13852,2024-05-18,24500,9.86,B,4.1,RENT,131339,7.19,680,Small Business,Current,7118.0,772.02,0
LN-25244,BW-22371,2024-08-21,29300,13.41,B,8.1,MORTGAGE,195795,25.73,707,Debt Consolidation,Fully Paid,29300.0,8644.09,2
LN-25245,BW-15307,2024-12-14,37200,13.71,C,5.5,OWN,79503,32.06,646,Debt Consolidation,Current,18283.0,2757.26,0
LN-25246,BW-18772,2025-05-07,20700,10.15,B,3.3,RENT,246455,19.39,726,Debt Consolidation,Current,14844.81,1657.42,0
LN-25247,BW-24229,2026-03-08,3400,18.61,D,0.8,RENT,75159,18.26,625,Home Improvement,Charged Off,326.55,30.39,0
LN-25248,BW-26253,2025-08-29,35200,9.43,A,2.2,OWN,71860,5.21,785,Personal,In Grace Period,8700.22,410.22,0
LN-25249,BW-10464,2024-07-27,30400,12.98,B,5.1,OWN,32350,27.66,733,Debt Consolidation,Current,21361.57,3050.0,0
LN-25250,BW-14821,2024-06-06,34000,10.91,B,5.4,RENT,37430,14.7,727,Debt Consolidation,Fully Paid,34000.0,8160.68,0
LN-25251,BW-10329,2024-07-28,16600,23.91,E,11.7,RENT,110499,27.71,523,Credit Card Refinance,Fully Paid,16600.0,8731.93,0
LN-25252,BW-29497,2024-01-19,32400,8.89,A,9.1,MORTGAGE,73365,12.05,746,Credit Card Refinance,Current,21884.45,2140.08,2
LN-25253,BW-22351,2025-11-20,16900,5.92,A,4.0,MORTGAGE,30733,25.14,807,Credit Card Refinance,Fully Paid,16900.0,2201.06,0
LN-25254,BW-27591,2025-02-28,19500,21.95,D,6.2,RENT,56526,21.23,581,Debt Consolidation,Charged Off,4356.3,478.1,0
LN-25255,BW-28752,2026-05-28,12800,10.81,B,2.6,RENT,39967,34.4,734,Major Purchase,Current,4061.8,482.99,0
LN-25256,BW-20594,2024-12-04,7700,12.1,B,1.4,MORTGAGE,32444,19.09,725,Debt Consolidation,Fully Paid,7700.0,2049.74,0
LN-25257,BW-29540,2024-04-09,36300,10.49,B,7.6,MORTGAGE,93810,29.05,697,Credit Card Refinance,Current,24416.24,2817.39,0
LN-25258,BW-12131,2024-04-15,26900,19.19,D,10.3,MORTGAGE,52784,23.43,626,Credit Card Refinance,Current,15272.99,3223.98,0
LN-25259,BW-13817,2024-04-02,16100,7.65,A,8.5,MORTGAGE,64571,14.08,836,Debt Consolidation,Fully Paid,16100.0,2709.63,4
LN-25260,BW-25512,2024-10-30,5200,9.21,A,5.4,RENT,66427,17.77,842,Debt Consolidation,Current,1749.7,177.26,0
LN-25261,BW-18321,2024-11-21,31000,12.38,B,0.9,MORTGAGE,83260,28.58,713,Credit Card Refinance,Fully Paid,31000.0,8443.16,0
LN-25262,BW-25781,2025-12-22,5600,13.2,B,1.7,MORTGAGE,36030,11.03,718,Credit Card Refinance,Charged Off,843.58,55.68,0
LN-25263,BW-20976,2025-02-28,7000,8.38,A,3.1,OWN,64053,33.49,776,Debt Consolidation,Current,2146.87,197.9,0
LN-25264,BW-23950,2025-06-11,25500,16.89,C,7.0,OWN,112029,28.37,678,Credit Card Refinance,Current,17268.85,3208.38,0
LN-25265,BW-13899,2024-12-09,35400,23.09,E,7.8,RENT,108512,33.43,544,Debt Consolidation,Late 31-120 Days,10202.47,1177.88,0
LN-25266,BW-25194,2026-06-13,14200,22.51,E,11.8,MORTGAGE,211556,16.81,523,Debt Consolidation,Fully Paid,14200.0,7032.12,0
LN-25267,BW-19510,2024-06-08,37300,16.36,C,8.9,RENT,146637,27.88,646,Debt Consolidation,Fully Paid,37300.0,13425.02,0
LN-25268,BW-13580,2024-07-25,12900,8.43,A,11.7,OWN,74184,8.1,789,Debt Consolidation,Fully Paid,12900.0,2392.43,0
LN-25269,BW-28327,2025-03-01,22500,6.71,A,1.7,RENT,34181,36.21,811,Home Improvement,Fully Paid,22500.0,3321.45,4
LN-25270,BW-20407,2026-04-05,34600,14.88,C,4.7,OWN,72508,16.44,641,Credit Card Refinance,Current,7709.48,1261.89,3
LN-25271,BW-14571,2024-03-31,29100,12.02,B,6.5,MORTGAGE,39492,34.67,682,Major Purchase,Fully Paid,29100.0,7695.2,0
LN-25272,BW-29509,2025-01-26,26400,20.8,D,11.6,MORTGAGE,66133,8.02,627,Credit Card Refinance,Charged Off,7600.13,790.41,0
LN-25273,BW-16671,2025-06-08,18200,9.48,A,6.2,RENT,59721,25.29,819,Debt Consolidation,Current,4037.34,421.01,0
LN-25274,BW-26257,2024-07-11,17000,19.19,D,5.9,RENT,40744,37.82,601,Debt Consolidation,Fully Paid,17000.0,7177.06,0
LN-25275,BW-23632,2026-04-29,21600,8.84,A,4.0,MORTGAGE,43387,17.34,798,Debt Consolidation,Current,17204.79,1672.99,0
LN-25276,BW-28990,2024-01-19,39600,11.93,B,4.4,MORTGAGE,49737,16.82,729,Credit Card Refinance,Fully Paid,39600.0,10393.42,0
LN-25277,BW-22771,2024-09-11,11200,8.43,A,10.2,RENT,132694,17.02,747,Debt Consolidation,Charged Off,2132.92,89.9,1
LN-25278,BW-10025,2025-07-20,27400,13.21,B,10.3,MORTGAGE,35315,29.6,706,Home Improvement,Current,20621.43,2996.5,0
LN-25279,BW-10173,2025-04-26,27300,13.81,C,5.4,RENT,39624,7.19,669,Credit Card Refinance,Fully Paid,27300.0,8294.29,0
LN-25280,BW-24217,2024-02-06,15300,6.85,A,6.2,RENT,35766,25.84,754,Home Improvement,Fully Paid,15300.0,2305.71,0
LN-25281,BW-19279,2024-12-16,11200,12.19,B,9.6,MORTGAGE,78776,25.68,683,Debt Consolidation,Current,8722.59,1169.61,4
LN-25282,BW-17436,2025-07-25,4700,10.71,B,8.0,MORTGAGE,40094,11.87,703,Debt Consolidation,Fully Paid,4700.0,1107.41,0
LN-25283,BW-16031,2025-01-07,5500,14.58,C,6.3,OWN,74631,7.11,673,Debt Consolidation,Charged Off,965.62,70.39,0
LN-25284,BW-23084,2024-03-03,38500,12.35,B,4.6,MORTGAGE,78278,16.39,733,Credit Card Refinance,Fully Paid,38500.0,10460.45,0
LN-25285,BW-23950,2025-02-20,9100,21.36,D,4.8,MORTGAGE,83507,9.66,615,Debt Consolidation,Fully Paid,9100.0,4276.27,0
LN-25286,BW-18076,2024-04-03,12900,9.07,A,11.0,RENT,52420,30.56,759,Debt Consolidation,Current,3495.04,348.7,0
LN-25287,BW-16291,2024-05-15,32000,16.69,C,5.4,RENT,65869,8.44,640,Debt Consolidation,Late 31-120 Days,8269.35,690.08,0
LN-25288,BW-15209,2025-09-23,4000,15.85,C,9.9,MORTGAGE,65561,11.28,661,Home Improvement,Fully Paid,4000.0,1394.8,0
LN-25289,BW-17622,2024-04-12,9800,13.26,B,1.6,RENT,78076,24.64,707,Debt Consolidation,Current,2016.22,294.09,0
LN-25290,BW-21656,2024-09-16,20900,15.42,C,4.9,RENT,44722,25.05,676,Small Business,Current,5894.23,999.78,0
LN-25291,BW-26654,2024-11-03,31600,14.03,C,9.4,OWN,32225,37.96,634,Credit Card Refinance,Fully Paid,31600.0,9753.66,0
LN-25292,BW-27729,2024-09-17,29300,10.55,B,11.1,MORTGAGE,71724,8.39,710,Home Improvement,Current,9078.99,1053.62,0
LN-25293,BW-28617,2025-11-17,20100,17.4,C,2.1,MORTGAGE,82727,14.07,630,Small Business,Late 31-120 Days,5069.77,441.07,0
LN-25294,BW-29929,2024-07-16,21400,13.44,B,10.0,MORTGAGE,139823,14.43,720,Debt Consolidation,Fully Paid,21400.0,6327.55,0
LN-25295,BW-28748,2026-02-23,2900,12.95,B,9.0,RENT,78436,27.71,724,Debt Consolidation,Current,627.65,89.41,0
LN-25296,BW-29150,2025-06-29,38200,11.43,B,10.9,RENT,43859,27.9,684,Credit Card Refinance,Fully Paid,38200.0,9605.77,0
LN-25297,BW-25273,2025-10-19,12000,17.87,D,11.6,RENT,39274,37.34,600,Credit Card Refinance,Late 31-120 Days,4040.31,361.0,1
LN-25298,BW-23679,2025-11-18,14100,10.24,B,3.9,OWN,255935,27.64,720,Small Business,Current,3109.22,350.22,0
LN-25299,BW-26503,2024-07-11,24400,8.11,A,7.1,MORTGAGE,116545,11.05,819,Small Business,Fully Paid,24400.0,4353.45,0
LN-25300,BW-25497,2024-09-04,16800,16.56,C,6.0,RENT,39698,23.1,634,Debt Consolidation,Fully Paid,16800.0,6120.58,2
LN-25301,BW-19389,2024-12-29,21400,14.86,C,8.8,MORTGAGE,58806,16.99,644,Credit Card Refinance,Fully Paid,21400.0,6996.09,0
LN-25302,BW-28728,2025-09-23,37500,15.44,C,7.3,RENT,47347,14.03,673,Personal,Fully Paid,37500.0,12738.0,0
LN-25303,BW-28181,2024-05-28,32700,23.53,E,4.3,RENT,56876,32.07,523,Debt Consolidation,Current,24582.84,6362.78,0
LN-25304,BW-13430,2025-08-11,38000,19.45,D,10.3,RENT,56633,30.07,602,Debt Consolidation,Fully Paid,38000.0,16260.2,0
LN-25305,BW-13273,2026-04-06,7900,10.45,B,7.9,MORTGAGE,126681,15.75,686,Credit Card Refinance,Fully Paid,7900.0,1816.21,0
LN-25306,BW-10055,2024-02-07,15900,5.8,A,11.9,MORTGAGE,68576,22.26,741,Debt Consolidation,Fully Paid,15900.0,2028.84,0
LN-25307,BW-28223,2025-09-29,5400,14.89,C,10.6,RENT,31876,32.99,671,Major Purchase,In Grace Period,1862.63,138.67,1
LN-25308,BW-17893,2025-01-03,23800,20.12,D,11.3,MORTGAGE,75230,15.26,597,Debt Consolidation,Fully Paid,23800.0,10534.83,0
LN-25309,BW-14703,2025-04-19,36300,19.19,D,0.7,RENT,39849,9.96,609,Debt Consolidation,Current,16162.49,3411.74,0
LN-25310,BW-11865,2025-09-19,37100,15.02,C,10.5,RENT,60855,6.31,643,Debt Consolidation,Current,16722.25,2762.85,0
LN-25311,BW-14369,2024-02-16,3000,14.13,C,4.4,MORTGAGE,81909,23.14,632,Credit Card Refinance,Current,2286.26,355.35,0
LN-25312,BW-15271,2025-05-21,25600,11.6,B,2.0,MORTGAGE,45695,34.11,717,Small Business,Fully Paid,25600.0,6533.12,0
LN-25313,BW-25424,2025-12-11,22800,9.49,A,6.3,OWN,45841,35.04,769,Debt Consolidation,Current,10792.9,1126.67,1
LN-25314,BW-25754,2024-07-26,7800,9.25,A,10.7,OWN,36219,32.4,845,Credit Card Refinance,Current,5682.59,578.2,0
LN-25315,BW-28842,2024-12-10,3700,26.84,E,11.1,MORTGAGE,66441,11.15,572,Credit Card Refinance,In Grace Period,346.66,46.52,4
LN-25316,BW-18906,2025-01-12,8200,18.95,D,11.7,MORTGAGE,52398,9.65,607,Debt Consolidation,Fully Paid,8200.0,3418.58,0
LN-25317,BW-20123,2025-08-02,13500,19.54,D,1.3,MORTGAGE,81043,23.81,620,Debt Consolidation,In Grace Period,2705.01,264.28,0
LN-25318,BW-26888,2025-02-03,8700,7.84,A,9.2,RENT,84463,19.48,764,Debt Consolidation,Fully Paid,8700.0,1500.58,0
LN-25319,BW-12131,2024-07-05,25000,8.84,A,6.0,RENT,93493,7.19,769,Credit Card Refinance,Fully Paid,25000.0,4862.0,0
LN-25320,BW-20536,2024-07-24,28300,9.8,B,2.1,MORTGAGE,190452,20.38,716,Small Business,Current,13735.68,1480.71,0
LN-25321,BW-15717,2026-05-08,7500,9.35,A,5.9,MORTGAGE,46985,31.12,771,Debt Consolidation,Current,5437.05,559.2,0
LN-25322,BW-16861,2025-04-21,22200,19.85,D,7.7,RENT,52603,33.55,602,Debt Consolidation,Fully Paid,22200.0,9694.74,0
LN-25323,BW-22602,2024-04-26,30100,14.54,C,0.8,MORTGAGE,46510,27.64,638,Major Purchase,Fully Paid,30100.0,9628.39,0
LN-25324,BW-20375,2024-01-14,22500,13.41,B,0.6,MORTGAGE,69238,21.86,684,Debt Consolidation,Current,9762.41,1440.05,0
LN-25325,BW-21317,2024-07-24,8600,13.05,B,1.3,RENT,123366,18.41,697,Debt Consolidation,Fully Paid,8600.0,2469.06,0
LN-25326,BW-22814,2024-03-03,13600,11.7,B,9.7,MORTGAGE,75498,32.65,704,Small Business,Fully Paid,13600.0,3500.64,0
LN-25327,BW-27973,2024-11-29,25700,8.9,A,8.4,MORTGAGE,114588,20.55,772,Debt Consolidation,Current,10073.21,986.17,0
LN-25328,BW-28109,2025-10-18,25900,25.19,E,6.4,MORTGAGE,111825,14.4,538,Debt Consolidation,Charged Off,8555.62,1077.58,0
LN-25329,BW-23636,2024-07-02,11400,12.88,B,10.2,MORTGAGE,65525,18.25,723,Debt Consolidation,Fully Paid,11400.0,3230.3,3
LN-25330,BW-14604,2024-07-19,39400,22.86,E,11.1,OWN,88871,37.13,559,Debt Consolidation,Charged Off,5486.35,627.09,0
LN-25331,BW-29640,2026-06-12,36600,16.1,C,0.9,MORTGAGE,62978,26.34,653,Credit Card Refinance,Charged Off,7907.69,636.57,0
LN-25332,BW-14307,2026-02-10,4500,17.27,C,10.0,MORTGAGE,77237,21.66,643,Credit Card Refinance,Current,2241.84,425.88,0
LN-25333,BW-23417,2025-05-15,36800,9.99,B,9.5,OWN,68051,26.32,720,Credit Card Refinance,Current,19182.28,2107.94,0
LN-25334,BW-15436,2026-02-11,25500,9.8,B,2.7,RENT,33846,11.1,725,Credit Card Refinance,Current,11261.06,1213.94,0
LN-25335,BW-12615,2026-04-07,39700,6.9,A,11.8,MORTGAGE,39565,31.6,746,Debt Consolidation,Current,11763.95,892.88,0
LN-25336,BW-12362,2025-01-17,7500,11.9,B,5.9,MORTGAGE,46017,14.1,695,Home Improvement,Fully Paid,7500.0,1963.5,0
LN-25337,BW-16735,2024-10-07,9200,15.62,C,8.2,MORTGAGE,81292,8.69,654,Home Improvement,Current,4462.67,766.78,0
LN-25338,BW-24148,2026-06-04,35600,5.77,A,4.4,MORTGAGE,30705,18.49,772,Credit Card Refinance,Fully Paid,35600.0,4519.06,0
LN-25339,BW-12102,2026-02-04,35300,5.99,A,3.8,RENT,109724,37.38,773,Small Business,Current,27356.87,1802.54,0
LN-25340,BW-26494,2025-01-19,12600,12.3,B,2.6,OWN,30813,16.86,730,Home Improvement,In Grace Period,2884.56,177.4,0
LN-25341,BW-20899,2025-06-14,27600,10.45,B,3.3,OWN,179899,25.07,712,Home Improvement,Current,18833.49,2164.91,1
LN-25342,BW-15554,2024-07-27,23200,8.86,A,9.2,OWN,74940,32.05,816,Debt Consolidation,Fully Paid,23200.0,4522.14,0
LN-25343,BW-21602,2024-04-03,14400,18.45,D,8.5,RENT,82523,22.61,625,Debt Consolidation,Fully Paid,14400.0,5844.96,2
LN-25344,BW-21472,2024-04-03,3000,11.44,B,12.0,RENT,66365,8.37,693,Debt Consolidation,Fully Paid,3000.0,755.04,0
LN-25345,BW-10875,2024-02-21,27300,27.78,E,4.1,MORTGAGE,32253,17.71,524,Debt Consolidation,Fully Paid,27300.0,16684.67,0
LN-25346,BW-10148,2025-03-04,36700,26.74,E,5.4,MORTGAGE,131353,20.56,569,Debt Consolidation,Current,20424.03,6007.52,0
LN-25347,BW-10826,2026-05-09,24800,12.72,B,2.7,RENT,48722,12.1,726,Small Business,Current,8462.72,1184.1,0
LN-25348,BW-20223,2024-11-23,5600,21.94,D,7.1,RENT,218579,19.6,611,Credit Card Refinance,In Grace Period,770.21,84.49,0
LN-25349,BW-22330,2025-06-30,17000,16.64,C,3.4,MORTGAGE,59900,8.53,667,Debt Consolidation,Fully Paid,17000.0,6223.36,4
LN-25350,BW-29506,2025-03-17,9900,24.58,E,7.5,MORTGAGE,62900,24.77,536,Debt Consolidation,Charged Off,2909.31,357.55,0
LN-25351,BW-18245,2025-06-18,6600,12.59,B,0.7,RENT,89607,7.23,714,Debt Consolidation,Current,5182.54,717.73,0
LN-25352,BW-16740,2026-06-05,8600,9.98,B,8.5,RENT,265107,23.38,722,Debt Consolidation,Fully Paid,8600.0,1888.22,0
LN-25353,BW-29898,2025-04-01,6400,16.0,C,8.6,RENT,139203,17.79,642,Debt Consolidation,Fully Paid,6400.0,2252.8,0
LN-25354,BW-13349,2024-03-25,32200,9.75,B,11.4,MORTGAGE,74229,14.54,695,Debt Consolidation,Fully Paid,32200.0,6906.9,0
LN-25355,BW-27988,2025-12-26,37600,12.01,B,4.6,RENT,44679,22.02,728,Debt Consolidation,Current,17926.45,2368.26,0
LN-25356,BW-29486,2025-05-19,7500,17.2,C,5.9,OWN,33050,26.83,672,Personal,Charged Off,2535.3,218.04,0
LN-25357,BW-22050,2026-04-09,11300,16.41,C,4.8,MORTGAGE,44917,30.68,674,Credit Card Refinance,Current,7532.43,1359.68,4
LN-25358,BW-24160,2025-12-13,20100,17.74,D,3.6,MORTGAGE,66126,18.63,614,Major Purchase,Charged Off,6279.42,556.98,0
LN-25359,BW-18266,2024-02-27,8100,13.37,B,8.9,RENT,74264,21.29,686,Home Improvement,Fully Paid,8100.0,2382.53,3
LN-25360,BW-23111,2026-04-25,12900,10.61,B,2.6,MORTGAGE,59919,35.73,736,Major Purchase,Current,9971.16,1163.73,0
LN-25361,BW-25419,2024-05-16,8300,14.17,C,3.5,MORTGAGE,79722,34.42,667,Major Purchase,Current,3389.44,528.31,0
LN-25362,BW-20896,2026-05-23,7100,21.52,D,8.5,RENT,44552,10.37,612,Home Improvement,Current,1574.47,372.71,0
LN-25363,BW-20506,2026-06-26,29500,9.68,B,8.4,MORTGAGE,65980,11.57,731,Debt Consolidation,Fully Paid,29500.0,6282.32,0
LN-25364,BW-15173,2026-04-12,11000,20.27,D,10.7,MORTGAGE,50633,25.43,593,Home Improvement,Charged Off,1101.84,111.67,0
LN-25365,BW-18213,2024-02-07,6100,11.72,B,6.9,RENT,66182,20.56,680,Credit Card Refinance,Current,3001.64,386.97,0
LN-25366,BW-14003,2026-02-26,34100,15.88,C,6.8,RENT,65909,29.03,675,Debt Consolidation,Fully Paid,34100.0,11913.18,0
LN-25367,BW-20918,2024-03-04,30900,17.84,D,11.3,MORTGAGE,214666,13.67,593,Home Improvement,Fully Paid,30900.0,12127.63,0
LN-25368,BW-27361,2024-05-12,23000,20.1,D,5.8,RENT,66493,20.22,587,Debt Consolidation,Late 31-120 Days,2475.59,248.8,2
LN-25369,BW-11699,2026-01-15,16100,6.59,A,7.6,MORTGAGE,101149,33.35,826,Debt Consolidation,Fully Paid,16100.0,2334.18,0
LN-25370,BW-18006,2025-11-05,22000,14.42,C,11.4,OWN,48119,11.75,673,Small Business,Current,14239.0,2258.59,4
LN-25371,BW-15295,2025-07-03,5000,7.77,A,7.5,RENT,49196,36.49,804,Home Improvement,Charged Off,1667.15,64.77,0
LN-25372,BW-21468,2024-02-08,9400,10.12,B,4.4,OWN,67969,11.56,736,Debt Consolidation,Current,4087.94,455.07,0
LN-25373,BW-19105,2025-11-15,4200,11.67,B,9.8,RENT,104250,13.95,720,Personal,Fully Paid,4200.0,1078.31,0
LN-25374,BW-13563,2025-09-08,27200,10.44,B,7.4,MORTGAGE,67702,21.12,720,Debt Consolidation,Current,9349.3,1073.67,2
LN-25375,BW-24693,2025-08-29,34800,9.46,A,9.5,RENT,33718,35.24,795,Credit Card Refinance,In Grace Period,11096.98,524.89,0
LN-25376,BW-29490,2025-05-14,21400,10.44,B,7.0,MORTGAGE,114833,29.15,681,Home Improvement,Current,16837.38,1933.6,0
LN-25377,BW-15443,2024-06-01,40000,19.89,D,9.9,RENT,35965,5.31,584,Debt Consolidation,Charged Off,2889.54,287.36,0
LN-25378,BW-26608,2025-12-08,25600,9.02,A,6.3,RENT,32228,15.18,741,Small Business,Fully Paid,25600.0,5080.06,0
LN-25379,BW-26250,2026-03-25,26400,12.49,B,2.3,RENT,55815,16.56,722,Debt Consolidation,Current,11457.41,1574.13,0
LN-25380,BW-12425,2025-08-06,13500,22.16,E,7.7,MORTGAGE,63084,32.78,534,Credit Card Refinance,Charged Off,4010.53,444.37,0
LN-25381,BW-16951,2024-08-25,24400,11.44,B,1.0,OWN,135392,31.06,719,Credit Card Refinance,Fully Paid,24400.0,6140.99,0
LN-25382,BW-12343,2026-05-23,17100,13.36,B,10.5,RENT,49325,32.4,690,Small Business,Current,6727.32,988.65,0
LN-25383,BW-17376,2024-07-05,34100,15.32,C,7.6,MORTGAGE,132672,26.56,665,Credit Card Refinance,Current,13312.66,2243.45,0
LN-25384,BW-24829,2025-04-24,38200,9.11,A,3.2,RENT,112106,8.68,807,Home Improvement,Fully Paid,38200.0,7656.04,0
LN-25385,BW-16319,2025-01-02,21500,22.76,E,9.2,RENT,62418,5.96,551,Debt Consolidation,Charged Off,5227.76,594.92,0
LN-25386,BW-16159,2024-07-23,6900,10.29,B,4.1,RENT,63869,28.25,728,Small Business,Fully Paid,6900.0,1562.02,0
LN-25387,BW-21078,2025-05-14,14800,6.69,A,5.9,OWN,105313,24.28,747,Debt Consolidation,Current,5649.49,415.75,2
LN-25388,BW-15616,2025-01-13,15300,6.72,A,2.4,MORTGAGE,85852,6.33,784,Credit Card Refinance,Fully Paid,15300.0,2261.95,0
LN-25389,BW-15881,2024-11-06,8600,8.66,A,8.0,MORTGAGE,51672,10.16,823,Credit Card Refinance,Current,1834.35,174.74,0
LN-25390,BW-14853,2024-03-18,21300,15.64,C,10.7,MORTGAGE,50630,15.43,648,Personal,Current,10427.23,1793.9,0
LN-25391,BW-10655,2025-07-17,14400,12.9,B,6.9,RENT,37767,29.47,713,Debt Consolidation,Fully Paid,14400.0,4086.72,0
LN-25392,BW-20585,2024-04-11,27300,7.92,A,2.2,MORTGAGE,48661,15.11,775,Debt Consolidation,Charged Off,6184.86,244.92,0
LN-25393,BW-14412,2025-10-21,26100,13.18,B,0.8,RENT,46035,21.27,693,Debt Consolidation,Fully Paid,26100.0,7567.96,0
LN-25394,BW-25407,2025-09-22,19600,12.49,B,10.7,MORTGAGE,58914,24.04,691,Debt Consolidation,Current,10462.22,1437.4,2
LN-25395,BW-27027,2025-04-22,19300,16.04,C,0.7,RENT,59218,7.01,637,Major Purchase,Fully Paid,19300.0,6810.58,0
LN-25396,BW-21396,2026-01-13,9700,14.08,C,0.9,RENT,77407,19.14,659,Debt Consolidation,Late 31-120 Days,3366.06,236.97,0
LN-25397,BW-28353,2025-09-01,26900,20.09,D,0.6,MORTGAGE,35753,9.03,613,Major Purchase,Current,6309.05,1394.24,0
LN-25398,BW-23301,2024-07-20,21300,11.78,B,4.4,RENT,69451,34.16,715,Credit Card Refinance,Current,6337.36,821.2,0
LN-25399,BW-28786,2025-02-21,23400,11.63,B,2.9,RENT,121393,24.34,699,Credit Card Refinance,Late 31-120 Days,6163.83,358.43,0
LN-25400,BW-11826,2024-08-24,6200,14.46,C,9.8,RENT,82725,30.23,640,Personal,Current,2343.21,372.71,4
LN-25401,BW-25931,2024-10-15,21500,14.1,C,5.3,MORTGAGE,59348,16.32,645,Debt Consolidation,Current,16103.96,2497.72,0
LN-25402,BW-29880,2024-12-18,11100,14.53,C,7.4,OWN,40662,6.03,663,Credit Card Refinance,Fully Paid,11100.0,3548.23,0
LN-25403,BW-16187,2024-05-15,7300,13.0,B,9.6,MORTGAGE,30989,21.0,695,Credit Card Refinance,Current,1471.54,210.43,0
LN-25404,BW-14480,2026-04-14,27100,13.08,B,11.3,RENT,100398,10.15,680,Credit Card Refinance,Fully Paid,27100.0,7798.3,4
LN-25405,BW-27488,2024-12-26,18800,13.48,B,7.5,RENT,129441,6.91,727,Debt Consolidation,Fully Paid,18800.0,5575.33,0
LN-25406,BW-13756,2025-12-08,31000,8.74,A,0.9,MORTGAGE,68825,35.02,789,Debt Consolidation,Current,18977.95,1824.54,0
LN-25407,BW-16164,2024-04-29,17600,11.44,B,10.8,OWN,75747,14.75,739,Credit Card Refinance,Fully Paid,17600.0,4429.57,0
LN-25408,BW-25443,2025-09-08,28900,12.77,B,2.3,RENT,83739,12.37,697,Credit Card Refinance,In Grace Period,9819.18,626.95,0
LN-25409,BW-16134,2024-02-24,24300,11.95,B,9.0,RENT,53475,7.73,685,Credit Card Refinance,Fully Paid,24300.0,6388.47,0
LN-25410,BW-25549,2026-06-29,10000,12.61,B,3.9,MORTGAGE,58581,33.39,720,Debt Consolidation,Charged Off,3287.96,207.31,0
LN-25411,BW-15678,2026-06-21,37700,11.79,B,9.0,RENT,37183,7.27,698,Home Improvement,Current,18640.83,2417.53,0
LN-25412,BW-17994,2025-11-02,27300,8.18,A,11.4,MORTGAGE,49483,36.95,829,Debt Consolidation,Current,5798.53,521.75,0
LN-25413,BW-20727,2024-03-18,10800,6.09,A,5.7,RENT,268290,24.83,823,Home Improvement,In Grace Period,809.93,24.66,0
LN-25414,BW-21552,2025-07-22,35100,10.72,B,3.6,OWN,42283,34.07,711,Small Business,Charged Off,11199.34,600.28,2
LN-25415,BW-25845,2025-05-10,16400,6.47,A,3.8,RENT,30730,12.75,807,Credit Card Refinance,Current,4720.66,335.97,2
LN-25416,BW-24571,2026-06-20,36600,9.16,A,5.1,MORTGAGE,80283,13.0,844,Home Improvement,Fully Paid,36600.0,7375.63,0
LN-25417,BW-26407,2024-08-06,25100,10.15,B,9.4,MORTGAGE,56639,35.63,694,Home Improvement,Current,19200.67,2143.75,0
LN-25418,BW-19238,2026-03-28,33700,7.84,A,2.6,MORTGAGE,38332,33.45,815,Home Improvement,Fully Paid,33700.0,5812.58,0
LN-25419,BW-29164,2024-01-19,2700,24.02,E,9.4,OWN,206762,8.68,533,Debt Consolidation,Fully Paid,2700.0,1426.79,0
LN-25420,BW-21052,2024-06-22,19500,15.92,C,8.0,MORTGAGE,47360,30.9,670,Home Improvement,Fully Paid,19500.0,6829.68,0
LN-25421,BW-20386,2026-02-01,14100,16.68,C,7.9,MORTGAGE,44221,27.99,642,Home Improvement,Current,9858.41,1808.82,0
LN-25422,BW-25008,2024-03-19,20400,6.19,A,6.4,MORTGAGE,106215,9.41,778,Home Improvement,Current,9124.47,621.29,0
LN-25423,BW-15054,2025-04-11,18600,13.46,B,1.0,RENT,30416,18.02,716,Debt Consolidation,Fully Paid,18600.0,5507.83,1
LN-25424,BW-19811,2025-12-24,30500,16.86,C,3.1,MORTGAGE,115379,12.65,654,Debt Consolidation,Current,13141.79,2437.28,0
LN-25425,BW-24629,2026-03-03,39400,12.87,B,6.8,RENT,57845,21.29,702,Credit Card Refinance,Fully Paid,39400.0,11155.72,0
LN-25426,BW-18276,2025-11-13,30600,6.9,A,1.2,RENT,51998,24.92,750,Home Improvement,Fully Paid,30600.0,4645.08,2
LN-25427,BW-24051,2024-01-12,7900,12.06,B,4.4,MORTGAGE,35815,27.48,705,Small Business,Current,2841.96,377.01,0
LN-25428,BW-29942,2025-07-27,8200,21.07,D,3.0,RENT,65513,36.32,583,Debt Consolidation,In Grace Period,2037.34,214.63,3
LN-25429,BW-16610,2025-04-06,9700,14.84,C,10.2,RENT,33545,32.71,632,Credit Card Refinance,Fully Paid,9700.0,3166.86,0
LN-25430,BW-12666,2025-05-13,3400,13.89,C,3.9,RENT,61576,21.29,667,Debt Consolidation,Fully Paid,3400.0,1038.97,0
LN-25431,BW-20462,2024-12-16,18100,13.22,B,2.5,MORTGAGE,79805,8.81,709,Credit Card Refinance,Current,6693.65,973.39,0
LN-25432,BW-25653,2024-05-24,33600,11.63,B,9.3,MORTGAGE,46621,16.76,684,Credit Card Refinance,In Grace Period,4346.39,252.74,0
LN-25433,BW-25680,2025-01-25,25500,8.31,A,5.4,MORTGAGE,43512,17.83,752,Home Improvement,Current,8184.89,748.18,0
LN-25434,BW-24935,2024-07-16,13800,8.79,A,3.1,MORTGAGE,52996,18.2,845,Debt Consolidation,Current,6648.72,642.86,0
LN-25435,BW-22041,2026-02-19,5900,10.65,B,3.3,RENT,102285,20.87,699,Debt Consolidation,Current,4069.63,476.76,0
LN-25436,BW-28095,2025-09-24,5200,19.06,D,0.7,RENT,59155,5.03,603,Credit Card Refinance,Current,4119.78,863.75,0
LN-25437,BW-20230,2024-02-14,15800,9.64,B,11.2,RENT,132067,23.07,710,Debt Consolidation,Current,4099.92,434.76,4
LN-25438,BW-10633,2024-03-16,17200,5.9,A,11.8,MORTGAGE,52132,22.78,755,Debt Consolidation,In Grace Period,905.88,26.72,0
LN-25439,BW-13385,2025-02-22,4200,9.4,A,4.8,MORTGAGE,41243,28.99,742,Debt Consolidation,Current,2122.2,219.44,0
LN-25440,BW-28278,2025-09-05,14200,18.22,D,11.5,RENT,39453,8.5,614,Debt Consolidation,Charged Off,2578.26,234.88,0
LN-25441,BW-10949,2024-11-26,31400,16.18,C,8.8,RENT,60901,11.53,634,Home Improvement,Current,19548.85,3479.3,0
LN-25442,BW-21280,2024-03-25,12500,7.0,A,2.8,MORTGAGE,97428,25.07,829,Debt Consolidation,Fully Paid,12500.0,1925.0,0
LN-25443,BW-23162,2025-06-08,23500,7.02,A,3.2,MORTGAGE,47822,17.08,838,Credit Card Refinance,Fully Paid,23500.0,3629.34,0
LN-25444,BW-22594,2025-06-14,32800,7.03,A,10.7,RENT,44886,29.11,806,Credit Card Refinance,Fully Paid,32800.0,5072.85,0
LN-25445,BW-23371,2025-07-19,26100,17.45,C,5.5,RENT,57763,22.35,670,Credit Card Refinance,Fully Paid,26100.0,10019.79,0
LN-25446,BW-18812,2026-03-30,26900,24.21,E,12.0,MORTGAGE,51561,21.69,527,Credit Card Refinance,Fully Paid,26900.0,14327.48,0
LN-25447,BW-22292,2025-08-15,16200,8.74,A,11.1,OWN,34052,12.9,746,Major Purchase,Fully Paid,16200.0,3114.94,0
LN-25448,BW-25614,2025-04-03,16600,14.47,C,9.4,RENT,51406,10.71,638,Debt Consolidation,Current,12483.59,1987.01,0
LN-25449,BW-15905,2025-09-25,16200,13.74,C,5.6,OWN,78595,5.15,639,Home Improvement,Late 16-30 Days,4066.94,279.4,0
LN-25450,BW-15496,2026-03-17,36700,7.94,A,10.5,MORTGAGE,56171,28.2,781,Debt Consolidation,Fully Paid,36700.0,6410.76,0
LN-25451,BW-17782,2024-12-14,37100,19.5,D,8.8,MORTGAGE,59076,18.19,624,Credit Card Refinance,Current,23478.38,5036.11,0
LN-25452,BW-12685,2026-06-11,3300,13.95,C,9.1,RENT,64027,29.16,640,Debt Consolidation,Fully Paid,3300.0,1012.77,3
LN-25453,BW-17932,2024-05-11,10900,12.01,B,11.5,RENT,46007,23.07,734,Credit Card Refinance,Fully Paid,10900.0,2880.0,0
LN-25454,BW-19147,2026-03-11,18900,18.68,D,10.9,OWN,71987,11.11,598,Debt Consolidation,Charged Off,5372.75,501.81,0
LN-25455,BW-14557,2025-01-29,19300,7.86,A,3.5,RENT,109671,9.34,848,Major Purchase,Current,6301.76,544.85,0
LN-25456,BW-12756,2026-04-27,20200,8.8,A,2.5,RENT,51770,25.87,822,Debt Consolidation,Current,12882.94,1247.07,0
LN-25457,BW-16405,2025-08-25,17100,12.29,B,1.3,OWN,32174,10.28,695,Home Improvement,Current,9036.47,1221.64,0
LN-25458,BW-18418,2026-03-02,35400,12.28,B,4.4,MORTGAGE,78949,10.21,723,Home Improvement,Fully Paid,35400.0,9563.66,0
LN-25459,BW-28839,2025-11-29,10900,25.02,E,5.6,MORTGAGE,240284,9.39,524,Home Improvement,Current,5125.98,1410.77,0
LN-25460,BW-10527,2024-01-11,13400,21.69,D,7.2,MORTGAGE,56856,12.51,599,Debt Consolidation,Fully Paid,13400.0,6394.21,0
LN-25461,BW-17433,2024-01-14,16000,12.77,B,3.0,MORTGAGE,64710,32.18,707,Debt Consolidation,Late 16-30 Days,5598.32,357.45,2
LN-25462,BW-27474,2025-01-31,27800,10.56,B,7.5,RENT,69639,30.24,734,Debt Consolidation,Current,20793.51,2415.37,0
LN-25463,BW-29417,2024-05-28,16900,15.09,C,1.3,MORTGAGE,111762,18.05,631,Debt Consolidation,Late 16-30 Days,5461.61,412.08,0
LN-25464,BW-25464,2026-01-04,39300,14.78,C,2.1,MORTGAGE,43520,22.8,632,Debt Consolidation,Current,11376.59,1849.61,0
LN-25465,BW-21090,2025-10-24,10300,8.33,A,11.1,MORTGAGE,77374,29.05,796,Debt Consolidation,Fully Paid,10300.0,1887.58,0
LN-25466,BW-26724,2025-05-25,34600,10.13,B,7.6,MORTGAGE,57121,11.58,736,Home Improvement,Fully Paid,34600.0,7710.96,0
LN-25467,BW-22180,2024-08-17,21300,10.88,B,3.3,RENT,58768,36.75,705,Credit Card Refinance,Current,14635.6,1751.59,3
LN-25468,BW-20393,2024-07-18,39100,15.06,C,11.6,RENT,61565,6.27,671,Debt Consolidation,Fully Paid,39100.0,12954.61,0
LN-25469,BW-18806,2024-12-15,36200,13.27,B,7.7,MORTGAGE,71778,28.71,686,Credit Card Refinance,Charged Off,8590.75,570.0,0
LN-25470,BW-25379,2026-05-18,19600,22.75,E,2.5,MORTGAGE,77425,31.41,577,Small Business,Charged Off,4352.79,495.13,0
LN-25471,BW-20922,2025-04-19,12200,6.44,A,10.1,MORTGAGE,32565,13.31,803,Home Improvement,Current,3531.92,250.2,0
LN-25472,BW-29274,2025-06-29,39700,20.92,D,1.6,RENT,70704,7.96,607,Home Improvement,Charged Off,10098.91,1056.35,0
LN-25473,BW-16922,2024-09-21,27300,10.32,B,11.0,MORTGAGE,86940,21.88,715,Debt Consolidation,Current,21170.03,2403.22,0
LN-25474,BW-19927,2026-06-16,7500,8.27,A,1.7,MORTGAGE,113217,23.18,785,Debt Consolidation,Current,1546.85,140.72,0
LN-25475,BW-15264,2025-10-30,15600,12.19,B,10.4,RENT,97622,6.31,689,Credit Card Refinance,In Grace Period,5246.31,319.76,0
LN-25476,BW-26930,2024-06-26,4200,11.84,B,7.7,OWN,248646,20.78,715,Major Purchase,Current,1435.96,187.02,0
LN-25477,BW-10015,2024-09-12,18800,20.46,D,7.2,RENT,134058,17.64,628,Debt Consolidation,Late 16-30 Days,1793.71,183.5,4
LN-25478,BW-27494,2025-09-18,17200,19.51,D,8.1,MORTGAGE,84099,35.93,591,Debt Consolidation,Current,6211.33,1333.01,0
LN-25479,BW-15249,2025-08-04,17500,6.72,A,10.6,RENT,84744,8.01,779,Credit Card Refinance,Current,13561.01,1002.43,0
LN-25480,BW-22059,2025-10-21,13500,15.32,C,11.1,RENT,129595,36.26,630,Home Improvement,Fully Paid,13500.0,4550.04,0
LN-25481,BW-12329,2026-06-09,28300,6.84,A,4.7,RENT,75307,26.17,749,Major Purchase,Current,18428.94,1386.59,1
LN-25482,BW-14952,2024-04-16,4000,12.73,B,1.6,MORTGAGE,57194,32.25,731,Credit Card Refinance,Current,1743.62,244.16,0
LN-25483,BW-25944,2024-10-25,5200,12.26,B,2.0,OWN,80563,33.95,702,Credit Card Refinance,Current,3804.49,513.07,3
LN-25484,BW-19435,2025-05-29,6400,13.33,B,0.9,MORTGAGE,31687,31.48,702,Credit Card Refinance,Current,5092.72,746.75,0
LN-25485,BW-14591,2026-06-12,32800,13.27,B,7.7,RENT,92219,14.36,707,Home Improvement,Current,9753.81,1423.76,0
LN-25486,BW-18073,2024-08-12,25800,8.3,A,9.6,RENT,71080,29.86,786,Debt Consolidation,Fully Paid,25800.0,4711.08,0
LN-25487,BW-29038,2025-06-29,31700,16.67,C,7.2,RENT,64654,11.84,641,Personal,Charged Off,6232.58,519.49,0
LN-25488,BW-18283,2026-03-28,33100,12.53,B,4.9,RENT,44389,15.23,720,Credit Card Refinance,Current,16930.37,2333.51,0
LN-25489,BW-20806,2025-03-09,30500,14.34,C,5.9,OWN,48695,18.8,650,Credit Card Refinance,Fully Paid,30500.0,9622.14,0
LN-25490,BW-14953,2025-04-21,24600,20.31,D,1.7,RENT,44216,35.86,625,Personal,Current,7624.16,1703.31,0
LN-25491,BW-20202,2026-05-29,25900,6.75,A,4.6,MORTGAGE,124290,22.44,753,Credit Card Refinance,Current,8323.39,618.01,0
LN-25492,BW-16865,2026-01-27,6700,21.74,D,7.6,MORTGAGE,221763,36.46,611,Debt Consolidation,Fully Paid,6700.0,3204.48,0
LN-25493,BW-26243,2024-03-21,39900,10.88,B,8.1,RENT,32464,25.36,703,Debt Consolidation,Fully Paid,39900.0,9550.46,0
LN-25494,BW-24887,2024-01-30,37000,14.0,C,5.7,MORTGAGE,55521,13.32,639,Debt Consolidation,Current,27217.05,4191.43,0
LN-25495,BW-14430,2024-03-01,20700,7.12,A,11.8,OWN,37242,27.96,829,Credit Card Refinance,Current,9789.8,766.74,3
LN-25496,BW-19142,2026-04-10,25700,13.96,C,4.4,MORTGAGE,58481,20.47,655,Debt Consolidation,Current,13850.64,2126.9,0
LN-25497,BW-29985,2026-05-28,15800,7.57,A,3.7,RENT,60887,30.94,741,Small Business,Current,3687.37,307.05,0
LN-25498,BW-28308,2024-12-19,27000,27.29,E,6.6,RENT,50297,5.82,546,Debt Consolidation,Fully Paid,27000.0,16210.26,0
LN-25499,BW-17620,2024-03-28,22900,7.13,A,11.1,MORTGAGE,38487,10.31,836,Debt Consolidation,Current,6768.1,530.82,0
LN-25500,BW-28013,2024-06-25,30800,26.78,E,2.5,MORTGAGE,43440,20.04,545,Debt Consolidation,Charged Off,10731.43,1436.94,3
LN-25501,BW-18269,2025-06-15,13000,10.19,B,6.7,OWN,54812,10.39,680,Debt Consolidation,In Grace Period,4546.93,231.67,0
LN-25502,BW-13706,2024-09-28,25200,12.24,B,9.2,MORTGAGE,129494,26.16,714,Debt Consolidation,Fully Paid,25200.0,6785.86,0
LN-25503,BW-28299,2024-12-01,12700,25.31,E,5.9,RENT,231577,27.89,525,Debt Consolidation,Fully Paid,12700.0,7071.61,0
LN-25504,BW-27892,2025-10-10,19000,11.27,B,0.6,MORTGAGE,74232,17.34,699,Home Improvement,Fully Paid,19000.0,4710.86,0
LN-25505,BW-25276,2025-07-10,13600,6.22,A,4.4,OWN,38860,17.41,821,Debt Consolidation,Fully Paid,13600.0,1861.02,0
LN-25506,BW-14704,2026-04-29,23100,9.94,B,2.1,MORTGAGE,47191,9.72,682,Debt Consolidation,Current,6279.45,686.6,0
LN-25507,BW-17030,2024-08-04,25600,17.45,C,2.8,MORTGAGE,81457,34.05,670,Debt Consolidation,Current,17080.84,3278.67,0
LN-25508,BW-26846,2024-04-06,20800,12.22,B,6.8,MORTGAGE,72360,33.51,706,Debt Consolidation,Current,12593.5,1692.82,0
LN-25509,BW-17614,2024-10-14,31600,8.74,A,8.4,MORTGAGE,56495,18.12,803,Debt Consolidation,Fully Paid,31600.0,6076.05,0
LN-25510,BW-18171,2025-06-06,36200,19.88,D,10.7,RENT,74761,30.25,622,Debt Consolidation,Late 31-120 Days,6659.54,661.96,0
LN-25511,BW-29020,2026-03-15,14200,9.73,B,10.9,OWN,46355,10.95,732,Debt Consolidation,Current,10575.22,1131.87,0
LN-25512,BW-24344,2026-03-14,27400,20.56,D,0.9,RENT,113342,33.7,626,Debt Consolidation,Late 16-30 Days,6857.1,704.91,0
LN-25513,BW-12876,2026-06-01,29900,14.11,C,10.7,RENT,69609,32.94,646,Debt Consolidation,Late 31-120 Days,3071.24,216.68,3
LN-25514,BW-24629,2025-08-10,24100,21.28,D,2.7,MORTGAGE,67050,13.45,621,Debt Consolidation,Current,14140.45,3310.0,0
LN-25515,BW-20452,2024-04-04,2700,9.82,B,8.3,OWN,106702,26.43,691,Personal,Current,1804.11,194.88,4
LN-25516,BW-10428,2026-01-07,4800,21.67,D,7.0,RENT,43460,8.7,589,Home Improvement,Fully Paid,4800.0,2288.35,0
LN-25517,BW-17582,2025-04-27,22000,5.55,A,4.2,MORTGAGE,136376,18.52,819,Debt Consolidation,Current,16030.85,978.68,0
LN-25518,BW-13388,2026-01-31,11900,10.36,B,5.3,RENT,41085,16.42,723,Home Improvement,Late 16-30 Days,1878.23,97.29,0
LN-25519,BW-23099,2026-03-07,33600,10.62,B,4.3,MORTGAGE,56570,22.18,680,Credit Card Refinance,Current,9898.23,1156.31,0
LN-25520,BW-25481,2026-03-18,29600,7.81,A,2.6,MORTGAGE,78617,14.34,769,Personal,Current,7822.67,672.05,0
LN-25521,BW-23661,2025-11-18,27200,24.0,E,1.4,MORTGAGE,62428,18.01,521,Debt Consolidation,Fully Paid,27200.0,14361.6,0
LN-25522,BW-24618,2026-03-29,37600,12.08,B,10.3,RENT,38260,14.9,726,Home Improvement,Current,22125.05,2939.98,0
LN-25523,BW-29196,2026-05-15,8000,17.7,D,7.4,RENT,62522,34.79,585,Credit Card Refinance,Charged Off,2780.05,246.03,0
LN-25524,BW-22537,2024-05-07,28200,11.09,B,4.6,MORTGAGE,51898,30.13,691,Credit Card Refinance,Current,8812.56,1075.04,0
LN-25525,BW-26899,2024-11-20,36300,15.38,C,6.6,RENT,69065,28.66,633,Debt Consolidation,Fully Paid,36300.0,12282.47,0
LN-25526,BW-29391,2024-12-10,28400,6.76,A,5.1,MORTGAGE,31173,24.07,798,Credit Card Refinance,Fully Paid,28400.0,4223.65,0
LN-25527,BW-15273,2024-03-12,33500,7.14,A,9.9,RENT,83190,33.08,796,Major Purchase,Current,26389.7,2072.65,0
LN-25528,BW-23068,2024-08-04,35500,16.99,C,2.8,MORTGAGE,82920,37.75,657,Home Improvement,Fully Paid,35500.0,13269.19,0
LN-25529,BW-29213,2026-04-28,20000,11.02,B,1.6,MORTGAGE,37800,23.15,690,Debt Consolidation,Fully Paid,20000.0,4848.8,0
LN-25530,BW-26520,2024-08-30,9400,21.36,D,9.6,RENT,57499,30.96,604,Debt Consolidation,Current,2770.06,650.85,0
LN-25531,BW-26000,2026-01-30,27900,7.73,A,1.2,MORTGAGE,68967,7.89,799,Major Purchase,Current,18393.38,1563.99,0
LN-25532,BW-18610,2024-07-23,36600,10.19,B,11.1,MORTGAGE,128383,19.16,722,Debt Consolidation,Current,10550.88,1182.65,1
LN-25533,BW-29882,2024-02-13,20700,23.46,E,5.7,MORTGAGE,46732,29.67,539,Debt Consolidation,Current,9530.13,2459.35,0
LN-25534,BW-27636,2025-02-01,16500,9.86,B,8.9,OWN,75384,19.64,707,Debt Consolidation,Current,13127.78,1423.84,0
LN-25535,BW-15671,2024-11-22,25600,9.26,A,6.0,OWN,55625,19.6,770,Credit Card Refinance,Fully Paid,25600.0,5215.23,0
LN-25536,BW-17192,2026-05-05,36400,8.55,A,0.7,RENT,36291,14.67,744,Debt Consolidation,Current,27337.89,2571.13,0
LN-25537,BW-12715,2024-06-22,11500,13.02,B,11.5,MORTGAGE,121467,29.46,683,Home Improvement,Current,5789.54,829.18,3
LN-25538,BW-11277,2026-01-12,17300,11.04,B,4.0,MORTGAGE,79436,30.63,721,Personal,Fully Paid,17300.0,4201.82,0
LN-25539,BW-10583,2024-06-09,34200,13.45,B,6.7,MORTGAGE,58538,28.39,730,Credit Card Refinance,Current,14409.63,2131.9,0
LN-25540,BW-24803,2025-04-19,8200,13.92,C,7.4,MORTGAGE,80428,26.55,667,Debt Consolidation,Fully Paid,8200.0,2511.17,0
LN-25541,BW-22546,2025-07-19,6900,15.94,C,2.9,MORTGAGE,130157,20.31,650,Debt Consolidation,Current,1838.84,322.42,0
LN-25542,BW-27311,2024-06-15,17300,16.73,C,9.8,RENT,80655,12.16,658,Small Business,Current,9180.01,1689.4,4
LN-25543,BW-19016,2024-05-16,26200,14.76,C,4.3,MORTGAGE,105622,26.3,670,Credit Card Refinance,Fully Paid,26200.0,8507.66,0
LN-25544,BW-24349,2024-05-31,13100,8.14,A,4.5,MORTGAGE,79341,37.1,751,Debt Consolidation,Current,7429.56,665.24,3
LN-25545,BW-30000,2024-01-27,14600,15.68,C,11.9,RENT,74063,17.52,672,Debt Consolidation,Charged Off,4778.64,374.65,0
LN-25546,BW-21034,2025-01-13,3600,10.95,B,6.6,MORTGAGE,43067,15.69,738,Small Business,Fully Paid,3600.0,867.24,0
LN-25547,BW-27820,2025-11-05,39900,14.99,C,8.3,MORTGAGE,31679,20.96,673,Credit Card Refinance,Current,23290.65,3840.4,3
LN-25548,BW-10580,2025-09-15,18400,17.18,C,1.0,RENT,149020,13.11,676,Debt Consolidation,Fully Paid,18400.0,6954.46,0
LN-25549,BW-27354,2025-11-09,25800,9.65,B,2.1,RENT,77650,34.41,723,Debt Consolidation,Fully Paid,25800.0,5477.34,0
LN-25550,BW-28889,2024-12-04,25500,16.28,C,1.6,MORTGAGE,42563,8.63,678,Home Improvement,Charged Off,5433.3,442.27,3
LN-25551,BW-16032,2024-03-23,14900,13.68,C,1.7,RENT,71658,19.85,643,Home Improvement,Current,3504.25,527.32,0
LN-25552,BW-21513,2024-02-28,37900,12.52,B,11.3,RENT,127772,24.1,708,Credit Card Refinance,Fully Paid,37900.0,10439.18,0
LN-25553,BW-29313,2025-10-23,12400,10.99,B,7.5,RENT,59472,31.49,722,Debt Consolidation,Fully Paid,12400.0,2998.07,0
LN-25554,BW-16903,2025-10-13,7800,23.37,E,2.5,OWN,32744,22.01,520,Major Purchase,Current,2711.98,697.17,3
LN-25555,BW-12392,2025-11-01,26900,13.07,B,3.2,MORTGAGE,82200,28.04,732,Debt Consolidation,Fully Paid,26900.0,7734.83,0
LN-25556,BW-17535,2024-01-14,36600,12.87,B,0.6,MORTGAGE,56680,28.8,708,Home Improvement,Fully Paid,36600.0,10362.92,0
LN-25557,BW-25991,2026-01-16,13400,19.09,D,5.3,MORTGAGE,42479,26.47,592,Debt Consolidation,Late 16-30 Days,3396.29,324.18,0
LN-25558,BW-19737,2025-02-12,4200,7.53,A,3.0,MORTGAGE,129490,11.53,827,Debt Consolidation,Fully Paid,4200.0,695.77,0
LN-25559,BW-16965,2025-01-18,11600,14.82,C,6.0,OWN,51576,28.81,644,Debt Consolidation,Late 31-120 Days,3858.84,285.94,0
LN-25560,BW-22946,2024-12-25,18000,12.04,B,3.2,MORTGAGE,68851,33.71,695,Debt Consolidation,Current,6204.2,821.68,0
LN-25561,BW-14117,2024-05-13,17600,10.33,B,9.8,MORTGAGE,201940,25.36,688,Small Business,Fully Paid,17600.0,3999.78,0
LN-25562,BW-26959,2024-03-24,24500,12.51,B,5.8,RENT,62088,21.14,681,Credit Card Refinance,Current,5925.23,815.37,0
LN-25563,BW-28630,2025-01-01,34500,10.97,B,3.2,MORTGAGE,50741,23.4,709,Debt Consolidation,Current,12584.78,1518.61,0
LN-25564,BW-29869,2025-08-30,35800,9.85,B,11.7,RENT,47168,12.33,736,Home Improvement,Current,19206.13,2080.98,0
LN-25565,BW-15461,2024-08-23,31400,6.37,A,1.7,MORTGAGE,69163,33.99,751,Home Improvement,Current,22934.97,1607.05,0
LN-25566,BW-19480,2024-01-02,7300,10.34,B,8.9,MORTGAGE,35427,11.56,728,Credit Card Refinance,Current,5274.2,599.89,0
LN-25567,BW-15984,2025-08-31,9000,17.82,D,0.8,MORTGAGE,79689,16.79,624,Debt Consolidation,Late 31-120 Days,1830.89,163.13,0
LN-25568,BW-24258,2024-09-08,13800,11.65,B,8.6,RENT,37301,21.28,698,Small Business,Charged Off,1633.81,95.17,0
LN-25569,BW-23754,2026-02-21,39600,9.74,B,2.0,MORTGAGE,143755,21.18,717,Credit Card Refinance,Fully Paid,39600.0,8485.49,0
LN-25570,BW-16110,2025-07-15,39100,13.13,B,4.2,OWN,124795,13.54,711,Debt Consolidation,In Grace Period,13082.67,858.88,1
LN-25571,BW-10257,2024-03-12,4800,7.96,A,3.2,MORTGAGE,73753,15.21,779,Major Purchase,Current,1043.58,91.38,0
LN-25572,BW-27304,2024-04-15,10100,14.54,C,7.0,RENT,236452,35.36,679,Major Purchase,Fully Paid,10100.0,3230.79,0
LN-25573,BW-16140,2025-11-20,35600,12.58,B,6.7,RENT,50780,17.11,734,Credit Card Refinance,Fully Paid,35600.0,9852.66,4
LN-25574,BW-20998,2026-05-19,12500,20.42,D,2.2,MORTGAGE,34979,23.29,605,Personal,Fully Paid,12500.0,5615.5,0
LN-25575,BW-22055,2024-05-03,35100,8.81,A,4.5,OWN,43280,9.47,764,Credit Card Refinance,Current,7334.29,710.77,0
LN-25576,BW-11339,2024-01-09,34400,16.68,C,8.9,RENT,83867,25.38,672,Debt Consolidation,Late 31-120 Days,9983.39,832.61,0
LN-25577,BW-27716,2026-05-31,28200,12.05,B,8.5,MORTGAGE,43945,37.05,693,Home Improvement,In Grace Period,3696.93,222.74,0
LN-25578,BW-16017,2026-04-10,27100,6.96,A,11.5,MORTGAGE,40930,9.23,802,Debt Consolidation,Current,10916.05,835.73,0
LN-25579,BW-12752,2026-06-29,28100,15.38,C,11.7,MORTGAGE,80238,20.42,668,Debt Consolidation,Fully Paid,28100.0,9507.92,0
LN-25580,BW-19116,2024-10-24,29000,11.17,B,4.8,MORTGAGE,44738,14.47,706,Home Improvement,Fully Paid,29000.0,7126.46,0
LN-25581,BW-23835,2025-04-11,3600,8.23,A,8.8,MORTGAGE,70141,25.98,789,Major Purchase,Current,837.95,75.86,0
LN-25582,BW-24663,2024-12-31,7900,7.53,A,9.2,RENT,113112,11.41,837,Debt Consolidation,Fully Paid,7900.0,1308.71,0
LN-25583,BW-28453,2025-01-31,22800,10.71,B,7.6,MORTGAGE,46708,24.94,699,Home Improvement,Fully Paid,22800.0,5372.14,0
LN-25584,BW-18589,2025-03-10,17900,13.36,B,1.3,MORTGAGE,61816,36.46,718,Debt Consolidation,Current,4464.34,656.08,0
LN-25585,BW-15937,2024-03-20,14200,8.47,A,9.5,RENT,33926,9.76,819,Debt Consolidation,Fully Paid,14200.0,2646.03,0
LN-25586,BW-26945,2024-10-24,17900,11.28,B,10.3,OWN,76645,17.24,709,Debt Consolidation,Fully Paid,17900.0,4442.06,0
LN-25587,BW-17344,2024-03-23,37200,15.9,C,5.7,MORTGAGE,45477,34.45,658,Debt Consolidation,Current,21287.01,3723.1,0
LN-25588,BW-14290,2025-07-04,10000,5.57,A,3.7,MORTGAGE,46996,20.78,795,Debt Consolidation,Current,3570.29,218.75,0
LN-25589,BW-23492,2025-11-04,11300,20.89,D,9.3,RENT,95754,7.17,587,Home Improvement,Fully Paid,11300.0,5193.25,0
LN-25590,BW-20109,2024-01-30,8300,9.29,A,1.0,MORTGAGE,58743,32.3,808,Debt Consolidation,Fully Paid,8300.0,1696.35,0
LN-25591,BW-29242,2024-12-17,37100,5.86,A,11.9,OWN,76783,9.72,771,Credit Card Refinance,Fully Paid,37100.0,4782.93,0
LN-25592,BW-14227,2024-12-16,32900,14.65,C,3.3,MORTGAGE,68715,22.18,635,Debt Consolidation,Current,11618.25,1872.28,0
LN-25593,BW-13840,2025-11-19,22300,14.95,C,3.4,MORTGAGE,64274,28.99,633,Credit Card Refinance,Fully Paid,22300.0,7334.47,0
LN-25594,BW-14159,2026-02-08,5300,18.71,D,11.7,MORTGAGE,54535,24.54,629,Credit Card Refinance,Fully Paid,5300.0,2181.59,0
LN-25595,BW-14487,2026-06-24,15700,23.07,E,8.8,MORTGAGE,62304,33.44,535,Home Improvement,Current,7308.56,1854.69,0
LN-25596,BW-24616,2024-04-19,11200,7.08,A,6.0,RENT,32435,37.93,758,Credit Card Refinance,Current,7859.68,612.11,1
LN-25597,BW-20239,2026-02-28,24500,17.31,C,2.5,MORTGAGE,68519,28.57,659,Debt Consolidation,Charged Off,6293.31,544.69,0
LN-25598,BW-25005,2024-06-12,3000,21.38,D,1.2,MORTGAGE,41964,5.79,605,Debt Consolidation,Current,2130.48,501.05,0
LN-25599,BW-11245,2024-07-20,26600,15.33,C,7.0,MORTGAGE,86060,23.97,632,Debt Consolidation,Fully Paid,26600.0,8971.12,0
LN-25600,BW-13838,2025-10-30,18100,13.44,B,1.6,MORTGAGE,82102,11.04,732,Debt Consolidation,Fully Paid,18100.0,5351.81,0
LN-25601,BW-12964,2025-10-24,17000,10.66,B,4.7,MORTGAGE,121398,26.93,722,Small Business,Late 31-120 Days,4722.82,251.73,0
LN-25602,BW-22686,2025-05-14,30900,10.49,B,0.6,MORTGAGE,43587,26.77,732,Credit Card Refinance,Current,17391.54,2006.81,0
LN-25603,BW-12200,2024-12-25,36800,12.78,B,6.6,RENT,45404,18.56,692,Small Business,Fully Paid,36800.0,10346.69,0
LN-25604,BW-17616,2026-03-20,30500,8.25,A,3.3,RENT,56041,19.41,802,Small Business,Fully Paid,30500.0,5535.75,0
LN-25605,BW-27318,2024-08-02,3200,7.93,A,9.6,OWN,36711,6.32,751,Home Improvement,Fully Paid,3200.0,558.27,0
LN-25606,BW-29965,2025-03-14,17500,10.23,B,1.8,RENT,83646,6.73,709,Debt Consolidation,Current,12392.79,1394.56,0
LN-25607,BW-10975,2025-01-27,5800,12.89,B,8.6,MORTGAGE,113844,36.75,721,Debt Consolidation,Current,1694.22,240.22,2
LN-25608,BW-19313,2024-12-11,23400,10.7,B,2.3,MORTGAGE,43572,33.42,732,Debt Consolidation,Late 31-120 Days,3326.68,177.98,0
LN-25609,BW-12448,2025-02-05,27300,12.4,B,3.3,RENT,58508,16.33,729,Debt Consolidation,Fully Paid,27300.0,7447.44,0
LN-25610,BW-27542,2026-02-17,23600,7.97,A,9.3,RENT,42561,14.32,805,Small Business,Current,14541.31,1274.84,0
LN-25611,BW-10337,2025-11-18,17600,9.71,B,5.1,OWN,50175,13.42,730,Home Improvement,Current,8050.17,859.84,0
LN-25612,BW-24210,2025-09-28,25000,8.7,A,7.4,RENT,65823,6.76,747,Credit Card Refinance,Current,9182.69,878.78,0
LN-25613,BW-29717,2025-06-17,19900,21.3,D,2.1,MORTGAGE,72874,11.37,597,Debt Consolidation,Current,6603.9,1547.29,0
LN-25614,BW-18423,2024-08-27,25500,20.39,D,10.9,RENT,50732,6.17,580,Credit Card Refinance,Fully Paid,25500.0,11438.79,1
LN-25615,BW-16866,2024-05-19,14700,14.43,C,6.9,MORTGAGE,61975,21.39,650,Debt Consolidation,Fully Paid,14700.0,4666.66,4
LN-25616,BW-14327,2025-03-30,36800,13.3,B,9.2,MORTGAGE,40386,32.66,734,Debt Consolidation,In Grace Period,6357.57,422.78,0
LN-25617,BW-24460,2024-09-17,34500,11.44,B,6.2,RENT,120834,21.91,692,Home Improvement,Fully Paid,34500.0,8682.96,0
LN-25618,BW-29757,2025-07-07,15000,14.43,C,6.2,MORTGAGE,52583,21.77,669,Debt Consolidation,Current,6184.05,981.59,0
LN-25619,BW-29204,2025-05-21,23800,15.28,C,9.3,MORTGAGE,115497,33.02,634,Credit Card Refinance,Current,4877.4,819.79,0
LN-25620,BW-12518,2024-07-28,2600,17.01,C,9.8,MORTGAGE,39790,16.67,664,Home Improvement,Charged Off,881.96,75.01,2
LN-25621,BW-27461,2024-12-02,13500,8.11,A,2.9,MORTGAGE,130057,11.07,811,Debt Consolidation,Current,4930.7,439.87,0
LN-25622,BW-12072,2025-06-18,17100,17.04,C,12.0,MORTGAGE,84123,8.24,658,Debt Consolidation,Fully Paid,17100.0,6410.45,2
LN-25623,BW-25656,2026-04-15,27500,15.93,C,8.3,MORTGAGE,57706,12.63,674,Major Purchase,Fully Paid,27500.0,9637.65,0
LN-25624,BW-23337,2025-08-18,29300,13.8,C,9.2,MORTGAGE,62462,15.83,678,Debt Consolidation,Late 31-120 Days,7978.64,550.53,0
LN-25625,BW-10236,2026-01-02,21600,13.91,C,1.3,RENT,132633,14.6,677,Credit Card Refinance,In Grace Period,6364.7,442.66,0
LN-25626,BW-21863,2024-06-08,26100,24.12,E,6.2,RENT,65344,10.2,542,Small Business,Current,17100.79,4537.18,0
LN-25627,BW-29145,2026-03-22,8300,9.4,A,9.3,RENT,95516,17.6,795,Debt Consolidation,Current,2151.17,222.43,3
LN-25628,BW-17341,2024-01-24,15700,12.46,B,4.4,MORTGAGE,55007,34.6,720,Debt Consolidation,Current,6005.56,823.12,0
LN-25629,BW-12771,2024-11-28,9400,20.92,D,9.6,RENT,59389,16.2,581,Debt Consolidation,Current,5027.13,1156.84,0
LN-25630,BW-20678,2025-01-02,39400,18.78,D,10.9,OWN,64427,5.25,620,Debt Consolidation,Fully Paid,39400.0,16278.5,3
LN-25631,BW-15159,2025-01-04,10700,12.89,B,9.3,RENT,202288,23.86,700,Debt Consolidation,Current,7293.93,1034.21,0
LN-25632,BW-13986,2026-03-14,20700,10.56,B,5.8,MORTGAGE,35296,23.39,724,Debt Consolidation,Fully Paid,20700.0,4809.02,0
LN-25633,BW-25539,2024-07-24,20200,13.09,B,2.7,RENT,37212,20.95,691,Home Improvement,Fully Paid,20200.0,5817.2,0
LN-25634,BW-13048,2024-04-13,3100,11.68,B,1.9,MORTGAGE,39857,9.95,734,Debt Consolidation,Current,1148.53,147.56,0
LN-25635,BW-12000,2025-04-19,21600,21.69,D,10.3,RENT,35503,15.69,609,Credit Card Refinance,Late 16-30 Days,1788.82,194.0,0
LN-25636,BW-15872,2025-01-09,13800,9.22,A,2.3,MORTGAGE,65176,33.29,784,Debt Consolidation,Current,4424.24,448.71,0
LN-25637,BW-10005,2025-03-02,27400,25.58,E,9.7,MORTGAGE,77364,32.06,543,Home Improvement,Current,15744.78,4430.27,0
LN-25638,BW-16487,2025-12-13,3300,21.65,D,6.2,RENT,74938,28.43,584,Home Improvement,Current,2136.28,508.76,0
LN-25639,BW-19466,2026-03-20,8800,6.19,A,5.1,RENT,121955,35.21,843,Debt Consolidation,Fully Paid,8800.0,1198.38,0
LN-25640,BW-12197,2025-07-31,37200,24.9,E,4.6,MORTGAGE,51949,28.5,558,Debt Consolidation,Late 16-30 Days,11310.92,1408.21,0
LN-25641,BW-11039,2026-04-13,4200,12.78,B,0.6,MORTGAGE,62023,35.93,738,Credit Card Refinance,Current,2380.45,334.64,0
LN-25642,BW-19236,2026-06-21,32000,10.38,B,9.7,OWN,49445,12.29,716,Home Improvement,Late 31-120 Days,4558.73,236.6,0
LN-25643,BW-10587,2024-05-11,25600,12.44,B,5.8,RENT,77490,34.56,711,Debt Consolidation,Fully Paid,25600.0,7006.21,0
LN-25644,BW-28266,2024-03-28,8500,7.87,A,3.3,RENT,32313,35.21,850,Major Purchase,Current,4748.71,411.1,0
LN-25645,BW-10278,2024-03-25,17300,6.57,A,1.8,RENT,69080,36.1,749,Debt Consolidation,Fully Paid,17300.0,2500.54,2
LN-25646,BW-10969,2024-05-22,29300,14.48,C,10.0,RENT,39227,31.41,650,Debt Consolidation,Fully Paid,29300.0,9333.81,0
LN-25647,BW-19546,2024-10-14,15700,8.23,A,3.3,MORTGAGE,37989,15.4,788,Credit Card Refinance,Fully Paid,15700.0,2842.64,1
LN-25648,BW-11795,2024-03-01,37700,11.99,B,7.1,RENT,58594,32.03,712,Debt Consolidation,Current,15543.04,2049.97,0
LN-25649,BW-29499,2024-01-14,23000,27.29,E,2.7,RENT,94728,31.33,569,Credit Card Refinance,Late 16-30 Days,6571.41,896.67,0
LN-25650,BW-19259,2024-11-22,14400,7.79,A,4.4,OWN,57305,32.02,805,Small Business,Fully Paid,14400.0,2467.87,0
LN-25651,BW-17321,2024-01-08,7000,25.62,E,2.2,MORTGAGE,87121,18.62,527,Credit Card Refinance,Fully Paid,7000.0,3945.48,0
LN-25652,BW-11410,2025-02-05,30800,5.69,A,8.2,RENT,89314,24.36,812,Credit Card Refinance,Current,17413.59,1089.92,3
LN-25653,BW-19527,2024-12-30,15200,13.68,C,7.9,RENT,46325,10.76,648,Debt Consolidation,Fully Paid,15200.0,4574.59,2
LN-25654,BW-15020,2025-08-03,31000,20.17,D,11.5,RENT,33606,16.72,602,Debt Consolidation,Fully Paid,31000.0,13755.94,0
LN-25655,BW-28612,2026-01-30,29500,7.24,A,8.9,MORTGAGE,71152,21.4,778,Home Improvement,Current,16678.03,1328.24,0
LN-25656,BW-26442,2026-05-14,34500,12.98,B,6.5,MORTGAGE,168314,33.8,735,Credit Card Refinance,Charged Off,4513.49,292.93,0
LN-25657,BW-28163,2024-04-27,35200,7.7,A,7.5,RENT,50878,35.14,759,Debt Consolidation,Current,16162.81,1368.99,0
LN-25658,BW-20386,2024-12-29,13000,20.35,D,2.6,MORTGAGE,62806,37.01,626,Debt Consolidation,Current,2824.74,632.32,0
LN-25659,BW-20589,2025-07-02,16400,12.71,B,4.0,OWN,83562,12.96,730,Debt Consolidation,Current,8112.69,1134.24,0
LN-25660,BW-13851,2024-06-14,13600,17.69,D,10.4,MORTGAGE,70914,10.24,627,Home Improvement,Charged Off,1463.3,129.43,0
LN-25661,BW-25368,2024-05-14,37500,18.93,D,9.0,RENT,50798,10.84,591,Personal,Fully Paid,37500.0,15617.25,2
LN-25662,BW-14382,2025-06-07,29400,15.5,C,7.8,RENT,67308,15.82,643,Debt Consolidation,Current,6143.23,1047.42,0
LN-25663,BW-26731,2024-02-22,6600,23.66,E,4.0,RENT,50762,13.89,541,Debt Consolidation,Current,2184.9,568.64,0
LN-25664,BW-13183,2026-02-17,28700,17.14,C,3.3,MORTGAGE,36394,9.89,652,Debt Consolidation,Charged Off,5315.36,455.53,2
LN-25665,BW-23526,2024-01-27,22400,16.9,C,6.1,MORTGAGE,43518,18.37,652,Debt Consolidation,Current,13990.84,2600.9,0
LN-25666,BW-26510,2024-08-04,31000,16.76,C,1.2,RENT,119323,10.2,678,Debt Consolidation,Fully Paid,31000.0,11430.32,0
LN-25667,BW-21611,2024-08-18,27300,14.9,C,3.9,MORTGAGE,73445,25.52,678,Debt Consolidation,Fully Paid,27300.0,8948.94,4
LN-25668,BW-28952,2025-07-31,25300,21.45,D,1.3,MORTGAGE,54389,7.25,580,Debt Consolidation,Current,12169.67,2871.43,0
LN-25669,BW-12625,2025-05-23,19600,15.41,C,7.1,RENT,267790,16.09,637,Debt Consolidation,Current,15145.59,2567.33,0
LN-25670,BW-23000,2024-09-21,30300,15.51,C,5.5,MORTGAGE,55257,37.79,677,Credit Card Refinance,Fully Paid,30300.0,10338.97,0
LN-25671,BW-22373,2025-06-24,39800,27.81,E,4.6,RENT,39370,33.75,541,Debt Consolidation,Late 31-120 Days,13210.78,1836.96,1
LN-25672,BW-27651,2024-10-06,28200,9.34,A,9.6,MORTGAGE,85926,16.61,818,Home Improvement,Current,11001.33,1130.28,0
LN-25673,BW-20640,2025-08-07,38400,14.02,C,2.4,MORTGAGE,137578,33.07,676,Debt Consolidation,Charged Off,3159.78,221.5,0
LN-25674,BW-22177,2024-03-09,14500,6.92,A,2.1,MORTGAGE,40193,31.21,772,Credit Card Refinance,Current,7902.39,601.53,0
LN-25675,BW-15783,2024-08-17,24300,11.36,B,5.4,RENT,60033,18.38,716,Debt Consolidation,Current,5334.46,666.59,0
LN-25676,BW-11097,2026-01-07,34000,8.22,A,7.4,MORTGAGE,54552,10.15,763,Credit Card Refinance,Fully Paid,34000.0,6148.56,0
LN-25677,BW-21505,2024-10-30,30700,5.85,A,6.9,MORTGAGE,72751,20.64,809,Small Business,Current,9038.52,581.63,2
LN-25678,BW-26622,2024-01-30,10000,10.97,B,3.0,MORTGAGE,266505,35.39,681,Debt Consolidation,Current,7125.16,859.79,0
LN-25679,BW-27545,2025-10-30,26400,17.3,C,1.6,RENT,74213,19.51,639,Debt Consolidation,Fully Paid,26400.0,10047.84,0
LN-25680,BW-13476,2025-06-04,18700,10.13,B,7.0,MORTGAGE,116380,10.36,710,Debt Consolidation,Fully Paid,18700.0,4167.48,0
LN-25681,BW-22787,2025-07-06,27500,11.5,B,6.8,MORTGAGE,60032,16.62,739,Debt Consolidation,Current,12080.17,1528.14,0
LN-25682,BW-24762,2025-02-05,10900,12.83,B,8.6,RENT,39284,33.07,683,Debt Consolidation,Charged Off,996.2,63.91,0
LN-25683,BW-13324,2025-05-02,39700,7.68,A,6.1,MORTGAGE,51340,20.49,824,Debt Consolidation,Fully Paid,39700.0,6707.71,1
LN-25684,BW-13867,2024-02-27,23700,15.55,C,8.8,OWN,50246,20.94,645,Debt Consolidation,Fully Paid,23700.0,8107.77,0
LN-25685,BW-17454,2025-04-07,37000,25.39,E,11.6,MORTGAGE,43858,32.41,524,Debt Consolidation,Late 31-120 Days,8308.23,1054.73,0
LN-25686,BW-26245,2024-12-12,4400,11.1,B,5.5,MORTGAGE,54346,13.79,733,Debt Consolidation,Fully Paid,4400.0,1074.48,0
LN-25687,BW-27156,2026-02-03,36300,6.65,A,6.7,RENT,39403,29.2,747,Credit Card Refinance,Fully Paid,36300.0,5310.69,0
LN-25688,BW-21601,2025-03-01,35700,18.36,D,3.1,RENT,167926,21.28,601,Debt Consolidation,Current,27773.91,5609.22,0
LN-25689,BW-17779,2024-08-05,28600,8.85,A,11.4,MORTGAGE,222841,32.38,751,Debt Consolidation,Current,7240.75,704.89,4
LN-25690,BW-13580,2024-12-15,38700,6.36,A,6.9,RENT,46954,22.4,781,Credit Card Refinance,Fully Paid,38700.0,5414.9,0
LN-25691,BW-26108,2026-06-22,21400,8.11,A,11.1,OWN,103936,32.62,788,Debt Consolidation,Fully Paid,21400.0,3818.19,0
LN-25692,BW-17741,2024-01-12,35300,7.97,A,4.0,RENT,61979,26.08,807,Debt Consolidation,Current,14089.69,1235.24,0
LN-25693,BW-16871,2024-01-11,6200,10.06,B,5.0,MORTGAGE,245641,25.69,691,Debt Consolidation,Fully Paid,6200.0,1372.18,0
LN-25694,BW-26432,2024-03-11,20000,12.07,B,5.9,RENT,77059,31.46,699,Debt Consolidation,Current,8505.89,1129.33,2
LN-25695,BW-24901,2026-03-18,34900,19.45,D,7.8,RENT,37900,27.3,587,Debt Consolidation,Late 31-120 Days,7542.26,733.48,0
LN-25696,BW-15094,2025-01-02,9800,10.26,B,7.6,MORTGAGE,45387,25.95,725,Home Improvement,Fully Paid,9800.0,2212.06,0
LN-25697,BW-26927,2025-04-06,21900,28.31,E,7.7,MORTGAGE,42244,17.91,561,Debt Consolidation,Charged Off,7473.31,1057.85,0
LN-25698,BW-27112,2024-02-22,25300,5.91,A,10.3,MORTGAGE,71424,29.84,841,Credit Card Refinance,Fully Paid,25300.0,3289.51,0
LN-25699,BW-20595,2025-02-06,14500,10.65,B,11.0,MORTGAGE,50444,23.36,688,Credit Card Refinance,Fully Paid,14500.0,3397.35,0
LN-25700,BW-29043,2024-07-15,23000,7.29,A,2.9,RENT,72205,28.52,795,Credit Card Refinance,Fully Paid,23000.0,3688.74,0
LN-25701,BW-18883,2025-04-08,39000,12.49,B,7.3,RENT,51441,20.47,709,Debt Consolidation,Fully Paid,39000.0,10716.42,1
LN-25702,BW-26302,2024-09-19,13200,17.3,C,11.7,OWN,32410,17.44,673,Debt Consolidation,Late 31-120 Days,2629.01,227.41,0
LN-25703,BW-25545,2024-06-14,8100,11.36,B,3.2,MORTGAGE,83355,34.24,701,Small Business,Fully Paid,8100.0,2024.35,0
LN-25704,BW-15402,2025-09-10,31500,22.42,E,8.0,MORTGAGE,57267,32.45,530,Personal,Charged Off,7532.4,844.38,0
LN-25705,BW-20440,2024-09-10,32000,7.81,A,2.0,OWN,58989,13.12,779,Debt Consolidation,Fully Paid,32000.0,5498.24,0
LN-25706,BW-25499,2025-04-23,36500,9.41,A,11.6,RENT,66541,8.34,815,Debt Consolidation,Charged Off,5935.93,279.29,0
LN-25707,BW-20802,2026-01-25,16700,7.9,A,11.3,MORTGAGE,89028,24.91,770,Debt Consolidation,Fully Paid,16700.0,2902.46,0
LN-25708,BW-23321,2025-12-16,9400,15.19,C,8.9,MORTGAGE,32058,17.57,657,Debt Consolidation,Current,3824.88,639.1,0
LN-25709,BW-15903,2024-10-08,22600,18.15,D,1.4,MORTGAGE,60902,32.63,600,Debt Consolidation,Charged Off,6551.48,594.55,0
LN-25710,BW-11909,2025-05-14,18300,14.89,C,6.3,RENT,51772,5.51,647,Debt Consolidation,Fully Paid,18300.0,5994.71,0
LN-25711,BW-11946,2025-12-08,12200,16.56,C,7.8,MORTGAGE,78643,29.96,647,Debt Consolidation,Charged Off,3517.41,291.24,0
LN-25712,BW-17563,2024-01-16,4800,6.73,A,3.3,RENT,47446,9.14,809,Major Purchase,Current,2236.6,165.58,0
LN-25713,BW-21897,2024-09-27,28200,11.81,B,2.8,MORTGAGE,74499,25.79,688,Credit Card Refinance,In Grace Period,3238.44,191.23,0
LN-25714,BW-14002,2024-07-10,3400,16.08,C,10.8,MORTGAGE,35008,20.22,660,Credit Card Refinance,Fully Paid,3400.0,1202.78,0
LN-25715,BW-23658,2025-01-23,6400,7.03,A,6.4,RENT,99950,25.51,817,Debt Consolidation,Fully Paid,6400.0,989.82,0
LN-25716,BW-17704,2024-04-16,25800,7.01,A,2.0,OWN,76001,14.28,767,Small Business,Fully Paid,25800.0,3978.88,0
LN-25717,BW-14874,2025-03-19,31900,15.62,C,4.4,MORTGAGE,71298,10.93,652,Home Improvement,Current,18571.17,3190.9,0
LN-25718,BW-29836,2025-09-17,3800,10.97,B,6.4,MORTGAGE,50369,17.92,691,Home Improvement,Current,2387.96,288.16,0
LN-25719,BW-22937,2025-04-09,17500,6.85,A,1.1,RENT,196255,34.21,740,Credit Card Refinance,Fully Paid,17500.0,2637.25,0
LN-25720,BW-26740,2025-04-06,31600,6.46,A,2.0,RENT,169658,16.2,811,Personal,Fully Paid,31600.0,4490.99,0
LN-25721,BW-28248,2024-06-13,6200,10.24,B,1.8,RENT,88972,12.34,680,Debt Consolidation,Current,2427.34,273.42,0
LN-25722,BW-20556,2024-01-05,20800,6.54,A,9.2,RENT,63700,5.31,792,Debt Consolidation,Current,7761.8,558.38,0
LN-25723,BW-17998,2024-08-17,20000,11.88,B,5.7,MORTGAGE,68658,35.59,713,Debt Consolidation,Fully Paid,20000.0,5227.2,3
LN-25724,BW-17606,2024-07-29,9500,17.8,D,3.5,MORTGAGE,42160,23.66,609,Credit Card Refinance,Late 16-30 Days,3256.82,289.86,1
LN-25725,BW-17430,2026-01-22,24900,7.17,A,3.0,OWN,76801,24.14,757,Debt Consolidation,Current,13204.78,1041.46,0
LN-25726,BW-20920,2024-06-08,10700,8.1,A,4.0,MORTGAGE,33062,31.86,771,Small Business,Fully Paid,10700.0,1906.74,0
LN-25727,BW-11601,2025-05-06,38100,6.73,A,2.1,RENT,69723,22.39,790,Major Purchase,Current,10651.33,788.52,0
LN-25728,BW-28050,2025-04-07,29100,6.33,A,4.5,RENT,65069,29.3,784,Debt Consolidation,Current,16286.41,1134.02,0
LN-25729,BW-27765,2025-04-27,39500,5.9,A,11.8,MORTGAGE,30529,37.87,805,Credit Card Refinance,Fully Paid,39500.0,5127.1,0
LN-25730,BW-17065,2024-11-20,3600,12.76,B,5.5,MORTGAGE,226321,6.69,691,Debt Consolidation,Current,853.49,119.8,0
LN-25731,BW-13152,2025-08-24,34300,10.55,B,1.9,OWN,77355,31.27,714,Personal,Fully Paid,34300.0,7961.03,0
LN-25732,BW-12405,2025-12-09,32200,25.78,E,2.9,MORTGAGE,63036,27.94,533,Credit Card Refinance,Fully Paid,32200.0,18262.55,0
LN-25733,BW-29897,2024-12-06,32700,11.41,B,2.8,MORTGAGE,33660,23.34,691,Debt Consolidation,Current,24017.2,3014.4,0
LN-25734,BW-10210,2025-09-20,12500,12.87,B,3.4,MORTGAGE,54632,12.52,727,Debt Consolidation,Current,8151.98,1154.08,0
LN-25735,BW-14240,2024-04-20,36800,6.61,A,1.8,MORTGAGE,51330,24.41,847,Debt Consolidation,Fully Paid,36800.0,5351.46,0
LN-25736,BW-12291,2024-03-06,38500,11.07,B,7.5,MORTGAGE,96116,35.75,732,Debt Consolidation,Fully Paid,38500.0,9376.29,0
LN-25737,BW-12266,2025-09-11,15200,9.41,A,8.2,RENT,43653,37.14,750,Home Improvement,Current,11640.36,1204.89,0
LN-25738,BW-20817,2025-09-07,15200,14.59,C,4.9,MORTGAGE,32840,32.5,634,Debt Consolidation,In Grace Period,1187.7,86.64,0
LN-25739,BW-29808,2024-10-10,25400,6.33,A,2.0,RENT,136050,18.25,830,Debt Consolidation,Fully Paid,25400.0,3537.2,0
LN-25740,BW-15478,2024-08-27,36100,12.86,B,9.4,RENT,132865,30.17,686,Credit Card Refinance,Fully Paid,36100.0,10213.41,0
LN-25741,BW-15452,2025-02-09,11900,12.34,B,5.6,RENT,44489,5.33,723,Debt Consolidation,Fully Paid,11900.0,3230.61,0
LN-25742,BW-11323,2025-10-05,12600,9.64,B,0.6,RENT,215309,33.81,725,Small Business,Fully Paid,12600.0,2672.21,0
LN-25743,BW-24855,2024-06-09,29000,12.5,B,5.4,RENT,94567,29.93,738,Debt Consolidation,Current,22960.47,3157.06,0
LN-25744,BW-22564,2026-01-24,9900,14.02,C,4.2,OWN,78535,6.03,667,Credit Card Refinance,Current,5644.45,870.49,0
LN-25745,BW-28358,2024-07-25,21500,18.21,D,2.6,RENT,65600,30.81,623,Credit Card Refinance,Fully Paid,21500.0,8613.33,0
LN-25746,BW-22107,2026-02-06,14200,11.08,B,4.9,MORTGAGE,123895,6.75,716,Debt Consolidation,Fully Paid,14200.0,3461.39,0
LN-25747,BW-10619,2025-11-09,14900,8.9,A,11.1,MORTGAGE,69753,8.1,748,Credit Card Refinance,Fully Paid,14900.0,2917.42,0
LN-25748,BW-11648,2025-07-03,24200,9.26,A,0.6,OWN,34492,26.72,775,Debt Consolidation,Fully Paid,24200.0,4930.02,0
LN-25749,BW-20746,2024-01-21,21800,27.33,E,9.2,MORTGAGE,81150,33.77,563,Small Business,Late 31-120 Days,4280.67,584.95,0
LN-25750,BW-18972,2025-08-13,18800,17.05,C,3.6,MORTGAGE,31715,37.73,651,Home Improvement,Current,9107.61,1708.13,3
LN-25751,BW-18435,2026-04-23,8200,14.12,C,10.9,MORTGAGE,49963,36.14,672,Credit Card Refinance,Current,3640.69,565.47,0
LN-25752,BW-29887,2026-05-11,38500,7.83,A,9.7,RENT,78342,24.16,798,Debt Consolidation,Fully Paid,38500.0,6632.01,0
LN-25753,BW-20477,2024-11-19,27500,10.1,B,7.6,MORTGAGE,116045,28.92,737,Credit Card Refinance,Charged Off,9324.0,470.86,0
LN-25754,BW-21801,2024-02-06,22400,14.82,C,8.4,MORTGAGE,68726,37.84,650,Debt Consolidation,Charged Off,3599.3,266.71,0
LN-25755,BW-21789,2026-04-19,28600,11.46,B,1.2,MORTGAGE,74329,13.85,716,Debt Consolidation,Late 31-120 Days,1919.24,109.97,0
LN-25756,BW-17298,2026-01-01,31500,7.27,A,2.4,MORTGAGE,46990,33.3,806,Major Purchase,Charged Off,6551.75,238.16,0
LN-25757,BW-17687,2025-01-04,32000,7.89,A,9.7,RENT,74450,28.77,753,Debt Consolidation,Fully Paid,32000.0,5554.56,1
LN-25758,BW-16037,2026-01-14,13200,25.0,E,3.3,MORTGAGE,34421,17.98,542,Debt Consolidation,Fully Paid,13200.0,7260.0,0
LN-25759,BW-16752,2025-10-25,23200,10.18,B,2.4,RENT,55244,26.59,699,Debt Consolidation,Current,5163.58,578.22,0
LN-25760,BW-26936,2024-05-17,15600,14.16,C,3.6,MORTGAGE,76576,11.5,662,Debt Consolidation,Fully Paid,15600.0,4859.71,0
LN-25761,BW-29392,2025-08-26,20200,5.82,A,10.0,MORTGAGE,116462,11.79,790,Credit Card Refinance,Fully Paid,20200.0,2586.41,1
LN-25762,BW-14001,2026-04-01,20700,23.46,E,3.3,MORTGAGE,52601,5.37,530,Home Improvement,Charged Off,1760.51,206.51,0
LN-25763,BW-25657,2025-04-02,30700,14.03,C,9.7,RENT,67061,33.66,678,Credit Card Refinance,Fully Paid,30700.0,9475.86,0
LN-25764,BW-22162,2024-05-22,37200,25.37,E,11.7,MORTGAGE,42248,25.07,536,Debt Consolidation,Late 16-30 Days,5239.75,664.66,0
LN-25765,BW-25574,2024-01-09,3500,11.75,B,5.2,RENT,111773,16.55,719,Home Improvement,Current,1168.31,151.0,1
LN-25766,BW-21753,2025-12-24,9300,6.28,A,3.1,RENT,71628,30.39,797,Debt Consolidation,Current,3670.82,253.58,0
LN-25767,BW-10101,2024-09-09,16100,12.92,B,7.8,MORTGAGE,39628,21.23,734,Credit Card Refinance,Current,7224.86,1026.8,0
LN-25768,BW-24606,2025-10-08,30800,9.25,A,9.7,RENT,145784,28.21,835,Credit Card Refinance,Current,10298.72,1047.89,1
LN-25769,BW-18184,2025-12-19,14400,12.41,B,4.6,MORTGAGE,64666,32.01,696,Credit Card Refinance,Current,6328.32,863.88,0
LN-25770,BW-22785,2024-11-17,38700,16.91,C,6.0,MORTGAGE,96285,10.45,644,Credit Card Refinance,Fully Paid,38700.0,14397.17,0
LN-25771,BW-16114,2025-03-13,33100,20.64,D,2.4,MORTGAGE,37434,12.19,614,Credit Card Refinance,Fully Paid,33100.0,15030.05,0
LN-25772,BW-11619,2024-01-05,9600,21.1,D,7.4,RENT,74898,33.59,617,Home Improvement,Late 31-120 Days,755.53,79.71,0
LN-25773,BW-25064,2026-05-30,33400,11.21,B,1.3,MORTGAGE,139251,11.6,732,Credit Card Refinance,Current,20821.61,2567.51,0
LN-25774,BW-12065,2025-10-28,16500,11.78,B,9.4,RENT,36591,13.98,721,Small Business,Fully Paid,16500.0,4276.14,0
LN-25775,BW-10294,2026-05-06,29800,17.35,C,8.6,RENT,61167,18.76,633,Small Business,Fully Paid,29800.0,11374.66,0
LN-25776,BW-20279,2024-09-29,25800,6.57,A,5.6,RENT,188491,18.21,830,Debt Consolidation,Fully Paid,25800.0,3729.13,4
LN-25777,BW-29309,2025-09-19,18300,14.0,C,5.5,MORTGAGE,76977,23.81,675,Credit Card Refinance,In Grace Period,1212.38,84.87,0
LN-25778,BW-24616,2024-04-02,23600,14.8,C,5.1,OWN,35530,32.73,677,Debt Consolidation,Fully Paid,23600.0,7684.16,0
LN-25779,BW-15065,2025-10-25,38700,8.66,A,4.4,MORTGAGE,109608,7.16,833,Small Business,Current,27288.71,2599.52,3
LN-25780,BW-16069,2024-08-22,39500,11.27,B,1.8,MORTGAGE,121497,24.34,690,Home Improvement,Charged Off,6189.39,348.77,1
LN-25781,BW-19013,2025-11-11,35800,14.82,C,10.0,OWN,39694,18.78,636,Home Improvement,Current,17645.18,2876.52,0
LN-25782,BW-26383,2024-06-04,33300,9.69,B,6.0,MORTGAGE,37096,13.97,709,Debt Consolidation,Late 31-120 Days,7095.84,343.79,0
LN-25783,BW-23247,2025-12-20,28200,15.02,C,8.8,RENT,46174,13.23,667,Debt Consolidation,Current,19102.06,3156.04,4
LN-25784,BW-19860,2025-10-25,32900,18.14,D,1.9,MORTGAGE,71191,5.42,610,Small Business,In Grace Period,2042.26,185.23,0
LN-25785,BW-15312,2024-10-08,10800,13.15,B,10.9,RENT,94093,33.46,735,Small Business,Charged Off,3067.17,201.67,0
LN-25786,BW-27057,2024-03-22,22400,10.75,B,10.2,RENT,51077,13.74,692,Credit Card Refinance,Current,16310.63,1928.73,0
LN-25787,BW-14768,2024-07-20,7800,14.8,C,4.2,RENT,34352,8.71,631,Debt Consolidation,Current,2270.65,369.66,0
LN-25788,BW-10670,2024-02-08,32500,20.08,D,10.4,RENT,137148,21.52,606,Debt Consolidation,Current,24811.05,5480.26,0
LN-25789,BW-26775,2025-11-30,11400,11.25,B,4.8,OWN,40868,8.71,724,Debt Consolidation,Charged Off,2309.04,129.88,0
LN-25790,BW-10275,2025-04-30,33900,9.25,A,7.6,RENT,51897,5.76,765,Debt Consolidation,Current,22024.22,2240.96,0
LN-25791,BW-27575,2025-10-14,24800,10.54,B,4.4,MORTGAGE,234840,27.9,702,Credit Card Refinance,Charged Off,8534.76,449.78,0
LN-25792,BW-17995,2026-05-21,11800,12.25,B,12.0,MORTGAGE,61114,37.68,727,Debt Consolidation,Current,8539.61,1150.71,0
LN-25793,BW-27242,2026-02-04,14600,7.98,A,9.4,RENT,65941,13.77,760,Credit Card Refinance,Fully Paid,14600.0,2563.18,0
LN-25794,BW-25510,2025-02-20,16200,12.54,B,11.7,MORTGAGE,75799,26.19,715,Debt Consolidation,Current,10937.5,1508.72,0
LN-25795,BW-22348,2026-06-21,6600,6.93,A,6.4,OWN,271144,20.85,780,Credit Card Refinance,In Grace Period,518.72,17.97,0
LN-25796,BW-16677,2024-12-10,27000,17.65,D,5.3,MORTGAGE,137377,28.99,624,Debt Consolidation,In Grace Period,4667.27,411.89,0
LN-25797,BW-20954,2024-11-18,18200,8.29,A,3.6,RENT,32925,37.1,808,Debt Consolidation,Late 31-120 Days,2574.73,106.72,0
LN-25798,BW-28186,2025-11-18,26300,16.37,C,2.5,RENT,41631,37.17,635,Home Improvement,Late 31-120 Days,1511.14,123.69,2
LN-25799,BW-20091,2025-10-26,28300,13.32,B,8.9,MORTGAGE,56669,37.22,712,Credit Card Refinance,Current,7510.98,1100.51,0
LN-25800,BW-23006,2024-12-31,9600,8.63,A,8.6,MORTGAGE,73366,28.39,791,Debt Consolidation,Fully Paid,9600.0,1822.66,0
LN-25801,BW-28078,2024-12-31,37600,16.29,C,2.3,RENT,77373,33.27,650,Credit Card Refinance,Fully Paid,37600.0,13475.09,0
LN-25802,BW-22141,2025-03-22,21900,13.49,B,1.0,RENT,32812,27.26,707,Home Improvement,Fully Paid,21900.0,6499.48,0
LN-25803,BW-24188,2024-12-15,17600,7.82,A,9.0,MORTGAGE,61585,19.5,799,Debt Consolidation,Current,7335.12,630.97,0
LN-25804,BW-19737,2025-01-01,5900,7.28,A,8.8,MORTGAGE,62416,10.42,751,Credit Card Refinance,Current,1813.46,145.22,0
LN-25805,BW-17441,2026-01-29,24400,19.96,D,11.7,MORTGAGE,76070,34.15,620,Debt Consolidation,Fully Paid,24400.0,10714.53,0
LN-25806,BW-21140,2026-03-10,10600,7.41,A,7.5,RENT,79757,30.73,752,Debt Consolidation,Current,6831.65,556.85,0
LN-25807,BW-25459,2024-11-02,39000,11.46,B,1.3,RENT,36734,23.28,709,Debt Consolidation,Current,9012.18,1136.08,0
LN-25808,BW-21325,2025-02-20,35500,10.32,B,3.3,RENT,36952,14.89,693,Credit Card Refinance,Current,20876.56,2369.91,0
LN-25809,BW-11605,2024-09-29,17400,16.41,C,4.8,MORTGAGE,43076,30.06,630,Debt Consolidation,Fully Paid,17400.0,6281.75,2
LN-25810,BW-22142,2025-01-08,30100,10.08,B,8.6,OWN,37329,5.0,738,Debt Consolidation,Fully Paid,30100.0,6674.98,3
LN-25811,BW-26657,2025-01-05,23300,8.42,A,10.3,RENT,58690,28.35,762,Debt Consolidation,Fully Paid,23300.0,4316.09,0
LN-25812,BW-26994,2025-11-01,32000,19.13,D,4.6,RENT,125870,33.21,628,Home Improvement,Current,18301.85,3851.26,0
LN-25813,BW-12674,2025-06-22,20800,11.25,B,6.2,MORTGAGE,66638,27.73,707,Debt Consolidation,Current,9082.89,1124.01,0
LN-25814,BW-21017,2026-06-02,16100,10.59,B,10.2,MORTGAGE,50931,22.68,693,Major Purchase,Current,12869.88,1499.21,0
LN-25815,BW-23658,2024-09-28,11700,16.05,C,8.2,MORTGAGE,45439,28.7,631,Credit Card Refinance,Current,4911.63,867.15,3
LN-25816,BW-16202,2025-07-04,30300,8.53,A,3.7,MORTGAGE,60158,37.63,759,Credit Card Refinance,In Grace Period,3340.38,142.47,2
LN-25817,BW-17897,2024-07-12,35300,15.71,C,9.6,OWN,53590,16.61,661,Home Improvement,Current,13356.48,2308.13,0
LN-25818,BW-15702,2026-02-09,19000,20.38,D,8.8,OWN,51611,16.3,626,Personal,Fully Paid,19000.0,8518.84,4
LN-25819,BW-28671,2025-04-12,34000,7.03,A,7.8,RENT,58567,22.69,850,Small Business,Fully Paid,34000.0,5258.44,0
LN-25820,BW-11012,2024-06-07,15500,16.63,C,10.2,MORTGAGE,59385,15.49,657,Debt Consolidation,Late 16-30 Days,1655.82,137.68,0
LN-25821,BW-27163,2026-03-19,6800,6.88,A,1.2,MORTGAGE,61408,32.33,839,Credit Card Refinance,Charged Off,1031.76,35.49,0
LN-25822,BW-24980,2025-03-30,23000,21.81,D,2.2,MORTGAGE,134872,27.68,586,Debt Consolidation,Charged Off,6355.57,693.07,0
LN-25823,BW-16545,2025-07-02,39900,6.49,A,10.1,RENT,41298,18.19,777,Credit Card Refinance,Fully Paid,39900.0,5696.92,0
LN-25824,BW-28164,2024-08-24,18500,15.2,C,9.5,MORTGAGE,40577,23.72,630,Credit Card Refinance,Current,13919.36,2327.32,0
LN-25825,BW-22784,2025-05-04,20400,5.93,A,11.2,RENT,79860,31.24,816,Small Business,Current,6533.03,426.15,0
LN-25826,BW-19941,2025-06-04,13500,11.0,B,8.8,RENT,81500,23.27,687,Debt Consolidation,Fully Paid,13500.0,3267.0,1
LN-25827,BW-29178,2025-11-27,11700,9.82,B,7.2,MORTGAGE,56081,36.68,704,Debt Consolidation,Late 31-120 Days,2927.15,143.72,0
LN-25828,BW-29723,2024-08-05,11800,11.79,B,7.2,MORTGAGE,44686,5.01,715,Debt Consolidation,Fully Paid,11800.0,3060.68,0
LN-25829,BW-10028,2024-09-23,24800,10.29,B,5.7,RENT,119939,6.57,736,Debt Consolidation,Fully Paid,24800.0,5614.22,0
LN-25830,BW-27867,2025-08-26,36500,23.2,E,11.4,OWN,128598,27.12,536,Small Business,Late 31-120 Days,10904.04,1264.87,0
LN-25831,BW-25438,2026-05-27,21600,11.91,B,3.8,RENT,71259,5.32,726,Debt Consolidation,Current,5671.58,743.03,0
LN-25832,BW-26651,2025-07-16,5100,14.44,C,2.3,RENT,65724,24.59,632,Debt Consolidation,Current,3748.12,595.35,0
LN-25833,BW-15326,2025-02-24,24900,19.45,D,2.1,RENT,45276,14.5,584,Small Business,Late 16-30 Days,4910.13,477.51,0
LN-25834,BW-14516,2026-05-20,38600,10.92,B,7.2,MORTGAGE,59815,35.55,693,Small Business,Current,22407.84,2691.63,0
LN-25835,BW-20089,2025-05-15,17200,15.65,C,8.6,RENT,52774,36.3,651,Debt Consolidation,Charged Off,5632.8,440.77,0
LN-25836,BW-27271,2025-01-10,18700,17.35,C,1.2,RENT,45469,24.61,677,Debt Consolidation,Current,8178.63,1560.89,0
LN-25837,BW-11695,2024-04-22,31100,12.64,B,2.2,RENT,76396,20.56,699,Debt Consolidation,Current,22197.54,3086.35,0
LN-25838,BW-20412,2026-05-02,29100,18.04,D,4.0,MORTGAGE,55626,34.41,594,Home Improvement,Fully Paid,29100.0,11549.21,0
LN-25839,BW-29051,2025-06-03,35000,11.32,B,7.1,MORTGAGE,56682,34.37,714,Small Business,Fully Paid,35000.0,8716.4,0
LN-25840,BW-29975,2026-05-30,27800,11.61,B,9.7,RENT,55614,8.89,723,Debt Consolidation,Current,22191.96,2834.14,0
LN-25841,BW-24057,2024-10-08,22200,11.51,B,9.7,RENT,100456,9.92,733,Home Improvement,Current,5557.58,703.65,0
LN-25842,BW-20875,2026-06-24,11400,9.68,B,8.0,MORTGAGE,31708,37.38,680,Major Purchase,Fully Paid,11400.0,2427.74,0
LN-25843,BW-10428,2025-04-07,3300,16.32,C,11.5,RENT,76609,20.31,646,Debt Consolidation,Charged Off,463.19,37.8,0
LN-25844,BW-10672,2024-06-04,17900,13.28,B,0.9,MORTGAGE,34299,14.33,723,Credit Card Refinance,Fully Paid,17900.0,5229.66,0
LN-25845,BW-11417,2026-01-26,33900,13.97,C,7.9,RENT,79968,29.34,665,Credit Card Refinance,Current,11186.18,1718.98,0
LN-25846,BW-28692,2024-05-11,19100,11.8,B,3.1,OWN,75743,24.47,683,Debt Consolidation,Current,7568.31,982.37,0
LN-25847,BW-18277,2025-03-28,14500,11.69,B,3.9,RENT,30820,25.85,709,Home Improvement,Current,8942.56,1149.92,0
LN-25848,BW-11549,2024-03-18,28100,11.32,B,1.9,MORTGAGE,75269,37.9,685,Debt Consolidation,Current,6239.25,776.91,0
LN-25849,BW-22004,2024-11-15,4700,14.76,C,5.1,MORTGAGE,50330,13.0,637,Major Purchase,Current,1532.48,248.81,0
LN-25850,BW-13625,2026-01-23,21300,24.87,E,7.8,OWN,40155,7.8,557,Debt Consolidation,Current,10354.98,2832.81,0
LN-25851,BW-28501,2026-04-27,27000,16.2,C,9.2,MORTGAGE,36500,16.27,663,Home Improvement,Fully Paid,27000.0,9622.8,0
LN-25852,BW-14764,2026-04-10,12300,12.21,B,11.8,OWN,75569,7.46,688,Credit Card Refinance,Fully Paid,12300.0,3304.03,0
LN-25853,BW-16096,2024-02-21,21800,8.22,A,7.6,RENT,89440,10.56,835,Debt Consolidation,Current,14810.78,1339.19,0
LN-25854,BW-16028,2024-09-22,31900,11.7,B,1.6,MORTGAGE,60492,24.38,727,Debt Consolidation,Current,23229.94,2989.69,0
LN-25855,BW-20488,2026-04-10,24600,5.87,A,11.1,RENT,66276,16.83,781,Debt Consolidation,Fully Paid,24600.0,3176.84,2
LN-25856,BW-19568,2026-04-16,38900,17.46,C,8.6,OWN,49980,26.15,662,Debt Consolidation,Charged Off,10392.37,907.25,4
LN-25857,BW-29126,2025-04-17,30200,12.5,B,6.9,RENT,67691,18.38,724,Debt Consolidation,Current,22934.11,3153.44,0
LN-25858,BW-23168,2024-08-11,16500,15.41,C,7.2,MORTGAGE,151471,15.47,662,Debt Consolidation,Current,5402.7,915.81,0
LN-25859,BW-29412,2025-01-11,18200,9.06,A,3.8,RENT,41300,19.66,778,Debt Consolidation,Current,5773.62,575.4,0
LN-25860,BW-11263,2024-07-12,35100,9.95,B,1.9,MORTGAGE,132087,5.17,731,Debt Consolidation,Fully Paid,35100.0,7683.39,0
LN-25861,BW-13163,2024-04-22,11000,8.23,A,2.5,RENT,49242,36.03,841,Home Improvement,Current,2934.29,265.64,0
LN-25862,BW-25294,2025-07-30,14400,15.67,C,5.6,MORTGAGE,58636,19.95,662,Debt Consolidation,Fully Paid,14400.0,4964.26,0
LN-25863,BW-20079,2025-10-09,10300,12.65,B,5.8,RENT,60261,27.93,733,Credit Card Refinance,Current,2711.1,377.25,0
LN-25864,BW-28648,2024-04-18,12500,8.32,A,0.6,RENT,134391,12.78,843,Debt Consolidation,Current,5159.8,472.22,0
LN-25865,BW-14951,2024-01-01,23200,9.9,B,2.1,MORTGAGE,35466,34.36,682,Personal,Fully Paid,23200.0,5052.96,0
LN-25866,BW-21257,2026-05-02,34100,7.9,A,11.1,MORTGAGE,42710,16.28,830,Credit Card Refinance,Fully Paid,34100.0,5926.58,0
LN-25867,BW-11919,2025-02-05,35800,14.1,C,0.8,RENT,33201,31.78,671,Small Business,Charged Off,7544.25,531.87,0
LN-25868,BW-25843,2024-06-26,25000,9.21,A,9.0,RENT,82254,28.98,772,Debt Consolidation,Fully Paid,25000.0,5065.5,0
LN-25869,BW-18650,2025-08-05,3600,11.82,B,8.1,MORTGAGE,79023,19.81,704,Debt Consolidation,Fully Paid,3600.0,936.14,0
LN-25870,BW-20679,2025-03-03,15600,19.13,D,8.3,RENT,134051,29.99,619,Credit Card Refinance,Late 31-120 Days,4818.54,460.89,0
LN-25871,BW-24203,2024-12-19,19900,10.79,B,5.6,RENT,64586,34.14,704,Debt Consolidation,Fully Paid,19900.0,4723.86,0
LN-25872,BW-12070,2025-07-03,39300,12.55,B,6.9,OWN,65977,15.52,693,Home Improvement,Current,30956.84,4273.59,0
LN-25873,BW-14164,2025-01-11,30400,19.29,D,10.9,MORTGAGE,38514,25.61,606,Debt Consolidation,Late 16-30 Days,10017.33,966.17,0
LN-25874,BW-23552,2025-02-07,12700,7.81,A,0.6,MORTGAGE,94587,17.37,838,Debt Consolidation,Current,7347.57,631.23,3
LN-25875,BW-29630,2025-02-27,25800,9.96,B,1.0,MORTGAGE,47232,37.3,724,Major Purchase,Current,6609.98,724.19,0
LN-25876,BW-13817,2025-03-05,24600,9.73,B,0.7,RENT,131910,12.67,714,Debt Consolidation,Current,15611.28,1670.88,1
LN-25877,BW-12107,2025-06-08,35000,18.99,D,7.5,RENT,70715,11.08,597,Credit Card Refinance,Current,14919.14,3116.46,0
LN-25878,BW-24878,2025-06-04,36000,14.98,C,6.2,MORTGAGE,75515,20.68,656,Debt Consolidation,Current,9140.24,1506.13,0
LN-25879,BW-22714,2026-03-04,21300,6.47,A,12.0,MORTGAGE,31740,17.3,823,Debt Consolidation,Current,10160.39,723.11,0
LN-25880,BW-18740,2025-09-07,9300,10.24,B,6.9,RENT,119228,18.76,732,Debt Consolidation,Fully Paid,9300.0,2095.1,0
LN-25881,BW-23388,2025-09-07,31300,7.23,A,9.5,MORTGAGE,265339,25.42,760,Major Purchase,Fully Paid,31300.0,4978.58,0
LN-25882,BW-27147,2024-09-26,17600,7.51,A,2.5,MORTGAGE,138602,35.43,844,Debt Consolidation,Current,9211.83,760.99,0
LN-25883,BW-29528,2025-01-01,13600,26.52,E,2.4,RENT,84403,34.75,564,Small Business,Late 31-120 Days,1184.68,157.09,0
LN-25884,BW-12273,2024-05-20,32700,7.35,A,6.0,RENT,122323,37.76,762,Debt Consolidation,Current,14938.35,1207.77,0
LN-25885,BW-20887,2024-02-28,11100,20.27,D,10.3,RENT,234628,13.86,612,Credit Card Refinance,Fully Paid,11100.0,4949.93,0
LN-25886,BW-21317,2026-01-09,4300,21.99,D,3.1,RENT,91943,26.93,595,Credit Card Refinance,Fully Paid,4300.0,2080.25,0
LN-25887,BW-22076,2025-05-19,21200,11.79,B,3.5,MORTGAGE,65149,24.93,707,Credit Card Refinance,Fully Paid,21200.0,5498.86,0
LN-25888,BW-12699,2024-04-13,27600,20.53,D,6.4,MORTGAGE,226021,34.1,604,Debt Consolidation,Current,18385.38,4151.97,0
LN-25889,BW-14102,2026-03-10,38400,15.62,C,4.0,MORTGAGE,79944,13.14,636,Credit Card Refinance,Fully Paid,38400.0,13195.78,0
LN-25890,BW-18964,2026-05-15,14000,17.45,C,11.2,RENT,73858,7.12,649,Debt Consolidation,Current,3270.57,627.79,0
LN-25891,BW-24060,2025-06-22,16600,10.8,B,0.9,MORTGAGE,82679,32.72,728,Home Improvement,Fully Paid,16600.0,3944.16,0
LN-25892,BW-24038,2025-02-06,36300,6.67,A,4.2,MORTGAGE,46735,13.47,743,Credit Card Refinance,Current,23321.85,1711.12,0
LN-25893,BW-18670,2024-02-22,34900,11.44,B,1.3,MORTGAGE,45556,11.27,694,Debt Consolidation,Current,8810.79,1108.75,4
LN-25894,BW-14910,2024-03-23,8800,16.63,C,11.0,MORTGAGE,78275,28.49,663,Credit Card Refinance,Fully Paid,8800.0,3219.57,0
LN-25895,BW-23748,2024-12-18,13700,13.02,B,3.6,MORTGAGE,43084,10.57,731,Home Improvement,Late 16-30 Days,936.57,60.97,0
LN-25896,BW-11192,2026-03-21,7100,6.24,A,1.2,RENT,77418,24.91,755,Debt Consolidation,Current,3703.82,254.23,0
LN-25897,BW-10152,2026-01-23,11700,8.69,A,9.1,MORTGAGE,52631,36.39,760,Debt Consolidation,Fully Paid,11700.0,2236.81,0
LN-25898,BW-19197,2026-04-03,20500,16.62,C,4.5,MORTGAGE,72207,27.45,675,Debt Consolidation,Late 16-30 Days,3184.74,264.65,0
LN-25899,BW-14121,2024-09-25,20200,21.05,D,0.7,MORTGAGE,32051,18.64,581,Personal,Fully Paid,20200.0,9354.62,0
LN-25900,BW-21260,2025-12-06,31800,17.2,C,7.0,MORTGAGE,34981,31.95,662,Debt Consolidation,Current,7123.75,1347.81,0
LN-25901,BW-24879,2024-11-29,8200,8.06,A,10.2,MORTGAGE,70057,14.45,794,Debt Consolidation,Current,4171.75,369.87,0
LN-25902,BW-26947,2025-03-07,26800,15.26,C,9.9,RENT,38821,27.85,678,Debt Consolidation,Fully Paid,26800.0,8997.3,2
LN-25903,BW-22307,2024-12-02,27600,13.03,B,6.9,RENT,35593,36.06,696,Major Purchase,Current,20725.13,2970.53,0
LN-25904,BW-20987,2025-04-13,39200,12.96,B,10.6,MORTGAGE,50789,26.15,711,Credit Card Refinance,Fully Paid,39200.0,11176.7,0
LN-25905,BW-13381,2025-09-17,35200,14.49,C,7.8,MORTGAGE,130840,22.02,678,Credit Card Refinance,Current,16489.32,2628.23,0
LN-25906,BW-13187,2024-05-20,28500,13.29,B,5.4,RENT,74254,15.72,702,Debt Consolidation,Current,9752.72,1425.75,2
LN-25907,BW-15089,2024-01-13,38500,8.11,A,0.8,OWN,224945,5.12,775,Debt Consolidation,Fully Paid,38500.0,6869.17,0
LN-25908,BW-28343,2025-10-21,34700,16.11,C,7.5,RENT,138588,24.11,649,Debt Consolidation,Fully Paid,34700.0,12298.37,0
LN-25909,BW-10379,2025-05-27,6800,8.13,A,6.3,MORTGAGE,49935,22.88,783,Debt Consolidation,Current,3647.56,326.2,0
LN-25910,BW-20994,2024-10-21,24900,12.73,B,3.3,RENT,55151,29.34,694,Credit Card Refinance,Fully Paid,24900.0,6973.49,0
LN-25911,BW-18455,2026-06-01,16100,8.95,A,7.3,MORTGAGE,114324,22.6,777,Credit Card Refinance,Fully Paid,16100.0,3170.09,0
LN-25912,BW-18896,2026-05-27,14500,17.42,C,0.8,RENT,33956,35.12,666,Credit Card Refinance,Fully Paid,14500.0,5556.98,0
LN-25913,BW-27241,2025-01-20,39700,19.54,D,2.2,MORTGAGE,84657,35.69,617,Debt Consolidation,Current,8987.96,1931.87,0
LN-25914,BW-12245,2026-04-30,24300,10.02,B,1.0,RENT,41665,10.21,707,Credit Card Refinance,Current,7824.89,862.46,0
LN-25915,BW-22344,2025-01-19,16900,15.49,C,9.0,MORTGAGE,67369,13.19,644,Personal,In Grace Period,2523.69,195.46,0
LN-25916,BW-19420,2024-08-16,16000,12.89,B,10.8,RENT,49254,28.74,711,Debt Consolidation,Fully Paid,16000.0,4537.28,0
LN-25917,BW-27882,2025-04-18,7100,10.78,B,6.5,RENT,53174,10.87,686,Debt Consolidation,Current,5559.16,659.21,0
LN-25918,BW-12780,2026-05-28,11700,5.5,A,9.8,RENT,30609,26.77,746,Credit Card Refinance,Current,4618.56,279.42,1
LN-25919,BW-27364,2025-05-31,21000,16.71,C,5.0,MORTGAGE,68305,30.7,665,Credit Card Refinance,Fully Paid,21000.0,7720.02,0
LN-25920,BW-23898,2026-01-20,28700,10.78,B,11.0,MORTGAGE,52736,26.3,721,Credit Card Refinance,Current,19622.18,2326.8,3
LN-25921,BW-13296,2026-03-10,10400,15.77,C,5.9,OWN,80776,23.4,637,Debt Consolidation,Fully Paid,10400.0,3608.18,1
LN-25922,BW-27738,2024-10-06,39500,7.19,A,3.3,OWN,78419,29.79,808,Credit Card Refinance,Current,20828.63,1647.34,0
LN-25923,BW-29981,2025-12-25,34400,10.11,B,3.3,MORTGAGE,62680,14.2,706,Debt Consolidation,Fully Paid,34400.0,7651.25,0
LN-25924,BW-15253,2026-03-10,23900,8.21,A,10.6,RENT,64215,33.26,789,Debt Consolidation,In Grace Period,8131.78,333.81,0
LN-25925,BW-18703,2026-04-15,3100,13.36,B,11.5,MORTGAGE,38052,14.44,701,Major Purchase,Fully Paid,3100.0,911.15,0
LN-25926,BW-28324,2025-09-14,32900,8.92,A,7.8,RENT,72799,17.31,797,Debt Consolidation,Current,23955.32,2350.5,0
LN-25927,BW-28621,2025-07-11,34300,15.05,C,2.5,MORTGAGE,77911,7.87,653,Home Improvement,Current,25076.79,4151.46,4
LN-25928,BW-24796,2026-03-14,10600,26.9,E,0.9,MORTGAGE,54445,24.09,525,Debt Consolidation,Late 31-120 Days,1022.82,137.57,0
LN-25929,BW-26543,2025-12-04,8000,13.23,B,8.7,MORTGAGE,164868,18.88,690,Credit Card Refinance,Fully Paid,8000.0,2328.48,0
LN-25930,BW-24771,2024-05-10,13400,9.22,A,9.8,MORTGAGE,43728,26.4,791,Debt Consolidation,Current,10020.65,1016.29,3
LN-25931,BW-13372,2025-05-27,9100,21.6,D,3.2,RENT,42144,25.48,585,Debt Consolidation,Charged Off,697.12,75.29,0
LN-25932,BW-10090,2025-04-05,36700,12.15,B,4.5,RENT,34175,16.66,704,Debt Consolidation,Current,18633.85,2490.41,0
LN-25933,BW-19201,2025-08-05,19400,14.93,C,5.0,OWN,225314,26.68,653,Home Improvement,Current,6842.57,1123.76,0
LN-25934,BW-26426,2025-08-07,5500,12.49,B,2.1,RENT,50578,15.11,684,Debt Consolidation,Current,2586.13,355.31,0
LN-25935,BW-22247,2024-06-05,8900,6.36,A,10.4,MORTGAGE,112728,14.91,847,Debt Consolidation,Fully Paid,8900.0,1245.29,0
LN-25936,BW-28402,2024-10-23,26800,10.26,B,0.8,MORTGAGE,60033,28.15,710,Debt Consolidation,Current,5751.44,649.11,0
LN-25937,BW-29466,2025-06-16,15400,9.21,A,5.4,OWN,191816,6.18,837,Credit Card Refinance,Current,7277.1,737.24,0
LN-25938,BW-12789,2025-03-08,8600,13.39,B,1.1,OWN,49631,22.1,682,Debt Consolidation,Current,6802.22,1001.9,0
LN-25939,BW-21265,2025-03-29,25700,8.78,A,3.3,MORTGAGE,55022,8.52,799,Debt Consolidation,Current,9235.91,892.0,0
LN-25940,BW-27559,2025-08-21,3600,12.21,B,2.4,RENT,37713,27.08,686,Debt Consolidation,Fully Paid,3600.0,967.03,0
LN-25941,BW-23861,2026-01-18,2600,14.61,C,5.5,MORTGAGE,83178,8.03,672,Major Purchase,Current,2021.32,324.85,0
LN-25942,BW-19097,2024-08-29,37100,17.99,D,5.5,MORTGAGE,31344,32.77,607,Debt Consolidation,Fully Paid,37100.0,14683.44,0
LN-25943,BW-10863,2026-05-31,25300,6.86,A,8.9,MORTGAGE,237061,34.08,829,Personal,Fully Paid,25300.0,3818.28,0
LN-25944,BW-17348,2025-02-11,20900,17.68,D,10.1,MORTGAGE,56641,17.74,598,Credit Card Refinance,Charged Off,2702.35,238.89,2
LN-25945,BW-13481,2024-01-09,19600,12.16,B,0.8,MORTGAGE,70976,11.69,686,Debt Consolidation,Current,11841.2,1583.88,0
LN-25946,BW-16222,2024-04-17,30000,9.88,B,6.3,OWN,44590,28.58,680,Major Purchase,Fully Paid,30000.0,6520.8,0
LN-25947,BW-21311,2024-10-22,6800,11.32,B,8.1,MORTGAGE,46035,17.61,735,Credit Card Refinance,Late 31-120 Days,1957.9,110.82,0
LN-25948,BW-15831,2026-02-04,30700,14.65,C,4.2,OWN,62837,9.59,669,Debt Consolidation,Fully Paid,30700.0,9894.61,0
LN-25949,BW-29555,2025-09-04,6500,15.84,C,9.2,MORTGAGE,36375,28.8,657,Debt Consolidation,Fully Paid,6500.0,2265.12,0
LN-25950,BW-26259,2024-01-29,36800,12.54,B,8.2,RENT,56939,10.58,682,Debt Consolidation,Fully Paid,36800.0,10152.38,0
LN-25951,BW-19068,2026-04-13,4100,8.47,A,8.7,MORTGAGE,81212,37.25,840,Home Improvement,Current,1286.28,119.84,0
LN-25952,BW-21300,2025-03-17,4600,15.48,C,4.1,RENT,36433,15.53,673,Small Business,Current,950.26,161.81,0
LN-25953,BW-22611,2025-04-03,29500,6.25,A,7.0,RENT,72080,29.93,802,Debt Consolidation,Fully Paid,29500.0,4056.25,0
LN-25954,BW-23227,2025-12-28,34600,6.54,A,10.8,RENT,55298,12.47,742,Home Improvement,Fully Paid,34600.0,4978.25,4
LN-25955,BW-28557,2025-01-03,14800,18.16,D,11.8,RENT,60432,23.62,623,Home Improvement,Fully Paid,14800.0,5912.9,0
LN-25956,BW-19823,2024-04-27,28800,13.28,B,4.3,MORTGAGE,59872,5.77,709,Debt Consolidation,Fully Paid,28800.0,8414.21,0
LN-25957,BW-16563,2025-08-24,37500,15.64,C,7.5,RENT,60999,14.56,650,Debt Consolidation,Current,7757.18,1334.55,3
LN-25958,BW-10428,2024-08-08,23500,9.72,B,10.3,RENT,210268,36.15,688,Credit Card Refinance,Current,5438.93,581.53,0
LN-25959,BW-15986,2025-05-20,34000,15.78,C,5.9,OWN,180158,32.92,668,Debt Consolidation,Charged Off,3150.72,248.59,0
LN-25960,BW-26261,2024-08-25,32500,17.13,C,2.3,MORTGAGE,108105,19.93,634,Credit Card Refinance,Current,25094.47,4728.55,0
LN-25961,BW-23303,2024-10-14,33000,10.46,B,3.1,RENT,75070,22.37,687,Credit Card Refinance,Fully Paid,33000.0,7593.96,0
LN-25962,BW-27554,2025-03-27,24400,13.38,B,2.4,RENT,189342,24.35,706,Personal,In Grace Period,5230.27,349.91,0
LN-25963,BW-10336,2025-02-17,5600,15.08,C,1.1,MORTGAGE,51847,23.26,646,Credit Card Refinance,Current,4282.03,710.3,0
LN-25964,BW-20035,2025-07-13,9700,13.17,B,6.5,RENT,79715,29.92,723,Home Improvement,Current,5752.53,833.37,0
LN-25965,BW-10595,2024-01-07,37200,10.53,B,9.1,MORTGAGE,106407,36.04,720,Debt Consolidation,Fully Paid,37200.0,8617.75,0
LN-25966,BW-23449,2024-03-06,20200,11.43,B,11.1,MORTGAGE,62112,37.25,698,Debt Consolidation,Fully Paid,20200.0,5079.49,0
LN-25967,BW-14219,2024-06-25,9600,15.19,C,1.2,RENT,39649,19.16,634,Debt Consolidation,Current,5874.34,981.54,0
LN-25968,BW-22100,2025-03-19,18100,11.44,B,6.0,RENT,56759,10.26,716,Small Business,Current,12875.27,1620.22,3
LN-25969,BW-23790,2025-08-01,23600,8.38,A,7.6,MORTGAGE,94088,29.17,766,Credit Card Refinance,Current,10872.78,1002.25,0
LN-25970,BW-28918,2024-03-14,29500,20.0,D,1.3,MORTGAGE,68467,35.51,593,Debt Consolidation,Fully Paid,29500.0,12980.0,0
LN-25971,BW-22385,2024-10-07,34900,6.2,A,6.1,OWN,53029,32.8,828,Debt Consolidation,Current,21121.67,1440.5,0
LN-25972,BW-10723,2024-06-29,38500,12.91,B,1.6,OWN,67252,37.22,697,Credit Card Refinance,Fully Paid,38500.0,10934.77,0
LN-25973,BW-16989,2026-04-04,28000,10.17,B,7.9,MORTGAGE,73105,27.52,710,Personal,Fully Paid,28000.0,6264.72,2
LN-25974,BW-25852,2025-01-12,4400,9.24,A,3.1,MORTGAGE,59157,23.82,762,Small Business,Fully Paid,4400.0,894.43,0
LN-25975,BW-13450,2025-03-05,3200,24.72,E,4.6,RENT,80393,18.44,528,Debt Consolidation,In Grace Period,553.7,68.44,0
LN-25976,BW-27505,2025-10-22,31200,19.17,D,7.4,MORTGAGE,32090,11.04,613,Personal,Fully Paid,31200.0,13158.29,1
LN-25977,BW-28733,2025-05-18,16100,15.04,C,7.8,MORTGAGE,32296,20.28,636,Debt Consolidation,Fully Paid,16100.0,5327.17,0
LN-25978,BW-15224,2025-11-03,13100,7.07,A,3.3,RENT,63707,25.52,793,Small Business,Current,4907.85,381.68,0
LN-25979,BW-20997,2025-12-20,21400,13.67,C,9.7,RENT,64244,27.97,654,Home Improvement,Current,5592.91,841.01,0
LN-25980,BW-24685,2026-06-16,19500,13.73,C,9.6,MORTGAGE,43300,32.54,632,Debt Consolidation,Current,7913.56,1195.18,0
LN-25981,BW-16621,2025-10-11,25300,11.89,B,10.0,MORTGAGE,93668,37.6,687,Credit Card Refinance,Fully Paid,25300.0,6617.97,0
LN-25982,BW-22341,2025-03-22,18000,9.87,B,3.2,MORTGAGE,64324,37.81,695,Credit Card Refinance,Late 31-120 Days,2107.56,104.01,0
LN-25983,BW-25303,2025-10-18,22600,12.89,B,7.9,OWN,75984,6.57,735,Small Business,In Grace Period,4287.44,276.33,0
LN-25984,BW-23483,2024-06-17,16800,13.81,C,10.6,RENT,163013,30.23,651,Credit Card Refinance,Fully Paid,16800.0,5104.18,0
LN-25985,BW-18971,2024-03-05,31100,8.03,A,2.0,RENT,44510,35.74,755,Debt Consolidation,Current,21971.09,1940.71,0
LN-25986,BW-23100,2024-10-10,12400,12.51,B,9.8,MORTGAGE,77432,12.31,687,Small Business,Fully Paid,12400.0,3412.73,0
LN-25987,BW-17574,2024-01-14,26000,13.04,B,10.2,OWN,80213,20.76,712,Credit Card Refinance,Late 31-120 Days,2513.27,163.87,4
LN-25988,BW-28213,2024-10-25,36700,10.25,B,11.2,RENT,48282,12.78,700,Debt Consolidation,Late 16-30 Days,11406.13,584.56,0
LN-25989,BW-10037,2024-05-22,26200,13.88,C,2.5,RENT,31092,23.93,631,Debt Consolidation,Late 31-120 Days,5456.55,378.68,0
LN-25990,BW-16192,2024-08-15,23700,18.68,D,5.8,MORTGAGE,49561,35.19,589,Small Business,Current,5480.52,1126.14,0
LN-25991,BW-15009,2024-05-13,4000,23.01,E,9.8,MORTGAGE,95684,32.7,520,Major Purchase,Late 16-30 Days,779.86,89.72,0
LN-25992,BW-27301,2025-09-15,11900,11.56,B,5.2,MORTGAGE,76280,27.8,690,Small Business,Charged Off,3679.17,212.66,0
LN-25993,BW-15730,2024-01-17,27700,13.1,B,5.8,RENT,49197,23.41,682,Small Business,Fully Paid,27700.0,7983.14,0
LN-25994,BW-24176,2024-12-05,20900,12.8,B,8.8,RENT,34339,33.55,719,Credit Card Refinance,Current,10773.89,1516.96,0
LN-25995,BW-26048,2025-09-19,16900,17.93,D,3.8,RENT,102469,13.8,591,Credit Card Refinance,Late 31-120 Days,5555.01,498.01,0
LN-25996,BW-21277,2024-08-20,38400,15.2,C,5.3,MORTGAGE,59345,36.82,651,Home Improvement,Late 31-120 Days,13301.32,1010.9,0
LN-25997,BW-27425,2024-11-07,38900,11.12,B,10.7,RENT,79442,32.75,700,Small Business,Current,13332.0,1630.77,0
LN-25998,BW-20775,2025-01-11,5200,11.09,B,3.6,RENT,100292,11.05,738,Small Business,Current,1140.21,139.09,0
LN-25999,BW-28090,2024-05-28,12300,17.4,C,1.3,MORTGAGE,64248,14.87,670,Personal,Fully Paid,12300.0,4708.44,0
LN-26000,BW-14842,2025-09-17,21900,20.6,D,3.7,OWN,95903,30.48,592,Credit Card Refinance,Fully Paid,21900.0,9925.08,0
